run_id,dataset_id,dataset_kind,input_scope,batch_size,update_pattern,scenario,algorithm,system,claim_class,profile_id,core_mhz,vertices,initial_edges,final_edges,user_mutations,physical_records,e2e_cycles,e2e_ms,update_cycles,update_ms,compute_cycles,compute_ms,user_mutations_per_second_update,physical_records_per_second_update,backend_nominal_64b_bytes,update_backend_nominal_64b_bytes,compute_backend_nominal_64b_bytes,backend_requests,backend_bytes,backend_read_requests,backend_read_bytes,backend_write_requests,backend_write_bytes,backend_first_requests,backend_first_bytes,backend_contiguous_requests,backend_contiguous_bytes,backend_repeated_requests,backend_repeated_bytes,backend_discontinuous_requests,backend_discontinuous_bytes,backend_classified_requests,backend_classified_bytes,backend_contiguous_request_ratio,backend_repeated_request_ratio,backend_discontinuous_request_ratio,backend_contiguous_byte_ratio,backend_repeated_byte_ratio,backend_discontinuous_byte_ratio,update_backend_requests,update_backend_bytes,update_backend_read_requests,update_backend_read_bytes,update_backend_write_requests,update_backend_write_bytes,update_backend_first_requests,update_backend_first_bytes,update_backend_contiguous_requests,update_backend_contiguous_bytes,update_backend_repeated_requests,update_backend_repeated_bytes,update_backend_discontinuous_requests,update_backend_discontinuous_bytes,update_backend_classified_requests,update_backend_classified_bytes,update_backend_contiguous_request_ratio,update_backend_repeated_request_ratio,update_backend_discontinuous_request_ratio,update_backend_contiguous_byte_ratio,update_backend_repeated_byte_ratio,update_backend_discontinuous_byte_ratio,compute_backend_requests,compute_backend_bytes,compute_backend_read_requests,compute_backend_read_bytes,compute_backend_write_requests,compute_backend_write_bytes,compute_backend_first_requests,compute_backend_first_bytes,compute_backend_contiguous_requests,compute_backend_contiguous_bytes,compute_backend_repeated_requests,compute_backend_repeated_bytes,compute_backend_discontinuous_requests,compute_backend_discontinuous_bytes,compute_backend_classified_requests,compute_backend_classified_bytes,compute_backend_contiguous_request_ratio,compute_backend_repeated_request_ratio,compute_backend_discontinuous_request_ratio,compute_backend_contiguous_byte_ratio,compute_backend_repeated_byte_ratio,compute_backend_discontinuous_byte_ratio,axis_push_stalls,dram_reads,dram_writes,dram_activates,dram_precharges,dram_energy_pj,dram_window_scope,host_wall_seconds,correctness_mismatches,rank_vector_sha256,raw_result_path,raw_result_sha256,dram_controller_channels,dram_read_row_hits,dram_write_row_hits,dram_row_hit_rate,dram_average_read_latency,dram_average_write_latency,dram_write_latency_coverage
grasu_au_delete_u1,sx_askubuntu,grasu_temporal_real_compact_file_order_slice,real_compact_slice,1,delete,delete,full_pagerank,grasu_regraph,hls_equivalent_proposed_execution_driven_simulation,grasu_regraph_candidate10_normalized_hls_pagerank_v3,150.0,3409,8192,8191,1,1,462274,3.0818266666666667,114,0.00076,462160,3.0810666666666666,1315789.4736842106,1315789.4736842106,4854720,576,4854144,75855,3667988,38989,1308624,36866,2359364,16,620,72487,3453072,0,0,3352,214296,75839,3667368,0.9558011049723757,0.0,0.04419889502762431,0.9415668130386697,0.0,0.058433186961330305,9,176,7,108,2,68,7,160,2,16,0,0,0,0,2,16,1.0,0.0,0.0,1.0,0.0,0.0,75846,3667812,38982,1308516,36864,2359296,9,460,72485,3453056,0,0,3352,214296,75837,3667352,0.9557999393435922,0.0,0.04420006065640782,0.9415665581051397,0.0,0.058433441894860376,32013,38989,36866,3910,3907,1177156932.0,update_plus_compute_active_channels,4.713704936206341,0,1e8ce93aca9e1505b40444422407c401c3bcf8bc375ead6ff634e65505eb26e3,/data/tmp/chuxiao/candidate10_grasu_temporal_full_pr_batch8_20260727/grasu_au_delete_u1/grasu_regraph/manifest.json,c44aad836fa3fda57c6f4357c8c5bfe5e0016cc16b978fdfcaaa1f695bdf3793,5,36273,35661,0.9483092742732846,25.6131729462156,571.9277419004721,0.999674496826344
grasu_au_delete_u1,sx_askubuntu,grasu_temporal_real_compact_file_order_slice,real_compact_slice,1,delete,delete,full_pagerank,spine,routed_reference_profile_execution_driven_simulation,spine_candidate10_normalized_v1,150.0,3409,8192,8191,1,1,1473032,9.820213333333333,329216,2.1947733333333335,1143816,7.62544,455.6279160186625,455.6279160186625,8852544,1211328,7641216,138321,1039208,118450,921116,19871,118092,14,144,29457,209424,4003,32040,104847,797600,138307,1039064,0.2129827123717527,0.028942859002075095,0.7580744286261722,0.20155062633293042,0.030835444207479037,0.7676139294595905,18927,151496,9313,74552,9614,76944,7,72,16093,128744,10,96,2817,22584,18920,151424,0.8505813953488373,0.0005285412262156448,0.14889006342494715,0.8502218934911243,0.0006339814032121725,0.14914412510566358,119394,887712,109137,846564,10257,41148,7,72,13364,80680,3993,31944,102030,775016,119387,887640,0.11193848576478176,0.033445852563511944,0.8546156616717063,0.0908927042494705,0.03598756252534811,0.8731197332251813,0,118450,19871,29425,29423,5353512522.0,update_plus_compute_active_channels,19.335352945141494,0,2f6cfff73310faa2307cbfc838d6fd47445c85f1a2810707a55c02390ee16981,/data/tmp/chuxiao/candidate10_grasu_temporal_full_pr_batch8_20260727/grasu_au_delete_u1/spine/summary.json,d4dc75bb5b3f1b896604bc5dc55a3a6091867489afe434354bb5eac8b5d4c307,8,90312,18423,0.7861062311579586,35.21441114394259,3161.876241867971,0.9978863670675859
grasu_au_delete_u64,sx_askubuntu,grasu_temporal_real_compact_file_order_slice,real_compact_slice,64,delete,delete,full_pagerank,grasu_regraph,hls_equivalent_proposed_execution_driven_simulation,grasu_regraph_candidate10_normalized_hls_pagerank_v3,150.0,3409,8192,8128,64,64,463118,3.087453333333333,1378,0.009186666666666666,461740,3.078266666666667,6966618.2873730045,6966618.2873730045,4883392,29248,4854144,76303,3678124,39311,1314476,36992,2363648,27,820,72629,3455760,4,16,3643,221528,76276,3677304,0.9521867953222508,5.244113482615764e-05,0.04776076354292307,0.9397536891157218,4.351013677411495e-06,0.06024195987060085,457,10312,329,5960,128,4352,18,360,138,2320,4,16,297,7616,439,9952,0.3143507972665148,0.009111617312072893,0.6765375854214123,0.23311897106109325,0.001607717041800643,0.7652733118971061,75846,3667812,38982,1308516,36864,2359296,9,460,72491,3453440,0,0,3346,213912,75837,3667352,0.9558790563972731,0.0,0.0441209436027269,0.9416712658070455,0.0,0.05832873419295448,31569,39311,36992,4075,4069,1179936534.0,update_plus_compute_active_channels,4.676174642518163,0,5c609b2e2e163166e2fe9ef5850868af248302345ca4c461756af837178395c8,/data/tmp/chuxiao/candidate10_grasu_temporal_full_pr_batch8_20260727/grasu_au_delete_u64/grasu_regraph/manifest.json,f67266d6118259804564ddc2156476dccda67ab8e74717316a8364e52127ecec,5,36430,35782,0.9463848079367784,25.91358652794383,652.0883649244247,0.9997567041522492
grasu_au_delete_u64,sx_askubuntu,grasu_temporal_real_compact_file_order_slice,real_compact_slice,64,delete,delete,full_pagerank,spine,routed_reference_profile_execution_driven_simulation,spine_candidate10_normalized_v1,150.0,3409,8192,8128,64,64,1481810,9.878733333333333,339498,2.26332,1142312,7.615413333333334,28277.044341940156,28277.044341940156,8867264,1253120,7614144,138551,1044632,118522,924044,20029,120588,14,144,29944,215648,3993,31944,104600,796896,138537,1044488,0.2161444235114085,0.028822625002706857,0.7550329514858847,0.20646287942034758,0.030583405457985158,0.7629537151216673,19580,160448,9808,81008,9772,79440,7,72,16454,134408,6,48,3113,25920,19573,160376,0.8406478311960354,0.0003065447299851837,0.15904562407397946,0.8380805107996209,0.00029929665286576547,0.16162019254751334,118971,884184,108714,843036,10257,41148,7,72,13490,81240,3987,31896,101487,770976,118964,884112,0.1133956491039306,0.03351434047274806,0.8530900104233213,0.09188881046745209,0.0360768771377382,0.8720343123948097,0,118522,20029,29505,29503,5385969666.0,update_plus_compute_active_channels,19.428687823936343,0,0ecfcd092b4af14e05be4d0d1af431edba8c549e39b3c20e5017d4da6daf6b8f,/data/tmp/chuxiao/candidate10_grasu_temporal_full_pr_batch8_20260727/grasu_au_delete_u64/spine/summary.json,98a8408253c0a8b0bafeaa4c13558b01341947ccee344195788857699006b9cd,8,90500,18573,0.7872407994168212,34.792629216516765,2411.492068258019,0.9977033301712517
grasu_au_delete_u8,sx_askubuntu,grasu_temporal_real_compact_file_order_slice,real_compact_slice,8,delete,delete,full_pagerank,grasu_regraph,hls_equivalent_proposed_execution_driven_simulation,grasu_regraph_candidate10_normalized_hls_pagerank_v3,150.0,3409,8192,8184,8,8,462364,3.0824266666666666,247,0.0016466666666666667,462117,3.08078,4858299.5951417005,4858299.5951417005,4857984,3840,4854144,75906,3669124,39026,1309284,36880,2359840,27,820,72520,3454376,0,0,3359,213928,75879,3668304,0.9557321525059634,0.0,0.04426784749403656,0.9416820416192333,0.0,0.0583179583807667,60,1312,44,768,16,544,18,360,18,232,0,0,24,720,42,952,0.42857142857142855,0.0,0.5714285714285714,0.24369747899159663,0.0,0.7563025210084033,75846,3667812,38982,1308516,36864,2359296,9,460,72502,3454144,0,0,3335,213208,75837,3667352,0.9560241043290214,0.0,0.043975895670978545,0.9418632299272063,0.0,0.058136770072793664,31984,39026,36880,3926,3923,1177195752.0,update_plus_compute_active_channels,4.681804181076586,0,40cfb08ccdbdb8407b69a62c768d85e2c909772cc45a175298f78199279ac9ad,/data/tmp/chuxiao/candidate10_grasu_temporal_full_pr_batch8_20260727/grasu_au_delete_u8/grasu_regraph/manifest.json,adb94a843380c3a04e230f7645b930fbfeca358a29474dbb506f952cf26a99f8,5,36258,35667,0.947553553078808,25.711013170706707,752.557349031523,0.9995119305856833
grasu_au_delete_u8,sx_askubuntu,grasu_temporal_real_compact_file_order_slice,real_compact_slice,8,delete,delete,full_pagerank,spine,routed_reference_profile_execution_driven_simulation,spine_candidate10_normalized_v1,150.0,3409,8192,8184,8,8,1468939,9.792926666666666,330385,2.202566666666667,1138554,7.5903599999999996,3632.12615584848,3632.12615584848,8854720,1216192,7638528,138355,1039920,118463,921492,19892,118428,14,144,29923,211816,3999,31992,104419,795968,138341,1039776,0.2162988557260682,0.02890683166957012,0.7547943126043617,0.20371310743852522,0.03076816545102022,0.7655187271104545,19003,152544,9368,75264,9635,77280,7,72,16128,129328,6,48,2862,23096,18996,152472,0.8490208464939988,0.0003158559696778269,0.15066329753632343,0.8482081956031271,0.00031481189988981584,0.15147699249698304,119352,887376,109095,846228,10257,41148,7,72,13795,82488,3993,31944,101557,772872,119345,887304,0.11558925803343248,0.033457622858100465,0.850953119108467,0.0929647561602337,0.036001190121987506,0.8710340537177788,0,118463,19892,28677,28675,5337635904.0,update_plus_compute_active_channels,19.455339725129306,0,f480b25d7b23bf7bbd9ff54df243735969f1bf14180c43b7210d3c64e82980ea,/data/tmp/chuxiao/candidate10_grasu_temporal_full_pr_batch8_20260727/grasu_au_delete_u8/spine/summary.json,f35257b1f18c2d3efdd5d03bcec9dad5e76d535c46d8780fa74ce504d0d5b895,8,90413,18454,0.7868671171985111,34.70864320505137,2008.5377829308868,0.9972350693746229
grasu_au_insert_u1,sx_askubuntu,grasu_temporal_real_compact_file_order_slice,real_compact_slice,1,insert,insert,full_pagerank,grasu_regraph,hls_equivalent_proposed_execution_driven_simulation,grasu_regraph_candidate10_normalized_hls_pagerank_v3,150.0,3409,8192,8193,1,1,462147,3.0809800000000003,73,0.0004866666666666666,462074,3.080493333333333,2054794.5205479453,2054794.5205479453,4854528,384,4854144,75852,3667964,38986,1308600,36866,2359364,15,612,72541,3456640,0,0,3296,210712,75837,3667352,0.9565383651779474,0.0,0.04346163482205256,0.9425438299895946,0.0,0.05745617001040533,6,152,4,84,2,68,6,152,0,0,0,0,0,0,0,0,0.0,0.0,0.0,0.0,0.0,0.0,75846,3667812,38982,1308516,36864,2359296,9,460,72541,3456640,0,0,3296,210712,75837,3667352,0.9565383651779474,0.0,0.04346163482205256,0.9425438299895946,0.0,0.05745617001040533,31991,38986,36866,3907,3907,1176621582.0,update_plus_compute_active_channels,4.717905756086111,0,715096b3c772c728da95d184ff50c772c36f5c8bc7490b20fda4eff3eda0ee4e,/data/tmp/chuxiao/candidate10_grasu_temporal_full_pr_batch8_20260727/grasu_au_insert_u1/grasu_regraph/manifest.json,b6ed6005b2d2e0a2831beecd966a6b1e1462731df60a139f0027768cb4db1b03,5,36269,35657,0.9482413120286874,25.5056943518186,672.1382014544665,0.9996202462974014
grasu_au_insert_u1,sx_askubuntu,grasu_temporal_real_compact_file_order_slice,real_compact_slice,1,insert,insert,full_pagerank,spine,routed_reference_profile_execution_driven_simulation,spine_candidate10_normalized_v1,150.0,3409,8192,8193,1,1,1468356,9.78904,329216,2.1947733333333335,1139140,7.594266666666667,455.6279160186625,455.6279160186625,8853440,1211456,7641984,138335,1039320,118462,921212,19873,118108,14,144,29858,211196,4003,32040,104460,795940,138321,1039176,0.21586020922347293,0.0289399295840834,0.7551998611924436,0.20323410086453114,0.030832120834199405,0.7659337783012695,18929,151512,9313,74552,9616,76960,7,72,16095,128760,10,96,2817,22584,18922,151440,0.8505971884578797,0.0005284853609555016,0.14887432618116478,0.8502377179080824,0.0006339144215530904,0.1491283676703645,119406,887808,109149,846660,10257,41148,7,72,13763,82436,3993,31944,101643,773356,119399,887736,0.11526897210194391,0.0334424911431419,0.8512885367549142,0.09286094064001009,0.03598367082105491,0.871155388538935,0,118462,19873,28751,28749,5335667772.0,update_plus_compute_active_channels,19.425048228353262,0,2ae44eb9f6896d5ea32439f05a05a2f31d8c5ba96f2a131445db17f1841ec587,/data/tmp/chuxiao/candidate10_grasu_temporal_full_pr_batch8_20260727/grasu_au_insert_u1/spine/summary.json,f365e6c6bd4f520d2c14d19dc2566ae4ccb31655fae6346545718c2af3c256d5,8,90363,18427,0.7864242599486753,34.536923232766625,2899.9174862561154,0.9976853016655765
grasu_au_insert_u64,sx_askubuntu,grasu_temporal_real_compact_file_order_slice,real_compact_slice,64,insert,insert,full_pagerank,grasu_regraph,hls_equivalent_proposed_execution_driven_simulation,grasu_regraph_candidate10_normalized_hls_pagerank_v3,150.0,3409,8192,8256,64,64,464119,3.094126666666667,1359,0.00906,462760,3.0850666666666666,7064017.66004415,7064017.66004415,4887424,27328,4860096,76366,3683836,39374,1320188,36992,2363648,27,820,72793,3464728,18,432,3528,217856,76339,3683016,0.9535492998336368,0.00023579035617443247,0.04621490981018876,0.9407311833562494,0.00011729517330361856,0.05915152147044705,427,10072,299,5720,128,4352,18,360,201,4824,18,432,190,4456,409,9712,0.49144254278728605,0.044009779951100246,0.46454767726161367,0.49670510708401977,0.044481054365733116,0.4588138385502471,75939,3673764,39075,1314468,36864,2359296,9,460,72592,3459904,0,0,3338,213400,75930,3673304,0.9560384564730673,0.0,0.043961543526932705,0.9419051622190813,0.0,0.05809483778091876,31637,39374,36992,4067,4064,1182590076.0,update_plus_compute_active_channels,4.721127030439675,0,018ad6184da1e50a2bc3f4c73cef8199d66227569520b69d283846286e801714,/data/tmp/chuxiao/candidate10_grasu_temporal_full_pr_batch8_20260727/grasu_au_insert_u64/grasu_regraph/manifest.json,0ec91ccaf8f805fb908c9cbedf23712828238f80588a93ff40b2f7975d9e0f00,5,36456,35770,0.9457873922950004,25.850281911921574,670.4858789157604,0.9992971453287197
grasu_au_insert_u64,sx_askubuntu,grasu_temporal_real_compact_file_order_slice,real_compact_slice,64,insert,insert,full_pagerank,spine,routed_reference_profile_execution_driven_simulation,spine_candidate10_normalized_v1,150.0,3409,8192,8256,64,64,1499362,9.995746666666665,341483,2.276553333333333,1157879,7.719193333333333,28112.673251669923,28112.673251669923,8966016,1262592,7703424,140094,1059064,119899,937172,20195,121892,14,144,30028,217036,4078,32624,105974,809260,140080,1058920,0.21436322101656197,0.029111936036550542,0.7565248429468875,0.2049597703320364,0.030808748536244476,0.7642314811317191,19728,161560,9790,80816,9938,80744,7,72,16576,135376,7,56,3138,26056,19721,161488,0.8405253283302064,0.0003549515744637696,0.15911972009532985,0.8383037748934905,0.0003467749925691073,0.16134945011394036,120366,897504,110109,856356,10257,41148,7,72,13452,81660,4071,32568,102836,783204,120359,897432,0.11176563447685674,0.033823810433785594,0.8544105550893577,0.09099296659802637,0.036290214746075466,0.8727168186558981,0,119899,20195,29808,29806,5449740924.0,update_plus_compute_active_channels,19.618513006716967,0,aa1b08c5c532fcbca5a8f7ff65d89a232c6fd638289c6ab065e18aab59dc4832,/data/tmp/chuxiao/candidate10_grasu_temporal_full_pr_batch8_20260727/grasu_au_insert_u64/spine/summary.json,e79f4d8c18321adb453f3cab51f66a988068ca7f345b21999eb508fc2e0cc585,8,91627,18721,0.7876711350950076,34.80069892159234,1133.3464879622736,0.9975241396385244
grasu_au_insert_u8,sx_askubuntu,grasu_temporal_real_compact_file_order_slice,real_compact_slice,8,insert,insert,full_pagerank,grasu_regraph,hls_equivalent_proposed_execution_driven_simulation,grasu_regraph_candidate10_normalized_hls_pagerank_v3,150.0,3409,8192,8200,8,8,462458,3.0830533333333334,227,0.0015133333333333333,462231,3.08154,5286343.612334802,5286343.612334802,4858496,3200,4855296,75914,3670196,39034,1310356,36880,2359840,25,804,72553,3456704,0,0,3336,212688,75889,3669392,0.9560410599691654,0.0,0.04395894003083451,0.942037263939094,0.0,0.057962736060906,50,1232,34,688,16,544,16,344,18,448,0,0,16,440,34,888,0.5294117647058824,0.0,0.47058823529411764,0.5045045045045045,0.0,0.4954954954954955,75864,3668964,39000,1309668,36864,2359296,9,460,72535,3456256,0,0,3320,212248,75855,3668504,0.9562322852811285,0.0,0.04376771471887153,0.942143173348046,0.0,0.05785682665195404,31885,39034,36880,3926,3920,1177361904.0,update_plus_compute_active_channels,4.692473008297384,0,af99ca05e1932ee29c06460ec8615da6a2e700a9d907e6aa8a589f94dcc5ce62,/data/tmp/chuxiao/candidate10_grasu_temporal_full_pr_batch8_20260727/grasu_au_insert_u8/grasu_regraph/manifest.json,b15ca5f35835a6f1740798756cb74dfc99f869040e25c673fbc3abd62f8e0d35,5,36263,35672,0.9475854256131939,25.714838346057284,732.9901535289969,0.9996203904555314
grasu_au_insert_u8,sx_askubuntu,grasu_temporal_real_compact_file_order_slice,real_compact_slice,8,insert,insert,full_pagerank,spine,routed_reference_profile_execution_driven_simulation,spine_candidate10_normalized_v1,150.0,3409,8192,8200,8,8,1477475,9.849833333333335,330707,2.2047133333333333,1146768,7.64512,3628.58965791471,3628.58965791471,8869824,1218624,7651200,138591,1042176,118661,923436,19930,118740,14,144,29476,210192,4009,32072,105092,799768,138577,1042032,0.2127048500111851,0.02892976467956443,0.7583653853092505,0.20171357501497075,0.030778325425706698,0.7675080995593225,19041,152856,9368,75264,9673,77592,7,72,16152,129544,7,56,2875,23184,19034,152784,0.848586739518756,0.00036776295050961437,0.15104549753073448,0.8478898313959576,0.00036653052675672846,0.15174363807728558,119550,889320,109293,848172,10257,41148,7,72,13324,80648,4002,32016,102217,776584,119543,889248,0.11145780179516994,0.03347749345423822,0.8550647047505918,0.09069236028644427,0.036003454604339846,0.8733041851092159,0,118661,19930,29446,29444,5369727354.0,update_plus_compute_active_channels,19.553740318864584,0,2f99328064ac573aaeed15e8107f44db462cd734ac6484306bdd2096e9b1550c,/data/tmp/chuxiao/candidate10_grasu_temporal_full_pr_batch8_20260727/grasu_au_insert_u8/spine/summary.json,9b30d599ef5dbdf20f674d05c75f805319fa88d35dd25bf515f41e4f346100a2,8,90783,18479,0.7883773116580441,35.038100133995165,2513.7154860132823,0.997290516808831
grasu_au_mixed_u64,sx_askubuntu,grasu_temporal_real_compact_file_order_slice,real_compact_slice,64,mixed,mixed,full_pagerank,grasu_regraph,hls_equivalent_proposed_execution_driven_simulation,grasu_regraph_candidate10_normalized_hls_pagerank_v3,150.0,3409,8192,8192,64,64,463468,3.0897866666666665,1378,0.009186666666666666,462090,3.0806,6966618.2873730045,6966618.2873730045,4884736,27904,4856832,76324,3680644,39332,1316996,36992,2363648,27,820,72718,3460008,10,280,3569,219536,76297,3679824,0.9530912093529235,0.00013106675229694484,0.04677772389477961,0.9402645343907752,7.609059563718264e-05,0.059659375013587604,436,10144,308,5792,128,4352,18,360,188,4072,10,280,220,5432,418,9784,0.44976076555023925,0.023923444976076555,0.5263157894736842,0.41618969746524936,0.028618152085036794,0.5551921504497138,75888,3670500,39024,1311204,36864,2359296,9,460,72530,3455936,0,0,3349,214104,75879,3670040,0.9558639412749246,0.0,0.04413605872507545,0.9416616712624386,0.0,0.058338328737561444,31569,39332,36992,4075,4072,1180626396.0,update_plus_compute_active_channels,4.686332864686847,0,4f3a7eca12c6fd9e9c0d62879c9c2e229dbb7d813831d07aff5a326fb4cb704a,/data/tmp/chuxiao/candidate10_grasu_temporal_full_pr_batch8_20260727/grasu_au_mixed_u64/grasu_regraph/manifest.json,1e9832c261fd9ab8137dff40fda6fd69714cb65bcefba7a1cadd7db09c60ea82,5,36408,35769,0.9456658456055762,25.84747788060612,566.8694981739483,0.9992701124567474
grasu_au_mixed_u64,sx_askubuntu,grasu_temporal_real_compact_file_order_slice,real_compact_slice,64,mixed,mixed,full_pagerank,spine,routed_reference_profile_execution_driven_simulation,spine_candidate10_normalized_v1,150.0,3409,8192,8192,64,64,1490767,9.938446666666666,340869,2.27246,1149898,7.665986666666667,28163.312005491847,28163.312005491847,8917632,1259136,7658496,139338,1052008,119208,930580,20130,121428,14,144,30189,217756,4033,32264,105102,801844,139324,1051864,0.2166819786971376,0.028946915104361058,0.7543711061985013,0.20701915837028362,0.030673166873284,0.7623076747564324,19674,161200,9801,80920,9873,80280,7,72,16526,135048,7,56,3134,26024,19667,161128,0.8402908425280927,0.00035592617074286874,0.15935323130116438,0.8381411052082817,0.00034754977409264686,0.16151134501762573,119664,890808,109407,849660,10257,41148,7,72,13663,82708,4026,32208,101968,775820,119657,890736,0.1141847112997986,0.03364617197489491,0.8521691167253065,0.09285355032242999,0.03615886188500297,0.870987587792567,0,119208,20130,29588,29586,5418263532.0,update_plus_compute_active_channels,19.65469874162227,0,1eaa03dccc4ab35ae85e42f76d1bfae296d9a38b8c43e34d24747aad22bf5622,/data/tmp/chuxiao/candidate10_grasu_temporal_full_pr_batch8_20260727/grasu_au_mixed_u64/spine/summary.json,297a014e18438639067233bab25ba10c721cdb100fb980304cea5ab528190ce5,8,91166,18665,0.7882343653561843,35.29093684987585,1565.6102893570396,0.9974664679582712
grasu_au_mixed_u8,sx_askubuntu,grasu_temporal_real_compact_file_order_slice,real_compact_slice,8,mixed,mixed,full_pagerank,grasu_regraph,hls_equivalent_proposed_execution_driven_simulation,grasu_regraph_candidate10_normalized_hls_pagerank_v3,150.0,3409,8192,8192,8,8,462274,3.0818266666666667,242,0.0016133333333333334,462032,3.080213333333333,4958677.685950413,4958677.685950413,4858048,3520,4854528,75907,3669468,39027,1309628,36880,2359840,27,820,72514,3454040,0,0,3366,214608,75880,3668648,0.9556404849762783,0.0,0.044359515023721666,0.9415021555624852,0.0,0.05849784443751486,55,1272,39,728,16,544,18,360,21,472,0,0,16,440,37,912,0.5675675675675675,0.0,0.43243243243243246,0.5175438596491229,0.0,0.4824561403508772,75852,3668196,38988,1308900,36864,2359296,9,460,72493,3453568,0,0,3350,214168,75843,3667736,0.9558298063104044,0.0,0.04417019368959561,0.9416075748090921,0.0,0.05839242519090796,31953,39027,36880,3922,3919,1177095462.0,update_plus_compute_active_channels,4.708500760607421,0,0c0572f29bc2b104cb3fac9a8188558175b7edc0240c870fe6f12bb54d40df9e,/data/tmp/chuxiao/candidate10_grasu_temporal_full_pr_batch8_20260727/grasu_au_mixed_u8/grasu_regraph/manifest.json,3d839b3f5809a2b606b75a8c12af03658abe929c3e4d1064cd9933c90c07df67,5,36260,35668,0.9475805920402598,25.808594050272887,872.8267816933886,0.9994848156182212
grasu_au_mixed_u8,sx_askubuntu,grasu_temporal_real_compact_file_order_slice,real_compact_slice,8,mixed,mixed,full_pagerank,spine,routed_reference_profile_execution_driven_simulation,spine_candidate10_normalized_v1,150.0,3409,8192,8192,8,8,1475902,9.839346666666668,330620,2.204133333333333,1145282,7.635213333333334,3629.5444921662333,3629.5444921662333,8861568,1217664,7643904,138462,1040928,118547,922308,19915,118620,14,144,29676,211036,3999,31992,104773,797756,138448,1040784,0.214347625101121,0.028884490928001848,0.7567678839708771,0.20276637611646606,0.030738366462205416,0.7664952574213285,19026,152736,9368,75264,9658,77472,7,72,16142,129440,6,48,2871,23176,19019,152664,0.8487302171512697,0.000315473999684526,0.1509543088490457,0.8478750720536603,0.00031441597233139445,0.15181051197400827,119436,888192,109179,847044,10257,41148,7,72,13534,81596,3993,31944,101902,774580,119429,888120,0.11332255984727327,0.03343409054752196,0.8532433496052048,0.09187497185065081,0.03596811241724091,0.8721569157321083,0,118547,19915,29426,29426,5364213396.0,update_plus_compute_active_channels,19.199410140514374,0,5d28ac8d9b4f098cee8030603186ce9f430350886200ec6c280ea954880dbbfe,/data/tmp/chuxiao/candidate10_grasu_temporal_full_pr_batch8_20260727/grasu_au_mixed_u8/spine/summary.json,4676b1fdd06f2196385403d2b53bb6c50039d121d306b7ca43b74d22804bb48e,8,90673,18461,0.7881873727087576,34.99216344572195,2998.4181607574537,0.9970374089881998
grasu_bc_delete_u1,soc_bitcoin,grasu_temporal_real_compact_file_order_slice,real_compact_slice,1,delete,delete,full_pagerank,grasu_regraph,hls_equivalent_proposed_execution_driven_simulation,grasu_regraph_candidate10_normalized_hls_pagerank_v3,150.0,10326,8192,8191,1,1,971222,6.4748133333333335,73,0.0004866666666666666,971149,6.474326666666667,2054794.5205479453,2054794.5205479453,7442880,384,7442496,116295,3849200,79429,1489836,36866,2359364,15,612,112917,3633588,0,0,3363,215000,116280,3848588,0.971078431372549,0.0,0.02892156862745098,0.9441353556161377,0.0,0.05586464438386234,6,152,4,84,2,68,6,152,0,0,0,0,0,0,0,0,0.0,0.0,0.0,0.0,0.0,0.0,116289,3849048,79425,1489752,36864,2359296,9,460,112917,3633588,0,0,3363,215000,116280,3848588,0.971078431372549,0.0,0.02892156862745098,0.9441353556161377,0.0,0.05586464438386234,31594,79429,36866,5068,5065,2388813618.0,update_plus_compute_active_channels,9.442581256851554,0,88c68610bf04907f7a6aaf045cf0e0c1e84fc09514150d76c6c79835712d9a36,/data/tmp/chuxiao/candidate10_grasu_temporal_full_pr_batch8_20260727/grasu_bc_delete_u1/grasu_regraph/manifest.json,5cd2c4e48f7bb49bad3e6abce2bd17a734566e56c09a37bf9983cdb0b6ec44cd,5,75550,35658,0.9562577926824025,24.001107907691146,1115.0801606469295,0.9995931210329301
grasu_bc_delete_u1,soc_bitcoin,grasu_temporal_real_compact_file_order_slice,real_compact_slice,1,delete,delete,full_pagerank,spine,routed_reference_profile_execution_driven_simulation,spine_candidate10_normalized_v1,150.0,10326,8192,8191,1,1,1560709,10.404726666666665,315727,2.104846666666667,1244982,8.29988,475.0939894275751,475.0939894275751,12607552,1134208,11473344,196993,1098088,157112,902920,39881,195168,14,144,39865,233196,719,5768,156395,858980,196979,1097944,0.20238197980495382,0.003650135293609979,0.7939678849014362,0.21239334610872684,0.005253455549645519,0.7823531983416276,17722,141856,8849,70840,8873,71016,7,72,16740,133920,20,176,955,7688,17715,141784,0.9449618966977138,0.0011289867344058708,0.053909116567880326,0.944535349545788,0.0012413248321390283,0.054223325622073014,179271,956232,148263,832080,31008,124152,7,72,23125,99276,699,5592,155440,851292,179264,956160,0.1289996876115673,0.003899277043912888,0.8671010353445198,0.10382781124497992,0.005848393574297189,0.8903237951807229,0,157112,39881,8573,8573,5655838206.0,update_plus_compute_active_channels,20.62388147972524,0,88c68610bf04907f7a6aaf045cf0e0c1e84fc09514150d76c6c79835712d9a36,/data/tmp/chuxiao/candidate10_grasu_temporal_full_pr_batch8_20260727/grasu_bc_delete_u1/spine/summary.json,c711c5d732172a9f0b05104a159e662fc7527dcf94c7a9f92280cb82c8d3ca79,8,149684,38674,0.9561659551354617,28.507466011507713,1940.7085864925934,0.9987211955567814
grasu_bc_delete_u64,soc_bitcoin,grasu_temporal_real_compact_file_order_slice,real_compact_slice,64,delete,delete,full_pagerank,grasu_regraph,hls_equivalent_proposed_execution_driven_simulation,grasu_regraph_candidate10_normalized_hls_pagerank_v3,150.0,10326,8192,8128,64,64,972626,6.484173333333334,1391,0.009273333333333333,971235,6.4749,6901509.705248023,6901509.705248023,7482880,40384,7442496,116920,3860752,79928,1497104,36992,2363648,27,820,113076,3637076,65,416,3752,222440,116893,3859932,0.967346205504179,0.0005560640928028197,0.032097730403018145,0.9422642678679314,0.00010777391933329395,0.05762795821273536,631,11704,503,7352,128,4352,18,360,123,1184,65,416,425,9744,613,11344,0.200652528548124,0.10603588907014681,0.6933115823817292,0.10437235543018336,0.036671368124118475,0.8589562764456982,116289,3849048,79425,1489752,36864,2359296,9,460,112953,3635892,0,0,3327,212696,116280,3848588,0.9713880288957688,0.0,0.028611971104231165,0.9447340167354884,0.0,0.055265983264511556,31826,79928,36992,5246,5240,2393061366.0,update_plus_compute_active_channels,9.40982438530773,0,62e2ac943a27ee058f82d46519a6f43bd0bc7b8ba868b26e03156af46d8869d3,/data/tmp/chuxiao/candidate10_grasu_temporal_full_pr_batch8_20260727/grasu_bc_delete_u64/grasu_regraph/manifest.json,72114158cb6918ba05888fd4aa3299c46a240daba656f4ee2d7adf9eca976da7,5,75835,35738,0.9542678754704071,23.99991242117906,1385.0025979649274,0.9989186851211073
grasu_bc_delete_u64,soc_bitcoin,grasu_temporal_real_compact_file_order_slice,real_compact_slice,64,delete,delete,full_pagerank,spine,routed_reference_profile_execution_driven_simulation,spine_candidate10_normalized_v1,150.0,10326,8192,8128,64,64,1565742,10.438279999999999,322210,2.148066666666667,1243532,8.290213333333332,29794.233574376954,29794.233574376954,12614144,1166528,11447616,197096,1102184,157104,905072,39992,197112,14,144,39340,235000,712,5696,157030,861344,197082,1102040,0.1996123441004252,0.003612709430592342,0.7967749464689825,0.213240898696962,0.005168596421182534,0.7815905048818554,18227,149240,9243,76280,8984,72960,7,72,17068,139264,16,128,1136,9776,18220,149168,0.9367727771679473,0.0008781558726673985,0.06234906695938529,0.9336050627480424,0.0008580928885551861,0.06553684436340233,178869,952944,147861,828792,31008,124152,7,72,22272,95736,696,5568,155894,851568,178862,952872,0.12452058011204169,0.0038912681285013027,0.871588151759457,0.10047099715386747,0.005843387149585674,0.8936856156965468,0,157104,39992,8523,8520,5675193072.0,update_plus_compute_active_channels,20.604006668552756,0,62e2ac943a27ee058f82d46519a6f43bd0bc7b8ba868b26e03156af46d8869d3,/data/tmp/chuxiao/candidate10_grasu_temporal_full_pr_batch8_20260727/grasu_bc_delete_u64/spine/summary.json,2d478b1e1b2d551debcbcf8a14f79b6c6f0ec73f41ce1639bc4818f8a7e10c67,8,149708,38813,0.9564932824613387,28.521068846114677,1416.708465833688,0.998624724944989
grasu_bc_delete_u8,soc_bitcoin,grasu_temporal_real_compact_file_order_slice,real_compact_slice,8,delete,delete,full_pagerank,grasu_regraph,hls_equivalent_proposed_execution_driven_simulation,grasu_regraph_candidate10_normalized_hls_pagerank_v3,150.0,10326,8192,8184,8,8,971707,6.478046666666667,262,0.0017466666666666668,971445,6.4763,4580152.671755725,4580152.671755725,7447232,4736,7442496,116363,3850472,79483,1490632,36880,2359840,27,820,112969,3636004,0,0,3367,213648,116336,3849652,0.9710579700178793,0.0,0.028942029982120754,0.9445019965441032,0.0,0.05549800345589679,74,1424,58,880,16,544,18,360,16,112,0,0,40,952,56,1064,0.2857142857142857,0.0,0.7142857142857143,0.10526315789473684,0.0,0.8947368421052632,116289,3849048,79425,1489752,36864,2359296,9,460,112953,3635892,0,0,3327,212696,116280,3848588,0.9713880288957688,0.0,0.028611971104231165,0.9447340167354884,0.0,0.055265983264511556,32078,79483,36880,5094,5092,2389963848.0,update_plus_compute_active_channels,9.480553111992776,0,3fc3a17ddd611760e6939bd19cbf276339bc6b924445b80c3a1d0db8d569b71e,/data/tmp/chuxiao/candidate10_grasu_temporal_full_pr_batch8_20260727/grasu_bc_delete_u8/grasu_regraph/manifest.json,9ff351e4dd09ce598705770e669a56c887cea9816853e3c9e8f0d291599eeae3,5,75547,35664,0.9557247578697696,24.059169885384296,1611.5742770332592,0.9995119305856833
grasu_bc_delete_u8,soc_bitcoin,grasu_temporal_real_compact_file_order_slice,real_compact_slice,8,delete,delete,full_pagerank,spine,routed_reference_profile_execution_driven_simulation,spine_candidate10_normalized_v1,150.0,10326,8192,8184,8,8,1561904,10.412693333333333,316893,2.11262,1245011,8.300073333333334,3786.767142221507,3786.767142221507,12609728,1139072,11470656,197027,1098800,157125,903296,39902,195504,14,144,39683,233056,715,5720,156615,859880,197013,1098656,0.2014232563333384,0.0036292021338693386,0.7949475415327922,0.21212827309003,0.005206361226808027,0.7826653656831619,17798,142904,8904,71552,8894,71352,7,72,16777,134512,16,128,998,8192,17791,142832,0.9430048901129785,0.0008993311224776572,0.05609577876454387,0.9417497479556401,0.0008961577237593816,0.05735409432060042,179229,955896,148221,831744,31008,124152,7,72,22906,98544,699,5592,155617,851688,179222,955824,0.12780797000368257,0.0039001908247871357,0.8682918391715303,0.10309847838095716,0.005850449455129815,0.891051072163913,0,157125,39902,8599,8599,5660087898.0,update_plus_compute_active_channels,20.79641697090119,0,3fc3a17ddd611760e6939bd19cbf276339bc6b924445b80c3a1d0db8d569b71e,/data/tmp/chuxiao/candidate10_grasu_temporal_full_pr_batch8_20260727/grasu_bc_delete_u8/spine/summary.json,47065706bbec4f1984dc106f56e7bdead4c09367e8434b371072fd022cfd30c7,8,149674,38680,0.9559806523978948,28.642240254574382,1420.553190421206,0.9983960703724124
grasu_bc_insert_u1,soc_bitcoin,grasu_temporal_real_compact_file_order_slice,real_compact_slice,1,insert,insert,full_pagerank,grasu_regraph,hls_equivalent_proposed_execution_driven_simulation,grasu_regraph_candidate10_normalized_hls_pagerank_v3,150.0,10326,8192,8193,1,1,971632,6.477546666666667,121,0.0008066666666666667,971511,6.4767399999999995,1239669.4214876033,1239669.4214876033,7443136,640,7442496,116299,3849232,79433,1489868,36866,2359364,16,620,112943,3635252,0,0,3340,213360,116283,3848612,0.9712769708383857,0.0,0.028723029161614337,0.9445618316421609,0.0,0.055438168357839136,10,184,8,116,2,68,7,160,0,0,0,0,3,24,3,24,0.0,0.0,1.0,0.0,0.0,1.0,116289,3849048,79425,1489752,36864,2359296,9,460,112943,3635252,0,0,3337,213336,116280,3848588,0.9713020295837633,0.0,0.02869797041623667,0.9445677219801132,0.0,0.055432278019886774,32123,79433,36866,5064,5055,2389639908.0,update_plus_compute_active_channels,9.40657333470881,0,3a4e55c70f5646580ad719069e804c18b63f94592428df2b446c6dffd4acfffe,/data/tmp/chuxiao/candidate10_grasu_temporal_full_pr_batch8_20260727/grasu_bc_insert_u1/grasu_regraph/manifest.json,7e8f203161950abc554ee73f957763b337854f0424de933a0c440e4f7c05655f,5,75568,35659,0.9563882750496565,23.973122002190525,1317.570587437254,0.9997016220908154
grasu_bc_insert_u1,soc_bitcoin,grasu_temporal_real_compact_file_order_slice,real_compact_slice,1,insert,insert,full_pagerank,spine,routed_reference_profile_execution_driven_simulation,spine_candidate10_normalized_v1,150.0,10326,8192,8193,1,1,1562299,10.415326666666667,315803,2.1053533333333334,1246496,8.309973333333334,474.9796550381092,474.9796550381092,12609408,1134336,11475072,197022,1098392,157139,903208,39883,195184,14,144,38844,229184,722,5792,157442,863272,197008,1098248,0.19716965808495088,0.003664825793876391,0.7991655161211727,0.2086814635674274,0.005273854357121525,0.7860446820754511,17724,141872,8849,70840,8875,71032,7,72,16748,133984,20,176,949,7640,17717,141800,0.9453067675114297,0.0011288592876897894,0.05356437320088051,0.9448801128349789,0.001241184767277856,0.0538787023977433,179298,956520,148290,832368,31008,124152,7,72,22096,95200,702,5616,156493,855632,179291,956448,0.12324098811429464,0.003915422413841185,0.8728435894718641,0.09953494596674362,0.005871725383920506,0.8945933286493358,0,157139,39883,8615,8611,5660694426.0,update_plus_compute_active_channels,21.16662387084216,0,3a4e55c70f5646580ad719069e804c18b63f94592428df2b446c6dffd4acfffe,/data/tmp/chuxiao/candidate10_grasu_temporal_full_pr_batch8_20260727/grasu_bc_insert_u1/spine/summary.json,75d431f5be53ad37392051353624996ca81accc70b62e73ed8d8fad2fc05ee0a,8,149672,38672,0.9559541574037417,28.677419354838708,882.2209921172868,0.9987714063636136
grasu_bc_insert_u64,soc_bitcoin,grasu_temporal_real_compact_file_order_slice,real_compact_slice,64,insert,insert,full_pagerank,grasu_regraph,hls_equivalent_proposed_execution_driven_simulation,grasu_regraph_candidate10_normalized_hls_pagerank_v3,150.0,10326,8192,8256,64,64,973562,6.490413333333334,1317,0.008780000000000001,972245,6.481633333333334,7289293.849658314,7289293.849658314,7476608,27200,7449408,116822,3866016,79830,1502368,36992,2363648,27,820,113193,3644580,70,2080,3532,218536,116795,3865196,0.9691596386831628,0.0005993407252022775,0.030241020591634915,0.9429224287720468,0.0005381357116172117,0.05653943551633604,425,10056,297,5704,128,4352,18,360,160,3568,70,2080,177,4048,407,9696,0.3931203931203931,0.171990171990172,0.4348894348894349,0.367986798679868,0.2145214521452145,0.4174917491749175,116397,3855960,79533,1496664,36864,2359296,9,460,113033,3641012,0,0,3355,214488,116388,3855500,0.9711740041928721,0.0,0.028825995807127882,0.9443683050188043,0.0,0.055631694981195697,31570,79830,36992,5210,5207,2395579350.0,update_plus_compute_active_channels,9.367437035776675,0,dcce0676bf39bc4c8217c78d9b40d25f19946cb9b240ab7f469301440d36488e,/data/tmp/chuxiao/candidate10_grasu_temporal_full_pr_batch8_20260727/grasu_bc_insert_u64/grasu_regraph/manifest.json,1c402923b221ecb0df0ca7d66115b29a94471cd948bb951d08fd9badb2b03bbb,5,75720,35737,0.9540754309975861,24.09359889765752,1419.1205729448716,0.998378027681661
grasu_bc_insert_u64,soc_bitcoin,grasu_temporal_real_compact_file_order_slice,real_compact_slice,64,insert,insert,full_pagerank,spine,routed_reference_profile_execution_driven_simulation,spine_candidate10_normalized_v1,150.0,10326,8192,8256,64,64,1589670,10.5978,326267,2.1751133333333335,1263403,8.422686666666667,29423.754164533955,29423.754164533955,12729920,1184768,11545152,198905,1119488,158657,920224,40248,199264,14,144,39969,238668,805,6440,158117,874236,198891,1119344,0.2009593194262184,0.004047443071833316,0.7949932375019483,0.21322131534184308,0.005753369830900956,0.781025314827256,18512,151688,9272,76576,9240,75112,7,72,17221,140504,19,152,1265,10960,18505,151616,0.930613347743853,0.001026749527154823,0.06835990272899216,0.9267095821021528,0.0010025327142254117,0.07228788518362178,180393,967800,149385,843648,31008,124152,7,72,22748,98164,786,6288,156852,863276,180386,967728,0.12610734757686295,0.0043573226303593405,0.8695353297927777,0.10143759403468744,0.0064976935667873615,0.8920647123985253,0,158657,40248,9192,9190,5760477426.0,update_plus_compute_active_channels,21.351964165456593,0,dcce0676bf39bc4c8217c78d9b40d25f19946cb9b240ab7f469301440d36488e,/data/tmp/chuxiao/candidate10_grasu_temporal_full_pr_batch8_20260727/grasu_bc_insert_u64/spine/summary.json,77fdb0a39fc99d92882df180f9c71bb7503885ad4ec1d74a185e0ff520c4331a,8,150684,38958,0.9534300294110254,28.69108832260789,874.9931324491777,0.9985340886503677
grasu_bc_insert_u8,soc_bitcoin,grasu_temporal_real_compact_file_order_slice,real_compact_slice,8,insert,insert,full_pagerank,grasu_regraph,hls_equivalent_proposed_execution_driven_simulation,grasu_regraph_candidate10_normalized_hls_pagerank_v3,150.0,10326,8192,8200,8,8,971784,6.478560000000001,242,0.0016133333333333334,971542,6.476946666666667,4958677.685950413,4958677.685950413,7447168,3520,7443648,116362,3851472,79482,1491632,36880,2359840,25,804,112974,3636236,0,0,3363,214432,116337,3850668,0.9710926016658501,0.0,0.028907398334149927,0.9443130386727705,0.0,0.05568696132722946,55,1272,39,728,16,544,16,344,25,600,0,0,14,328,39,928,0.6410256410256411,0.0,0.358974358974359,0.646551724137931,0.0,0.35344827586206895,116307,3850200,79443,1490904,36864,2359296,9,460,112949,3635636,0,0,3349,214104,116298,3849740,0.9712032881046966,0.0,0.028796711895303445,0.9443848155979365,0.0,0.05561518440206352,31958,79482,36880,5088,5085,2390031312.0,update_plus_compute_active_channels,9.415340909734368,0,d9dfe55f5080c3975da09871d96879e4f53f98d43be0f5fc13f97a2afb4428fa,/data/tmp/chuxiao/candidate10_grasu_temporal_full_pr_batch8_20260727/grasu_bc_insert_u8/grasu_regraph/manifest.json,e04eb76b1988e2b3db8af076f7ce54929eb56cbf79697c27f15ca422a6bed7d5,5,75556,35660,0.9557759405991647,24.073526081376915,1712.681017877974,0.9994848156182212
grasu_bc_insert_u8,soc_bitcoin,grasu_temporal_real_compact_file_order_slice,real_compact_slice,8,insert,insert,full_pagerank,spine,routed_reference_profile_execution_driven_simulation,spine_candidate10_normalized_v1,150.0,10326,8192,8200,8,8,1566074,10.440493333333334,317404,2.116026666666667,1248670,8.324466666666668,3780.67069098058,3780.67069098058,12627072,1142400,11484672,197298,1101472,157344,905552,39954,195920,14,144,39348,232704,721,5768,157215,862856,197284,1101328,0.19944851077634274,0.003654629873684637,0.7968968593499727,0.2112940014237357,0.005237313497886188,0.7834686850783781,17850,143320,8904,71552,8946,71768,7,72,16811,134776,16,128,1016,8344,17843,143248,0.9421621924564255,0.0008967101944740235,0.05694109734910049,0.9408578130235675,0.0008935552328828326,0.05824863174354965,179448,958152,148440,834000,31008,124152,7,72,22537,97928,705,5640,156199,854512,179441,958080,0.1255955996678574,0.003928867984462859,0.8704755323476797,0.10221275885103541,0.005886773547094188,0.8919004676018704,0,157344,39954,8721,8719,5674871550.0,update_plus_compute_active_channels,21.1577703692019,0,d9dfe55f5080c3975da09871d96879e4f53f98d43be0f5fc13f97a2afb4428fa,/data/tmp/chuxiao/candidate10_grasu_temporal_full_pr_batch8_20260727/grasu_bc_insert_u8/spine/summary.json,d4387b1c92ca7bf6796d05a2c22082b77f3092db28d15dfea7263e452d7ac2e8,8,149813,38708,0.9555139940597471,28.293198342485255,922.752569308668,0.9984982730139661
grasu_bc_mixed_u64,soc_bitcoin,grasu_temporal_real_compact_file_order_slice,real_compact_slice,64,mixed,mixed,full_pagerank,grasu_regraph,hls_equivalent_proposed_execution_driven_simulation,grasu_regraph_candidate10_normalized_hls_pagerank_v3,150.0,10326,8192,8192,64,64,973187,6.487913333333334,1376,0.009173333333333334,971811,6.47874,6976744.186046511,6976744.186046511,7480896,33984,7446912,116889,3864368,79897,1500720,36992,2363648,27,820,113152,3641372,31,368,3679,221808,116862,3863548,0.968253153291917,0.0002652701476955726,0.03148157656038746,0.9424943083404166,9.524923722961381e-05,0.057410442422353755,531,10904,403,6552,128,4352,18,360,165,3304,31,368,317,6872,513,10544,0.3216374269005848,0.06042884990253411,0.6179337231968811,0.3133535660091047,0.03490136570561457,0.6517450682852808,116358,3853464,79494,1494168,36864,2359296,9,460,112987,3638068,0,0,3362,214936,116349,3853004,0.9711041779473825,0.0,0.028895822052617554,0.9442159935468533,0.0,0.05578400645314669,31571,79897,36992,5230,5224,2394538962.0,update_plus_compute_active_channels,9.554785013198853,0,3df9de6b7a1fde2e1589ee7883aa8bbc9e0fbe0f07886aca1f8feebe5b60a7b5,/data/tmp/chuxiao/candidate10_grasu_temporal_full_pr_batch8_20260727/grasu_bc_mixed_u64/grasu_regraph/manifest.json,55a343410d4e74c6a45e0e6c09fd2998a3d52bc5be0a753fc6e643aa0ae53444,5,75833,35746,0.9545722865282448,24.04881284653992,1148.8338384111694,0.9990808823529411
grasu_bc_mixed_u64,soc_bitcoin,grasu_temporal_real_compact_file_order_slice,real_compact_slice,64,mixed,mixed,full_pagerank,spine,routed_reference_profile_execution_driven_simulation,spine_candidate10_normalized_v1,150.0,10326,8192,8192,64,64,1581362,10.542413333333334,326342,2.1756133333333336,1255020,8.366800000000001,29416.99198999822,29416.99198999822,12683520,1182144,11501376,198180,1112792,158001,913952,40179,198840,14,144,40327,240292,765,6120,157074,866236,198166,1112648,0.2035011051340795,0.0038603998667783575,0.7926384949991422,0.2159640784866373,0.005500391857982039,0.7785355296553806,18471,151544,9300,76856,9171,74688,7,72,17172,140160,21,168,1271,11144,18464,151472,0.9300259965337955,0.0011373483535528596,0.06883665511265165,0.9253195310024295,0.0011091158762015422,0.07357135312136896,179709,961248,148701,837096,31008,124152,7,72,23155,100132,744,5952,155803,855092,179702,961176,0.12885221088246096,0.004140187643988381,0.8670076014735506,0.10417655039243594,0.006192414292491698,0.8896310353150724,0,158001,40179,8886,8884,5731186206.0,update_plus_compute_active_channels,21.0150596620515,0,3df9de6b7a1fde2e1589ee7883aa8bbc9e0fbe0f07886aca1f8feebe5b60a7b5,/data/tmp/chuxiao/candidate10_grasu_temporal_full_pr_batch8_20260727/grasu_bc_mixed_u64/spine/summary.json,24875136e2888286af7eddc08b96670c0c21b8480619bf4e9d33175bfca2a6e4,8,150289,38928,0.9547734382884246,28.574154593958266,1386.2156637918142,0.9984817939719755
grasu_bc_mixed_u8,soc_bitcoin,grasu_temporal_real_compact_file_order_slice,real_compact_slice,8,mixed,mixed,full_pagerank,grasu_regraph,hls_equivalent_proposed_execution_driven_simulation,grasu_regraph_candidate10_normalized_hls_pagerank_v3,150.0,10326,8192,8192,8,8,971784,6.478560000000001,224,0.0014933333333333333,971560,6.4770666666666665,5357142.857142857,5357142.857142857,7446912,3840,7443072,116358,3850936,79478,1491096,36880,2359840,27,820,112954,3635380,0,0,3377,214736,116331,3850116,0.9709707644565937,0.0,0.029029235543406313,0.9442260960448984,0.0,0.055773903955101616,60,1312,44,768,16,544,18,360,14,320,0,0,28,632,42,952,0.3333333333333333,0.0,0.6666666666666666,0.33613445378151263,0.0,0.6638655462184874,116298,3849624,79434,1490328,36864,2359296,9,460,112940,3635060,0,0,3349,214104,116289,3849164,0.9712010594295247,0.0,0.02879894057047528,0.9443764931813765,0.0,0.05562350681862347,31988,79478,36880,5092,5089,2390053800.0,update_plus_compute_active_channels,9.501535314135253,0,b92046ac484379bfab87316fbc8714b600515cf5fd4fab8e1e2e19c0b332e6ed,/data/tmp/chuxiao/candidate10_grasu_temporal_full_pr_batch8_20260727/grasu_bc_mixed_u8/grasu_regraph/manifest.json,01f0f877cfef8b14900be22eabdc4e5aaa9a58e4f8088571bd71e678adb48336,5,75553,35660,0.9557830144897643,24.03585897984348,1712.710507039961,0.9994848156182212
grasu_bc_mixed_u8,soc_bitcoin,grasu_temporal_real_compact_file_order_slice,real_compact_slice,8,mixed,mixed,full_pagerank,spine,routed_reference_profile_execution_driven_simulation,spine_candidate10_normalized_v1,150.0,10326,8192,8192,8,8,1563832,10.425546666666667,316995,2.1132999999999997,1246837,8.312246666666667,3785.5486679600626,3785.5486679600626,12617472,1140480,11476992,197148,1099984,157224,904304,39924,195680,14,144,39034,230600,718,5744,157382,863496,197134,1099840,0.198007446711374,0.003642192620248156,0.7983503606683778,0.2096668606342741,0.005222577829502473,0.7851105615362235,17820,143080,8904,71552,8916,71528,7,72,16788,134592,16,128,1009,8288,17813,143008,0.9424577555717735,0.0008982204008308539,0.05664402402739572,0.9411501454464086,0.0008950548221078541,0.057954799731483556,179328,956904,148320,832752,31008,124152,7,72,22246,96008,702,5616,156373,855208,179321,956832,0.1240568589289598,0.003914767372477289,0.8720283736985629,0.10033945352998228,0.0058693689174275105,0.8937911775525902,0,157224,39924,8663,8661,5667063672.0,update_plus_compute_active_channels,20.64006967097521,0,b92046ac484379bfab87316fbc8714b600515cf5fd4fab8e1e2e19c0b332e6ed,/data/tmp/chuxiao/candidate10_grasu_temporal_full_pr_batch8_20260727/grasu_bc_mixed_u8/spine/summary.json,d5ed5e2f13096fcfef138e21f64d3e9cfcfe20cdaef4be967c8d8beacd9efd34,8,149733,38694,0.9557641974557185,28.699479723197477,922.0719213305572,0.9984720969842701
grasu_so_delete_u1,sx_stackoverflow,grasu_temporal_real_compact_file_order_slice,real_compact_slice,1,delete,delete,full_pagerank,grasu_regraph,hls_equivalent_proposed_execution_driven_simulation,grasu_regraph_candidate10_normalized_hls_pagerank_v3,150.0,2004,8192,8191,1,1,344928,2.2995200000000002,73,0.0004866666666666666,344855,2.2990333333333335,2054794.5205479453,2054794.5205479453,4285248,384,4284864,66957,3587624,30091,1228260,36866,2359364,15,612,63596,3373100,0,0,3346,213912,66942,3587012,0.9500164321352813,0.0,0.04998356786471871,0.9403648496297197,0.0,0.05963515037028033,6,152,4,84,2,68,6,152,0,0,0,0,0,0,0,0,0.0,0.0,0.0,0.0,0.0,0.0,66951,3587472,30087,1228176,36864,2359296,9,460,63596,3373100,0,0,3346,213912,66942,3587012,0.9500164321352813,0.0,0.04998356786471871,0.9403648496297197,0.0,0.05963515037028033,31851,30091,36866,3361,3355,893320686.0,update_plus_compute_active_channels,3.5802117064595222,0,7104636d70391973aad1ed0005b2c0a3ebc80b2d225a9d5bcc85e83b9d38ffc2,/data/tmp/chuxiao/candidate10_grasu_temporal_full_pr_batch8_20260727/grasu_so_delete_u1/grasu_regraph/manifest.json,d2376275ac3e346852bd85382fbfdbbe8b096ef3b76f14546c9b3dce1b5da4da,5,27926,35655,0.9495795809250713,26.464358113721712,498.66062464385533,0.9996473715618728
grasu_so_delete_u1,sx_stackoverflow,grasu_temporal_real_compact_file_order_slice,real_compact_slice,1,delete,delete,full_pagerank,spine,routed_reference_profile_execution_driven_simulation,spine_candidate10_normalized_v1,150.0,2004,8192,8191,1,1,1223030,8.153533333333334,327583,2.1838866666666665,895447,5.969646666666667,457.89921943446393,457.89921943446393,7618304,1201664,6416640,119036,945816,103466,845272,15570,100544,14,144,25739,190064,3735,29896,89548,725712,119022,945672,0.21625413789047404,0.03138075313807531,0.7523651089714507,0.2009830046781548,0.03161349812620021,0.767403497195645,18776,150288,9248,74032,9528,76256,7,72,16115,128920,9,88,2645,21208,18769,150216,0.8585966220896158,0.0004795140923863818,0.14092386381799776,0.8582308142940832,0.0005858230814294083,0.1411833626244874,100260,795528,94218,771240,6042,24288,7,72,9624,61144,3726,29808,86903,704504,100253,795456,0.09599712726801193,0.03716597009565799,0.8668369026363301,0.07686660230107008,0.037472845763939173,0.8856605519349907,0,103466,15570,15032,15030,4449622656.0,update_plus_compute_active_channels,16.07062189374119,0,9c426feccc7c9c77a6abf0ccf00a4173b0dcf3f16fc67fe2196eddbd631ae3f4,/data/tmp/chuxiao/candidate10_grasu_temporal_full_pr_batch8_20260727/grasu_so_delete_u1/spine/summary.json,368d023069ff5eae580178f47c2ba168f19bf5aa5050c6a1acfecc6c11d5006e,8,89839,14138,0.8734920528243556,30.503875669301994,2144.6509889826684,0.9968529222864483
grasu_so_delete_u64,sx_stackoverflow,grasu_temporal_real_compact_file_order_slice,real_compact_slice,64,delete,delete,full_pagerank,grasu_regraph,hls_equivalent_proposed_execution_driven_simulation,grasu_regraph_candidate10_normalized_hls_pagerank_v3,150.0,2004,8192,8128,64,64,345764,2.305093333333333,1359,0.00906,344405,2.2960333333333334,7064017.66004415,7064017.66004415,4311232,26368,4284864,67363,3597424,30371,1233776,36992,2363648,27,820,63819,3379420,0,0,3517,217184,67336,3596604,0.9477693952714744,0.0,0.0522306047285256,0.9396141471232307,0.0,0.06038585287676931,412,9952,284,5600,128,4352,18,360,201,4912,0,0,193,4680,394,9592,0.5101522842639594,0.0,0.48984771573604063,0.51209341117598,0.0,0.48790658882402,66951,3587472,30087,1228176,36864,2359296,9,460,63618,3374508,0,0,3324,212504,66942,3587012,0.950345074840907,0.0,0.04965492515909294,0.9407573768919647,0.0,0.059242623108035325,31564,30371,36992,3501,3499,896437668.0,update_plus_compute_active_channels,3.593349131755531,0,fc18c9eebd73bdb88a69a0c84333229ee98759eb741a8e87230692a52b6fa99c,/data/tmp/chuxiao/candidate10_grasu_temporal_full_pr_batch8_20260727/grasu_so_delete_u64/grasu_regraph/manifest.json,36023449f7a053359696f76f2410d694cb9ac00e7d99759923d7aaaf699d7748,5,28017,35776,0.9470035479417485,26.72032531032893,420.58707234617987,0.9995404411764706
grasu_so_delete_u64,sx_stackoverflow,grasu_temporal_real_compact_file_order_slice,real_compact_slice,64,delete,delete,full_pagerank,spine,routed_reference_profile_execution_driven_simulation,spine_candidate10_normalized_v1,150.0,2004,8192,8128,64,64,1231535,8.210233333333335,337245,2.2483,894290,5.9619333333333335,28465.95205266201,28465.95205266201,7635200,1243904,6391296,119300,951576,103573,848568,15727,103008,14,144,25835,194380,3728,29824,89723,727228,119286,951432,0.21658031956809684,0.03125261975420418,0.752167060677699,0.20430256707783637,0.03134643358642551,0.7643509993357381,19436,159288,9751,80568,9685,78720,7,72,16467,134472,5,40,2957,24704,19429,159216,0.8475474805702815,0.0002573472643985794,0.1521951721653199,0.8445884835694905,0.0002512310320570797,0.15516028539845242,99864,792288,93822,768000,6042,24288,7,72,9368,59908,3723,29784,86766,702524,99857,792216,0.09381415424056401,0.037283315140651134,0.8689025306187849,0.075620790289517,0.03759580720409585,0.8867834025063871,0,103573,15727,15070,15068,4481385306.0,update_plus_compute_active_channels,16.034458343870938,0,1ee2e758773140e2ea2ecbd1d9ac71cd0c5cbffb6fad8d10450aa4f21e2c4297,/data/tmp/chuxiao/candidate10_grasu_temporal_full_pr_batch8_20260727/grasu_so_delete_u64/spine/summary.json,1fdc9926e3de13f25b100d0fd0bfe311b72d150bf8b527701a1d25007751ee2a,8,89902,14296,0.8734115674769488,29.914301989900842,1803.4675250175283,0.9975837731290138
grasu_so_delete_u8,sx_stackoverflow,grasu_temporal_real_compact_file_order_slice,real_compact_slice,8,delete,delete,full_pagerank,grasu_regraph,hls_equivalent_proposed_execution_driven_simulation,grasu_regraph_candidate10_normalized_hls_pagerank_v3,150.0,2004,8192,8184,8,8,344953,2.2996866666666667,215,0.0014333333333333333,344738,2.2982533333333333,5581395.34883721,5581395.34883721,4288064,3200,4284864,67001,3588704,30121,1228864,36880,2359840,24,796,63620,3373996,0,0,3357,213912,66977,3587908,0.9498783164369858,0.0,0.05012168356301417,0.9403797421784506,0.0,0.05962025782154949,50,1232,34,688,16,544,15,336,17,448,0,0,18,448,35,896,0.4857142857142857,0.0,0.5142857142857142,0.5,0.0,0.5,66951,3587472,30087,1228176,36864,2359296,9,460,63603,3373548,0,0,3339,213464,66942,3587012,0.9501210002688895,0.0,0.04987899973111051,0.9404897446677067,0.0,0.05951025533229329,31852,30121,36880,3361,3355,893378184.0,update_plus_compute_active_channels,3.5877057816833258,0,79356ad4114ede7c8869c0c17e3a4b0db2e50c9434cd0df1f3cd0937869c1d5c,/data/tmp/chuxiao/candidate10_grasu_temporal_full_pr_batch8_20260727/grasu_so_delete_u8/grasu_regraph/manifest.json,fabbb0cca248ca7be9ebec1d42a5456b550c6167d6d4007750084733d440e327,5,27919,35666,0.9490156863330398,26.478038577736463,616.1293332609993,0.9996203904555314
grasu_so_delete_u8,sx_stackoverflow,grasu_temporal_real_compact_file_order_slice,real_compact_slice,8,delete,delete,full_pagerank,spine,routed_reference_profile_execution_driven_simulation,spine_candidate10_normalized_v1,150.0,2004,8192,8184,8,8,1223571,8.15714,328753,2.1916866666666666,894818,5.9654533333333335,3650.156804652733,3650.156804652733,7620480,1206528,6413952,119070,946528,103479,845648,15591,100880,14,144,25793,190588,3731,29848,89532,725948,119056,946384,0.21664594812525198,0.031338193791157105,0.752015858083591,0.20138548411638404,0.03153899474209201,0.767075521141524,18852,151336,9303,74744,9549,76592,7,72,16155,129560,5,40,2685,21664,18845,151264,0.8572565667285752,0.0002653223666755107,0.14247811090474927,0.8565157605246456,0.0002644383329807489,0.1432198011423736,100218,795192,94176,770904,6042,24288,7,72,9638,61028,3726,29808,86847,704284,100211,795120,0.09617706638991727,0.037181546935965114,0.8666413866741176,0.07675319448636683,0.03748868095381829,0.8857581245598148,0,103479,15591,15022,15020,4451215698.0,update_plus_compute_active_channels,16.01222098339349,0,e8254e71cd165bc62d764916d7fa0e685618c332bf1bf1516958646962812733,/data/tmp/chuxiao/candidate10_grasu_temporal_full_pr_batch8_20260727/grasu_so_delete_u8/spine/summary.json,9acde55aa0672f7a6fc5555360b223081a9ae6e0606141bb88b10006ceed7333,8,89586,14159,0.871294196691022,30.051256776737308,1725.5802071938742,0.9967930216150344
grasu_so_insert_u1,sx_stackoverflow,grasu_temporal_real_compact_file_order_slice,real_compact_slice,1,insert,insert,full_pagerank,grasu_regraph,hls_equivalent_proposed_execution_driven_simulation,grasu_regraph_candidate10_normalized_hls_pagerank_v3,150.0,2004,8192,8193,1,1,344953,2.2996866666666667,73,0.0004866666666666666,344880,2.2992,2054794.5205479453,2054794.5205479453,4285248,384,4284864,66957,3587624,30091,1228260,36866,2359364,15,612,63601,3373420,0,0,3341,213592,66942,3587012,0.9500911236592872,0.0,0.04990887634071286,0.940454060371139,0.0,0.05954593962886101,6,152,4,84,2,68,6,152,0,0,0,0,0,0,0,0,0.0,0.0,0.0,0.0,0.0,0.0,66951,3587472,30087,1228176,36864,2359296,9,460,63601,3373420,0,0,3341,213592,66942,3587012,0.9500911236592872,0.0,0.04990887634071286,0.940454060371139,0.0,0.05954593962886101,31849,30091,36866,3349,3343,893317530.0,update_plus_compute_active_channels,3.59966504573822,0,4079dd0bedd685eb71d9e8b20f98322b9773c69c7aea4ae7a6dfcc125e432ae5,/data/tmp/chuxiao/candidate10_grasu_temporal_full_pr_batch8_20260727/grasu_so_insert_u1/grasu_regraph/manifest.json,73268c2ecaef7da977ae2df5d7dde4c4a6bb0feb5c14242be25bda58da357116,5,27940,35660,0.9498633451319504,26.39473596756505,498.7139097642367,0.9998101231487007
grasu_so_insert_u1,sx_stackoverflow,grasu_temporal_real_compact_file_order_slice,real_compact_slice,1,insert,insert,full_pagerank,spine,routed_reference_profile_execution_driven_simulation,spine_candidate10_normalized_v1,150.0,2004,8192,8193,1,1,1222764,8.15176,327583,2.1838866666666665,895181,5.967873333333333,457.89921943446393,457.89921943446393,7619200,1201792,6417408,119050,945928,103478,845368,15572,100560,14,144,25754,189876,3735,29896,89547,726012,119036,945784,0.2163547162203031,0.031377062401290366,0.7522682213784065,0.2007604273280157,0.031609754447104205,0.7676298182248801,18778,150304,9248,74032,9530,76272,7,72,16117,128936,9,88,2645,21208,18771,150232,0.8586116882425018,0.000479463001438389,0.14090884875605988,0.858245912987912,0.0005857606901325949,0.14116832632195536,100272,795624,94230,771336,6042,24288,7,72,9637,60940,3726,29808,86902,704804,100265,795552,0.09611529446965542,0.037161521966788014,0.8667231835635566,0.07660090100961345,0.03746832388077712,0.8859307751096094,0,103478,15572,15029,15027,4448447544.0,update_plus_compute_active_channels,15.98004377540201,0,3ecaa55fc76d0735955cacb3911ab62afb8fba7fbc7aa45a6b1740ef2bab2321,/data/tmp/chuxiao/candidate10_grasu_temporal_full_pr_batch8_20260727/grasu_so_insert_u1/spine/summary.json,4e3a935e8fb43ab0bf0ed2573e52bdda4decef173c7d3ac400593768f2218107,8,89592,14138,0.8713145737085258,30.26067376640445,2020.4850866456227,0.9968533264834318
grasu_so_insert_u64,sx_stackoverflow,grasu_temporal_real_compact_file_order_slice,real_compact_slice,64,insert,insert,full_pagerank,grasu_regraph,hls_equivalent_proposed_execution_driven_simulation,grasu_regraph_candidate10_normalized_hls_pagerank_v3,150.0,2004,8192,8256,64,64,346784,2.3118933333333334,1359,0.00906,345425,2.3028333333333335,7064017.66004415,7064017.66004415,4315136,25856,4289280,67424,3601776,30432,1238128,36992,2363648,27,820,63932,3385500,12,408,3453,215048,67397,3600956,0.9485882160927044,0.00017804946807721412,0.051233734439218366,0.940167000096641,0.0001133032450271539,0.05971969665833184,404,9888,276,5536,128,4352,18,360,244,6512,12,408,130,2608,386,9528,0.6321243523316062,0.031088082901554404,0.33678756476683935,0.6834592779177162,0.042821158690176324,0.27371956339210746,67020,3591888,30156,1232592,36864,2359296,9,460,63688,3378988,0,0,3323,212440,67011,3591428,0.950411126531465,0.0,0.049588873468535015,0.9408480415032683,0.0,0.05915195849673166,31602,30432,36992,3503,3495,898828932.0,update_plus_compute_active_channels,3.5895533291622996,0,66b04f6098eed1a42c48eb154f9639dcfb5753fe63e97565a25cd0ac2053d99a,/data/tmp/chuxiao/candidate10_grasu_temporal_full_pr_batch8_20260727/grasu_so_insert_u64/grasu_regraph/manifest.json,faa39bbedaa79c97b6c61d87bccd1f8d8c60020db44ec9e666c54c0ba08e87bd,5,28084,35774,0.9471108210726151,26.55441640378549,637.7329871253922,0.9994593425605537
grasu_so_insert_u64,sx_stackoverflow,grasu_temporal_real_compact_file_order_slice,real_compact_slice,64,insert,insert,full_pagerank,spine,routed_reference_profile_execution_driven_simulation,spine_candidate10_normalized_v1,150.0,2004,8192,8256,64,64,1246373,8.309153333333333,339655,2.2643666666666666,906718,6.044786666666667,28263.973738057735,28263.973738057735,7722944,1252736,6470208,120671,964080,104792,859864,15879,104216,14,144,26349,197972,3791,30328,90517,735636,120657,963936,0.2183793729331908,0.03141964411513629,0.7502009829516729,0.2053787803339641,0.03146266972081134,0.7631585499452246,19574,160344,9737,80416,9837,79928,7,72,16593,135536,5,40,2969,24696,19567,160272,0.8480094035876731,0.0002555322737261716,0.15173506413860072,0.8456623739642608,0.0002495757212738345,0.1540880503144654,101097,803736,95055,779448,6042,24288,7,72,9756,62436,3786,30288,87548,710940,101090,803664,0.09650806212286081,0.03745177564546444,0.8660401622316748,0.0776891835393896,0.03768739174580422,0.8846234247148062,0,104792,15879,15427,15425,4535056386.0,update_plus_compute_active_channels,19.415145605802536,0,c4f4f3f25d74e3547ee3ee29d9ee8d0e88b7cb28a40beaa235bc889d65f1c987,/data/tmp/chuxiao/candidate10_grasu_temporal_full_pr_batch8_20260727/grasu_so_insert_u64/spine/summary.json,eb3427f0d4d812e24c8ff185d78336a9a7b6c38d6fe2ddd104785749a17c5f06,8,90777,14429,0.8718416189473859,30.440634781281013,1911.0330322743637,0.9971030921342654
grasu_so_insert_u8,sx_stackoverflow,grasu_temporal_real_compact_file_order_slice,real_compact_slice,8,insert,insert,full_pagerank,grasu_regraph,hls_equivalent_proposed_execution_driven_simulation,grasu_regraph_candidate10_normalized_hls_pagerank_v3,150.0,2004,8192,8200,8,8,345228,2.30152,232,0.0015466666666666667,344996,2.2999733333333334,5172413.793103448,5172413.793103448,4288448,3200,4285248,67007,3589088,30127,1229248,36880,2359840,24,796,63638,3374788,0,0,3345,213504,66983,3588292,0.9500619560186913,0.0,0.04993804398130869,0.9404998255437406,0.0,0.059500174456259415,50,1232,34,688,16,544,15,336,27,728,0,0,8,168,35,896,0.7714285714285715,0.0,0.22857142857142856,0.8125,0.0,0.1875,66957,3587856,30093,1228560,36864,2359296,9,460,63611,3374060,0,0,3337,213336,66948,3587396,0.950155344446436,0.0,0.04984465555356396,0.9405317952074429,0.0,0.05946820479255705,31782,30127,36880,3365,3363,894438510.0,update_plus_compute_active_channels,3.6297835102304816,0,4aa0e8cdca9f110b745bd2e7bf35315ffff25546157982cbd1c1e79a4096d39d,/data/tmp/chuxiao/candidate10_grasu_temporal_full_pr_batch8_20260727/grasu_so_insert_u8/grasu_regraph/manifest.json,940a6d1e1ce1cce74188334d2eeb5c4f23a68e070ba448aaee8c76ee4d695803,5,27916,35662,0.9488262420344143,26.650380057755502,538.5461895330856,0.9994305856832972
grasu_so_insert_u8,sx_stackoverflow,grasu_temporal_real_compact_file_order_slice,real_compact_slice,8,insert,insert,full_pagerank,spine,routed_reference_profile_execution_driven_simulation,spine_candidate10_normalized_v1,150.0,2004,8192,8200,8,8,1225727,8.171513333333333,328996,2.1933066666666665,896731,5.978206666666667,3647.46075940133,3647.46075940133,7630912,1207936,6422976,119233,947968,103620,846920,15613,101048,14,144,25921,191224,3734,29872,89564,726728,119219,947824,0.21742339727727963,0.03132051099237538,0.751256091730345,0.20175053596448286,0.031516399669136885,0.7667330643663802,18874,151504,9303,74744,9571,76760,7,72,16170,129656,5,40,2692,21736,18867,151432,0.8570519955477819,0.0002650129856362962,0.14268299146658187,0.856199482275873,0.00026414496275556024,0.14353637276137143,100359,796464,94317,772176,6042,24288,7,72,9751,61568,3729,29832,86872,704992,100352,796392,0.09716796875,0.03715919961734694,0.8656728316326531,0.07730866206591729,0.0374589398185818,0.8852323981155009,0,103620,15613,15079,15077,4459674246.0,update_plus_compute_active_channels,16.04040868394077,0,3deb7250d4f3db49bc9f445238a14374eb64cc9e1b2216b41c8efce0b8b6b207,/data/tmp/chuxiao/candidate10_grasu_temporal_full_pr_batch8_20260727/grasu_so_insert_u8/spine/summary.json,cd453c311d9a34d1cdd9e9c8610cb202efdd8e794fbf4b564b078b96e709a3c6,8,89954,14172,0.8732984995764596,30.137454159428682,2099.7402338730403,0.9968615897008903
grasu_so_mixed_u64,sx_stackoverflow,grasu_temporal_real_compact_file_order_slice,real_compact_slice,64,mixed,mixed,full_pagerank,grasu_regraph,hls_equivalent_proposed_execution_driven_simulation,grasu_regraph_candidate10_normalized_hls_pagerank_v3,150.0,2004,8192,8192,64,64,346399,2.3093266666666667,1340,0.008933333333333333,345059,2.300393333333333,7164179.104477612,7164179.104477612,4312832,25856,4286976,67388,3599472,30396,1235824,36992,2363648,27,820,63890,3383412,4,136,3467,215104,67361,3598652,0.9484716675821321,5.938154124790309e-05,0.051468950876620005,0.9401887151077681,3.779192875554513e-05,0.059773492963476324,404,9888,276,5536,128,4352,18,360,226,5960,4,136,156,3432,386,9528,0.5854922279792746,0.010362694300518135,0.40414507772020725,0.6255247691015953,0.014273719563392108,0.3602015113350126,66984,3589584,30120,1230288,36864,2359296,9,460,63664,3377452,0,0,3311,211672,66975,3589124,0.9505636431504293,0.0,0.049436356849570734,0.9410240493223416,0.0,0.058975950677658394,31568,30396,36992,3516,3514,897878460.0,update_plus_compute_active_channels,3.62211927305907,0,9c19b04305e486d84533b2d9837b9192136cac780b1811bc390066160bacf0fa,/data/tmp/chuxiao/candidate10_grasu_temporal_full_pr_batch8_20260727/grasu_so_mixed_u64/grasu_regraph/manifest.json,b22d9993fc8567df00f22ee2e7b2a144e5019f2582431e89d40b06b065d54e7c,5,28032,35772,0.9468154567578797,26.745492828003684,440.91276002921524,0.9993241782006921
grasu_so_mixed_u64,sx_stackoverflow,grasu_temporal_real_compact_file_order_slice,real_compact_slice,64,mixed,mixed,full_pagerank,spine,routed_reference_profile_execution_driven_simulation,spine_candidate10_normalized_v1,150.0,2004,8192,8192,64,64,1238625,8.257499999999999,338305,2.2553666666666667,900320,6.002133333333333,28376.760615420993,28376.760615420993,7679872,1249024,6430848,119998,957960,104187,854264,15811,103696,14,144,25883,195524,3758,30064,90343,732228,119984,957816,0.21572042939058542,0.031320842779037204,0.7529587278303774,0.2041352410066234,0.031388074536236606,0.76447668445714,19516,159936,9747,80528,9769,79408,7,72,16534,135048,5,40,2970,24776,19509,159864,0.8475062791532113,0.00025629196780972886,0.15223742887897893,0.8447680528449182,0.0002502126807786619,0.15498173447430316,100482,798024,94440,773736,6042,24288,7,72,9349,60476,3753,30024,87373,707452,100475,797952,0.09304802189599402,0.037352575267479475,0.8695994028365265,0.07578901989092075,0.03762632338787295,0.8865846567212063,0,104187,15811,15219,15217,4506449514.0,update_plus_compute_active_channels,16.19721703324467,0,5111482dd8602c05c7a14cd9ab34d3b4e287cae78bac95c0dec594a6409474a3,/data/tmp/chuxiao/candidate10_grasu_temporal_full_pr_batch8_20260727/grasu_so_mixed_u64/spine/summary.json,1ef6a1835c1c647b0d2f53cf540dda9b2d322ea2417acb45979d85bb274da2d9,8,90396,14365,0.8730228837147286,29.959016000076787,1572.0168104541995,0.9970273859970906
grasu_so_mixed_u8,sx_stackoverflow,grasu_temporal_real_compact_file_order_slice,real_compact_slice,8,mixed,mixed,full_pagerank,grasu_regraph,hls_equivalent_proposed_execution_driven_simulation,grasu_regraph_candidate10_normalized_hls_pagerank_v3,150.0,2004,8192,8192,8,8,344878,2.2991866666666665,215,0.0014333333333333333,344663,2.297753333333333,5581395.34883721,5581395.34883721,4287936,3072,4284864,66999,3588688,30119,1228848,36880,2359840,23,788,63621,3373636,0,0,3355,214264,66976,3587900,0.9499074295269947,0.0,0.050092570473005256,0.9402815017140946,0.0,0.059718498285905405,48,1216,32,672,16,544,14,328,30,856,0,0,4,32,34,888,0.8823529411764706,0.0,0.11764705882352941,0.963963963963964,0.0,0.036036036036036036,66951,3587472,30087,1228176,36864,2359296,9,460,63591,3372780,0,0,3351,214232,66942,3587012,0.9499417406112755,0.0,0.05005825938872457,0.9402756388883003,0.0,0.05972436111169965,31819,30119,36880,3366,3360,893265270.0,update_plus_compute_active_channels,3.589637287892401,0,ee0a381406981b79a39b4729f3969578f316e88730eddbaa06a51d59707498ee,/data/tmp/chuxiao/candidate10_grasu_temporal_full_pr_batch8_20260727/grasu_so_mixed_u8/grasu_regraph/manifest.json,a3b1bac6f62507f57b36f5c01dc82a3a7d7251df25859986d3662cfaa8191296,5,27912,35668,0.9489693876028,26.649921976161227,589.377529430912,0.9996203904555314
grasu_so_mixed_u8,sx_stackoverflow,grasu_temporal_real_compact_file_order_slice,real_compact_slice,8,mixed,mixed,full_pagerank,spine,routed_reference_profile_execution_driven_simulation,spine_candidate10_normalized_v1,150.0,2004,8192,8192,8,8,1224729,8.16486,328937,2.1929133333333333,895792,5.971946666666667,3648.1149885844397,3648.1149885844397,7624128,1207104,6417024,119127,946992,103527,846032,15600,100960,14,144,25810,190720,3731,29848,89572,726280,119113,946848,0.21668499659986734,0.031323197300042814,0.7519918061000899,0.20142620568454495,0.03152353915306364,0.7670502551623914,18861,151416,9303,74744,9558,76672,7,72,16164,129640,5,40,2685,21664,18854,151344,0.857324705632757,0.0002651957144372547,0.14241009865280577,0.8565916058779998,0.000264298551643937,0.14314409557035626,100266,795576,94224,771288,6042,24288,7,72,9646,61080,3726,29808,86887,704616,100259,795504,0.09621081399176133,0.03716374589812386,0.8666254401101148,0.07678151209799071,0.037470584685934956,0.8857479032160743,0,103527,15600,15059,15057,4455614094.0,update_plus_compute_active_channels,16.26490278262645,0,c1dffdedad9d7dcbdbb9f18c2cc02ff86d3c76d2d214fb120e9bcd8115a97aa2,/data/tmp/chuxiao/candidate10_grasu_temporal_full_pr_batch8_20260727/grasu_so_mixed_u8/spine/summary.json,e9054ff71e5aa55167a60f226aebb10176fc46aa6f78db82dbf8dd884d04428a,8,89825,14167,0.872950716462263,29.994793628715215,1846.8449617387948,0.9968589743589743
grasu_su_delete_u1,sx_superuser,grasu_temporal_real_compact_file_order_slice,real_compact_slice,1,delete,delete,full_pagerank,grasu_regraph,hls_equivalent_proposed_execution_driven_simulation,grasu_regraph_candidate10_normalized_hls_pagerank_v3,150.0,3224,8192,8191,1,1,455387,3.0359133333333337,103,0.0006866666666666666,455284,3.0352266666666665,1456310.6796116505,1456310.6796116505,4817024,512,4816512,75266,3694728,38400,1335364,36866,2359364,16,620,71921,3481284,0,0,3329,212824,75250,3694108,0.9557607973421927,0.0,0.04423920265780731,0.942388257192264,0.0,0.057611742807736,8,168,6,100,2,68,7,160,1,8,0,0,0,0,1,8,1.0,0.0,0.0,1.0,0.0,0.0,75258,3694560,38394,1335264,36864,2359296,9,460,71920,3481276,0,0,3329,212824,75249,3694100,0.9557602094379992,0.0,0.04423979056200082,0.9423881324273842,0.0,0.05761186757261579,31801,38400,36866,3918,3913,1162925850.0,update_plus_compute_active_channels,4.6569754565134645,0,a98aaa650054a24901288259aeb705b2e303fbc8b214c5cde38f1c5e9f5ab208,/data/tmp/chuxiao/candidate10_grasu_temporal_full_pr_batch8_20260727/grasu_su_delete_u1/grasu_regraph/manifest.json,0d5861320da4f0fff26800ca2b3bb7a06faa740588ac3a47cd18573355184b7a,5,35678,35660,0.9478117609544814,25.789427083333333,468.4824863662262,0.9997558726197581
grasu_su_delete_u1,sx_superuser,grasu_temporal_real_compact_file_order_slice,real_compact_slice,1,delete,delete,full_pagerank,spine,routed_reference_profile_execution_driven_simulation,spine_candidate10_normalized_v1,150.0,3224,8192,8191,1,1,1548512,10.323413333333333,332866,2.2191066666666663,1215646,8.104306666666666,450.63178576364066,450.63178576364066,9006848,1229120,7777728,140732,1083360,121249,966152,19483,117208,14,144,30475,216432,4669,37368,105574,829416,140718,1083216,0.21656788754814593,0.03317983484699896,0.7502522776048551,0.1998050250365578,0.03449727478176098,0.7656977001816813,19205,153720,9424,75440,9781,78280,7,72,15979,127832,10,96,3209,25720,19198,153648,0.8323262839879154,0.0005208875924575477,0.16715282841962703,0.8319795897115485,0.0006248047485160887,0.16739560553993543,121527,929640,111825,890712,9702,38928,7,72,14496,88600,4659,37272,102365,803696,121520,929568,0.11928900592495062,0.038339368005266626,0.8423716260697828,0.09531309167269097,0.040096044614272436,0.8645908637130366,0,121249,19483,30202,30200,5628618486.0,update_plus_compute_active_channels,23.175016188062727,0,80789e9be40fd6d79cca1f331e4efb19118634b5315c5c9cd17bf6a9a6f25584,/data/tmp/chuxiao/candidate10_grasu_temporal_full_pr_batch8_20260727/grasu_su_delete_u1/spine/summary.json,b47807d36f147fea81e8590fc8ed27d91c358c8c35e5f822482c68d1a29de0d7,8,92300,17957,0.7834536565955149,34.673143696030486,2951.2412018933937,0.9975876405071088
grasu_su_delete_u64,sx_superuser,grasu_temporal_real_compact_file_order_slice,real_compact_slice,64,delete,delete,full_pagerank,grasu_regraph,hls_equivalent_proposed_execution_driven_simulation,grasu_regraph_candidate10_normalized_hls_pagerank_v3,150.0,3224,8192,8128,64,64,456347,3.0423133333333334,1364,0.009093333333333333,454983,3.03322,7038123.167155425,7038123.167155425,4845184,28672,4816512,75706,3704800,38714,1341152,36992,2363648,27,820,72085,3485076,6,144,3588,218760,75679,3703980,0.9525099433132045,7.928223153054348e-05,0.047410774455265,0.9409003288354689,3.887709976835728e-05,0.05906079406476277,448,10240,320,5888,128,4352,18,360,150,2840,6,144,274,6896,430,9880,0.3488372093023256,0.013953488372093023,0.6372093023255814,0.2874493927125506,0.014574898785425101,0.6979757085020243,75258,3694560,38394,1335264,36864,2359296,9,460,71935,3482236,0,0,3314,211864,75249,3694100,0.9559595476351845,0.0,0.04404045236481548,0.9426480062802848,0.0,0.05735199371971522,31569,38714,36992,4073,4071,1166337930.0,update_plus_compute_active_channels,4.658082487992942,0,e82dd293e82f2b8d9834d6e8f983de9041ec3ed93f6ff2de3f3e16829435c273,/data/tmp/chuxiao/candidate10_grasu_temporal_full_pr_batch8_20260727/grasu_su_delete_u64/grasu_regraph/manifest.json,c5d98cdaee2122e4f1714524a29abd3d27bffcd0094e7a0055bb3d89eb8266cf,5,35796,35770,0.9453147702956173,25.94991475951852,664.7541249661888,0.999405276816609
grasu_su_delete_u64,sx_superuser,grasu_temporal_real_compact_file_order_slice,real_compact_slice,64,delete,delete,full_pagerank,spine,routed_reference_profile_execution_driven_simulation,spine_candidate10_normalized_v1,150.0,3224,8192,8128,64,64,1556053,10.373686666666666,342846,2.28564,1213207,8.088046666666665,28000.910029575964,28000.910029575964,9019968,1270848,7749120,140937,1088520,121298,968832,19639,119688,14,144,30550,220984,4656,37248,105717,830144,140923,1088376,0.216785052830269,0.03303931934460663,0.7501756278251244,0.20304012583886452,0.034223466890118855,0.7627364072710167,19857,162672,9920,81912,9937,80760,7,72,16334,133448,6,48,3510,29104,19850,162600,0.8228715365239295,0.00030226700251889167,0.17682619647355163,0.8207134071340714,0.0002952029520295203,0.17899138991389915,121080,925848,111378,886920,9702,38928,7,72,14216,87536,4650,37200,102207,801040,121073,925776,0.1174167650921345,0.03840658115351895,0.8441766537543466,0.09455419021447953,0.04018250635142842,0.8652633034340921,0,121298,19639,30234,30234,5656581078.0,update_plus_compute_active_channels,20.252763061784208,0,3a8fb945c3856429c12f1ce461c78c182608c7fb3c9b79b0c038ceb4394889c2,/data/tmp/chuxiao/candidate10_grasu_temporal_full_pr_batch8_20260727/grasu_su_delete_u64/spine/summary.json,472cb038593b2062511a82c94af3830851f9871660ac0fa4c3cf4e550b2a542c,8,92294,18102,0.783300339868168,34.752906066052205,2005.9342663057357,0.9969448546259992
grasu_su_delete_u8,sx_superuser,grasu_temporal_real_compact_file_order_slice,real_compact_slice,8,delete,delete,full_pagerank,grasu_regraph,hls_equivalent_proposed_execution_driven_simulation,grasu_regraph_candidate10_normalized_hls_pagerank_v3,150.0,3224,8192,8184,8,8,455612,3.0374133333333333,232,0.0015466666666666667,455380,3.0358666666666667,5172413.793103448,5172413.793103448,4820096,3584,4816512,75314,3695840,38434,1336000,36880,2359840,25,804,71960,3483140,0,0,3329,211896,75289,3695036,0.9557837134242718,0.0,0.044216286575728195,0.9426538740082641,0.0,0.05734612599173594,56,1280,40,736,16,544,16,344,16,328,0,0,24,608,40,936,0.4,0.0,0.6,0.3504273504273504,0.0,0.6495726495726496,75258,3694560,38394,1335264,36864,2359296,9,460,71944,3482812,0,0,3305,211288,75249,3694100,0.9560791505534957,0.0,0.043920849446504276,0.9428039305920252,0.0,0.05719606940797488,31987,38434,36880,3931,3923,1163447472.0,update_plus_compute_active_channels,4.663860796019435,0,39f86f7eb17075c95f6a9e31b40d6dbaabbaa22f6f388bc188c6b45c46175024,/data/tmp/chuxiao/candidate10_grasu_temporal_full_pr_batch8_20260727/grasu_su_delete_u8/grasu_regraph/manifest.json,2cde8d76dfe3f3c9ceff7dbc73d9be42da23b67b2b8cb2682bae7b38e39a669d,5,35663,35667,0.9471014685184693,25.86803351199459,723.7649675826709,0.9995390455531453
grasu_su_delete_u8,sx_superuser,grasu_temporal_real_compact_file_order_slice,real_compact_slice,8,delete,delete,full_pagerank,spine,routed_reference_profile_execution_driven_simulation,spine_candidate10_normalized_v1,150.0,3224,8192,8184,8,8,1553018,10.353453333333334,334036,2.226906666666667,1218982,8.126546666666666,3592.4271635392593,3592.4271635392593,9009024,1233984,7775040,140766,1084072,121262,966528,19504,117544,14,144,29869,214532,4665,37320,106218,832076,140752,1083928,0.21221012845288167,0.03314340115948619,0.7546464703876321,0.19792089511480468,0.0344303311659077,0.7676487737192876,19281,154768,9479,76152,9802,78616,7,72,16018,128456,6,48,3250,26192,19274,154696,0.8310677596762478,0.0003113001971567915,0.16862094012659543,0.8303769974659978,0.00031028598024512594,0.16931271655375704,121485,929304,111783,890376,9702,38928,7,72,13851,86076,4659,37272,102968,805884,121478,929232,0.11402064571362716,0.0383526235203082,0.8476267307660647,0.09263133426313343,0.04011054289994318,0.8672581228369234,0,121262,19504,30663,30661,5645298156.0,update_plus_compute_active_channels,20.20391067583114,0,105e235fd26b0605bf728cdc64956772425ec32dcbc99c8ebd47d72378a85c43,/data/tmp/chuxiao/candidate10_grasu_temporal_full_pr_batch8_20260727/grasu_su_delete_u8/spine/summary.json,2c7b21e3672d393bb55c533cb6e80167d422170c20be18daf22a960b2e2d576d,8,92234,17978,0.7829447451799441,35.128853226897135,1591.142651519046,0.9973851517637408
grasu_su_insert_u1,sx_superuser,grasu_temporal_real_compact_file_order_slice,real_compact_slice,1,insert,insert,full_pagerank,grasu_regraph,hls_equivalent_proposed_execution_driven_simulation,grasu_regraph_candidate10_normalized_hls_pagerank_v3,150.0,3224,8192,8193,1,1,455344,3.035626666666667,102,0.0006799999999999999,455242,3.0349466666666665,1470588.2352941178,1470588.2352941178,4817024,512,4816512,75266,3694728,38400,1335364,36866,2359364,16,620,71918,3481148,0,0,3332,212960,75250,3694108,0.9557209302325581,0.0,0.04427906976744186,0.9423514418094977,0.0,0.05764855819050228,8,168,6,100,2,68,7,160,0,0,0,0,1,8,1,8,0.0,0.0,1.0,0.0,0.0,1.0,75258,3694560,38394,1335264,36864,2359296,9,460,71918,3481148,0,0,3331,212952,75249,3694100,0.9557336310117078,0.0,0.044266368988292205,0.9423534825803308,0.0,0.0576465174196692,31833,38400,36866,3912,3909,1162845024.0,update_plus_compute_active_channels,4.6376193929463625,0,b18e85872950debf250346741efdd33c14afc9aebd41dd4a834e0c5065135ed2,/data/tmp/chuxiao/candidate10_grasu_temporal_full_pr_batch8_20260727/grasu_su_insert_u1/grasu_regraph/manifest.json,6b47e0fc02590cfc5d4bb245c97a1ef4555625d67dad85dd9f2725830ab163cc,5,35690,35659,0.9479579092817474,25.781953125,527.769881969882,0.9997016220908154
grasu_su_insert_u1,sx_superuser,grasu_temporal_real_compact_file_order_slice,real_compact_slice,1,insert,insert,full_pagerank,spine,routed_reference_profile_execution_driven_simulation,spine_candidate10_normalized_v1,150.0,3224,8192,8193,1,1,1552120,10.347466666666666,332866,2.2191066666666663,1219254,8.128359999999999,450.63178576364066,450.63178576364066,9007744,1229248,7778496,140746,1083472,121261,966248,19485,117224,14,144,29961,214312,4669,37368,106102,831648,140732,1083328,0.2128940113122815,0.03317653412159281,0.7539294545661257,0.1978274354581438,0.03449370827671767,0.7676788562651385,19207,153736,9424,75440,9783,78296,7,72,15981,127848,10,96,3209,25720,19200,153664,0.83234375,0.0005208333333333333,0.16713541666666668,0.831997084548105,0.0006247396917950854,0.16737817576009995,121539,929736,111837,890808,9702,38928,7,72,13980,86464,4659,37272,102893,805928,121532,929664,0.1150314320508179,0.03833558239805154,0.8466329855511305,0.09300564505025471,0.040091904171829826,0.8669024507779155,0,121261,19485,30677,30675,5642079966.0,update_plus_compute_active_channels,20.193539873696864,0,ad65b2da6ebb1de2c5c651e181ee92bc25f0b336101c49d4b641e4a659c209ef,/data/tmp/chuxiao/candidate10_grasu_temporal_full_pr_batch8_20260727/grasu_su_insert_u1/spine/summary.json,818cc6d21c883da6b5901c0d2432232d714542c99304f8e98d33a448b5ce3dbd,8,92215,17974,0.7828925866454464,34.71207560551208,2701.979224519181,0.9979984603541185
grasu_su_insert_u64,sx_superuser,grasu_temporal_real_compact_file_order_slice,real_compact_slice,64,insert,insert,full_pagerank,grasu_regraph,hls_equivalent_proposed_execution_driven_simulation,grasu_regraph_candidate10_normalized_hls_pagerank_v3,150.0,3224,8192,8256,64,64,457218,3.04812,1321,0.008806666666666666,455897,3.0393133333333333,7267221.801665405,7267221.801665405,4848576,27264,4821312,75759,3709424,38767,1345776,36992,2363648,27,820,72201,3491860,22,448,3509,216296,75732,3708604,0.9533750594200602,0.00029049807214915756,0.04633444250779063,0.9415564454980904,0.0001208001717088155,0.058322754330200795,426,10064,298,5712,128,4352,18,360,182,4248,22,448,204,5008,408,9704,0.44607843137254904,0.05392156862745098,0.5,0.437757625721352,0.046166529266281946,0.516075845012366,75333,3699360,38469,1340064,36864,2359296,9,460,72019,3487612,0,0,3305,211288,75324,3698900,0.9561228824810154,0.0,0.043877117518984654,0.9428781529643948,0.0,0.05712184703560518,31586,38767,36992,4084,4078,1168313502.0,update_plus_compute_active_channels,4.663688754662871,0,f9cffcb005034b7f6e85f9be03f7ab006d701d876e8e6bf23e27f9fae4faf174,/data/tmp/chuxiao/candidate10_grasu_temporal_full_pr_batch8_20260727/grasu_su_insert_u64/grasu_regraph/manifest.json,3664c842a427799e6e9bee0f2244827b4c6c675256c1066a2b4cca3d18183fcf,5,35856,35761,0.9453266278593963,25.94732633425336,612.5483565534965,0.9992701124567474
grasu_su_insert_u64,sx_superuser,grasu_temporal_real_compact_file_order_slice,real_compact_slice,64,insert,insert,full_pagerank,spine,routed_reference_profile_execution_driven_simulation,spine_candidate10_normalized_v1,150.0,3224,8192,8256,64,64,1575217,10.501446666666668,344585,2.2972333333333332,1230632,8.204213333333334,27859.59922805694,27859.59922805694,9111488,1279232,7832256,142367,1101704,122569,980792,19798,120912,14,144,30494,221476,4729,37832,107130,842252,142353,1101560,0.21421396106861113,0.03322023420651479,0.7525658047248741,0.20105668324921022,0.034344021206289266,0.7645992955445006,19988,163592,9892,81608,10096,81984,7,72,16459,134488,7,56,3515,28976,19981,163520,0.8237325459186227,0.0003503328161753666,0.17591712126520195,0.8224559686888454,0.00034246575342465754,0.17720156555772995,122379,938112,112677,899184,9702,38928,7,72,14035,86988,4722,37776,103615,813276,122372,938040,0.11469126924459844,0.03858725852319158,0.84672147223221,0.09273378533964437,0.04027120378661891,0.8669950108737368,0,122569,19798,31033,31031,5726480238.0,update_plus_compute_active_channels,20.371789581142366,0,c7fb4eab0fdaacd6eb65b2d8c537c44cf8883cb7c818ff4455177e67027f9ae2,/data/tmp/chuxiao/candidate10_grasu_temporal_full_pr_batch8_20260727/grasu_su_insert_u64/spine/summary.json,70f669e18339bbbad3909d5085b5fab76e357d1f838591cb4e5880eb353e37d6,8,93150,18238,0.7824004158267014,34.785516729352445,3732.9280178309104,0.9971209213051824
grasu_su_insert_u8,sx_superuser,grasu_temporal_real_compact_file_order_slice,real_compact_slice,8,insert,insert,full_pagerank,grasu_regraph,hls_equivalent_proposed_execution_driven_simulation,grasu_regraph_candidate10_normalized_hls_pagerank_v3,150.0,3224,8192,8200,8,8,455612,3.0374133333333333,260,0.0017333333333333335,455352,3.0356799999999997,4615384.615384615,4615384.615384615,4820608,3712,4816896,75322,3696240,38442,1336400,36880,2359840,27,820,71964,3483516,0,0,3331,211904,75295,3695420,0.9557606746795936,0.0,0.0442393253204064,0.9426576681405632,0.0,0.05734233185943682,58,1296,42,752,16,544,18,360,14,320,0,0,26,616,40,936,0.35,0.0,0.65,0.3418803418803419,0.0,0.6581196581196581,75264,3694944,38400,1335648,36864,2359296,9,460,71950,3483196,0,0,3305,211288,75255,3694484,0.9560826523154607,0.0,0.04391734768453923,0.9428098754792279,0.0,0.057190124520772045,31984,38442,36880,3938,3930,1163505780.0,update_plus_compute_active_channels,4.603396182879806,0,3f352334de9642e2e8c173e8b1ddb40f6794abc7ab9224a6964258ec61ed50fd,/data/tmp/chuxiao/candidate10_grasu_temporal_full_pr_batch8_20260727/grasu_su_insert_u8/grasu_regraph/manifest.json,9bab5382709faa56ed344ac63a1662079777b6d62517978249adcb0aca8b669b,5,35651,35667,0.9468415602347255,25.86704645960148,723.7304343108266,0.9995390455531453
grasu_su_insert_u8,sx_superuser,grasu_temporal_real_compact_file_order_slice,real_compact_slice,8,insert,insert,full_pagerank,spine,routed_reference_profile_execution_driven_simulation,spine_candidate10_normalized_v1,150.0,3224,8192,8200,8,8,1554192,10.36128,334100,2.227333333333333,1220092,8.133946666666667,3591.7390002993116,3591.7390002993116,9017792,1235456,7782336,140903,1085248,121376,967512,19527,117736,14,144,29978,214988,4665,37320,106246,832796,140889,1085104,0.21277743471811142,0.03311117262525818,0.7541113926566304,0.19812663118005278,0.034393016706232765,0.7674803521137145,19304,154960,9479,76152,9825,78808,7,72,16038,128624,6,48,3253,26216,19297,154888,0.8311136446079701,0.0003109291599730528,0.1685754262320568,0.8304323123805588,0.0003099013480708641,0.16925778627137028,121599,930288,111897,891360,9702,38928,7,72,13940,86364,4659,37272,102993,806580,121592,930216,0.11464570037502467,0.0383166655701033,0.847037634054872,0.09284295260455636,0.04006811321241518,0.8670889341830285,0,121376,19527,30713,30711,5649929586.0,update_plus_compute_active_channels,20.419633525423706,0,d0d29d6f401980e4221c4ceb0b61b5475317fd4978cbb8f7680d5310bc8e4435,/data/tmp/chuxiao/candidate10_grasu_temporal_full_pr_batch8_20260727/grasu_su_insert_u8/spine/summary.json,4a445e8bc4be0e75a3d55e495331d420ba5c580286a3bdf21e8fb2c1398df69a,8,92321,17984,0.7828435164616793,35.00542117057738,3332.352642119858,0.9972345982485789
grasu_su_mixed_u64,sx_superuser,grasu_temporal_real_compact_file_order_slice,real_compact_slice,64,mixed,mixed,full_pagerank,grasu_regraph,hls_equivalent_proposed_execution_driven_simulation,grasu_regraph_candidate10_normalized_hls_pagerank_v3,150.0,3224,8192,8192,64,64,456683,3.0445533333333334,1363,0.009086666666666667,455320,3.0354666666666668,7043286.867204695,7043286.867204695,4846464,27648,4818816,75726,3706976,38734,1343328,36992,2363648,27,820,72116,3486972,8,152,3575,219032,75699,3706156,0.9526678027450824,0.00010568171310056936,0.047226515541816935,0.9408594781223456,4.101284457534977e-05,0.05909950903307902,432,10112,304,5760,128,4352,18,360,163,3584,8,152,243,6016,414,9752,0.39371980676328505,0.01932367149758454,0.5869565217391305,0.3675143560295324,0.015586546349466776,0.6168990976210008,75294,3696864,38430,1337568,36864,2359296,9,460,71953,3483388,0,0,3332,213016,75285,3696404,0.9557415155741515,0.0,0.04425848442584844,0.9423721000193702,0.0,0.057627899980629824,31568,38734,36992,4067,4061,1166893638.0,update_plus_compute_active_channels,4.633232357911766,0,4ff71afe11a3c2bc4b41034b3254dc31c557f7ce2862b37a01092b00365b8cd0,/data/tmp/chuxiao/candidate10_grasu_temporal_full_pr_batch8_20260727/grasu_su_mixed_u64/grasu_regraph/manifest.json,eba912b78a5889a3cbe78825f5e4b65a1ddab3825d6d207989c91251124a82e1,5,35831,35765,0.9454612682566094,25.83959828574379,639.5841019122062,0.9994863754325259
grasu_su_mixed_u64,sx_superuser,grasu_temporal_real_compact_file_order_slice,real_compact_slice,64,mixed,mixed,full_pagerank,spine,routed_reference_profile_execution_driven_simulation,spine_candidate10_normalized_v1,150.0,3224,8192,8192,64,64,1566179,10.441193333333333,343839,2.2922599999999997,1222340,8.148933333333334,27920.04397406926,27920.04397406926,9064832,1276928,7787904,141638,1094944,121899,974416,19739,120528,14,144,30522,221188,4684,37472,106418,836140,141624,1094800,0.2155143196068463,0.033073490368864034,0.7514121900242897,0.20203507489952502,0.03422725611983924,0.7637376689806358,19952,163456,9915,81856,10037,81600,7,72,16409,134104,7,56,3529,29224,19945,163384,0.8227124592629732,0.00035096515417397845,0.17693657558285283,0.8207902854624688,0.0003427508201537482,0.17886696371737745,121686,931488,111984,892560,9702,38928,7,72,14113,87084,4677,37416,102889,806916,121679,931416,0.11598550283943819,0.03843719951676131,0.8455772976438005,0.09349635393851942,0.04017109433378856,0.8663325517276921,0,121899,19739,30806,30804,5694500886.0,update_plus_compute_active_channels,20.836051546037197,0,f518b29a92647501e067450cf173ddbb74a6c666f79591d0323056db7d680a00,/data/tmp/chuxiao/candidate10_grasu_temporal_full_pr_batch8_20260727/grasu_su_mixed_u64/spine/summary.json,1bd092b82c75e99e6203a6e72c69f15643b1ce17b9eb02fe6bc8aad3abd2ba32,8,92748,18194,0.7832784987079738,35.203529151182536,1412.8423645320197,0.9975682658695982
grasu_su_mixed_u8,sx_superuser,grasu_temporal_real_compact_file_order_slice,real_compact_slice,8,mixed,mixed,full_pagerank,grasu_regraph,hls_equivalent_proposed_execution_driven_simulation,grasu_regraph_candidate10_normalized_hls_pagerank_v3,150.0,3224,8192,8192,8,8,455537,3.036913333333333,236,0.0015733333333333333,455301,3.03534,5084745.762711865,5084745.762711865,4820352,3840,4816512,75318,3695872,38438,1336032,36880,2359840,27,820,71920,3480644,0,0,3371,214408,75291,3695052,0.9552270523701372,0.0,0.0447729476298628,0.9419742942724487,0.0,0.05802570572755133,60,1312,44,768,16,544,18,360,11,72,0,0,31,880,42,952,0.2619047619047619,0.0,0.7380952380952381,0.07563025210084033,0.0,0.9243697478991597,75258,3694560,38394,1335264,36864,2359296,9,460,71909,3480572,0,0,3340,213528,75249,3694100,0.9556140280933966,0.0,0.04438597190660341,0.9421975582685904,0.0,0.05780244173140955,31986,38438,36880,3937,3931,1163309232.0,update_plus_compute_active_channels,4.801777499727905,0,52fc7f3bf83dbc2069ab69a9812166a2cab2dcad138b794527542501515c962a,/data/tmp/chuxiao/candidate10_grasu_temporal_full_pr_batch8_20260727/grasu_su_mixed_u8/grasu_regraph/manifest.json,10a0158e4b9365f6f76416de628f1ba84406e588a2a84a54f38ceae7829d039e,5,35653,35667,0.9469183993202156,25.862271710286695,723.5763231424463,0.9995390455531453
grasu_su_mixed_u8,sx_superuser,grasu_temporal_real_compact_file_order_slice,real_compact_slice,8,mixed,mixed,full_pagerank,spine,routed_reference_profile_execution_driven_simulation,spine_candidate10_normalized_v1,150.0,3224,8192,8192,8,8,1548916,10.326106666666666,334036,2.226906666666667,1214880,8.099200000000002,3592.4271635392593,3592.4271635392593,9012608,1234496,7778112,140822,1084520,121310,966912,19512,117608,14,144,30047,215316,4665,37320,106096,831740,140808,1084376,0.21338986421226067,0.033130219873870805,0.7534799159138685,0.19856212236346066,0.03441610659033398,0.7670217710462054,19289,154832,9479,76152,9810,78680,7,72,16027,128536,6,48,3249,26176,19282,154760,0.8311897106109325,0.00031117104034851154,0.168499118348719,0.8305505298526751,0.00031015766347893513,0.16913931248384595,121533,929688,111831,890760,9702,38928,7,72,14020,86780,4659,37272,102847,805564,121526,929616,0.11536625907213272,0.0383374751082073,0.84629626581966,0.09335037262697717,0.04009397428615687,0.866555653086866,0,121310,19512,30142,30140,5629677318.0,update_plus_compute_active_channels,20.298781713470817,0,2df21eb62e45ca812edd493fcd27e7b1fd3da7e54149d94a24e667f057eefeb8,/data/tmp/chuxiao/candidate10_grasu_temporal_full_pr_batch8_20260727/grasu_su_mixed_u8/spine/summary.json,b4805c142a0fee69299ee7ec8ba108afa8e7639e67c9ea93e7ee92cb64d5c192,8,92176,17977,0.7822144267230973,34.44828126288022,1749.070337806571,0.9967712177121771
grasu_wk_delete_u1,wiki_talk_temporal,grasu_temporal_real_compact_file_order_slice,real_compact_slice,1,delete,delete,full_pagerank,grasu_regraph,hls_equivalent_proposed_execution_driven_simulation,grasu_regraph_candidate10_normalized_hls_pagerank_v3,150.0,5930,8192,8191,1,1,771747,5.14498,73,0.0004866666666666666,771674,5.144493333333333,2054794.5205479453,2054794.5205479453,6351552,384,6351168,99243,4287680,62377,1928316,36866,2359364,15,612,95874,4072644,0,0,3354,214424,99228,4287068,0.9661990567178619,0.0,0.033800943282138105,0.9499835318684005,0.0,0.0500164681315995,6,152,4,84,2,68,6,152,0,0,0,0,0,0,0,0,0.0,0.0,0.0,0.0,0.0,0.0,99237,4287528,62373,1928232,36864,2359296,9,460,95874,4072644,0,0,3354,214424,99228,4287068,0.9661990567178619,0.0,0.033800943282138105,0.9499835318684005,0.0,0.0500164681315995,31814,62377,36866,6650,6647,1955114868.0,update_plus_compute_active_channels,7.507308197207749,0,477fff7e565824164c6ca885e2eae7f80321931244edee6c84ab3652d895f537,/data/tmp/chuxiao/candidate10_grasu_temporal_full_pr_batch8_20260727/grasu_wk_delete_u1/grasu_regraph/manifest.json,9ca14a1405bbdb7e2d78fc900dac41da57cf25e5181bfa5303b7b78c8e982c2f,5,56927,35654,0.9328718398274941,24.979559773634513,987.6104583322026,0.9995931210329301
grasu_wk_delete_u1,wiki_talk_temporal,grasu_temporal_real_compact_file_order_slice,real_compact_slice,1,delete,delete,full_pagerank,spine,routed_reference_profile_execution_driven_simulation,spine_candidate10_normalized_v1,150.0,5930,8192,8191,1,1,2859109,19.060726666666667,370686,2.47124,2488423,16.589486666666666,404.65515287871676,404.65515287871676,14578560,1431552,13147008,227790,1826624,198303,1661856,29487,164768,14,144,49472,347004,12025,96216,166279,1383260,227776,1826480,0.21719584152851926,0.052793094970497334,0.7300110635009834,0.18998510796723753,0.052678375892426965,0.7573365161403355,22368,179024,10701,85656,11667,93368,7,72,14808,118464,16,144,7537,60344,22361,178952,0.6622244085684897,0.0007155315057466124,0.3370600599257636,0.6619875720863695,0.0008046850552103357,0.33720774285842015,205422,1647600,187602,1576200,17820,71400,7,72,34664,228540,12009,96072,158742,1322916,205415,1647528,0.16875106491736241,0.058462137623834676,0.772786797458803,0.13871691406762132,0.058312817748772706,0.802970268183606,0,198303,29487,40774,40772,10397064444.0,update_plus_compute_active_channels,37.41670988872647,0,59c8e592c46549542d7a3c56a992810ea4cb9cd779cf9a6127057a43ff6a47e8,/data/tmp/chuxiao/candidate10_grasu_temporal_full_pr_batch8_20260727/grasu_wk_delete_u1/spine/summary.json,4fd060f05747d7d9d36cf2a8eae7f58a9838d70f21ec3ddaf2c14a23e938ede8,8,159725,27332,0.8211817902454015,30.68437693832166,2196.0818697557497,0.9983043375046631
grasu_wk_delete_u64,wiki_talk_temporal,grasu_temporal_real_compact_file_order_slice,real_compact_slice,64,delete,delete,full_pagerank,grasu_regraph,hls_equivalent_proposed_execution_driven_simulation,grasu_regraph_candidate10_normalized_hls_pagerank_v3,150.0,5930,8192,8128,64,64,772666,5.151106666666667,1340,0.008933333333333333,771326,5.142173333333333,7164179.104477612,7164179.104477612,6376832,25664,6351168,99638,4297392,62646,1933744,36992,2363648,27,820,96159,4081892,0,0,3452,214680,99611,4296572,0.965345192799992,0.0,0.034654807200008034,0.9500345857115858,0.0,0.04996541428841411,401,9864,273,5512,128,4352,18,360,250,7008,0,0,133,2496,383,9504,0.6527415143603134,0.0,0.3472584856396867,0.7373737373737373,0.0,0.26262626262626265,99237,4287528,62373,1928232,36864,2359296,9,460,95909,4074884,0,0,3319,212184,99228,4287068,0.9665517797395896,0.0,0.03344822026041037,0.9505060334942202,0.0,0.04949396650577971,31568,62646,36992,6817,6809,1958034516.0,update_plus_compute_active_channels,7.600672188214958,0,a7f0fa649720682cfe6df6baa87bb7ceee49b69eebfd3a089664a8fe81225adf,/data/tmp/chuxiao/candidate10_grasu_temporal_full_pr_batch8_20260727/grasu_wk_delete_u64/grasu_regraph/manifest.json,c9a88df8249c674bebfbab578a87369fb35185a6b6f34edd0101b6504cf719dc,5,56987,35780,0.9310403661253739,25.2252019282955,1101.0577177940659,0.9994863754325259
grasu_wk_delete_u64,wiki_talk_temporal,grasu_temporal_real_compact_file_order_slice,real_compact_slice,64,delete,delete,full_pagerank,spine,routed_reference_profile_execution_driven_simulation,spine_candidate10_normalized_v1,150.0,5930,8192,8128,64,64,2855139,19.03426,381039,2.54026,2474100,16.494000000000003,25194.271452528483,25194.271452528483,14569024,1474048,13094976,227641,1827720,197992,1660288,29649,167432,14,144,49659,351792,11955,95640,166013,1380144,227627,1827576,0.21815953292008416,0.052520131618832566,0.7293203354610832,0.19249103730843478,0.052331613021838766,0.7551773496697265,23032,188208,11203,92176,11829,96032,7,72,15183,124368,12,96,7830,63672,23025,188136,0.659413680781759,0.000521172638436482,0.3400651465798046,0.6610537058298253,0.0005102691669855849,0.3384360250031892,204609,1639512,186789,1568112,17820,71400,7,72,34476,227424,11943,95544,158183,1316472,204602,1639440,0.16850275168375675,0.05837186342264494,0.7731253848935983,0.13872053872053872,0.0582784365393061,0.8030010247401552,0,197992,29649,40291,40289,10383088326.0,update_plus_compute_active_channels,37.071929910220206,0,d6a6219d89d4f5cca5ca304f9cf7178171de133adaade7795dadd749791462b2,/data/tmp/chuxiao/candidate10_grasu_temporal_full_pr_batch8_20260727/grasu_wk_delete_u64/spine/summary.json,80afaa1b3147d59a511d49e7e992f35bdd5fecc1a5775d56f7432c46556e81c5,8,159561,27468,0.8215962853791716,30.57844761404501,1565.135259334347,0.9981786906809673
grasu_wk_delete_u8,wiki_talk_temporal,grasu_temporal_real_compact_file_order_slice,real_compact_slice,8,delete,delete,full_pagerank,grasu_regraph,hls_equivalent_proposed_execution_driven_simulation,grasu_regraph_candidate10_normalized_hls_pagerank_v3,150.0,5930,8192,8184,8,8,771747,5.14498,215,0.0014333333333333333,771532,5.1435466666666665,5581395.34883721,5581395.34883721,6354368,3200,6351168,99287,4288760,62407,1928920,36880,2359840,25,804,95889,4072780,0,0,3373,215176,99262,4287956,0.9660192218573069,0.0,0.033980778142693076,0.9498185149287912,0.0,0.05018148507120875,50,1232,34,688,16,544,16,344,22,584,0,0,12,304,34,888,0.6470588235294118,0.0,0.35294117647058826,0.6576576576576577,0.0,0.34234234234234234,99237,4287528,62373,1928232,36864,2359296,9,460,95867,4072196,0,0,3361,214872,99228,4287068,0.9661285121135164,0.0,0.033871487886483656,0.9498790315432365,0.0,0.050120968456763455,31737,62407,36880,6665,6662,1955439456.0,update_plus_compute_active_channels,7.510893607512116,0,67ab4179f25eeb90feb07614425eadca54e92d1e68859030028add481523963b,/data/tmp/chuxiao/candidate10_grasu_temporal_full_pr_batch8_20260727/grasu_wk_delete_u8/grasu_regraph/manifest.json,e6e71efd8f26b57cc25806867bcfb2db043121ff1c017f79cbabd1e185eab7e7,5,56900,35660,0.932246920543475,25.063582610925057,1298.2004992131965,0.9994034707158351
grasu_wk_delete_u8,wiki_talk_temporal,grasu_temporal_real_compact_file_order_slice,real_compact_slice,8,delete,delete,full_pagerank,spine,routed_reference_profile_execution_driven_simulation,spine_candidate10_normalized_v1,150.0,5930,8192,8184,8,8,2858163,19.05442,371518,2.4767866666666665,2486645,16.577633333333335,3229.9915481887824,3229.9915481887824,14576960,1436288,13140672,227765,1826648,198259,1661560,29506,165088,14,144,49199,346516,12012,96096,166540,1383892,227751,1826504,0.21602100539624414,0.052741810134752425,0.7312371844690034,0.18971543451314643,0.052611984424890394,0.7576725810619632,22442,180056,10756,86368,11686,93688,7,72,14852,119104,12,96,7571,60784,22435,179984,0.662001337196345,0.0005348785379986628,0.3374637842656563,0.6617477109076363,0.0005333807449551071,0.33771890834740864,205323,1646592,187503,1575192,17820,71400,7,72,34347,227412,12000,96000,158969,1323108,205316,1646520,0.16728847240351458,0.05844649223635762,0.7742650353601278,0.13811675533853218,0.058304788280737554,0.8035784563807302,0,198259,29506,40836,40834,10394045622.0,update_plus_compute_active_channels,36.90009437594563,0,7815cb45f8d4881c0d6a7794327abdfa45f39d3dea3031d25fd6b03d7421671a,/data/tmp/chuxiao/candidate10_grasu_temporal_full_pr_batch8_20260727/grasu_wk_delete_u8/spine/summary.json,d8cf7a51a74a2ce1c6a75b23fa1a2f3bb1ddc7371809ab6c9faadf9328cfa70d,8,159647,27337,0.8209514192259566,30.901512667772963,867.1200719888622,0.9980681895207755
grasu_wk_insert_u1,wiki_talk_temporal,grasu_temporal_real_compact_file_order_slice,real_compact_slice,1,insert,insert,full_pagerank,grasu_regraph,hls_equivalent_proposed_execution_driven_simulation,grasu_regraph_candidate10_normalized_hls_pagerank_v3,150.0,5930,8192,8193,1,1,771747,5.14498,73,0.0004866666666666666,771674,5.144493333333333,2054794.5205479453,2054794.5205479453,6351744,384,6351360,99246,4287872,62380,1928508,36866,2359364,15,612,95877,4072836,0,0,3354,214424,99231,4287260,0.9662000786044683,0.0,0.03379992139553164,0.9499857717983048,0.0,0.05001422820169526,6,152,4,84,2,68,6,152,0,0,0,0,0,0,0,0,0.0,0.0,0.0,0.0,0.0,0.0,99240,4287720,62376,1928424,36864,2359296,9,460,95877,4072836,0,0,3354,214424,99231,4287260,0.9662000786044683,0.0,0.03379992139553164,0.9499857717983048,0.0,0.05001422820169526,31814,62380,36866,6647,6644,1955174088.0,update_plus_compute_active_channels,7.491219516843557,0,81104a5d2c2304d7461b84b656c0be97b06dd75b57fca36b8480a818c638883f,/data/tmp/chuxiao/candidate10_grasu_temporal_full_pr_batch8_20260727/grasu_wk_insert_u1/grasu_regraph/manifest.json,f8d3921e4ba8b165e218f01095cf194729c1a838569986b2a43edf4547e4a5e7,5,56930,35654,0.9328738689720493,24.970054504648925,987.6104583322026,0.9995931210329301
grasu_wk_insert_u1,wiki_talk_temporal,grasu_temporal_real_compact_file_order_slice,real_compact_slice,1,insert,insert,full_pagerank,spine,routed_reference_profile_execution_driven_simulation,spine_candidate10_normalized_v1,150.0,5930,8192,8193,1,1,2856362,19.042413333333336,371361,2.47574,2485001,16.566673333333334,403.9196361491917,403.9196361491917,14581888,1431808,13150080,227842,1827184,198351,1662384,29491,164800,14,144,49254,346132,12031,96264,166543,1384644,227828,1827040,0.21618940604315537,0.05280738100672437,0.7310032129501203,0.18944960154129084,0.05268850162010684,0.7578618968386023,22372,179056,10701,85656,11671,93400,7,72,14807,118456,16,144,7542,60384,22365,178984,0.6620612564274536,0.0007154035323049408,0.33722334004024146,0.6618245206275422,0.0008045411880391543,0.3373709381844187,205470,1648128,187650,1576728,17820,71400,7,72,34447,227676,12015,96120,159001,1324260,205463,1648056,0.16765549028292198,0.058477682113081186,0.7738668276039968,0.1381482182644279,0.05832326086006786,0.8035285208755042,0,198351,29491,40320,40318,10386399156.0,update_plus_compute_active_channels,36.63850586395711,0,b2b1b92e6dea4b8587304c0853733d614b28a8b59c35a9e1472c854c9d41e381,/data/tmp/chuxiao/candidate10_grasu_temporal_full_pr_batch8_20260727/grasu_wk_insert_u1/spine/summary.json,9051ff18276281b39e794eaea768778855b08d28f2aaa8d93d92bfaf8bbf5ce5,8,159890,27312,0.8216307792241992,30.73382539034338,1105.27524120125,0.9981350242446848
grasu_wk_insert_u64,wiki_talk_temporal,grasu_temporal_real_compact_file_order_slice,real_compact_slice,64,insert,insert,full_pagerank,grasu_regraph,hls_equivalent_proposed_execution_driven_simulation,grasu_regraph_candidate10_normalized_hls_pagerank_v3,150.0,5930,8192,8256,64,64,774197,5.161313333333333,1359,0.00906,772838,5.152253333333333,7064017.66004415,7064017.66004415,6381824,25472,6356352,99716,4302552,62724,1938904,36992,2363648,27,820,96276,4088660,2,8,3411,213064,99689,4301732,0.9657635245613859,2.0062394045481447e-05,0.03421641304456861,0.9504683229917624,1.8597160399578587e-06,0.04952981729219765,398,9840,270,5488,128,4352,18,360,272,7696,2,8,106,1776,380,9480,0.7157894736842105,0.005263157894736842,0.2789473684210526,0.8118143459915612,0.0008438818565400844,0.18734177215189873,99318,4292712,62454,1933416,36864,2359296,9,460,96004,4080964,0,0,3305,211288,99309,4292252,0.9667200354449245,0.0,0.03327996455507557,0.950774558436923,0.0,0.04922544156307691,31602,62724,36992,6898,6893,1962214872.0,update_plus_compute_active_channels,7.717303317971528,0,f9e55bfa640032529019bec10b6ac31a587f5ae7cb3f8216c35cfe832ab3b9ba,/data/tmp/chuxiao/candidate10_grasu_temporal_full_pr_batch8_20260727/grasu_wk_insert_u64/grasu_regraph/manifest.json,1ae62eed47f731b4284bb9b8f28a3ff984f1b7d872dd013192a8438c89868177,5,56981,35780,0.9302519154398492,25.19640010203431,750.1350174451627,0.9994863754325259
grasu_wk_insert_u64,wiki_talk_temporal,grasu_temporal_real_compact_file_order_slice,real_compact_slice,64,insert,insert,full_pagerank,spine,routed_reference_profile_execution_driven_simulation,spine_candidate10_normalized_v1,150.0,5930,8192,8256,64,64,2885103,19.23402,384080,2.5605333333333333,2501023,16.67348666666667,24994.7927515101,24994.7927515101,14694336,1486656,13207680,229599,1846936,199751,1677896,29848,169040,14,144,49878,354168,12095,96760,167612,1395864,229585,1846792,0.21725286930766383,0.052682013197726335,0.7300651174946099,0.19177470987528644,0.052393555960822874,0.7558317341638907,23229,189808,11201,92168,12028,97640,7,72,15303,125304,14,112,7905,64320,23222,189736,0.6589871673413142,0.0006028765825510292,0.3404099560761347,0.6604123624404435,0.0005902938820255513,0.33899734367753087,206370,1657128,188550,1585728,17820,71400,7,72,34575,228864,12081,96648,159707,1331544,206363,1657056,0.16754456952069896,0.05854247127634314,0.7739129592029579,0.13811482532877586,0.058325126006604486,0.8035600486646196,0,199751,29848,41196,41196,10492677648.0,update_plus_compute_active_channels,37.63686389103532,0,05a6d3edd79b1ee10f6b545494fdbf42d02fb11352740f3782b9b7f8290ff604,/data/tmp/chuxiao/candidate10_grasu_temporal_full_pr_batch8_20260727/grasu_wk_insert_u64/spine/summary.json,f9f1a25bac842fe70c0703d23c0cf4a3418eeb8f5889c709c09f38bc55e648a8,8,160763,27623,0.8205000892861032,30.743615801673084,2311.583512424446,0.9977217904047172
grasu_wk_insert_u8,wiki_talk_temporal,grasu_temporal_real_compact_file_order_slice,real_compact_slice,8,insert,insert,full_pagerank,grasu_regraph,hls_equivalent_proposed_execution_driven_simulation,grasu_regraph_candidate10_normalized_hls_pagerank_v3,150.0,5930,8192,8200,8,8,772257,5.14838,247,0.0016466666666666667,772010,5.146733333333334,4858299.5951417005,4858299.5951417005,6355776,3264,6352512,99309,4290112,62429,1930272,36880,2359840,24,796,95934,4075484,0,0,3351,213832,99285,4289316,0.9662486780480435,0.0,0.03375132195195649,0.9501477624870726,0.0,0.04985223751292747,51,1240,35,696,16,544,15,336,27,728,0,0,9,176,36,904,0.75,0.0,0.25,0.8053097345132744,0.0,0.19469026548672566,99258,4288872,62394,1929576,36864,2359296,9,460,95907,4074756,0,0,3342,213656,99249,4288412,0.9663271166460116,0.0,0.03367288335398845,0.9501782944362622,0.0,0.049821705563737814,31957,62429,36880,6676,6674,1956621216.0,update_plus_compute_active_channels,7.587998696602881,0,4926921583aef733076b4f07875934c48e6809882d59effad8e47de78ab07ee6,/data/tmp/chuxiao/candidate10_grasu_temporal_full_pr_batch8_20260727/grasu_wk_insert_u8/grasu_regraph/manifest.json,7a7ad04c51381987f0af3a3ff4d5de49c5051993d82cc181ed7aee82662b3fcf,5,56904,35663,0.9321108862238066,25.192458633007096,1143.1349195583168,0.9994305856832972
grasu_wk_insert_u8,wiki_talk_temporal,grasu_temporal_real_compact_file_order_slice,real_compact_slice,8,insert,insert,full_pagerank,spine,routed_reference_profile_execution_driven_simulation,spine_candidate10_normalized_v1,150.0,5930,8192,8200,8,8,2863530,19.090200000000003,372501,2.48334,2491029,16.60686,3221.467861831243,3221.467861831243,14598592,1439680,13158912,228103,1830080,198544,1664560,29559,165520,14,144,49072,346164,12034,96272,166983,1387500,228089,1829936,0.21514408849177294,0.05276010680041563,0.7320958047078114,0.18916727142370007,0.05260949016796216,0.7582232384083378,22495,180488,10756,86368,11739,94120,7,72,14879,119320,13,104,7596,60992,22488,180416,0.6616417644966204,0.0005780860903593027,0.33778014941302026,0.6613604114934374,0.0005764455480666903,0.33806314295849593,205608,1649592,187788,1578192,17820,71400,7,72,34193,226844,12021,96168,159387,1326508,205601,1649520,0.16630755686985957,0.05846761445712813,0.7752248286730123,0.13752121829380667,0.058300596537174454,0.8041781851690188,0,198544,29559,40930,40928,10413507420.0,update_plus_compute_active_channels,36.75630936212838,0,26de8163d84a1068eee5e0c67b8aa020bbafdbea7d94b12dfea1870189632fb1,/data/tmp/chuxiao/candidate10_grasu_temporal_full_pr_batch8_20260727/grasu_wk_insert_u8/spine/summary.json,31c9943f2908830e43dfad2faeb2541fe3323b43e478cc1f0bac14a641a58576,8,159839,27368,0.8207125728289413,30.935717019904907,3235.1923337626245,0.998206975878751
grasu_wk_mixed_u64,wiki_talk_temporal,grasu_temporal_real_compact_file_order_slice,real_compact_slice,64,mixed,mixed,full_pagerank,grasu_regraph,hls_equivalent_proposed_execution_driven_simulation,grasu_regraph_candidate10_normalized_hls_pagerank_v3,150.0,5930,8192,8192,64,64,773416,5.156106666666667,1340,0.008933333333333333,772076,5.147173333333334,7164179.104477612,7164179.104477612,6379328,25280,6354048,99677,4300224,62685,1936576,36992,2363648,26,812,96162,4081364,0,0,3489,218048,99651,4299412,0.9649878074479935,0.0,0.0350121925520065,0.9492842277036952,0.0,0.0507157722963047,395,9816,267,5464,128,4352,17,352,266,7312,0,0,112,2152,378,9464,0.7037037037037037,0.0,0.2962962962962963,0.7726120033812341,0.0,0.22738799661876585,99282,4290408,62418,1931112,36864,2359296,9,460,95896,4074052,0,0,3377,215896,99273,4289948,0.9659826941867375,0.0,0.03401730581326242,0.9496739820622534,0.0,0.05032601793774656,31568,62685,36992,6852,6850,1960283094.0,update_plus_compute_active_channels,7.508533069863915,0,91cdae82fdc9451aa7dddc66334e0bb6761702038ff5230671d97ccc7ed11695,/data/tmp/chuxiao/candidate10_grasu_temporal_full_pr_batch8_20260727/grasu_wk_mixed_u64/grasu_regraph/manifest.json,65a66c6b35ed2356e159c1254a1fbf3e6b01a689bb663467c3ccd503a2bc6fe6,5,56996,35776,0.9307262457738495,25.065039483129937,832.6291858263456,0.999405276816609
grasu_wk_mixed_u64,wiki_talk_temporal,grasu_temporal_real_compact_file_order_slice,real_compact_slice,64,mixed,mixed,full_pagerank,spine,routed_reference_profile_execution_driven_simulation,spine_candidate10_normalized_v1,150.0,5930,8192,8192,64,64,2871218,19.14145333333333,382183,2.547886666666667,2489035,16.593566666666668,25118.85667337375,25118.85667337375,14631424,1481536,13149888,228616,1837192,198849,1668792,29767,168400,14,144,49813,353132,12017,96136,166772,1387780,228602,1837048,0.2179027305097943,0.052567344117724256,0.7295299253724814,0.19222796573633352,0.0523317844716088,0.7554402497920577,23149,189160,11202,92160,11947,97000,7,72,15259,124936,14,112,7869,64040,23142,189088,0.6593639270590269,0.0006049606775559589,0.34003111226341715,0.6607293958368591,0.0005923168048739212,0.33867828735826705,205467,1648032,187647,1576632,17820,71400,7,72,34554,228196,12003,96024,158903,1323740,205460,1647960,0.16817872091891364,0.058420130439014895,0.7734011486420714,0.13847180756814487,0.05826840457292653,0.8032597878589286,0,198849,29767,40858,40856,10441869912.0,update_plus_compute_active_channels,36.93715710379183,0,a9af2ec063cac790f48b86aeb24abb5376c101a7aaaf5c46b06a26156b3084b6,/data/tmp/chuxiao/candidate10_grasu_temporal_full_pr_batch8_20260727/grasu_wk_mixed_u64/spine/summary.json,865713d1c2987ba38b49312e7907914a6584fb14b4bce93a8cfd76fc527f9b46,8,160172,27580,0.8212548553032158,30.8619806989223,1383.7714526174045,0.997917156582793
grasu_wk_mixed_u8,wiki_talk_temporal,grasu_temporal_real_compact_file_order_slice,real_compact_slice,8,mixed,mixed,full_pagerank,grasu_regraph,hls_equivalent_proposed_execution_driven_simulation,grasu_regraph_candidate10_normalized_hls_pagerank_v3,150.0,5930,8192,8192,8,8,772157,5.147713333333333,220,0.0014666666666666667,771937,5.146246666666666,5454545.454545454,5454545.454545454,6355264,3328,6351936,99301,4289544,62421,1929704,36880,2359840,25,804,95904,4073804,0,0,3372,214936,99276,4288740,0.9660340867883477,0.0,0.03396591321165236,0.9498836488106064,0.0,0.05011635118939362,52,1248,36,704,16,544,16,344,19,456,0,0,17,448,36,904,0.5277777777777778,0.0,0.4722222222222222,0.504424778761062,0.0,0.49557522123893805,99249,4288296,62385,1929000,36864,2359296,9,460,95885,4073348,0,0,3355,214488,99240,4287836,0.966193067311568,0.0,0.03380693268843209,0.949977564440431,0.0,0.05002243555956898,31954,62421,36880,6671,6662,1956216546.0,update_plus_compute_active_channels,7.560216045938432,0,5740c432519fe01df600f95bc655beec5109d18553980a45c414268c7f61164f,/data/tmp/chuxiao/candidate10_grasu_temporal_full_pr_batch8_20260727/grasu_wk_mixed_u8/grasu_regraph/manifest.json,67e7b3889b83d4c99aa6ef59c0de40cd32985612f6b664dd920138044947afa9,5,56905,35672,0.932286683920605,25.174364396597298,1376.2847919266453,0.9995119305856833
grasu_wk_mixed_u8,wiki_talk_temporal,grasu_temporal_real_compact_file_order_slice,real_compact_slice,8,mixed,mixed,full_pagerank,spine,routed_reference_profile_execution_driven_simulation,spine_candidate10_normalized_v1,150.0,5930,8192,8192,8,8,2861015,19.073433333333334,371807,2.4787133333333333,2489208,16.59472,3227.480924242954,3227.480924242954,14587520,1437824,13149696,227930,1828328,198400,1663048,29530,165280,14,144,49332,347152,12021,96168,166563,1384864,227916,1828184,0.21644816511346285,0.052743115884799664,0.7308087190017375,0.18988898272821553,0.05260302026491863,0.7575079970068658,22466,180248,10756,86368,11710,93880,7,72,14869,119240,12,96,7578,60840,22459,180176,0.662050848212298,0.0005343069593481455,0.3374148448283539,0.6617973536986058,0.0005328123612467809,0.33766983394014743,205464,1648080,187644,1576680,17820,71400,7,72,34463,227912,12009,96072,158985,1324024,205457,1648008,0.16773826153404361,0.05845018665706206,0.7738115518088943,0.1382954451677419,0.058295833515371286,0.8034087213168868,0,198400,29530,40820,40818,10404401130.0,update_plus_compute_active_channels,36.87457401305437,0,9c33a39167dc1091c11d910bf605eb915595b0625cabfae35ad2fc51fe56e947,/data/tmp/chuxiao/candidate10_grasu_temporal_full_pr_batch8_20260727/grasu_wk_mixed_u8/spine/summary.json,110617eca094a021ce01be5d701096352012a7d749a8b026cc89d413fbb16916,8,159783,27354,0.8210283859079542,30.89116935483871,2325.7750933152356,0.9979681679647816
