
*** Running vivado
    with args -log level0_wrapper.vdi -applog -m64 -product Vivado -messageDb vivado.pb -mode batch -source level0_wrapper.tcl -notrace


****** Vivado v2024.1 (64-bit)
  **** SW Build 5076996 on Wed May 22 18:36:09 MDT 2024
  **** IP Build 5075265 on Wed May 22 21:45:21 MDT 2024
  **** SharedData Build 5076995 on Wed May 22 18:29:18 MDT 2024
  **** Start of session at: Tue Jul 28 06:46:07 2026
    ** Copyright 1986-2022 Xilinx, Inc. All Rights Reserved.
    ** Copyright 2022-2024 Advanced Micro Devices, Inc. All Rights Reserved.

source level0_wrapper.tcl -notrace
INFO: Dispatch client connection id - 37181
source /data/tmp/chuxiao/spine_opt_v2_hw_150_20260728/temp/partitioned_split_e2e_link/link/vivado/vpl/scripts/impl_1/_full_init_pre.tcl
create_project: Time (s): cpu = 00:00:06 ; elapsed = 00:00:06 . Memory (MB): peak = 1720.125 ; gain = 49.836 ; free physical = 53457 ; free virtual = 70630
INFO: [IP_Flow 19-234] Refreshing IP repositories
INFO: [IP_Flow 19-1700] Loaded user IP repository '/data/tmp/chuxiao/spine_opt_v2_hw_150_20260728/temp/partitioned_split_e2e_link/link/int/xo/ip_repo/xilinx_com_hls_spine_partconv_compute_kernel_1_0'.
INFO: [IP_Flow 19-1700] Loaded user IP repository '/data/tmp/chuxiao/spine_opt_v2_hw_150_20260728/temp/partitioned_split_e2e_link/link/int/xo/ip_repo/xilinx_com_hls_spine_partconv_rdmaint_kernel_1_0'.
INFO: [IP_Flow 19-1700] Loaded user IP repository '/data/tmp/chuxiao/spine_opt_v2_hw_150_20260728/temp/partitioned_split_e2e_link/link/vivado/vpl/.local/hw_platform/iprepo'.
INFO: [IP_Flow 19-1700] Loaded user IP repository '/data/tmp/chuxiao/spine_opt_v2_hw_150_20260728/temp/partitioned_split_e2e_link/link/vivado/vpl/.local/hw_platform/ipcache'.
INFO: [IP_Flow 19-1700] Loaded user IP repository '/data/yxx/tools/xilinx/Vitis/2024.1/data/ip'.
INFO: [IP_Flow 19-2313] Loaded Vivado IP repository '/data/yxx/tools/xilinx/Vivado/2024.1/data/ip'.
WARNING: [IP_Flow 19-1663] Duplicate IP found for 'xilinx.com:ip:pipeline_reg:1.0'. The one found in IP location '/data/tmp/chuxiao/spine_opt_v2_hw_150_20260728/temp/partitioned_split_e2e_link/link/vivado/vpl/.local/hw_platform/iprepo/ipdefs/pxi_ii_infra/pipeline_reg_v1_0' will take precedence over the same IP in location /data/tmp/chuxiao/spine_opt_v2_hw_150_20260728/temp/partitioned_split_e2e_link/link/vivado/vpl/.local/hw_platform/iprepo/ipdefs/other_ipdefs/pipeline_reg_v1_0
WARNING: [IP_Flow 19-1663] Duplicate IP found for 'xilinx.com:ip:clk_metadata_adapter:1.0'. The one found in IP location '/data/tmp/chuxiao/spine_opt_v2_hw_150_20260728/temp/partitioned_split_e2e_link/link/vivado/vpl/.local/hw_platform/iprepo/ipdefs/pxi_ii_infra/clk_metadata_adapter_v1_0' will take precedence over the same IP in location /data/tmp/chuxiao/spine_opt_v2_hw_150_20260728/temp/partitioned_split_e2e_link/link/vivado/vpl/.local/hw_platform/iprepo/ipdefs/other_ipdefs/clk_metadata_adapter_v1_0
WARNING: [IP_Flow 19-1663] Duplicate IP found for 'xilinx.com:ip:axis_clk_metadata_adapter:1.0'. The one found in IP location '/data/tmp/chuxiao/spine_opt_v2_hw_150_20260728/temp/partitioned_split_e2e_link/link/vivado/vpl/.local/hw_platform/iprepo/ipdefs/other_ipdefs/axis_clk_metadata_adapter_v1_0' will take precedence over the same IP in location /data/tmp/chuxiao/spine_opt_v2_hw_150_20260728/temp/partitioned_split_e2e_link/link/vivado/vpl/.local/hw_platform/iprepo/ipdefs/pxi_ii_infra/axis_clk_metadata_adapter_v1_0
WARNING: [IP_Flow 19-1663] Duplicate IP found for 'xilinx.com:ip:axi_clk_metadata_adapter:1.0'. The one found in IP location '/data/tmp/chuxiao/spine_opt_v2_hw_150_20260728/temp/partitioned_split_e2e_link/link/vivado/vpl/.local/hw_platform/iprepo/ipdefs/other_ipdefs/axi_clk_metadata_adapter_v1_0' will take precedence over the same IP in location /data/tmp/chuxiao/spine_opt_v2_hw_150_20260728/temp/partitioned_split_e2e_link/link/vivado/vpl/.local/hw_platform/iprepo/ipdefs/pxi_ii_infra/axi_clk_metadata_adapter_v1_0
WARNING: [IP_Flow 19-1663] Duplicate IP found for 'xilinx.com:ip:shell_utils_build_info:1.0'. The one found in IP location '/data/tmp/chuxiao/spine_opt_v2_hw_150_20260728/temp/partitioned_split_e2e_link/link/vivado/vpl/.local/hw_platform/iprepo/ipdefs/other_ipdefs/shell_utils_build_info_v1_0' will take precedence over the same IP in the Xilinx installed IP.
Command: link_design -part xcu55c-fsvh2892-2L-e -reconfig_partitions level0_i/ulp
Design is defaulting to srcset: sources_1
Design is defaulting to constrset: constrs_1
Design is defaulting to dcp top: level0_wrapper
INFO: [Device 21-403] Loading part xcu55c-fsvh2892-2L-e
INFO: [Project 1-454] Reading design checkpoint '/data/tmp/chuxiao/spine_opt_v2_hw_150_20260728/temp/partitioned_split_e2e_link/link/vivado/vpl/prj/prj.runs/my_rm_synth_1/ulp.dcp' for cell 'level0_i/ulp'
INFO: [Project 1-454] Reading design checkpoint '/data/tmp/chuxiao/spine_opt_v2_hw_150_20260728/temp/partitioned_split_e2e_link/link/vivado/vpl/prj/prj.gen/my_rm/bd/ulp/ip/ulp_axi_vip_data_0/ulp_axi_vip_data_0.dcp' for cell 'level0_i/ulp/axi_vip_data'
INFO: [Project 1-454] Reading design checkpoint '/data/tmp/chuxiao/spine_opt_v2_hw_150_20260728/temp/partitioned_split_e2e_link/link/vivado/vpl/prj/prj.gen/my_rm/bd/ulp/ip/ulp_buffer_spine_partconv_compute_kernel_1_value_out_0/ulp_buffer_spine_partconv_compute_kernel_1_value_out_0.dcp' for cell 'level0_i/ulp/buffer_spine_partconv_compute_kernel_1_value_out'
INFO: [Project 1-454] Reading design checkpoint '/data/tmp/chuxiao/spine_opt_v2_hw_150_20260728/temp/partitioned_split_e2e_link/link/vivado/vpl/prj/prj.gen/my_rm/bd/ulp/ip/ulp_buffer_spine_partconv_rdmaint_kernel_1_edge_out_0/ulp_buffer_spine_partconv_rdmaint_kernel_1_edge_out_0.dcp' for cell 'level0_i/ulp/buffer_spine_partconv_rdmaint_kernel_1_edge_out'
INFO: [Project 1-454] Reading design checkpoint '/data/tmp/chuxiao/spine_opt_v2_hw_150_20260728/temp/partitioned_split_e2e_link/link/vivado/vpl/prj/prj.gen/my_rm/bd/ulp/ip/ulp_hmss_0_0/ulp_hmss_0_0.dcp' for cell 'level0_i/ulp/hmss_0'
INFO: [Project 1-454] Reading design checkpoint '/data/tmp/chuxiao/spine_opt_v2_hw_150_20260728/temp/partitioned_split_e2e_link/link/vivado/vpl/prj/prj.gen/my_rm/bd/ulp/ip/ulp_ii_level0_wire_0/ulp_ii_level0_wire_0.dcp' for cell 'level0_i/ulp/ii_level0_wire'
INFO: [Project 1-454] Reading design checkpoint '/data/tmp/chuxiao/spine_opt_v2_hw_150_20260728/temp/partitioned_split_e2e_link/link/vivado/vpl/prj/prj.gen/my_rm/bd/ulp/ip/ulp_proc_sys_reset_ctrl_slr0_0/ulp_proc_sys_reset_ctrl_slr0_0.dcp' for cell 'level0_i/ulp/proc_sys_reset_ctrl_slr0'
INFO: [Project 1-454] Reading design checkpoint '/data/tmp/chuxiao/spine_opt_v2_hw_150_20260728/temp/partitioned_split_e2e_link/link/vivado/vpl/prj/prj.gen/my_rm/bd/ulp/ip/ulp_proc_sys_reset_ctrl_slr1_0/ulp_proc_sys_reset_ctrl_slr1_0.dcp' for cell 'level0_i/ulp/proc_sys_reset_ctrl_slr1'
INFO: [Project 1-454] Reading design checkpoint '/data/tmp/chuxiao/spine_opt_v2_hw_150_20260728/temp/partitioned_split_e2e_link/link/vivado/vpl/prj/prj.gen/my_rm/bd/ulp/ip/ulp_proc_sys_reset_ctrl_slr2_0/ulp_proc_sys_reset_ctrl_slr2_0.dcp' for cell 'level0_i/ulp/proc_sys_reset_ctrl_slr2'
INFO: [Project 1-454] Reading design checkpoint '/data/tmp/chuxiao/spine_opt_v2_hw_150_20260728/temp/partitioned_split_e2e_link/link/vivado/vpl/prj/prj.gen/my_rm/bd/ulp/ip/ulp_proc_sys_reset_freerun_slr0_0/ulp_proc_sys_reset_freerun_slr0_0.dcp' for cell 'level0_i/ulp/proc_sys_reset_freerun_slr0'
INFO: [Project 1-454] Reading design checkpoint '/data/tmp/chuxiao/spine_opt_v2_hw_150_20260728/temp/partitioned_split_e2e_link/link/vivado/vpl/prj/prj.gen/my_rm/bd/ulp/ip/ulp_proc_sys_reset_freerun_slr1_0/ulp_proc_sys_reset_freerun_slr1_0.dcp' for cell 'level0_i/ulp/proc_sys_reset_freerun_slr1'
INFO: [Project 1-454] Reading design checkpoint '/data/tmp/chuxiao/spine_opt_v2_hw_150_20260728/temp/partitioned_split_e2e_link/link/vivado/vpl/prj/prj.gen/my_rm/bd/ulp/ip/ulp_proc_sys_reset_freerun_slr2_0/ulp_proc_sys_reset_freerun_slr2_0.dcp' for cell 'level0_i/ulp/proc_sys_reset_freerun_slr2'
INFO: [Project 1-454] Reading design checkpoint '/data/tmp/chuxiao/spine_opt_v2_hw_150_20260728/temp/partitioned_split_e2e_link/link/vivado/vpl/prj/prj.gen/my_rm/bd/ulp/ip/ulp_proc_sys_reset_kernel2_slr0_0/ulp_proc_sys_reset_kernel2_slr0_0.dcp' for cell 'level0_i/ulp/proc_sys_reset_kernel2_slr0'
INFO: [Project 1-454] Reading design checkpoint '/data/tmp/chuxiao/spine_opt_v2_hw_150_20260728/temp/partitioned_split_e2e_link/link/vivado/vpl/prj/prj.gen/my_rm/bd/ulp/ip/ulp_proc_sys_reset_kernel2_slr1_0/ulp_proc_sys_reset_kernel2_slr1_0.dcp' for cell 'level0_i/ulp/proc_sys_reset_kernel2_slr1'
INFO: [Project 1-454] Reading design checkpoint '/data/tmp/chuxiao/spine_opt_v2_hw_150_20260728/temp/partitioned_split_e2e_link/link/vivado/vpl/prj/prj.gen/my_rm/bd/ulp/ip/ulp_proc_sys_reset_kernel2_slr2_0/ulp_proc_sys_reset_kernel2_slr2_0.dcp' for cell 'level0_i/ulp/proc_sys_reset_kernel2_slr2'
INFO: [Project 1-454] Reading design checkpoint '/data/tmp/chuxiao/spine_opt_v2_hw_150_20260728/temp/partitioned_split_e2e_link/link/vivado/vpl/prj/prj.gen/my_rm/bd/ulp/ip/ulp_proc_sys_reset_kernel_slr0_0/ulp_proc_sys_reset_kernel_slr0_0.dcp' for cell 'level0_i/ulp/proc_sys_reset_kernel_slr0'
INFO: [Project 1-454] Reading design checkpoint '/data/tmp/chuxiao/spine_opt_v2_hw_150_20260728/temp/partitioned_split_e2e_link/link/vivado/vpl/prj/prj.gen/my_rm/bd/ulp/ip/ulp_proc_sys_reset_kernel_slr1_0/ulp_proc_sys_reset_kernel_slr1_0.dcp' for cell 'level0_i/ulp/proc_sys_reset_kernel_slr1'
INFO: [Project 1-454] Reading design checkpoint '/data/tmp/chuxiao/spine_opt_v2_hw_150_20260728/temp/partitioned_split_e2e_link/link/vivado/vpl/prj/prj.gen/my_rm/bd/ulp/ip/ulp_proc_sys_reset_kernel_slr2_0/ulp_proc_sys_reset_kernel_slr2_0.dcp' for cell 'level0_i/ulp/proc_sys_reset_kernel_slr2'
INFO: [Project 1-454] Reading design checkpoint '/data/tmp/chuxiao/spine_opt_v2_hw_150_20260728/temp/partitioned_split_e2e_link/link/vivado/vpl/prj/prj.gen/my_rm/bd/ulp/ip/ulp_spine_partconv_compute_kernel_1_0/ulp_spine_partconv_compute_kernel_1_0.dcp' for cell 'level0_i/ulp/spine_partconv_compute_kernel_1'
INFO: [Project 1-454] Reading design checkpoint '/data/tmp/chuxiao/spine_opt_v2_hw_150_20260728/temp/partitioned_split_e2e_link/link/vivado/vpl/prj/prj.gen/my_rm/bd/ulp/ip/ulp_spine_partconv_rdmaint_kernel_1_0/ulp_spine_partconv_rdmaint_kernel_1_0.dcp' for cell 'level0_i/ulp/spine_partconv_rdmaint_kernel_1'
INFO: [Project 1-454] Reading design checkpoint '/data/tmp/chuxiao/spine_opt_v2_hw_150_20260728/temp/partitioned_split_e2e_link/link/vivado/vpl/prj/prj.gen/my_rm/bd/ulp/ip/ulp_ulp_cmp_0/ulp_ulp_cmp_0.dcp' for cell 'level0_i/ulp/ulp_cmp'
INFO: [Project 1-454] Reading design checkpoint '/data/tmp/chuxiao/spine_opt_v2_hw_150_20260728/temp/partitioned_split_e2e_link/link/vivado/vpl/prj/prj.gen/my_rm/bd/ulp/ip/ulp_ulp_ucs_0/ulp_ulp_ucs_0.dcp' for cell 'level0_i/ulp/ulp_ucs'
INFO: [Project 1-454] Reading design checkpoint '/data/tmp/chuxiao/spine_opt_v2_hw_150_20260728/temp/partitioned_split_e2e_link/link/vivado/vpl/prj/prj.gen/my_rm/bd/ulp/ip/ulp_axi_gpio_null_0/ulp_axi_gpio_null_0.dcp' for cell 'level0_i/ulp/SLR0/axi_gpio_null'
INFO: [Project 1-454] Reading design checkpoint '/data/tmp/chuxiao/spine_opt_v2_hw_150_20260728/temp/partitioned_split_e2e_link/link/vivado/vpl/prj/prj.gen/my_rm/bd/ulp/ip/ulp_axi_vip_ctrl_userpf_0/ulp_axi_vip_ctrl_userpf_0.dcp' for cell 'level0_i/ulp/SLR0/axi_vip_ctrl_userpf'
INFO: [Project 1-454] Reading design checkpoint '/data/tmp/chuxiao/spine_opt_v2_hw_150_20260728/temp/partitioned_split_e2e_link/link/vivado/vpl/prj/prj.gen/my_rm/bd/ulp/ip/ulp_regslice_control_userpf_0/ulp_regslice_control_userpf_0.dcp' for cell 'level0_i/ulp/SLR0/regslice_control_userpf'
INFO: [Project 1-454] Reading design checkpoint '/data/tmp/chuxiao/spine_opt_v2_hw_150_20260728/temp/partitioned_split_e2e_link/link/vivado/vpl/prj/prj.gen/my_rm/bd/ulp/ip/ulp_xbar_4/ulp_xbar_4.dcp' for cell 'level0_i/ulp/SLR0/interconnect_axilite_user/xbar'
INFO: [Project 1-454] Reading design checkpoint '/data/tmp/chuxiao/spine_opt_v2_hw_150_20260728/temp/partitioned_split_e2e_link/link/vivado/vpl/prj/prj.gen/my_rm/bd/ulp/ip/ulp_auto_cc_0/ulp_auto_cc_0.dcp' for cell 'level0_i/ulp/SLR0/interconnect_axilite_user/m00_couplers/auto_cc'
INFO: [Project 1-454] Reading design checkpoint '/data/tmp/chuxiao/spine_opt_v2_hw_150_20260728/temp/partitioned_split_e2e_link/link/vivado/vpl/prj/prj.gen/my_rm/bd/ulp/ip/ulp_m00_regslice_4/ulp_m00_regslice_4.dcp' for cell 'level0_i/ulp/SLR0/interconnect_axilite_user/m00_couplers/m00_regslice'
INFO: [Project 1-454] Reading design checkpoint '/data/tmp/chuxiao/spine_opt_v2_hw_150_20260728/temp/partitioned_split_e2e_link/link/vivado/vpl/prj/prj.gen/my_rm/bd/ulp/ip/ulp_auto_cc_1/ulp_auto_cc_1.dcp' for cell 'level0_i/ulp/SLR0/interconnect_axilite_user/m01_couplers/auto_cc'
INFO: [Project 1-454] Reading design checkpoint '/data/tmp/chuxiao/spine_opt_v2_hw_150_20260728/temp/partitioned_split_e2e_link/link/vivado/vpl/prj/prj.gen/my_rm/bd/ulp/ip/ulp_m01_regslice_4/ulp_m01_regslice_4.dcp' for cell 'level0_i/ulp/SLR0/interconnect_axilite_user/m01_couplers/m01_regslice'
INFO: [Project 1-454] Reading design checkpoint '/data/tmp/chuxiao/spine_opt_v2_hw_150_20260728/temp/partitioned_split_e2e_link/link/vivado/vpl/prj/prj.gen/my_rm/bd/ulp/ip/ulp_s00_regslice_18/ulp_s00_regslice_18.dcp' for cell 'level0_i/ulp/SLR0/interconnect_axilite_user/s00_couplers/s00_regslice'
INFO: [Project 1-454] Reading design checkpoint '/data/tmp/chuxiao/spine_opt_v2_hw_150_20260728/temp/partitioned_split_e2e_link/link/vivado/vpl/prj/prj.gen/my_rm/bd/ulp/ip/ulp_axi_gpio_null_1/ulp_axi_gpio_null_1.dcp' for cell 'level0_i/ulp/SLR1/axi_gpio_null'
INFO: [Project 1-454] Reading design checkpoint '/data/tmp/chuxiao/spine_opt_v2_hw_150_20260728/temp/partitioned_split_e2e_link/link/vivado/vpl/prj/prj.gen/my_rm/bd/ulp/ip/ulp_axi_vip_ctrl_userpf_1/ulp_axi_vip_ctrl_userpf_1.dcp' for cell 'level0_i/ulp/SLR1/axi_vip_ctrl_userpf'
INFO: [Project 1-454] Reading design checkpoint '/data/tmp/chuxiao/spine_opt_v2_hw_150_20260728/temp/partitioned_split_e2e_link/link/vivado/vpl/prj/prj.gen/my_rm/bd/ulp/ip/ulp_regslice_control_userpf_1/ulp_regslice_control_userpf_1.dcp' for cell 'level0_i/ulp/SLR1/regslice_control_userpf'
INFO: [Project 1-454] Reading design checkpoint '/data/tmp/chuxiao/spine_opt_v2_hw_150_20260728/temp/partitioned_split_e2e_link/link/vivado/vpl/prj/prj.gen/my_rm/bd/ulp/ip/ulp_xbar_5/ulp_xbar_5.dcp' for cell 'level0_i/ulp/SLR1/interconnect_axilite_user/xbar'
INFO: [Project 1-454] Reading design checkpoint '/data/tmp/chuxiao/spine_opt_v2_hw_150_20260728/temp/partitioned_split_e2e_link/link/vivado/vpl/prj/prj.gen/my_rm/bd/ulp/ip/ulp_auto_cc_2/ulp_auto_cc_2.dcp' for cell 'level0_i/ulp/SLR1/interconnect_axilite_user/m00_couplers/auto_cc'
INFO: [Project 1-454] Reading design checkpoint '/data/tmp/chuxiao/spine_opt_v2_hw_150_20260728/temp/partitioned_split_e2e_link/link/vivado/vpl/prj/prj.gen/my_rm/bd/ulp/ip/ulp_m00_regslice_5/ulp_m00_regslice_5.dcp' for cell 'level0_i/ulp/SLR1/interconnect_axilite_user/m00_couplers/m00_regslice'
INFO: [Project 1-454] Reading design checkpoint '/data/tmp/chuxiao/spine_opt_v2_hw_150_20260728/temp/partitioned_split_e2e_link/link/vivado/vpl/prj/prj.gen/my_rm/bd/ulp/ip/ulp_auto_cc_3/ulp_auto_cc_3.dcp' for cell 'level0_i/ulp/SLR1/interconnect_axilite_user/m01_couplers/auto_cc'
INFO: [Project 1-454] Reading design checkpoint '/data/tmp/chuxiao/spine_opt_v2_hw_150_20260728/temp/partitioned_split_e2e_link/link/vivado/vpl/prj/prj.gen/my_rm/bd/ulp/ip/ulp_m01_regslice_5/ulp_m01_regslice_5.dcp' for cell 'level0_i/ulp/SLR1/interconnect_axilite_user/m01_couplers/m01_regslice'
INFO: [Project 1-454] Reading design checkpoint '/data/tmp/chuxiao/spine_opt_v2_hw_150_20260728/temp/partitioned_split_e2e_link/link/vivado/vpl/prj/prj.gen/my_rm/bd/ulp/ip/ulp_s00_regslice_19/ulp_s00_regslice_19.dcp' for cell 'level0_i/ulp/SLR1/interconnect_axilite_user/s00_couplers/s00_regslice'
INFO: [Project 1-454] Reading design checkpoint '/data/tmp/chuxiao/spine_opt_v2_hw_150_20260728/temp/partitioned_split_e2e_link/link/vivado/vpl/prj/prj.gen/my_rm/bd/ulp/ip/ulp_axi_gpio_null_2/ulp_axi_gpio_null_2.dcp' for cell 'level0_i/ulp/SLR2/axi_gpio_null'
INFO: [Project 1-454] Reading design checkpoint '/data/tmp/chuxiao/spine_opt_v2_hw_150_20260728/temp/partitioned_split_e2e_link/link/vivado/vpl/prj/prj.gen/my_rm/bd/ulp/ip/ulp_axi_vip_ctrl_userpf_2/ulp_axi_vip_ctrl_userpf_2.dcp' for cell 'level0_i/ulp/SLR2/axi_vip_ctrl_userpf'
INFO: [Project 1-454] Reading design checkpoint '/data/tmp/chuxiao/spine_opt_v2_hw_150_20260728/temp/partitioned_split_e2e_link/link/vivado/vpl/prj/prj.gen/my_rm/bd/ulp/ip/ulp_regslice_control_userpf_2/ulp_regslice_control_userpf_2.dcp' for cell 'level0_i/ulp/SLR2/regslice_control_userpf'
INFO: [Project 1-454] Reading design checkpoint '/data/tmp/chuxiao/spine_opt_v2_hw_150_20260728/temp/partitioned_split_e2e_link/link/vivado/vpl/prj/prj.gen/my_rm/bd/ulp/ip/ulp_auto_cc_4/ulp_auto_cc_4.dcp' for cell 'level0_i/ulp/SLR2/interconnect_axilite_user/s00_couplers/auto_cc'
INFO: [Project 1-454] Reading design checkpoint '/data/tmp/chuxiao/spine_opt_v2_hw_150_20260728/temp/partitioned_split_e2e_link/link/vivado/vpl/prj/prj.gen/my_rm/bd/ulp/ip/ulp_s00_regslice_20/ulp_s00_regslice_20.dcp' for cell 'level0_i/ulp/SLR2/interconnect_axilite_user/s00_couplers/s00_regslice'
INFO: [Project 1-454] Reading design checkpoint '/data/tmp/chuxiao/spine_opt_v2_hw_150_20260728/temp/partitioned_split_e2e_link/link/vivado/vpl/prj/prj.gen/my_rm/bd/ulp/ip/ulp_xbar_3/ulp_xbar_3.dcp' for cell 'level0_i/ulp/axi_ic_ctrl_mgmt_slr1/xbar'
INFO: [Project 1-454] Reading design checkpoint '/data/tmp/chuxiao/spine_opt_v2_hw_150_20260728/temp/partitioned_split_e2e_link/link/vivado/vpl/prj/prj.gen/my_rm/bd/ulp/ip/ulp_hmss_0_0/bd_0/ip/ip_79/bd_85ad_axi_apb_bridge_inst_0.dcp' for cell 'level0_i/ulp/hmss_0/inst/axi_apb_bridge_inst'
INFO: [Project 1-454] Reading design checkpoint '/data/tmp/chuxiao/spine_opt_v2_hw_150_20260728/temp/partitioned_split_e2e_link/link/vivado/vpl/prj/prj.gen/my_rm/bd/ulp/ip/ulp_hmss_0_0/bd_0/ip/ip_0/bd_85ad_hbm_inst_0.dcp' for cell 'level0_i/ulp/hmss_0/inst/hbm_inst'
INFO: [Project 1-454] Reading design checkpoint '/data/tmp/chuxiao/spine_opt_v2_hw_150_20260728/temp/partitioned_split_e2e_link/link/vivado/vpl/prj/prj.gen/my_rm/bd/ulp/ip/ulp_hmss_0_0/bd_0/ip/ip_1/bd_85ad_hbm_reset_sync_SLR0_0.dcp' for cell 'level0_i/ulp/hmss_0/inst/hbm_reset_sync_SLR0'
INFO: [Project 1-454] Reading design checkpoint '/data/tmp/chuxiao/spine_opt_v2_hw_150_20260728/temp/partitioned_split_e2e_link/link/vivado/vpl/prj/prj.gen/my_rm/bd/ulp/ip/ulp_hmss_0_0/bd_0/ip/ip_2/bd_85ad_hbm_reset_sync_SLR1_0.dcp' for cell 'level0_i/ulp/hmss_0/inst/hbm_reset_sync_SLR1'
INFO: [Project 1-454] Reading design checkpoint '/data/tmp/chuxiao/spine_opt_v2_hw_150_20260728/temp/partitioned_split_e2e_link/link/vivado/vpl/prj/prj.gen/my_rm/bd/ulp/ip/ulp_hmss_0_0/bd_0/ip/ip_3/bd_85ad_hbm_reset_sync_SLR2_0.dcp' for cell 'level0_i/ulp/hmss_0/inst/hbm_reset_sync_SLR2'
INFO: [Project 1-454] Reading design checkpoint '/data/tmp/chuxiao/spine_opt_v2_hw_150_20260728/temp/partitioned_split_e2e_link/link/vivado/vpl/prj/prj.gen/my_rm/bd/ulp/ip/ulp_hmss_0_0/bd_0/ip/ip_82/bd_85ad_util_vector_logic_0.dcp' for cell 'level0_i/ulp/hmss_0/inst/util_vector_logic'
INFO: [Project 1-454] Reading design checkpoint '/data/tmp/chuxiao/spine_opt_v2_hw_150_20260728/temp/partitioned_split_e2e_link/link/vivado/vpl/prj/prj.gen/my_rm/bd/ulp/ip/ulp_hmss_0_0/bd_0/ip/ip_78/bd_85ad_vip_S00_0.dcp' for cell 'level0_i/ulp/hmss_0/inst/vip_S00'
INFO: [Project 1-454] Reading design checkpoint '/data/tmp/chuxiao/spine_opt_v2_hw_150_20260728/temp/partitioned_split_e2e_link/link/vivado/vpl/prj/prj.gen/my_rm/bd/ulp/ip/ulp_hmss_0_0/bd_0/ip/ip_6/bd_85ad_vip_S01_0.dcp' for cell 'level0_i/ulp/hmss_0/inst/vip_S01'
INFO: [Project 1-454] Reading design checkpoint '/data/tmp/chuxiao/spine_opt_v2_hw_150_20260728/temp/partitioned_split_e2e_link/link/vivado/vpl/prj/prj.gen/my_rm/bd/ulp/ip/ulp_hmss_0_0/bd_0/ip/ip_9/bd_85ad_vip_S02_0.dcp' for cell 'level0_i/ulp/hmss_0/inst/vip_S02'
INFO: [Project 1-454] Reading design checkpoint '/data/tmp/chuxiao/spine_opt_v2_hw_150_20260728/temp/partitioned_split_e2e_link/link/vivado/vpl/prj/prj.gen/my_rm/bd/ulp/ip/ulp_hmss_0_0/bd_0/ip/ip_12/bd_85ad_vip_S03_0.dcp' for cell 'level0_i/ulp/hmss_0/inst/vip_S03'
INFO: [Project 1-454] Reading design checkpoint '/data/tmp/chuxiao/spine_opt_v2_hw_150_20260728/temp/partitioned_split_e2e_link/link/vivado/vpl/prj/prj.gen/my_rm/bd/ulp/ip/ulp_hmss_0_0/bd_0/ip/ip_15/bd_85ad_vip_S04_0.dcp' for cell 'level0_i/ulp/hmss_0/inst/vip_S04'
INFO: [Project 1-454] Reading design checkpoint '/data/tmp/chuxiao/spine_opt_v2_hw_150_20260728/temp/partitioned_split_e2e_link/link/vivado/vpl/prj/prj.gen/my_rm/bd/ulp/ip/ulp_hmss_0_0/bd_0/ip/ip_18/bd_85ad_vip_S05_0.dcp' for cell 'level0_i/ulp/hmss_0/inst/vip_S05'
INFO: [Project 1-454] Reading design checkpoint '/data/tmp/chuxiao/spine_opt_v2_hw_150_20260728/temp/partitioned_split_e2e_link/link/vivado/vpl/prj/prj.gen/my_rm/bd/ulp/ip/ulp_hmss_0_0/bd_0/ip/ip_21/bd_85ad_vip_S06_0.dcp' for cell 'level0_i/ulp/hmss_0/inst/vip_S06'
INFO: [Project 1-454] Reading design checkpoint '/data/tmp/chuxiao/spine_opt_v2_hw_150_20260728/temp/partitioned_split_e2e_link/link/vivado/vpl/prj/prj.gen/my_rm/bd/ulp/ip/ulp_hmss_0_0/bd_0/ip/ip_24/bd_85ad_vip_S07_0.dcp' for cell 'level0_i/ulp/hmss_0/inst/vip_S07'
INFO: [Project 1-454] Reading design checkpoint '/data/tmp/chuxiao/spine_opt_v2_hw_150_20260728/temp/partitioned_split_e2e_link/link/vivado/vpl/prj/prj.gen/my_rm/bd/ulp/ip/ulp_hmss_0_0/bd_0/ip/ip_27/bd_85ad_vip_S08_0.dcp' for cell 'level0_i/ulp/hmss_0/inst/vip_S08'
INFO: [Project 1-454] Reading design checkpoint '/data/tmp/chuxiao/spine_opt_v2_hw_150_20260728/temp/partitioned_split_e2e_link/link/vivado/vpl/prj/prj.gen/my_rm/bd/ulp/ip/ulp_hmss_0_0/bd_0/ip/ip_30/bd_85ad_vip_S09_0.dcp' for cell 'level0_i/ulp/hmss_0/inst/vip_S09'
INFO: [Project 1-454] Reading design checkpoint '/data/tmp/chuxiao/spine_opt_v2_hw_150_20260728/temp/partitioned_split_e2e_link/link/vivado/vpl/prj/prj.gen/my_rm/bd/ulp/ip/ulp_hmss_0_0/bd_0/ip/ip_33/bd_85ad_vip_S10_0.dcp' for cell 'level0_i/ulp/hmss_0/inst/vip_S10'
INFO: [Project 1-454] Reading design checkpoint '/data/tmp/chuxiao/spine_opt_v2_hw_150_20260728/temp/partitioned_split_e2e_link/link/vivado/vpl/prj/prj.gen/my_rm/bd/ulp/ip/ulp_hmss_0_0/bd_0/ip/ip_36/bd_85ad_vip_S11_0.dcp' for cell 'level0_i/ulp/hmss_0/inst/vip_S11'
INFO: [Project 1-454] Reading design checkpoint '/data/tmp/chuxiao/spine_opt_v2_hw_150_20260728/temp/partitioned_split_e2e_link/link/vivado/vpl/prj/prj.gen/my_rm/bd/ulp/ip/ulp_hmss_0_0/bd_0/ip/ip_39/bd_85ad_vip_S12_0.dcp' for cell 'level0_i/ulp/hmss_0/inst/vip_S12'
INFO: [Project 1-454] Reading design checkpoint '/data/tmp/chuxiao/spine_opt_v2_hw_150_20260728/temp/partitioned_split_e2e_link/link/vivado/vpl/prj/prj.gen/my_rm/bd/ulp/ip/ulp_hmss_0_0/bd_0/ip/ip_42/bd_85ad_vip_S13_0.dcp' for cell 'level0_i/ulp/hmss_0/inst/vip_S13'
INFO: [Project 1-454] Reading design checkpoint '/data/tmp/chuxiao/spine_opt_v2_hw_150_20260728/temp/partitioned_split_e2e_link/link/vivado/vpl/prj/prj.gen/my_rm/bd/ulp/ip/ulp_hmss_0_0/bd_0/ip/ip_45/bd_85ad_vip_S14_0.dcp' for cell 'level0_i/ulp/hmss_0/inst/vip_S14'
INFO: [Project 1-454] Reading design checkpoint '/data/tmp/chuxiao/spine_opt_v2_hw_150_20260728/temp/partitioned_split_e2e_link/link/vivado/vpl/prj/prj.gen/my_rm/bd/ulp/ip/ulp_hmss_0_0/bd_0/ip/ip_48/bd_85ad_vip_S15_0.dcp' for cell 'level0_i/ulp/hmss_0/inst/vip_S15'
INFO: [Project 1-454] Reading design checkpoint '/data/tmp/chuxiao/spine_opt_v2_hw_150_20260728/temp/partitioned_split_e2e_link/link/vivado/vpl/prj/prj.gen/my_rm/bd/ulp/ip/ulp_hmss_0_0/bd_0/ip/ip_51/bd_85ad_vip_S16_0.dcp' for cell 'level0_i/ulp/hmss_0/inst/vip_S16'
INFO: [Project 1-454] Reading design checkpoint '/data/tmp/chuxiao/spine_opt_v2_hw_150_20260728/temp/partitioned_split_e2e_link/link/vivado/vpl/prj/prj.gen/my_rm/bd/ulp/ip/ulp_hmss_0_0/bd_0/ip/ip_54/bd_85ad_vip_S17_0.dcp' for cell 'level0_i/ulp/hmss_0/inst/vip_S17'
INFO: [Project 1-454] Reading design checkpoint '/data/tmp/chuxiao/spine_opt_v2_hw_150_20260728/temp/partitioned_split_e2e_link/link/vivado/vpl/prj/prj.gen/my_rm/bd/ulp/ip/ulp_hmss_0_0/bd_0/ip/ip_57/bd_85ad_vip_S18_0.dcp' for cell 'level0_i/ulp/hmss_0/inst/vip_S18'
INFO: [Project 1-454] Reading design checkpoint '/data/tmp/chuxiao/spine_opt_v2_hw_150_20260728/temp/partitioned_split_e2e_link/link/vivado/vpl/prj/prj.gen/my_rm/bd/ulp/ip/ulp_hmss_0_0/bd_0/ip/ip_66/bd_85ad_vip_S19_0.dcp' for cell 'level0_i/ulp/hmss_0/inst/vip_S19'
INFO: [Project 1-454] Reading design checkpoint '/data/tmp/chuxiao/spine_opt_v2_hw_150_20260728/temp/partitioned_split_e2e_link/link/vivado/vpl/prj/prj.gen/my_rm/bd/ulp/ip/ulp_hmss_0_0/bd_0/ip/ip_69/bd_85ad_vip_S20_0.dcp' for cell 'level0_i/ulp/hmss_0/inst/vip_S20'
INFO: [Project 1-454] Reading design checkpoint '/data/tmp/chuxiao/spine_opt_v2_hw_150_20260728/temp/partitioned_split_e2e_link/link/vivado/vpl/prj/prj.gen/my_rm/bd/ulp/ip/ulp_hmss_0_0/bd_0/ip/ip_60/bd_85ad_vip_S21_0.dcp' for cell 'level0_i/ulp/hmss_0/inst/vip_S21'
INFO: [Project 1-454] Reading design checkpoint '/data/tmp/chuxiao/spine_opt_v2_hw_150_20260728/temp/partitioned_split_e2e_link/link/vivado/vpl/prj/prj.gen/my_rm/bd/ulp/ip/ulp_hmss_0_0/bd_0/ip/ip_63/bd_85ad_vip_S22_0.dcp' for cell 'level0_i/ulp/hmss_0/inst/vip_S22'
INFO: [Project 1-454] Reading design checkpoint '/data/tmp/chuxiao/spine_opt_v2_hw_150_20260728/temp/partitioned_split_e2e_link/link/vivado/vpl/prj/prj.gen/my_rm/bd/ulp/ip/ulp_hmss_0_0/bd_0/ip/ip_72/bd_85ad_vip_S23_0.dcp' for cell 'level0_i/ulp/hmss_0/inst/vip_S23'
INFO: [Project 1-454] Reading design checkpoint '/data/tmp/chuxiao/spine_opt_v2_hw_150_20260728/temp/partitioned_split_e2e_link/link/vivado/vpl/prj/prj.gen/my_rm/bd/ulp/ip/ulp_hmss_0_0/bd_0/ip/ip_75/bd_85ad_vip_S24_0.dcp' for cell 'level0_i/ulp/hmss_0/inst/vip_S24'
INFO: [Project 1-454] Reading design checkpoint '/data/tmp/chuxiao/spine_opt_v2_hw_150_20260728/temp/partitioned_split_e2e_link/link/vivado/vpl/prj/prj.gen/my_rm/bd/ulp/ip/ulp_hmss_0_0/bd_0/ip/ip_81/bd_85ad_init_reduce_0.dcp' for cell 'level0_i/ulp/hmss_0/inst/init_logic/init_reduce'
INFO: [Project 1-454] Reading design checkpoint '/data/tmp/chuxiao/spine_opt_v2_hw_150_20260728/temp/partitioned_split_e2e_link/link/vivado/vpl/prj/prj.gen/my_rm/bd/ulp/ip/ulp_hmss_0_0/bd_0/ip/ip_4/bd_85ad_interconnect1_0_0.dcp' for cell 'level0_i/ulp/hmss_0/inst/path_0/interconnect1_0'
INFO: [Project 1-454] Reading design checkpoint '/data/tmp/chuxiao/spine_opt_v2_hw_150_20260728/temp/partitioned_split_e2e_link/link/vivado/vpl/prj/prj.gen/my_rm/bd/ulp/ip/ulp_hmss_0_0/bd_0/ip/ip_5/bd_85ad_slice1_0_0.dcp' for cell 'level0_i/ulp/hmss_0/inst/path_0/slice1_0'
INFO: [Project 1-454] Reading design checkpoint '/data/tmp/chuxiao/spine_opt_v2_hw_150_20260728/temp/partitioned_split_e2e_link/link/vivado/vpl/prj/prj.gen/my_rm/bd/ulp/ip/ulp_hmss_0_0/bd_0/ip/ip_7/bd_85ad_interconnect2_1_0.dcp' for cell 'level0_i/ulp/hmss_0/inst/path_1/interconnect2_1'
INFO: [Project 1-454] Reading design checkpoint '/data/tmp/chuxiao/spine_opt_v2_hw_150_20260728/temp/partitioned_split_e2e_link/link/vivado/vpl/prj/prj.gen/my_rm/bd/ulp/ip/ulp_hmss_0_0/bd_0/ip/ip_8/bd_85ad_slice2_1_0.dcp' for cell 'level0_i/ulp/hmss_0/inst/path_1/slice2_1'
INFO: [Project 1-454] Reading design checkpoint '/data/tmp/chuxiao/spine_opt_v2_hw_150_20260728/temp/partitioned_split_e2e_link/link/vivado/vpl/prj/prj.gen/my_rm/bd/ulp/ip/ulp_hmss_0_0/bd_0/ip/ip_34/bd_85ad_interconnect11_10_0.dcp' for cell 'level0_i/ulp/hmss_0/inst/path_10/interconnect11_10'
INFO: [Project 1-454] Reading design checkpoint '/data/tmp/chuxiao/spine_opt_v2_hw_150_20260728/temp/partitioned_split_e2e_link/link/vivado/vpl/prj/prj.gen/my_rm/bd/ulp/ip/ulp_hmss_0_0/bd_0/ip/ip_35/bd_85ad_slice11_10_0.dcp' for cell 'level0_i/ulp/hmss_0/inst/path_10/slice11_10'
INFO: [Project 1-454] Reading design checkpoint '/data/tmp/chuxiao/spine_opt_v2_hw_150_20260728/temp/partitioned_split_e2e_link/link/vivado/vpl/prj/prj.gen/my_rm/bd/ulp/ip/ulp_hmss_0_0/bd_0/ip/ip_37/bd_85ad_interconnect12_11_0.dcp' for cell 'level0_i/ulp/hmss_0/inst/path_11/interconnect12_11'
INFO: [Project 1-454] Reading design checkpoint '/data/tmp/chuxiao/spine_opt_v2_hw_150_20260728/temp/partitioned_split_e2e_link/link/vivado/vpl/prj/prj.gen/my_rm/bd/ulp/ip/ulp_hmss_0_0/bd_0/ip/ip_38/bd_85ad_slice12_11_0.dcp' for cell 'level0_i/ulp/hmss_0/inst/path_11/slice12_11'
INFO: [Project 1-454] Reading design checkpoint '/data/tmp/chuxiao/spine_opt_v2_hw_150_20260728/temp/partitioned_split_e2e_link/link/vivado/vpl/prj/prj.gen/my_rm/bd/ulp/ip/ulp_hmss_0_0/bd_0/ip/ip_40/bd_85ad_interconnect13_12_0.dcp' for cell 'level0_i/ulp/hmss_0/inst/path_12/interconnect13_12'
INFO: [Project 1-454] Reading design checkpoint '/data/tmp/chuxiao/spine_opt_v2_hw_150_20260728/temp/partitioned_split_e2e_link/link/vivado/vpl/prj/prj.gen/my_rm/bd/ulp/ip/ulp_hmss_0_0/bd_0/ip/ip_41/bd_85ad_slice13_12_0.dcp' for cell 'level0_i/ulp/hmss_0/inst/path_12/slice13_12'
INFO: [Project 1-454] Reading design checkpoint '/data/tmp/chuxiao/spine_opt_v2_hw_150_20260728/temp/partitioned_split_e2e_link/link/vivado/vpl/prj/prj.gen/my_rm/bd/ulp/ip/ulp_hmss_0_0/bd_0/ip/ip_43/bd_85ad_interconnect14_13_0.dcp' for cell 'level0_i/ulp/hmss_0/inst/path_13/interconnect14_13'
INFO: [Project 1-454] Reading design checkpoint '/data/tmp/chuxiao/spine_opt_v2_hw_150_20260728/temp/partitioned_split_e2e_link/link/vivado/vpl/prj/prj.gen/my_rm/bd/ulp/ip/ulp_hmss_0_0/bd_0/ip/ip_44/bd_85ad_slice14_13_0.dcp' for cell 'level0_i/ulp/hmss_0/inst/path_13/slice14_13'
INFO: [Project 1-454] Reading design checkpoint '/data/tmp/chuxiao/spine_opt_v2_hw_150_20260728/temp/partitioned_split_e2e_link/link/vivado/vpl/prj/prj.gen/my_rm/bd/ulp/ip/ulp_hmss_0_0/bd_0/ip/ip_46/bd_85ad_interconnect15_14_0.dcp' for cell 'level0_i/ulp/hmss_0/inst/path_14/interconnect15_14'
INFO: [Project 1-454] Reading design checkpoint '/data/tmp/chuxiao/spine_opt_v2_hw_150_20260728/temp/partitioned_split_e2e_link/link/vivado/vpl/prj/prj.gen/my_rm/bd/ulp/ip/ulp_hmss_0_0/bd_0/ip/ip_47/bd_85ad_slice15_14_0.dcp' for cell 'level0_i/ulp/hmss_0/inst/path_14/slice15_14'
INFO: [Project 1-454] Reading design checkpoint '/data/tmp/chuxiao/spine_opt_v2_hw_150_20260728/temp/partitioned_split_e2e_link/link/vivado/vpl/prj/prj.gen/my_rm/bd/ulp/ip/ulp_hmss_0_0/bd_0/ip/ip_49/bd_85ad_interconnect16_15_0.dcp' for cell 'level0_i/ulp/hmss_0/inst/path_15/interconnect16_15'
INFO: [Project 1-454] Reading design checkpoint '/data/tmp/chuxiao/spine_opt_v2_hw_150_20260728/temp/partitioned_split_e2e_link/link/vivado/vpl/prj/prj.gen/my_rm/bd/ulp/ip/ulp_hmss_0_0/bd_0/ip/ip_50/bd_85ad_slice16_15_0.dcp' for cell 'level0_i/ulp/hmss_0/inst/path_15/slice16_15'
INFO: [Project 1-454] Reading design checkpoint '/data/tmp/chuxiao/spine_opt_v2_hw_150_20260728/temp/partitioned_split_e2e_link/link/vivado/vpl/prj/prj.gen/my_rm/bd/ulp/ip/ulp_hmss_0_0/bd_0/ip/ip_52/bd_85ad_interconnect17_16_0.dcp' for cell 'level0_i/ulp/hmss_0/inst/path_16/interconnect17_16'
INFO: [Project 1-454] Reading design checkpoint '/data/tmp/chuxiao/spine_opt_v2_hw_150_20260728/temp/partitioned_split_e2e_link/link/vivado/vpl/prj/prj.gen/my_rm/bd/ulp/ip/ulp_hmss_0_0/bd_0/ip/ip_53/bd_85ad_slice17_16_0.dcp' for cell 'level0_i/ulp/hmss_0/inst/path_16/slice17_16'
INFO: [Project 1-454] Reading design checkpoint '/data/tmp/chuxiao/spine_opt_v2_hw_150_20260728/temp/partitioned_split_e2e_link/link/vivado/vpl/prj/prj.gen/my_rm/bd/ulp/ip/ulp_hmss_0_0/bd_0/ip/ip_55/bd_85ad_interconnect18_17_0.dcp' for cell 'level0_i/ulp/hmss_0/inst/path_17/interconnect18_17'
INFO: [Project 1-454] Reading design checkpoint '/data/tmp/chuxiao/spine_opt_v2_hw_150_20260728/temp/partitioned_split_e2e_link/link/vivado/vpl/prj/prj.gen/my_rm/bd/ulp/ip/ulp_hmss_0_0/bd_0/ip/ip_56/bd_85ad_slice18_17_0.dcp' for cell 'level0_i/ulp/hmss_0/inst/path_17/slice18_17'
INFO: [Project 1-454] Reading design checkpoint '/data/tmp/chuxiao/spine_opt_v2_hw_150_20260728/temp/partitioned_split_e2e_link/link/vivado/vpl/prj/prj.gen/my_rm/bd/ulp/ip/ulp_hmss_0_0/bd_0/ip/ip_58/bd_85ad_interconnect21_18_0.dcp' for cell 'level0_i/ulp/hmss_0/inst/path_18/interconnect21_18'
INFO: [Project 1-454] Reading design checkpoint '/data/tmp/chuxiao/spine_opt_v2_hw_150_20260728/temp/partitioned_split_e2e_link/link/vivado/vpl/prj/prj.gen/my_rm/bd/ulp/ip/ulp_hmss_0_0/bd_0/ip/ip_59/bd_85ad_slice21_18_0.dcp' for cell 'level0_i/ulp/hmss_0/inst/path_18/slice21_18'
INFO: [Common 17-14] Message 'Project 1-454' appears 100 times and further instances of the messages will be disabled. Use the Tcl command set_msg_config to change the current settings.
Netlist sorting complete. Time (s): cpu = 00:00:08 ; elapsed = 00:00:08 . Memory (MB): peak = 5516.852 ; gain = 15.000 ; free physical = 50445 ; free virtual = 67682
INFO: [Netlist 29-17] Analyzing 25649 Unisim elements for replacement
INFO: [Netlist 29-28] Unisim Transformation completed in 4 CPU seconds
INFO: [Project 1-479] Netlist was created with Vivado 2024.1
INFO: [Project 1-570] Preparing netlist for logic optimization
WARNING: [Constraints 18-550] Could not create 'IBUF_LOW_PWR' constraint because net 'level0_i/blp/blp_i/freerun_clk/freerun_clk_ibufds/IBUF_OUT[0]' is not directly connected to top level port. 'IBUF_LOW_PWR' is ignored for synthesis but preserved for implementation.
Parsing XDC File [/data/tmp/chuxiao/spine_opt_v2_hw_150_20260728/temp/partitioned_split_e2e_link/link/vivado/vpl/prj/prj.gen/my_rm/bd/ulp/ip/ulp_hmss_0_0/bd_10/ip/ip_2/bd_5dbf_psr_aclk_0_board.xdc] for cell 'level0_i/ulp/hmss_0/inst/path_9/interconnect10_9/inst/clk_map/psr_aclk/U0'
Finished Parsing XDC File [/data/tmp/chuxiao/spine_opt_v2_hw_150_20260728/temp/partitioned_split_e2e_link/link/vivado/vpl/prj/prj.gen/my_rm/bd/ulp/ip/ulp_hmss_0_0/bd_10/ip/ip_2/bd_5dbf_psr_aclk_0_board.xdc] for cell 'level0_i/ulp/hmss_0/inst/path_9/interconnect10_9/inst/clk_map/psr_aclk/U0'
Parsing XDC File [/data/tmp/chuxiao/spine_opt_v2_hw_150_20260728/temp/partitioned_split_e2e_link/link/vivado/vpl/prj/prj.gen/my_rm/bd/ulp/ip/ulp_hmss_0_0/bd_9/ip/ip_3/bd_b9c4_psr_aclk1_0_board.xdc] for cell 'level0_i/ulp/hmss_0/inst/path_8/interconnect9_8/inst/clk_map/psr_aclk1/U0'
Finished Parsing XDC File [/data/tmp/chuxiao/spine_opt_v2_hw_150_20260728/temp/partitioned_split_e2e_link/link/vivado/vpl/prj/prj.gen/my_rm/bd/ulp/ip/ulp_hmss_0_0/bd_9/ip/ip_3/bd_b9c4_psr_aclk1_0_board.xdc] for cell 'level0_i/ulp/hmss_0/inst/path_8/interconnect9_8/inst/clk_map/psr_aclk1/U0'
Parsing XDC File [/data/tmp/chuxiao/spine_opt_v2_hw_150_20260728/temp/partitioned_split_e2e_link/link/vivado/vpl/prj/prj.gen/my_rm/bd/ulp/ip/ulp_hmss_0_0/bd_9/ip/ip_3/bd_b9c4_psr_aclk1_0.xdc] for cell 'level0_i/ulp/hmss_0/inst/path_8/interconnect9_8/inst/clk_map/psr_aclk1/U0'
Finished Parsing XDC File [/data/tmp/chuxiao/spine_opt_v2_hw_150_20260728/temp/partitioned_split_e2e_link/link/vivado/vpl/prj/prj.gen/my_rm/bd/ulp/ip/ulp_hmss_0_0/bd_9/ip/ip_3/bd_b9c4_psr_aclk1_0.xdc] for cell 'level0_i/ulp/hmss_0/inst/path_8/interconnect9_8/inst/clk_map/psr_aclk1/U0'
Parsing XDC File [/data/tmp/chuxiao/spine_opt_v2_hw_150_20260728/temp/partitioned_split_e2e_link/link/vivado/vpl/prj/prj.gen/my_rm/bd/ulp/ip/ulp_hmss_0_0/bd_9/ip/ip_8/bd_b9c4_sarn_0_clocks.xdc] for cell 'level0_i/ulp/hmss_0/inst/path_8/interconnect9_8/inst/s00_nodes/s00_ar_node/inst'
WARNING: [Vivado_Tcl 4-921] Waiver ID 'CDC-1' -to list should not be empty. [/data/tmp/chuxiao/spine_opt_v2_hw_150_20260728/temp/partitioned_split_e2e_link/link/vivado/vpl/prj/prj.gen/my_rm/bd/ulp/ip/ulp_hmss_0_0/bd_9/ip/ip_8/bd_b9c4_sarn_0_clocks.xdc:49]
WARNING: [Vivado_Tcl 4-921] Waiver ID 'CDC-1' -to list should not be empty. [/data/tmp/chuxiao/spine_opt_v2_hw_150_20260728/temp/partitioned_split_e2e_link/link/vivado/vpl/prj/prj.gen/my_rm/bd/ulp/ip/ulp_hmss_0_0/bd_9/ip/ip_8/bd_b9c4_sarn_0_clocks.xdc:52]
WARNING: [Vivado_Tcl 4-921] Waiver ID 'CDC-1' -to list should not be empty. [/data/tmp/chuxiao/spine_opt_v2_hw_150_20260728/temp/partitioned_split_e2e_link/link/vivado/vpl/prj/prj.gen/my_rm/bd/ulp/ip/ulp_hmss_0_0/bd_9/ip/ip_8/bd_b9c4_sarn_0_clocks.xdc:55]
WARNING: [Vivado_Tcl 4-921] Waiver ID 'CDC-1' -to list should not be empty. [/data/tmp/chuxiao/spine_opt_v2_hw_150_20260728/temp/partitioned_split_e2e_link/link/vivado/vpl/prj/prj.gen/my_rm/bd/ulp/ip/ulp_hmss_0_0/bd_9/ip/ip_8/bd_b9c4_sarn_0_clocks.xdc:59]
WARNING: [Vivado_Tcl 4-921] Waiver ID 'CDC-1' -to list should not be empty. [/data/tmp/chuxiao/spine_opt_v2_hw_150_20260728/temp/partitioned_split_e2e_link/link/vivado/vpl/prj/prj.gen/my_rm/bd/ulp/ip/ulp_hmss_0_0/bd_9/ip/ip_8/bd_b9c4_sarn_0_clocks.xdc:63]
WARNING: [Vivado_Tcl 4-921] Waiver ID 'CDC-1' -to list should not be empty. [/data/tmp/chuxiao/spine_opt_v2_hw_150_20260728/temp/partitioned_split_e2e_link/link/vivado/vpl/prj/prj.gen/my_rm/bd/ulp/ip/ulp_hmss_0_0/bd_9/ip/ip_8/bd_b9c4_sarn_0_clocks.xdc:66]
WARNING: [Vivado_Tcl 4-921] Waiver ID 'CDC-1' -to list should not be empty. [/data/tmp/chuxiao/spine_opt_v2_hw_150_20260728/temp/partitioned_split_e2e_link/link/vivado/vpl/prj/prj.gen/my_rm/bd/ulp/ip/ulp_hmss_0_0/bd_9/ip/ip_8/bd_b9c4_sarn_0_clocks.xdc:70]
WARNING: [Vivado_Tcl 4-921] Waiver ID 'CDC-1' -to list should not be empty. [/data/tmp/chuxiao/spine_opt_v2_hw_150_20260728/temp/partitioned_split_e2e_link/link/vivado/vpl/prj/prj.gen/my_rm/bd/ulp/ip/ulp_hmss_0_0/bd_9/ip/ip_8/bd_b9c4_sarn_0_clocks.xdc:73]
WARNING: [Vivado_Tcl 4-921] Waiver ID 'CDC-1' -to list should not be empty. [/data/tmp/chuxiao/spine_opt_v2_hw_150_20260728/temp/partitioned_split_e2e_link/link/vivado/vpl/prj/prj.gen/my_rm/bd/ulp/ip/ulp_hmss_0_0/bd_9/ip/ip_8/bd_b9c4_sarn_0_clocks.xdc:76]
WARNING: [Vivado_Tcl 4-921] Waiver ID 'CDC-1' -to list should not be empty. [/data/tmp/chuxiao/spine_opt_v2_hw_150_20260728/temp/partitioned_split_e2e_link/link/vivado/vpl/prj/prj.gen/my_rm/bd/ulp/ip/ulp_hmss_0_0/bd_9/ip/ip_8/bd_b9c4_sarn_0_clocks.xdc:79]
WARNING: [Vivado_Tcl 4-921] Waiver ID 'CDC-1' -to list should not be empty. [/data/tmp/chuxiao/spine_opt_v2_hw_150_20260728/temp/partitioned_split_e2e_link/link/vivado/vpl/prj/prj.gen/my_rm/bd/ulp/ip/ulp_hmss_0_0/bd_9/ip/ip_8/bd_b9c4_sarn_0_clocks.xdc:82]
WARNING: [Vivado_Tcl 4-921] Waiver ID 'CDC-4' -to list should not be empty. [/data/tmp/chuxiao/spine_opt_v2_hw_150_20260728/temp/partitioned_split_e2e_link/link/vivado/vpl/prj/prj.gen/my_rm/bd/ulp/ip/ulp_hmss_0_0/bd_9/ip/ip_8/bd_b9c4_sarn_0_clocks.xdc:85]
WARNING: [Vivado_Tcl 4-921] Waiver ID 'CDC-4' -to list should not be empty. [/data/tmp/chuxiao/spine_opt_v2_hw_150_20260728/temp/partitioned_split_e2e_link/link/vivado/vpl/prj/prj.gen/my_rm/bd/ulp/ip/ulp_hmss_0_0/bd_9/ip/ip_8/bd_b9c4_sarn_0_clocks.xdc:88]
WARNING: [Vivado_Tcl 4-921] Waiver ID 'CDC-2' -to list should not be empty. [/data/tmp/chuxiao/spine_opt_v2_hw_150_20260728/temp/partitioned_split_e2e_link/link/vivado/vpl/prj/prj.gen/my_rm/bd/ulp/ip/ulp_hmss_0_0/bd_9/ip/ip_8/bd_b9c4_sarn_0_clocks.xdc:91]
WARNING: [Vivado_Tcl 4-921] Waiver ID 'CDC-2' -to list should not be empty. [/data/tmp/chuxiao/spine_opt_v2_hw_150_20260728/temp/partitioned_split_e2e_link/link/vivado/vpl/prj/prj.gen/my_rm/bd/ulp/ip/ulp_hmss_0_0/bd_9/ip/ip_8/bd_b9c4_sarn_0_clocks.xdc:94]
WARNING: [Vivado_Tcl 4-921] Waiver ID 'CDC-2' -to list should not be empty. [/data/tmp/chuxiao/spine_opt_v2_hw_150_20260728/temp/partitioned_split_e2e_link/link/vivado/vpl/prj/prj.gen/my_rm/bd/ulp/ip/ulp_hmss_0_0/bd_9/ip/ip_8/bd_b9c4_sarn_0_clocks.xdc:97]
WARNING: [Vivado_Tcl 4-921] Waiver ID 'CDC-2' -to list should not be empty. [/data/tmp/chuxiao/spine_opt_v2_hw_150_20260728/temp/partitioned_split_e2e_link/link/vivado/vpl/prj/prj.gen/my_rm/bd/ulp/ip/ulp_hmss_0_0/bd_9/ip/ip_8/bd_b9c4_sarn_0_clocks.xdc:100]
WARNING: [Vivado_Tcl 4-921] Waiver ID 'CDC-1' -to list should not be empty. [/data/tmp/chuxiao/spine_opt_v2_hw_150_20260728/temp/partitioned_split_e2e_link/link/vivado/vpl/prj/prj.gen/my_rm/bd/ulp/ip/ulp_hmss_0_0/bd_9/ip/ip_8/bd_b9c4_sarn_0_clocks.xdc:104]
WARNING: [Vivado_Tcl 4-921] Waiver ID 'CDC-10' -to list should not be empty. [/data/tmp/chuxiao/spine_opt_v2_hw_150_20260728/temp/partitioned_split_e2e_link/link/vivado/vpl/prj/prj.gen/my_rm/bd/ulp/ip/ulp_hmss_0_0/bd_9/ip/ip_8/bd_b9c4_sarn_0_clocks.xdc:107]
WARNING: [Vivado_Tcl 4-921] Waiver ID 'CDC-10' -to list should not be empty. [/data/tmp/chuxiao/spine_opt_v2_hw_150_20260728/temp/partitioned_split_e2e_link/link/vivado/vpl/prj/prj.gen/my_rm/bd/ulp/ip/ulp_hmss_0_0/bd_9/ip/ip_8/bd_b9c4_sarn_0_clocks.xdc:110]
WARNING: [Vivado_Tcl 4-921] Waiver ID 'CDC-1' -to list should not be empty. [/data/tmp/chuxiao/spine_opt_v2_hw_150_20260728/temp/partitioned_split_e2e_link/link/vivado/vpl/prj/prj.gen/my_rm/bd/ulp/ip/ulp_hmss_0_0/bd_9/ip/ip_8/bd_b9c4_sarn_0_clocks.xdc:113]
WARNING: [Vivado_Tcl 4-921] Waiver ID 'CDC-1' -to list should not be empty. [/data/tmp/chuxiao/spine_opt_v2_hw_150_20260728/temp/partitioned_split_e2e_link/link/vivado/vpl/prj/prj.gen/my_rm/bd/ulp/ip/ulp_hmss_0_0/bd_9/ip/ip_8/bd_b9c4_sarn_0_clocks.xdc:116]
WARNING: [Vivado_Tcl 4-921] Waiver ID 'CDC-1' -to list should not be empty. [/data/tmp/chuxiao/spine_opt_v2_hw_150_20260728/temp/partitioned_split_e2e_link/link/vivado/vpl/prj/prj.gen/my_rm/bd/ulp/ip/ulp_hmss_0_0/bd_9/ip/ip_8/bd_b9c4_sarn_0_clocks.xdc:119]
WARNING: [Vivado_Tcl 4-921] Waiver ID 'CDC-13' -to list should not be empty. [/data/tmp/chuxiao/spine_opt_v2_hw_150_20260728/temp/partitioned_split_e2e_link/link/vivado/vpl/prj/prj.gen/my_rm/bd/ulp/ip/ulp_hmss_0_0/bd_9/ip/ip_8/bd_b9c4_sarn_0_clocks.xdc:122]
WARNING: [Vivado_Tcl 4-921] Waiver ID 'CDC-1' -to list should not be empty. [/data/tmp/chuxiao/spine_opt_v2_hw_150_20260728/temp/partitioned_split_e2e_link/link/vivado/vpl/prj/prj.gen/my_rm/bd/ulp/ip/ulp_hmss_0_0/bd_9/ip/ip_8/bd_b9c4_sarn_0_clocks.xdc:125]
WARNING: [Vivado_Tcl 4-921] Waiver ID 'CDC-1' -to list should not be empty. [/data/tmp/chuxiao/spine_opt_v2_hw_150_20260728/temp/partitioned_split_e2e_link/link/vivado/vpl/prj/prj.gen/my_rm/bd/ulp/ip/ulp_hmss_0_0/bd_9/ip/ip_8/bd_b9c4_sarn_0_clocks.xdc:128]
WARNING: [Vivado_Tcl 4-921] Waiver ID 'CDC-13' -to list should not be empty. [/data/tmp/chuxiao/spine_opt_v2_hw_150_20260728/temp/partitioned_split_e2e_link/link/vivado/vpl/prj/prj.gen/my_rm/bd/ulp/ip/ulp_hmss_0_0/bd_9/ip/ip_8/bd_b9c4_sarn_0_clocks.xdc:131]
WARNING: [Vivado_Tcl 4-921] Waiver ID 'CDC-1' -to list should not be empty. [/data/tmp/chuxiao/spine_opt_v2_hw_150_20260728/temp/partitioned_split_e2e_link/link/vivado/vpl/prj/prj.gen/my_rm/bd/ulp/ip/ulp_hmss_0_0/bd_9/ip/ip_8/bd_b9c4_sarn_0_clocks.xdc:134]
WARNING: [Vivado_Tcl 4-921] Waiver ID 'CDC-10' -to list should not be empty. [/data/tmp/chuxiao/spine_opt_v2_hw_150_20260728/temp/partitioned_split_e2e_link/link/vivado/vpl/prj/prj.gen/my_rm/bd/ulp/ip/ulp_hmss_0_0/bd_9/ip/ip_8/bd_b9c4_sarn_0_clocks.xdc:137]
WARNING: [Vivado_Tcl 4-921] Waiver ID 'CDC-1' -to list should not be empty. [/data/tmp/chuxiao/spine_opt_v2_hw_150_20260728/temp/partitioned_split_e2e_link/link/vivado/vpl/prj/prj.gen/my_rm/bd/ulp/ip/ulp_hmss_0_0/bd_9/ip/ip_8/bd_b9c4_sarn_0_clocks.xdc:140]
WARNING: [Vivado_Tcl 4-921] Waiver ID 'CDC-1' -to list should not be empty. [/data/tmp/chuxiao/spine_opt_v2_hw_150_20260728/temp/partitioned_split_e2e_link/link/vivado/vpl/prj/prj.gen/my_rm/bd/ulp/ip/ulp_hmss_0_0/bd_9/ip/ip_8/bd_b9c4_sarn_0_clocks.xdc:143]
WARNING: [Vivado_Tcl 4-921] Waiver ID 'CDC-1' -to list should not be empty. [/data/tmp/chuxiao/spine_opt_v2_hw_150_20260728/temp/partitioned_split_e2e_link/link/vivado/vpl/prj/prj.gen/my_rm/bd/ulp/ip/ulp_hmss_0_0/bd_9/ip/ip_8/bd_b9c4_sarn_0_clocks.xdc:146]
WARNING: [Vivado_Tcl 4-921] Waiver ID 'CDC-2' -to list should not be empty. [/data/tmp/chuxiao/spine_opt_v2_hw_150_20260728/temp/partitioned_split_e2e_link/link/vivado/vpl/prj/prj.gen/my_rm/bd/ulp/ip/ulp_hmss_0_0/bd_9/ip/ip_8/bd_b9c4_sarn_0_clocks.xdc:149]
WARNING: [Vivado_Tcl 4-921] Waiver ID 'CDC-1' -to list should not be empty. [/data/tmp/chuxiao/spine_opt_v2_hw_150_20260728/temp/partitioned_split_e2e_link/link/vivado/vpl/prj/prj.gen/my_rm/bd/ulp/ip/ulp_hmss_0_0/bd_9/ip/ip_8/bd_b9c4_sarn_0_clocks.xdc:152]
WARNING: [Vivado_Tcl 4-921] Waiver ID 'CDC-1' -to list should not be empty. [/data/tmp/chuxiao/spine_opt_v2_hw_150_20260728/temp/partitioned_split_e2e_link/link/vivado/vpl/prj/prj.gen/my_rm/bd/ulp/ip/ulp_hmss_0_0/bd_9/ip/ip_8/bd_b9c4_sarn_0_clocks.xdc:155]
WARNING: [Vivado_Tcl 4-921] Waiver ID 'CDC-1' -to list should not be empty. [/data/tmp/chuxiao/spine_opt_v2_hw_150_20260728/temp/partitioned_split_e2e_link/link/vivado/vpl/prj/prj.gen/my_rm/bd/ulp/ip/ulp_hmss_0_0/bd_9/ip/ip_8/bd_b9c4_sarn_0_clocks.xdc:158]
WARNING: [Vivado_Tcl 4-921] Waiver ID 'CDC-10' -to list should not be empty. [/data/tmp/chuxiao/spine_opt_v2_hw_150_20260728/temp/partitioned_split_e2e_link/link/vivado/vpl/prj/prj.gen/my_rm/bd/ulp/ip/ulp_hmss_0_0/bd_9/ip/ip_8/bd_b9c4_sarn_0_clocks.xdc:161]
WARNING: [Vivado_Tcl 4-921] Waiver ID 'CDC-4' -to list should not be empty. [/data/tmp/chuxiao/spine_opt_v2_hw_150_20260728/temp/partitioned_split_e2e_link/link/vivado/vpl/prj/prj.gen/my_rm/bd/ulp/ip/ulp_hmss_0_0/bd_9/ip/ip_8/bd_b9c4_sarn_0_clocks.xdc:164]
WARNING: [Vivado_Tcl 4-921] Waiver ID 'CDC-4' -to list should not be empty. [/data/tmp/chuxiao/spine_opt_v2_hw_150_20260728/temp/partitioned_split_e2e_link/link/vivado/vpl/prj/prj.gen/my_rm/bd/ulp/ip/ulp_hmss_0_0/bd_9/ip/ip_8/bd_b9c4_sarn_0_clocks.xdc:167]
WARNING: [Vivado_Tcl 4-921] Waiver ID 'CDC-4' -to list should not be empty. [/data/tmp/chuxiao/spine_opt_v2_hw_150_20260728/temp/partitioned_split_e2e_link/link/vivado/vpl/prj/prj.gen/my_rm/bd/ulp/ip/ulp_hmss_0_0/bd_9/ip/ip_8/bd_b9c4_sarn_0_clocks.xdc:171]
WARNING: [Vivado_Tcl 4-921] Waiver ID 'CDC-4' -to list should not be empty. [/data/tmp/chuxiao/spine_opt_v2_hw_150_20260728/temp/partitioned_split_e2e_link/link/vivado/vpl/prj/prj.gen/my_rm/bd/ulp/ip/ulp_hmss_0_0/bd_9/ip/ip_8/bd_b9c4_sarn_0_clocks.xdc:174]
WARNING: [Vivado_Tcl 4-921] Waiver ID 'CDC-1' -to list should not be empty. [/data/tmp/chuxiao/spine_opt_v2_hw_150_20260728/temp/partitioned_split_e2e_link/link/vivado/vpl/prj/prj.gen/my_rm/bd/ulp/ip/ulp_hmss_0_0/bd_9/ip/ip_8/bd_b9c4_sarn_0_clocks.xdc:178]
WARNING: [Vivado_Tcl 4-921] Waiver ID 'CDC-1' -to list should not be empty. [/data/tmp/chuxiao/spine_opt_v2_hw_150_20260728/temp/partitioned_split_e2e_link/link/vivado/vpl/prj/prj.gen/my_rm/bd/ulp/ip/ulp_hmss_0_0/bd_9/ip/ip_8/bd_b9c4_sarn_0_clocks.xdc:181]
WARNING: [Vivado_Tcl 4-921] Waiver ID 'CDC-13' -to list should not be empty. [/data/tmp/chuxiao/spine_opt_v2_hw_150_20260728/temp/partitioned_split_e2e_link/link/vivado/vpl/prj/prj.gen/my_rm/bd/ulp/ip/ulp_hmss_0_0/bd_9/ip/ip_8/bd_b9c4_sarn_0_clocks.xdc:184]
Finished Parsing XDC File [/data/tmp/chuxiao/spine_opt_v2_hw_150_20260728/temp/partitioned_split_e2e_link/link/vivado/vpl/prj/prj.gen/my_rm/bd/ulp/ip/ulp_hmss_0_0/bd_9/ip/ip_8/bd_b9c4_sarn_0_clocks.xdc] for cell 'level0_i/ulp/hmss_0/inst/path_8/interconnect9_8/inst/s00_nodes/s00_ar_node/inst'
Parsing XDC File [/data/tmp/chuxiao/spine_opt_v2_hw_150_20260728/temp/partitioned_split_e2e_link/link/vivado/vpl/prj/prj.gen/my_rm/bd/ulp/ip/ulp_hmss_0_0/bd_9/ip/ip_9/bd_b9c4_srn_0_clocks.xdc] for cell 'level0_i/ulp/hmss_0/inst/path_8/interconnect9_8/inst/s00_nodes/s00_r_node/inst'
WARNING: [Vivado_Tcl 4-921] Waiver ID 'CDC-1' -to list should not be empty. [/data/tmp/chuxiao/spine_opt_v2_hw_150_20260728/temp/partitioned_split_e2e_link/link/vivado/vpl/prj/prj.gen/my_rm/bd/ulp/ip/ulp_hmss_0_0/bd_9/ip/ip_9/bd_b9c4_srn_0_clocks.xdc:49]
WARNING: [Vivado_Tcl 4-921] Waiver ID 'CDC-1' -to list should not be empty. [/data/tmp/chuxiao/spine_opt_v2_hw_150_20260728/temp/partitioned_split_e2e_link/link/vivado/vpl/prj/prj.gen/my_rm/bd/ulp/ip/ulp_hmss_0_0/bd_9/ip/ip_9/bd_b9c4_srn_0_clocks.xdc:52]
WARNING: [Vivado_Tcl 4-921] Waiver ID 'CDC-1' -to list should not be empty. [/data/tmp/chuxiao/spine_opt_v2_hw_150_20260728/temp/partitioned_split_e2e_link/link/vivado/vpl/prj/prj.gen/my_rm/bd/ulp/ip/ulp_hmss_0_0/bd_9/ip/ip_9/bd_b9c4_srn_0_clocks.xdc:55]
WARNING: [Vivado_Tcl 4-921] Waiver ID 'CDC-1' -to list should not be empty. [/data/tmp/chuxiao/spine_opt_v2_hw_150_20260728/temp/partitioned_split_e2e_link/link/vivado/vpl/prj/prj.gen/my_rm/bd/ulp/ip/ulp_hmss_0_0/bd_9/ip/ip_9/bd_b9c4_srn_0_clocks.xdc:59]
WARNING: [Vivado_Tcl 4-921] Waiver ID 'CDC-1' -to list should not be empty. [/data/tmp/chuxiao/spine_opt_v2_hw_150_20260728/temp/partitioned_split_e2e_link/link/vivado/vpl/prj/prj.gen/my_rm/bd/ulp/ip/ulp_hmss_0_0/bd_9/ip/ip_9/bd_b9c4_srn_0_clocks.xdc:63]
WARNING: [Vivado_Tcl 4-921] Waiver ID 'CDC-1' -to list should not be empty. [/data/tmp/chuxiao/spine_opt_v2_hw_150_20260728/temp/partitioned_split_e2e_link/link/vivado/vpl/prj/prj.gen/my_rm/bd/ulp/ip/ulp_hmss_0_0/bd_9/ip/ip_9/bd_b9c4_srn_0_clocks.xdc:66]
WARNING: [Vivado_Tcl 4-921] Waiver ID 'CDC-1' -to list should not be empty. [/data/tmp/chuxiao/spine_opt_v2_hw_150_20260728/temp/partitioned_split_e2e_link/link/vivado/vpl/prj/prj.gen/my_rm/bd/ulp/ip/ulp_hmss_0_0/bd_9/ip/ip_9/bd_b9c4_srn_0_clocks.xdc:70]
WARNING: [Vivado_Tcl 4-921] Waiver ID 'CDC-1' -to list should not be empty. [/data/tmp/chuxiao/spine_opt_v2_hw_150_20260728/temp/partitioned_split_e2e_link/link/vivado/vpl/prj/prj.gen/my_rm/bd/ulp/ip/ulp_hmss_0_0/bd_9/ip/ip_9/bd_b9c4_srn_0_clocks.xdc:73]
WARNING: [Vivado_Tcl 4-921] Waiver ID 'CDC-1' -to list should not be empty. [/data/tmp/chuxiao/spine_opt_v2_hw_150_20260728/temp/partitioned_split_e2e_link/link/vivado/vpl/prj/prj.gen/my_rm/bd/ulp/ip/ulp_hmss_0_0/bd_9/ip/ip_9/bd_b9c4_srn_0_clocks.xdc:76]
WARNING: [Vivado_Tcl 4-921] Waiver ID 'CDC-1' -to list should not be empty. [/data/tmp/chuxiao/spine_opt_v2_hw_150_20260728/temp/partitioned_split_e2e_link/link/vivado/vpl/prj/prj.gen/my_rm/bd/ulp/ip/ulp_hmss_0_0/bd_9/ip/ip_9/bd_b9c4_srn_0_clocks.xdc:79]
WARNING: [Vivado_Tcl 4-921] Waiver ID 'CDC-1' -to list should not be empty. [/data/tmp/chuxiao/spine_opt_v2_hw_150_20260728/temp/partitioned_split_e2e_link/link/vivado/vpl/prj/prj.gen/my_rm/bd/ulp/ip/ulp_hmss_0_0/bd_9/ip/ip_9/bd_b9c4_srn_0_clocks.xdc:82]
WARNING: [Vivado_Tcl 4-921] Waiver ID 'CDC-4' -to list should not be empty. [/data/tmp/chuxiao/spine_opt_v2_hw_150_20260728/temp/partitioned_split_e2e_link/link/vivado/vpl/prj/prj.gen/my_rm/bd/ulp/ip/ulp_hmss_0_0/bd_9/ip/ip_9/bd_b9c4_srn_0_clocks.xdc:85]
WARNING: [Vivado_Tcl 4-921] Waiver ID 'CDC-4' -to list should not be empty. [/data/tmp/chuxiao/spine_opt_v2_hw_150_20260728/temp/partitioned_split_e2e_link/link/vivado/vpl/prj/prj.gen/my_rm/bd/ulp/ip/ulp_hmss_0_0/bd_9/ip/ip_9/bd_b9c4_srn_0_clocks.xdc:88]
WARNING: [Vivado_Tcl 4-921] Waiver ID 'CDC-2' -to list should not be empty. [/data/tmp/chuxiao/spine_opt_v2_hw_150_20260728/temp/partitioned_split_e2e_link/link/vivado/vpl/prj/prj.gen/my_rm/bd/ulp/ip/ulp_hmss_0_0/bd_9/ip/ip_9/bd_b9c4_srn_0_clocks.xdc:91]
WARNING: [Vivado_Tcl 4-921] Waiver ID 'CDC-2' -to list should not be empty. [/data/tmp/chuxiao/spine_opt_v2_hw_150_20260728/temp/partitioned_split_e2e_link/link/vivado/vpl/prj/prj.gen/my_rm/bd/ulp/ip/ulp_hmss_0_0/bd_9/ip/ip_9/bd_b9c4_srn_0_clocks.xdc:94]
WARNING: [Vivado_Tcl 4-921] Waiver ID 'CDC-2' -to list should not be empty. [/data/tmp/chuxiao/spine_opt_v2_hw_150_20260728/temp/partitioned_split_e2e_link/link/vivado/vpl/prj/prj.gen/my_rm/bd/ulp/ip/ulp_hmss_0_0/bd_9/ip/ip_9/bd_b9c4_srn_0_clocks.xdc:97]
WARNING: [Vivado_Tcl 4-921] Waiver ID 'CDC-2' -to list should not be empty. [/data/tmp/chuxiao/spine_opt_v2_hw_150_20260728/temp/partitioned_split_e2e_link/link/vivado/vpl/prj/prj.gen/my_rm/bd/ulp/ip/ulp_hmss_0_0/bd_9/ip/ip_9/bd_b9c4_srn_0_clocks.xdc:100]
WARNING: [Vivado_Tcl 4-921] Waiver ID 'CDC-1' -to list should not be empty. [/data/tmp/chuxiao/spine_opt_v2_hw_150_20260728/temp/partitioned_split_e2e_link/link/vivado/vpl/prj/prj.gen/my_rm/bd/ulp/ip/ulp_hmss_0_0/bd_9/ip/ip_9/bd_b9c4_srn_0_clocks.xdc:104]
WARNING: [Vivado_Tcl 4-921] Waiver ID 'CDC-10' -to list should not be empty. [/data/tmp/chuxiao/spine_opt_v2_hw_150_20260728/temp/partitioned_split_e2e_link/link/vivado/vpl/prj/prj.gen/my_rm/bd/ulp/ip/ulp_hmss_0_0/bd_9/ip/ip_9/bd_b9c4_srn_0_clocks.xdc:107]
WARNING: [Vivado_Tcl 4-921] Waiver ID 'CDC-10' -to list should not be empty. [/data/tmp/chuxiao/spine_opt_v2_hw_150_20260728/temp/partitioned_split_e2e_link/link/vivado/vpl/prj/prj.gen/my_rm/bd/ulp/ip/ulp_hmss_0_0/bd_9/ip/ip_9/bd_b9c4_srn_0_clocks.xdc:110]
WARNING: [Vivado_Tcl 4-921] Waiver ID 'CDC-1' -to list should not be empty. [/data/tmp/chuxiao/spine_opt_v2_hw_150_20260728/temp/partitioned_split_e2e_link/link/vivado/vpl/prj/prj.gen/my_rm/bd/ulp/ip/ulp_hmss_0_0/bd_9/ip/ip_9/bd_b9c4_srn_0_clocks.xdc:113]
WARNING: [Vivado_Tcl 4-921] Waiver ID 'CDC-1' -to list should not be empty. [/data/tmp/chuxiao/spine_opt_v2_hw_150_20260728/temp/partitioned_split_e2e_link/link/vivado/vpl/prj/prj.gen/my_rm/bd/ulp/ip/ulp_hmss_0_0/bd_9/ip/ip_9/bd_b9c4_srn_0_clocks.xdc:116]
WARNING: [Vivado_Tcl 4-921] Waiver ID 'CDC-1' -to list should not be empty. [/data/tmp/chuxiao/spine_opt_v2_hw_150_20260728/temp/partitioned_split_e2e_link/link/vivado/vpl/prj/prj.gen/my_rm/bd/ulp/ip/ulp_hmss_0_0/bd_9/ip/ip_9/bd_b9c4_srn_0_clocks.xdc:119]
WARNING: [Vivado_Tcl 4-921] Waiver ID 'CDC-13' -to list should not be empty. [/data/tmp/chuxiao/spine_opt_v2_hw_150_20260728/temp/partitioned_split_e2e_link/link/vivado/vpl/prj/prj.gen/my_rm/bd/ulp/ip/ulp_hmss_0_0/bd_9/ip/ip_9/bd_b9c4_srn_0_clocks.xdc:122]
WARNING: [Vivado_Tcl 4-921] Waiver ID 'CDC-1' -to list should not be empty. [/data/tmp/chuxiao/spine_opt_v2_hw_150_20260728/temp/partitioned_split_e2e_link/link/vivado/vpl/prj/prj.gen/my_rm/bd/ulp/ip/ulp_hmss_0_0/bd_9/ip/ip_9/bd_b9c4_srn_0_clocks.xdc:125]
WARNING: [Vivado_Tcl 4-921] Waiver ID 'CDC-1' -to list should not be empty. [/data/tmp/chuxiao/spine_opt_v2_hw_150_20260728/temp/partitioned_split_e2e_link/link/vivado/vpl/prj/prj.gen/my_rm/bd/ulp/ip/ulp_hmss_0_0/bd_9/ip/ip_9/bd_b9c4_srn_0_clocks.xdc:128]
WARNING: [Vivado_Tcl 4-921] Waiver ID 'CDC-13' -to list should not be empty. [/data/tmp/chuxiao/spine_opt_v2_hw_150_20260728/temp/partitioned_split_e2e_link/link/vivado/vpl/prj/prj.gen/my_rm/bd/ulp/ip/ulp_hmss_0_0/bd_9/ip/ip_9/bd_b9c4_srn_0_clocks.xdc:131]
WARNING: [Vivado_Tcl 4-921] Waiver ID 'CDC-1' -to list should not be empty. [/data/tmp/chuxiao/spine_opt_v2_hw_150_20260728/temp/partitioned_split_e2e_link/link/vivado/vpl/prj/prj.gen/my_rm/bd/ulp/ip/ulp_hmss_0_0/bd_9/ip/ip_9/bd_b9c4_srn_0_clocks.xdc:134]
WARNING: [Vivado_Tcl 4-921] Waiver ID 'CDC-10' -to list should not be empty. [/data/tmp/chuxiao/spine_opt_v2_hw_150_20260728/temp/partitioned_split_e2e_link/link/vivado/vpl/prj/prj.gen/my_rm/bd/ulp/ip/ulp_hmss_0_0/bd_9/ip/ip_9/bd_b9c4_srn_0_clocks.xdc:137]
WARNING: [Vivado_Tcl 4-921] Waiver ID 'CDC-2' -to list should not be empty. [/data/tmp/chuxiao/spine_opt_v2_hw_150_20260728/temp/partitioned_split_e2e_link/link/vivado/vpl/prj/prj.gen/my_rm/bd/ulp/ip/ulp_hmss_0_0/bd_9/ip/ip_9/bd_b9c4_srn_0_clocks.xdc:149]
WARNING: [Vivado_Tcl 4-921] Waiver ID 'CDC-1' -to list should not be empty. [/data/tmp/chuxiao/spine_opt_v2_hw_150_20260728/temp/partitioned_split_e2e_link/link/vivado/vpl/prj/prj.gen/my_rm/bd/ulp/ip/ulp_hmss_0_0/bd_9/ip/ip_9/bd_b9c4_srn_0_clocks.xdc:158]
WARNING: [Vivado_Tcl 4-921] Waiver ID 'CDC-10' -to list should not be empty. [/data/tmp/chuxiao/spine_opt_v2_hw_150_20260728/temp/partitioned_split_e2e_link/link/vivado/vpl/prj/prj.gen/my_rm/bd/ulp/ip/ulp_hmss_0_0/bd_9/ip/ip_9/bd_b9c4_srn_0_clocks.xdc:161]
WARNING: [Vivado_Tcl 4-921] Waiver ID 'CDC-4' -to list should not be empty. [/data/tmp/chuxiao/spine_opt_v2_hw_150_20260728/temp/partitioned_split_e2e_link/link/vivado/vpl/prj/prj.gen/my_rm/bd/ulp/ip/ulp_hmss_0_0/bd_9/ip/ip_9/bd_b9c4_srn_0_clocks.xdc:164]
WARNING: [Vivado_Tcl 4-921] Waiver ID 'CDC-4' -to list should not be empty. [/data/tmp/chuxiao/spine_opt_v2_hw_150_20260728/temp/partitioned_split_e2e_link/link/vivado/vpl/prj/prj.gen/my_rm/bd/ulp/ip/ulp_hmss_0_0/bd_9/ip/ip_9/bd_b9c4_srn_0_clocks.xdc:167]
WARNING: [Vivado_Tcl 4-921] Waiver ID 'CDC-4' -to list should not be empty. [/data/tmp/chuxiao/spine_opt_v2_hw_150_20260728/temp/partitioned_split_e2e_link/link/vivado/vpl/prj/prj.gen/my_rm/bd/ulp/ip/ulp_hmss_0_0/bd_9/ip/ip_9/bd_b9c4_srn_0_clocks.xdc:171]
WARNING: [Vivado_Tcl 4-921] Waiver ID 'CDC-4' -to list should not be empty. [/data/tmp/chuxiao/spine_opt_v2_hw_150_20260728/temp/partitioned_split_e2e_link/link/vivado/vpl/prj/prj.gen/my_rm/bd/ulp/ip/ulp_hmss_0_0/bd_9/ip/ip_9/bd_b9c4_srn_0_clocks.xdc:174]
WARNING: [Vivado_Tcl 4-921] Waiver ID 'CDC-1' -to list should not be empty. [/data/tmp/chuxiao/spine_opt_v2_hw_150_20260728/temp/partitioned_split_e2e_link/link/vivado/vpl/prj/prj.gen/my_rm/bd/ulp/ip/ulp_hmss_0_0/bd_9/ip/ip_9/bd_b9c4_srn_0_clocks.xdc:178]
WARNING: [Vivado_Tcl 4-921] Waiver ID 'CDC-1' -to list should not be empty. [/data/tmp/chuxiao/spine_opt_v2_hw_150_20260728/temp/partitioned_split_e2e_link/link/vivado/vpl/prj/prj.gen/my_rm/bd/ulp/ip/ulp_hmss_0_0/bd_9/ip/ip_9/bd_b9c4_srn_0_clocks.xdc:181]
WARNING: [Vivado_Tcl 4-921] Waiver ID 'CDC-13' -to list should not be empty. [/data/tmp/chuxiao/spine_opt_v2_hw_150_20260728/temp/partitioned_split_e2e_link/link/vivado/vpl/prj/prj.gen/my_rm/bd/ulp/ip/ulp_hmss_0_0/bd_9/ip/ip_9/bd_b9c4_srn_0_clocks.xdc:184]
Finished Parsing XDC File [/data/tmp/chuxiao/spine_opt_v2_hw_150_20260728/temp/partitioned_split_e2e_link/link/vivado/vpl/prj/prj.gen/my_rm/bd/ulp/ip/ulp_hmss_0_0/bd_9/ip/ip_9/bd_b9c4_srn_0_clocks.xdc] for cell 'level0_i/ulp/hmss_0/inst/path_8/interconnect9_8/inst/s00_nodes/s00_r_node/inst'
Parsing XDC File [/data/tmp/chuxiao/spine_opt_v2_hw_150_20260728/temp/partitioned_split_e2e_link/link/vivado/vpl/prj/prj.gen/my_rm/bd/ulp/ip/ulp_hmss_0_0/bd_9/ip/ip_10/bd_b9c4_sawn_0_clocks.xdc] for cell 'level0_i/ulp/hmss_0/inst/path_8/interconnect9_8/inst/s00_nodes/s00_aw_node/inst'
WARNING: [Vivado_Tcl 4-921] Waiver ID 'CDC-1' -to list should not be empty. [/data/tmp/chuxiao/spine_opt_v2_hw_150_20260728/temp/partitioned_split_e2e_link/link/vivado/vpl/prj/prj.gen/my_rm/bd/ulp/ip/ulp_hmss_0_0/bd_9/ip/ip_10/bd_b9c4_sawn_0_clocks.xdc:49]
WARNING: [Vivado_Tcl 4-921] Waiver ID 'CDC-1' -to list should not be empty. [/data/tmp/chuxiao/spine_opt_v2_hw_150_20260728/temp/partitioned_split_e2e_link/link/vivado/vpl/prj/prj.gen/my_rm/bd/ulp/ip/ulp_hmss_0_0/bd_9/ip/ip_10/bd_b9c4_sawn_0_clocks.xdc:52]
WARNING: [Vivado_Tcl 4-921] Waiver ID 'CDC-1' -to list should not be empty. [/data/tmp/chuxiao/spine_opt_v2_hw_150_20260728/temp/partitioned_split_e2e_link/link/vivado/vpl/prj/prj.gen/my_rm/bd/ulp/ip/ulp_hmss_0_0/bd_9/ip/ip_10/bd_b9c4_sawn_0_clocks.xdc:55]
WARNING: [Vivado_Tcl 4-921] Waiver ID 'CDC-1' -to list should not be empty. [/data/tmp/chuxiao/spine_opt_v2_hw_150_20260728/temp/partitioned_split_e2e_link/link/vivado/vpl/prj/prj.gen/my_rm/bd/ulp/ip/ulp_hmss_0_0/bd_9/ip/ip_10/bd_b9c4_sawn_0_clocks.xdc:59]
WARNING: [Vivado_Tcl 4-921] Waiver ID 'CDC-1' -to list should not be empty. [/data/tmp/chuxiao/spine_opt_v2_hw_150_20260728/temp/partitioned_split_e2e_link/link/vivado/vpl/prj/prj.gen/my_rm/bd/ulp/ip/ulp_hmss_0_0/bd_9/ip/ip_10/bd_b9c4_sawn_0_clocks.xdc:63]
WARNING: [Vivado_Tcl 4-921] Waiver ID 'CDC-1' -to list should not be empty. [/data/tmp/chuxiao/spine_opt_v2_hw_150_20260728/temp/partitioned_split_e2e_link/link/vivado/vpl/prj/prj.gen/my_rm/bd/ulp/ip/ulp_hmss_0_0/bd_9/ip/ip_10/bd_b9c4_sawn_0_clocks.xdc:66]
WARNING: [Vivado_Tcl 4-921] Waiver ID 'CDC-1' -to list should not be empty. [/data/tmp/chuxiao/spine_opt_v2_hw_150_20260728/temp/partitioned_split_e2e_link/link/vivado/vpl/prj/prj.gen/my_rm/bd/ulp/ip/ulp_hmss_0_0/bd_9/ip/ip_10/bd_b9c4_sawn_0_clocks.xdc:70]
WARNING: [Vivado_Tcl 4-921] Waiver ID 'CDC-1' -to list should not be empty. [/data/tmp/chuxiao/spine_opt_v2_hw_150_20260728/temp/partitioned_split_e2e_link/link/vivado/vpl/prj/prj.gen/my_rm/bd/ulp/ip/ulp_hmss_0_0/bd_9/ip/ip_10/bd_b9c4_sawn_0_clocks.xdc:73]
WARNING: [Vivado_Tcl 4-921] Waiver ID 'CDC-1' -to list should not be empty. [/data/tmp/chuxiao/spine_opt_v2_hw_150_20260728/temp/partitioned_split_e2e_link/link/vivado/vpl/prj/prj.gen/my_rm/bd/ulp/ip/ulp_hmss_0_0/bd_9/ip/ip_10/bd_b9c4_sawn_0_clocks.xdc:76]
WARNING: [Vivado_Tcl 4-921] Waiver ID 'CDC-1' -to list should not be empty. [/data/tmp/chuxiao/spine_opt_v2_hw_150_20260728/temp/partitioned_split_e2e_link/link/vivado/vpl/prj/prj.gen/my_rm/bd/ulp/ip/ulp_hmss_0_0/bd_9/ip/ip_10/bd_b9c4_sawn_0_clocks.xdc:79]
INFO: [Common 17-14] Message 'Vivado 12-180' appears 100 times and further instances of the messages will be disabled. Use the Tcl command set_msg_config to change the current settings. [/data/tmp/chuxiao/spine_opt_v2_hw_150_20260728/temp/partitioned_split_e2e_link/link/vivado/vpl/prj/prj.gen/my_rm/bd/ulp/ip/ulp_hmss_0_0/bd_9/ip/ip_10/bd_b9c4_sawn_0_clocks.xdc:82]
WARNING: [Vivado_Tcl 4-921] Waiver ID 'CDC-1' -to list should not be empty. [/data/tmp/chuxiao/spine_opt_v2_hw_150_20260728/temp/partitioned_split_e2e_link/link/vivado/vpl/prj/prj.gen/my_rm/bd/ulp/ip/ulp_hmss_0_0/bd_9/ip/ip_10/bd_b9c4_sawn_0_clocks.xdc:82]
WARNING: [Vivado_Tcl 4-921] Waiver ID 'CDC-4' -to list should not be empty. [/data/tmp/chuxiao/spine_opt_v2_hw_150_20260728/temp/partitioned_split_e2e_link/link/vivado/vpl/prj/prj.gen/my_rm/bd/ulp/ip/ulp_hmss_0_0/bd_9/ip/ip_10/bd_b9c4_sawn_0_clocks.xdc:85]
WARNING: [Vivado_Tcl 4-921] Waiver ID 'CDC-4' -to list should not be empty. [/data/tmp/chuxiao/spine_opt_v2_hw_150_20260728/temp/partitioned_split_e2e_link/link/vivado/vpl/prj/prj.gen/my_rm/bd/ulp/ip/ulp_hmss_0_0/bd_9/ip/ip_10/bd_b9c4_sawn_0_clocks.xdc:88]
WARNING: [Vivado_Tcl 4-921] Waiver ID 'CDC-2' -to list should not be empty. [/data/tmp/chuxiao/spine_opt_v2_hw_150_20260728/temp/partitioned_split_e2e_link/link/vivado/vpl/prj/prj.gen/my_rm/bd/ulp/ip/ulp_hmss_0_0/bd_9/ip/ip_10/bd_b9c4_sawn_0_clocks.xdc:91]
WARNING: [Vivado_Tcl 4-921] Waiver ID 'CDC-2' -to list should not be empty. [/data/tmp/chuxiao/spine_opt_v2_hw_150_20260728/temp/partitioned_split_e2e_link/link/vivado/vpl/prj/prj.gen/my_rm/bd/ulp/ip/ulp_hmss_0_0/bd_9/ip/ip_10/bd_b9c4_sawn_0_clocks.xdc:94]
WARNING: [Vivado_Tcl 4-921] Waiver ID 'CDC-2' -to list should not be empty. [/data/tmp/chuxiao/spine_opt_v2_hw_150_20260728/temp/partitioned_split_e2e_link/link/vivado/vpl/prj/prj.gen/my_rm/bd/ulp/ip/ulp_hmss_0_0/bd_9/ip/ip_10/bd_b9c4_sawn_0_clocks.xdc:97]
WARNING: [Vivado_Tcl 4-921] Waiver ID 'CDC-2' -to list should not be empty. [/data/tmp/chuxiao/spine_opt_v2_hw_150_20260728/temp/partitioned_split_e2e_link/link/vivado/vpl/prj/prj.gen/my_rm/bd/ulp/ip/ulp_hmss_0_0/bd_9/ip/ip_10/bd_b9c4_sawn_0_clocks.xdc:100]
INFO: [Common 17-14] Message 'Vivado_Tcl 4-921' appears 100 times and further instances of the messages will be disabled. Use the Tcl command set_msg_config to change the current settings. [/data/tmp/chuxiao/spine_opt_v2_hw_150_20260728/temp/partitioned_split_e2e_link/link/vivado/vpl/prj/prj.gen/my_rm/bd/ulp/ip/ulp_hmss_0_0/bd_9/ip/ip_10/bd_b9c4_sawn_0_clocks.xdc:100]
Finished Parsing XDC File [/data/tmp/chuxiao/spine_opt_v2_hw_150_20260728/temp/partitioned_split_e2e_link/link/vivado/vpl/prj/prj.gen/my_rm/bd/ulp/ip/ulp_hmss_0_0/bd_9/ip/ip_10/bd_b9c4_sawn_0_clocks.xdc] for cell 'level0_i/ulp/hmss_0/inst/path_8/interconnect9_8/inst/s00_nodes/s00_aw_node/inst'
Parsing XDC File [/data/tmp/chuxiao/spine_opt_v2_hw_150_20260728/temp/partitioned_split_e2e_link/link/vivado/vpl/prj/prj.gen/my_rm/bd/ulp/ip/ulp_hmss_0_0/bd_9/ip/ip_11/bd_b9c4_swn_0_clocks.xdc] for cell 'level0_i/ulp/hmss_0/inst/path_8/interconnect9_8/inst/s00_nodes/s00_w_node/inst'
Finished Parsing XDC File [/data/tmp/chuxiao/spine_opt_v2_hw_150_20260728/temp/partitioned_split_e2e_link/link/vivado/vpl/prj/prj.gen/my_rm/bd/ulp/ip/ulp_hmss_0_0/bd_9/ip/ip_11/bd_b9c4_swn_0_clocks.xdc] for cell 'level0_i/ulp/hmss_0/inst/path_8/interconnect9_8/inst/s00_nodes/s00_w_node/inst'
Parsing XDC File [/data/tmp/chuxiao/spine_opt_v2_hw_150_20260728/temp/partitioned_split_e2e_link/link/vivado/vpl/prj/prj.gen/my_rm/bd/ulp/ip/ulp_hmss_0_0/bd_9/ip/ip_12/bd_b9c4_sbn_0_clocks.xdc] for cell 'level0_i/ulp/hmss_0/inst/path_8/interconnect9_8/inst/s00_nodes/s00_b_node/inst'
Finished Parsing XDC File [/data/tmp/chuxiao/spine_opt_v2_hw_150_20260728/temp/partitioned_split_e2e_link/link/vivado/vpl/prj/prj.gen/my_rm/bd/ulp/ip/ulp_hmss_0_0/bd_9/ip/ip_12/bd_b9c4_sbn_0_clocks.xdc] for cell 'level0_i/ulp/hmss_0/inst/path_8/interconnect9_8/inst/s00_nodes/s00_b_node/inst'
Parsing XDC File [/data/tmp/chuxiao/spine_opt_v2_hw_150_20260728/temp/partitioned_split_e2e_link/link/vivado/vpl/prj/prj.gen/my_rm/bd/ulp/ip/ulp_hmss_0_0/bd_0/ip/ip_28/smartconnect.xdc] for cell 'level0_i/ulp/hmss_0/inst/path_8/interconnect9_8/inst'
WARNING: [Vivado_Tcl 4-919] Waiver ID 'CDC-1' -from list should not be empty. [/data/tmp/chuxiao/spine_opt_v2_hw_150_20260728/temp/partitioned_split_e2e_link/link/vivado/vpl/prj/prj.gen/my_rm/bd/ulp/ip/ulp_hmss_0_0/bd_0/ip/ip_28/smartconnect.xdc:1]
Finished Parsing XDC File [/data/tmp/chuxiao/spine_opt_v2_hw_150_20260728/temp/partitioned_split_e2e_link/link/vivado/vpl/prj/prj.gen/my_rm/bd/ulp/ip/ulp_hmss_0_0/bd_0/ip/ip_28/smartconnect.xdc] for cell 'level0_i/ulp/hmss_0/inst/path_8/interconnect9_8/inst'
Parsing XDC File [/data/tmp/chuxiao/spine_opt_v2_hw_150_20260728/temp/partitioned_split_e2e_link/link/vivado/vpl/prj/prj.gen/my_rm/bd/ulp/ip/ulp_hmss_0_0/bd_10/ip/ip_1/bd_5dbf_psr0_0_board.xdc] for cell 'level0_i/ulp/hmss_0/inst/path_9/interconnect10_9/inst/clk_map/psr0/U0'
Finished Parsing XDC File [/data/tmp/chuxiao/spine_opt_v2_hw_150_20260728/temp/partitioned_split_e2e_link/link/vivado/vpl/prj/prj.gen/my_rm/bd/ulp/ip/ulp_hmss_0_0/bd_10/ip/ip_1/bd_5dbf_psr0_0_board.xdc] for cell 'level0_i/ulp/hmss_0/inst/path_9/interconnect10_9/inst/clk_map/psr0/U0'
Parsing XDC File [/data/tmp/chuxiao/spine_opt_v2_hw_150_20260728/temp/partitioned_split_e2e_link/link/vivado/vpl/prj/prj.gen/my_rm/bd/ulp/ip/ulp_hmss_0_0/bd_10/ip/ip_1/bd_5dbf_psr0_0.xdc] for cell 'level0_i/ulp/hmss_0/inst/path_9/interconnect10_9/inst/clk_map/psr0/U0'
Finished Parsing XDC File [/data/tmp/chuxiao/spine_opt_v2_hw_150_20260728/temp/partitioned_split_e2e_link/link/vivado/vpl/prj/prj.gen/my_rm/bd/ulp/ip/ulp_hmss_0_0/bd_10/ip/ip_1/bd_5dbf_psr0_0.xdc] for cell 'level0_i/ulp/hmss_0/inst/path_9/interconnect10_9/inst/clk_map/psr0/U0'
Parsing XDC File [/data/tmp/chuxiao/spine_opt_v2_hw_150_20260728/temp/partitioned_split_e2e_link/link/vivado/vpl/prj/prj.gen/my_rm/bd/ulp/ip/ulp_hmss_0_0/bd_9/ip/ip_2/bd_b9c4_psr_aclk_0.xdc] for cell 'level0_i/ulp/hmss_0/inst/path_8/interconnect9_8/inst/clk_map/psr_aclk/U0'
Finished Parsing XDC File [/data/tmp/chuxiao/spine_opt_v2_hw_150_20260728/temp/partitioned_split_e2e_link/link/vivado/vpl/prj/prj.gen/my_rm/bd/ulp/ip/ulp_hmss_0_0/bd_9/ip/ip_2/bd_b9c4_psr_aclk_0.xdc] for cell 'level0_i/ulp/hmss_0/inst/path_8/interconnect9_8/inst/clk_map/psr_aclk/U0'
Parsing XDC File [/data/tmp/chuxiao/spine_opt_v2_hw_150_20260728/temp/partitioned_split_e2e_link/link/vivado/vpl/prj/prj.gen/my_rm/bd/ulp/ip/ulp_hmss_0_0/bd_10/ip/ip_2/bd_5dbf_psr_aclk_0.xdc] for cell 'level0_i/ulp/hmss_0/inst/path_9/interconnect10_9/inst/clk_map/psr_aclk/U0'
Finished Parsing XDC File [/data/tmp/chuxiao/spine_opt_v2_hw_150_20260728/temp/partitioned_split_e2e_link/link/vivado/vpl/prj/prj.gen/my_rm/bd/ulp/ip/ulp_hmss_0_0/bd_10/ip/ip_2/bd_5dbf_psr_aclk_0.xdc] for cell 'level0_i/ulp/hmss_0/inst/path_9/interconnect10_9/inst/clk_map/psr_aclk/U0'
Parsing XDC File [/data/tmp/chuxiao/spine_opt_v2_hw_150_20260728/temp/partitioned_split_e2e_link/link/vivado/vpl/prj/prj.gen/my_rm/bd/ulp/ip/ulp_hmss_0_0/bd_10/ip/ip_3/bd_5dbf_psr_aclk1_0_board.xdc] for cell 'level0_i/ulp/hmss_0/inst/path_9/interconnect10_9/inst/clk_map/psr_aclk1/U0'
Finished Parsing XDC File [/data/tmp/chuxiao/spine_opt_v2_hw_150_20260728/temp/partitioned_split_e2e_link/link/vivado/vpl/prj/prj.gen/my_rm/bd/ulp/ip/ulp_hmss_0_0/bd_10/ip/ip_3/bd_5dbf_psr_aclk1_0_board.xdc] for cell 'level0_i/ulp/hmss_0/inst/path_9/interconnect10_9/inst/clk_map/psr_aclk1/U0'
Parsing XDC File [/data/tmp/chuxiao/spine_opt_v2_hw_150_20260728/temp/partitioned_split_e2e_link/link/vivado/vpl/prj/prj.gen/my_rm/bd/ulp/ip/ulp_hmss_0_0/bd_10/ip/ip_3/bd_5dbf_psr_aclk1_0.xdc] for cell 'level0_i/ulp/hmss_0/inst/path_9/interconnect10_9/inst/clk_map/psr_aclk1/U0'
Finished Parsing XDC File [/data/tmp/chuxiao/spine_opt_v2_hw_150_20260728/temp/partitioned_split_e2e_link/link/vivado/vpl/prj/prj.gen/my_rm/bd/ulp/ip/ulp_hmss_0_0/bd_10/ip/ip_3/bd_5dbf_psr_aclk1_0.xdc] for cell 'level0_i/ulp/hmss_0/inst/path_9/interconnect10_9/inst/clk_map/psr_aclk1/U0'
Parsing XDC File [/data/tmp/chuxiao/spine_opt_v2_hw_150_20260728/temp/partitioned_split_e2e_link/link/vivado/vpl/prj/prj.gen/my_rm/bd/ulp/ip/ulp_hmss_0_0/bd_10/ip/ip_8/bd_5dbf_sarn_0_clocks.xdc] for cell 'level0_i/ulp/hmss_0/inst/path_9/interconnect10_9/inst/s00_nodes/s00_ar_node/inst'
Finished Parsing XDC File [/data/tmp/chuxiao/spine_opt_v2_hw_150_20260728/temp/partitioned_split_e2e_link/link/vivado/vpl/prj/prj.gen/my_rm/bd/ulp/ip/ulp_hmss_0_0/bd_10/ip/ip_8/bd_5dbf_sarn_0_clocks.xdc] for cell 'level0_i/ulp/hmss_0/inst/path_9/interconnect10_9/inst/s00_nodes/s00_ar_node/inst'
Parsing XDC File [/data/tmp/chuxiao/spine_opt_v2_hw_150_20260728/temp/partitioned_split_e2e_link/link/vivado/vpl/prj/prj.gen/my_rm/bd/ulp/ip/ulp_hmss_0_0/bd_10/ip/ip_9/bd_5dbf_srn_0_clocks.xdc] for cell 'level0_i/ulp/hmss_0/inst/path_9/interconnect10_9/inst/s00_nodes/s00_r_node/inst'
Finished Parsing XDC File [/data/tmp/chuxiao/spine_opt_v2_hw_150_20260728/temp/partitioned_split_e2e_link/link/vivado/vpl/prj/prj.gen/my_rm/bd/ulp/ip/ulp_hmss_0_0/bd_10/ip/ip_9/bd_5dbf_srn_0_clocks.xdc] for cell 'level0_i/ulp/hmss_0/inst/path_9/interconnect10_9/inst/s00_nodes/s00_r_node/inst'
Parsing XDC File [/data/tmp/chuxiao/spine_opt_v2_hw_150_20260728/temp/partitioned_split_e2e_link/link/vivado/vpl/prj/prj.gen/my_rm/bd/ulp/ip/ulp_hmss_0_0/bd_10/ip/ip_10/bd_5dbf_sawn_0_clocks.xdc] for cell 'level0_i/ulp/hmss_0/inst/path_9/interconnect10_9/inst/s00_nodes/s00_aw_node/inst'
Finished Parsing XDC File [/data/tmp/chuxiao/spine_opt_v2_hw_150_20260728/temp/partitioned_split_e2e_link/link/vivado/vpl/prj/prj.gen/my_rm/bd/ulp/ip/ulp_hmss_0_0/bd_10/ip/ip_10/bd_5dbf_sawn_0_clocks.xdc] for cell 'level0_i/ulp/hmss_0/inst/path_9/interconnect10_9/inst/s00_nodes/s00_aw_node/inst'
Parsing XDC File [/data/tmp/chuxiao/spine_opt_v2_hw_150_20260728/temp/partitioned_split_e2e_link/link/vivado/vpl/prj/prj.gen/my_rm/bd/ulp/ip/ulp_hmss_0_0/bd_10/ip/ip_11/bd_5dbf_swn_0_clocks.xdc] for cell 'level0_i/ulp/hmss_0/inst/path_9/interconnect10_9/inst/s00_nodes/s00_w_node/inst'
Finished Parsing XDC File [/data/tmp/chuxiao/spine_opt_v2_hw_150_20260728/temp/partitioned_split_e2e_link/link/vivado/vpl/prj/prj.gen/my_rm/bd/ulp/ip/ulp_hmss_0_0/bd_10/ip/ip_11/bd_5dbf_swn_0_clocks.xdc] for cell 'level0_i/ulp/hmss_0/inst/path_9/interconnect10_9/inst/s00_nodes/s00_w_node/inst'
Parsing XDC File [/data/tmp/chuxiao/spine_opt_v2_hw_150_20260728/temp/partitioned_split_e2e_link/link/vivado/vpl/prj/prj.gen/my_rm/bd/ulp/ip/ulp_hmss_0_0/bd_10/ip/ip_12/bd_5dbf_sbn_0_clocks.xdc] for cell 'level0_i/ulp/hmss_0/inst/path_9/interconnect10_9/inst/s00_nodes/s00_b_node/inst'
Finished Parsing XDC File [/data/tmp/chuxiao/spine_opt_v2_hw_150_20260728/temp/partitioned_split_e2e_link/link/vivado/vpl/prj/prj.gen/my_rm/bd/ulp/ip/ulp_hmss_0_0/bd_10/ip/ip_12/bd_5dbf_sbn_0_clocks.xdc] for cell 'level0_i/ulp/hmss_0/inst/path_9/interconnect10_9/inst/s00_nodes/s00_b_node/inst'
Parsing XDC File [/data/tmp/chuxiao/spine_opt_v2_hw_150_20260728/temp/partitioned_split_e2e_link/link/vivado/vpl/prj/prj.gen/my_rm/bd/ulp/ip/ulp_hmss_0_0/bd_0/ip/ip_31/smartconnect.xdc] for cell 'level0_i/ulp/hmss_0/inst/path_9/interconnect10_9/inst'
WARNING: [Vivado_Tcl 4-919] Waiver ID 'CDC-1' -from list should not be empty. [/data/tmp/chuxiao/spine_opt_v2_hw_150_20260728/temp/partitioned_split_e2e_link/link/vivado/vpl/prj/prj.gen/my_rm/bd/ulp/ip/ulp_hmss_0_0/bd_0/ip/ip_31/smartconnect.xdc:1]
Finished Parsing XDC File [/data/tmp/chuxiao/spine_opt_v2_hw_150_20260728/temp/partitioned_split_e2e_link/link/vivado/vpl/prj/prj.gen/my_rm/bd/ulp/ip/ulp_hmss_0_0/bd_0/ip/ip_31/smartconnect.xdc] for cell 'level0_i/ulp/hmss_0/inst/path_9/interconnect10_9/inst'
Parsing XDC File [/data/tmp/chuxiao/spine_opt_v2_hw_150_20260728/temp/partitioned_split_e2e_link/link/vivado/vpl/prj/prj.gen/my_rm/bd/ulp/ip/ulp_hmss_0_0/bd_11/ip/ip_1/bd_f802_psr0_0_board.xdc] for cell 'level0_i/ulp/hmss_0/inst/path_10/interconnect11_10/inst/clk_map/psr0/U0'
Finished Parsing XDC File [/data/tmp/chuxiao/spine_opt_v2_hw_150_20260728/temp/partitioned_split_e2e_link/link/vivado/vpl/prj/prj.gen/my_rm/bd/ulp/ip/ulp_hmss_0_0/bd_11/ip/ip_1/bd_f802_psr0_0_board.xdc] for cell 'level0_i/ulp/hmss_0/inst/path_10/interconnect11_10/inst/clk_map/psr0/U0'
Parsing XDC File [/data/tmp/chuxiao/spine_opt_v2_hw_150_20260728/temp/partitioned_split_e2e_link/link/vivado/vpl/prj/prj.gen/my_rm/bd/ulp/ip/ulp_hmss_0_0/bd_8/ip/ip_3/bd_7ac9_psr_aclk1_0_board.xdc] for cell 'level0_i/ulp/hmss_0/inst/path_7/interconnect8_7/inst/clk_map/psr_aclk1/U0'
Finished Parsing XDC File [/data/tmp/chuxiao/spine_opt_v2_hw_150_20260728/temp/partitioned_split_e2e_link/link/vivado/vpl/prj/prj.gen/my_rm/bd/ulp/ip/ulp_hmss_0_0/bd_8/ip/ip_3/bd_7ac9_psr_aclk1_0_board.xdc] for cell 'level0_i/ulp/hmss_0/inst/path_7/interconnect8_7/inst/clk_map/psr_aclk1/U0'
Parsing XDC File [/data/tmp/chuxiao/spine_opt_v2_hw_150_20260728/temp/partitioned_split_e2e_link/link/vivado/vpl/prj/prj.gen/my_rm/bd/ulp/ip/ulp_hmss_0_0/bd_7/ip/ip_8/bd_bbcc_sarn_0_clocks.xdc] for cell 'level0_i/ulp/hmss_0/inst/path_6/interconnect7_6/inst/s00_nodes/s00_ar_node/inst'
Finished Parsing XDC File [/data/tmp/chuxiao/spine_opt_v2_hw_150_20260728/temp/partitioned_split_e2e_link/link/vivado/vpl/prj/prj.gen/my_rm/bd/ulp/ip/ulp_hmss_0_0/bd_7/ip/ip_8/bd_bbcc_sarn_0_clocks.xdc] for cell 'level0_i/ulp/hmss_0/inst/path_6/interconnect7_6/inst/s00_nodes/s00_ar_node/inst'
Parsing XDC File [/data/tmp/chuxiao/spine_opt_v2_hw_150_20260728/temp/partitioned_split_e2e_link/link/vivado/vpl/prj/prj.gen/my_rm/bd/ulp/ip/ulp_hmss_0_0/bd_7/ip/ip_9/bd_bbcc_srn_0_clocks.xdc] for cell 'level0_i/ulp/hmss_0/inst/path_6/interconnect7_6/inst/s00_nodes/s00_r_node/inst'
Finished Parsing XDC File [/data/tmp/chuxiao/spine_opt_v2_hw_150_20260728/temp/partitioned_split_e2e_link/link/vivado/vpl/prj/prj.gen/my_rm/bd/ulp/ip/ulp_hmss_0_0/bd_7/ip/ip_9/bd_bbcc_srn_0_clocks.xdc] for cell 'level0_i/ulp/hmss_0/inst/path_6/interconnect7_6/inst/s00_nodes/s00_r_node/inst'
Parsing XDC File [/data/tmp/chuxiao/spine_opt_v2_hw_150_20260728/temp/partitioned_split_e2e_link/link/vivado/vpl/prj/prj.gen/my_rm/bd/ulp/ip/ulp_hmss_0_0/bd_7/ip/ip_10/bd_bbcc_sawn_0_clocks.xdc] for cell 'level0_i/ulp/hmss_0/inst/path_6/interconnect7_6/inst/s00_nodes/s00_aw_node/inst'
Finished Parsing XDC File [/data/tmp/chuxiao/spine_opt_v2_hw_150_20260728/temp/partitioned_split_e2e_link/link/vivado/vpl/prj/prj.gen/my_rm/bd/ulp/ip/ulp_hmss_0_0/bd_7/ip/ip_10/bd_bbcc_sawn_0_clocks.xdc] for cell 'level0_i/ulp/hmss_0/inst/path_6/interconnect7_6/inst/s00_nodes/s00_aw_node/inst'
Parsing XDC File [/data/tmp/chuxiao/spine_opt_v2_hw_150_20260728/temp/partitioned_split_e2e_link/link/vivado/vpl/prj/prj.gen/my_rm/bd/ulp/ip/ulp_hmss_0_0/bd_7/ip/ip_11/bd_bbcc_swn_0_clocks.xdc] for cell 'level0_i/ulp/hmss_0/inst/path_6/interconnect7_6/inst/s00_nodes/s00_w_node/inst'
Finished Parsing XDC File [/data/tmp/chuxiao/spine_opt_v2_hw_150_20260728/temp/partitioned_split_e2e_link/link/vivado/vpl/prj/prj.gen/my_rm/bd/ulp/ip/ulp_hmss_0_0/bd_7/ip/ip_11/bd_bbcc_swn_0_clocks.xdc] for cell 'level0_i/ulp/hmss_0/inst/path_6/interconnect7_6/inst/s00_nodes/s00_w_node/inst'
Parsing XDC File [/data/tmp/chuxiao/spine_opt_v2_hw_150_20260728/temp/partitioned_split_e2e_link/link/vivado/vpl/prj/prj.gen/my_rm/bd/ulp/ip/ulp_hmss_0_0/bd_7/ip/ip_12/bd_bbcc_sbn_0_clocks.xdc] for cell 'level0_i/ulp/hmss_0/inst/path_6/interconnect7_6/inst/s00_nodes/s00_b_node/inst'
Finished Parsing XDC File [/data/tmp/chuxiao/spine_opt_v2_hw_150_20260728/temp/partitioned_split_e2e_link/link/vivado/vpl/prj/prj.gen/my_rm/bd/ulp/ip/ulp_hmss_0_0/bd_7/ip/ip_12/bd_bbcc_sbn_0_clocks.xdc] for cell 'level0_i/ulp/hmss_0/inst/path_6/interconnect7_6/inst/s00_nodes/s00_b_node/inst'
Parsing XDC File [/data/tmp/chuxiao/spine_opt_v2_hw_150_20260728/temp/partitioned_split_e2e_link/link/vivado/vpl/prj/prj.gen/my_rm/bd/ulp/ip/ulp_hmss_0_0/bd_0/ip/ip_22/smartconnect.xdc] for cell 'level0_i/ulp/hmss_0/inst/path_6/interconnect7_6/inst'
WARNING: [Vivado_Tcl 4-919] Waiver ID 'CDC-1' -from list should not be empty. [/data/tmp/chuxiao/spine_opt_v2_hw_150_20260728/temp/partitioned_split_e2e_link/link/vivado/vpl/prj/prj.gen/my_rm/bd/ulp/ip/ulp_hmss_0_0/bd_0/ip/ip_22/smartconnect.xdc:1]
Finished Parsing XDC File [/data/tmp/chuxiao/spine_opt_v2_hw_150_20260728/temp/partitioned_split_e2e_link/link/vivado/vpl/prj/prj.gen/my_rm/bd/ulp/ip/ulp_hmss_0_0/bd_0/ip/ip_22/smartconnect.xdc] for cell 'level0_i/ulp/hmss_0/inst/path_6/interconnect7_6/inst'
Parsing XDC File [/data/tmp/chuxiao/spine_opt_v2_hw_150_20260728/temp/partitioned_split_e2e_link/link/vivado/vpl/prj/prj.gen/my_rm/bd/ulp/ip/ulp_hmss_0_0/bd_8/ip/ip_1/bd_7ac9_psr0_0_board.xdc] for cell 'level0_i/ulp/hmss_0/inst/path_7/interconnect8_7/inst/clk_map/psr0/U0'
Finished Parsing XDC File [/data/tmp/chuxiao/spine_opt_v2_hw_150_20260728/temp/partitioned_split_e2e_link/link/vivado/vpl/prj/prj.gen/my_rm/bd/ulp/ip/ulp_hmss_0_0/bd_8/ip/ip_1/bd_7ac9_psr0_0_board.xdc] for cell 'level0_i/ulp/hmss_0/inst/path_7/interconnect8_7/inst/clk_map/psr0/U0'
Parsing XDC File [/data/tmp/chuxiao/spine_opt_v2_hw_150_20260728/temp/partitioned_split_e2e_link/link/vivado/vpl/prj/prj.gen/my_rm/bd/ulp/ip/ulp_hmss_0_0/bd_8/ip/ip_1/bd_7ac9_psr0_0.xdc] for cell 'level0_i/ulp/hmss_0/inst/path_7/interconnect8_7/inst/clk_map/psr0/U0'
Finished Parsing XDC File [/data/tmp/chuxiao/spine_opt_v2_hw_150_20260728/temp/partitioned_split_e2e_link/link/vivado/vpl/prj/prj.gen/my_rm/bd/ulp/ip/ulp_hmss_0_0/bd_8/ip/ip_1/bd_7ac9_psr0_0.xdc] for cell 'level0_i/ulp/hmss_0/inst/path_7/interconnect8_7/inst/clk_map/psr0/U0'
Parsing XDC File [/data/tmp/chuxiao/spine_opt_v2_hw_150_20260728/temp/partitioned_split_e2e_link/link/vivado/vpl/prj/prj.gen/my_rm/bd/ulp/ip/ulp_hmss_0_0/bd_8/ip/ip_2/bd_7ac9_psr_aclk_0_board.xdc] for cell 'level0_i/ulp/hmss_0/inst/path_7/interconnect8_7/inst/clk_map/psr_aclk/U0'
Finished Parsing XDC File [/data/tmp/chuxiao/spine_opt_v2_hw_150_20260728/temp/partitioned_split_e2e_link/link/vivado/vpl/prj/prj.gen/my_rm/bd/ulp/ip/ulp_hmss_0_0/bd_8/ip/ip_2/bd_7ac9_psr_aclk_0_board.xdc] for cell 'level0_i/ulp/hmss_0/inst/path_7/interconnect8_7/inst/clk_map/psr_aclk/U0'
Parsing XDC File [/data/tmp/chuxiao/spine_opt_v2_hw_150_20260728/temp/partitioned_split_e2e_link/link/vivado/vpl/prj/prj.gen/my_rm/bd/ulp/ip/ulp_hmss_0_0/bd_8/ip/ip_2/bd_7ac9_psr_aclk_0.xdc] for cell 'level0_i/ulp/hmss_0/inst/path_7/interconnect8_7/inst/clk_map/psr_aclk/U0'
Finished Parsing XDC File [/data/tmp/chuxiao/spine_opt_v2_hw_150_20260728/temp/partitioned_split_e2e_link/link/vivado/vpl/prj/prj.gen/my_rm/bd/ulp/ip/ulp_hmss_0_0/bd_8/ip/ip_2/bd_7ac9_psr_aclk_0.xdc] for cell 'level0_i/ulp/hmss_0/inst/path_7/interconnect8_7/inst/clk_map/psr_aclk/U0'
Parsing XDC File [/data/tmp/chuxiao/spine_opt_v2_hw_150_20260728/temp/partitioned_split_e2e_link/link/vivado/vpl/prj/prj.gen/my_rm/bd/ulp/ip/ulp_hmss_0_0/bd_11/ip/ip_1/bd_f802_psr0_0.xdc] for cell 'level0_i/ulp/hmss_0/inst/path_10/interconnect11_10/inst/clk_map/psr0/U0'
Finished Parsing XDC File [/data/tmp/chuxiao/spine_opt_v2_hw_150_20260728/temp/partitioned_split_e2e_link/link/vivado/vpl/prj/prj.gen/my_rm/bd/ulp/ip/ulp_hmss_0_0/bd_11/ip/ip_1/bd_f802_psr0_0.xdc] for cell 'level0_i/ulp/hmss_0/inst/path_10/interconnect11_10/inst/clk_map/psr0/U0'
Parsing XDC File [/data/tmp/chuxiao/spine_opt_v2_hw_150_20260728/temp/partitioned_split_e2e_link/link/vivado/vpl/prj/prj.gen/my_rm/bd/ulp/ip/ulp_hmss_0_0/bd_8/ip/ip_3/bd_7ac9_psr_aclk1_0.xdc] for cell 'level0_i/ulp/hmss_0/inst/path_7/interconnect8_7/inst/clk_map/psr_aclk1/U0'
Finished Parsing XDC File [/data/tmp/chuxiao/spine_opt_v2_hw_150_20260728/temp/partitioned_split_e2e_link/link/vivado/vpl/prj/prj.gen/my_rm/bd/ulp/ip/ulp_hmss_0_0/bd_8/ip/ip_3/bd_7ac9_psr_aclk1_0.xdc] for cell 'level0_i/ulp/hmss_0/inst/path_7/interconnect8_7/inst/clk_map/psr_aclk1/U0'
Parsing XDC File [/data/tmp/chuxiao/spine_opt_v2_hw_150_20260728/temp/partitioned_split_e2e_link/link/vivado/vpl/prj/prj.gen/my_rm/bd/ulp/ip/ulp_hmss_0_0/bd_8/ip/ip_8/bd_7ac9_sarn_0_clocks.xdc] for cell 'level0_i/ulp/hmss_0/inst/path_7/interconnect8_7/inst/s00_nodes/s00_ar_node/inst'
Finished Parsing XDC File [/data/tmp/chuxiao/spine_opt_v2_hw_150_20260728/temp/partitioned_split_e2e_link/link/vivado/vpl/prj/prj.gen/my_rm/bd/ulp/ip/ulp_hmss_0_0/bd_8/ip/ip_8/bd_7ac9_sarn_0_clocks.xdc] for cell 'level0_i/ulp/hmss_0/inst/path_7/interconnect8_7/inst/s00_nodes/s00_ar_node/inst'
Parsing XDC File [/data/tmp/chuxiao/spine_opt_v2_hw_150_20260728/temp/partitioned_split_e2e_link/link/vivado/vpl/prj/prj.gen/my_rm/bd/ulp/ip/ulp_hmss_0_0/bd_8/ip/ip_9/bd_7ac9_srn_0_clocks.xdc] for cell 'level0_i/ulp/hmss_0/inst/path_7/interconnect8_7/inst/s00_nodes/s00_r_node/inst'
Finished Parsing XDC File [/data/tmp/chuxiao/spine_opt_v2_hw_150_20260728/temp/partitioned_split_e2e_link/link/vivado/vpl/prj/prj.gen/my_rm/bd/ulp/ip/ulp_hmss_0_0/bd_8/ip/ip_9/bd_7ac9_srn_0_clocks.xdc] for cell 'level0_i/ulp/hmss_0/inst/path_7/interconnect8_7/inst/s00_nodes/s00_r_node/inst'
Parsing XDC File [/data/tmp/chuxiao/spine_opt_v2_hw_150_20260728/temp/partitioned_split_e2e_link/link/vivado/vpl/prj/prj.gen/my_rm/bd/ulp/ip/ulp_hmss_0_0/bd_8/ip/ip_10/bd_7ac9_sawn_0_clocks.xdc] for cell 'level0_i/ulp/hmss_0/inst/path_7/interconnect8_7/inst/s00_nodes/s00_aw_node/inst'
Finished Parsing XDC File [/data/tmp/chuxiao/spine_opt_v2_hw_150_20260728/temp/partitioned_split_e2e_link/link/vivado/vpl/prj/prj.gen/my_rm/bd/ulp/ip/ulp_hmss_0_0/bd_8/ip/ip_10/bd_7ac9_sawn_0_clocks.xdc] for cell 'level0_i/ulp/hmss_0/inst/path_7/interconnect8_7/inst/s00_nodes/s00_aw_node/inst'
Parsing XDC File [/data/tmp/chuxiao/spine_opt_v2_hw_150_20260728/temp/partitioned_split_e2e_link/link/vivado/vpl/prj/prj.gen/my_rm/bd/ulp/ip/ulp_hmss_0_0/bd_8/ip/ip_11/bd_7ac9_swn_0_clocks.xdc] for cell 'level0_i/ulp/hmss_0/inst/path_7/interconnect8_7/inst/s00_nodes/s00_w_node/inst'
Finished Parsing XDC File [/data/tmp/chuxiao/spine_opt_v2_hw_150_20260728/temp/partitioned_split_e2e_link/link/vivado/vpl/prj/prj.gen/my_rm/bd/ulp/ip/ulp_hmss_0_0/bd_8/ip/ip_11/bd_7ac9_swn_0_clocks.xdc] for cell 'level0_i/ulp/hmss_0/inst/path_7/interconnect8_7/inst/s00_nodes/s00_w_node/inst'
Parsing XDC File [/data/tmp/chuxiao/spine_opt_v2_hw_150_20260728/temp/partitioned_split_e2e_link/link/vivado/vpl/prj/prj.gen/my_rm/bd/ulp/ip/ulp_hmss_0_0/bd_8/ip/ip_12/bd_7ac9_sbn_0_clocks.xdc] for cell 'level0_i/ulp/hmss_0/inst/path_7/interconnect8_7/inst/s00_nodes/s00_b_node/inst'
Finished Parsing XDC File [/data/tmp/chuxiao/spine_opt_v2_hw_150_20260728/temp/partitioned_split_e2e_link/link/vivado/vpl/prj/prj.gen/my_rm/bd/ulp/ip/ulp_hmss_0_0/bd_8/ip/ip_12/bd_7ac9_sbn_0_clocks.xdc] for cell 'level0_i/ulp/hmss_0/inst/path_7/interconnect8_7/inst/s00_nodes/s00_b_node/inst'
Parsing XDC File [/data/tmp/chuxiao/spine_opt_v2_hw_150_20260728/temp/partitioned_split_e2e_link/link/vivado/vpl/prj/prj.gen/my_rm/bd/ulp/ip/ulp_hmss_0_0/bd_0/ip/ip_25/smartconnect.xdc] for cell 'level0_i/ulp/hmss_0/inst/path_7/interconnect8_7/inst'
WARNING: [Vivado_Tcl 4-919] Waiver ID 'CDC-1' -from list should not be empty. [/data/tmp/chuxiao/spine_opt_v2_hw_150_20260728/temp/partitioned_split_e2e_link/link/vivado/vpl/prj/prj.gen/my_rm/bd/ulp/ip/ulp_hmss_0_0/bd_0/ip/ip_25/smartconnect.xdc:1]
Finished Parsing XDC File [/data/tmp/chuxiao/spine_opt_v2_hw_150_20260728/temp/partitioned_split_e2e_link/link/vivado/vpl/prj/prj.gen/my_rm/bd/ulp/ip/ulp_hmss_0_0/bd_0/ip/ip_25/smartconnect.xdc] for cell 'level0_i/ulp/hmss_0/inst/path_7/interconnect8_7/inst'
Parsing XDC File [/data/tmp/chuxiao/spine_opt_v2_hw_150_20260728/temp/partitioned_split_e2e_link/link/vivado/vpl/prj/prj.gen/my_rm/bd/ulp/ip/ulp_hmss_0_0/bd_9/ip/ip_1/bd_b9c4_psr0_0_board.xdc] for cell 'level0_i/ulp/hmss_0/inst/path_8/interconnect9_8/inst/clk_map/psr0/U0'
Finished Parsing XDC File [/data/tmp/chuxiao/spine_opt_v2_hw_150_20260728/temp/partitioned_split_e2e_link/link/vivado/vpl/prj/prj.gen/my_rm/bd/ulp/ip/ulp_hmss_0_0/bd_9/ip/ip_1/bd_b9c4_psr0_0_board.xdc] for cell 'level0_i/ulp/hmss_0/inst/path_8/interconnect9_8/inst/clk_map/psr0/U0'
Parsing XDC File [/data/tmp/chuxiao/spine_opt_v2_hw_150_20260728/temp/partitioned_split_e2e_link/link/vivado/vpl/prj/prj.gen/my_rm/bd/ulp/ip/ulp_hmss_0_0/bd_9/ip/ip_1/bd_b9c4_psr0_0.xdc] for cell 'level0_i/ulp/hmss_0/inst/path_8/interconnect9_8/inst/clk_map/psr0/U0'
Finished Parsing XDC File [/data/tmp/chuxiao/spine_opt_v2_hw_150_20260728/temp/partitioned_split_e2e_link/link/vivado/vpl/prj/prj.gen/my_rm/bd/ulp/ip/ulp_hmss_0_0/bd_9/ip/ip_1/bd_b9c4_psr0_0.xdc] for cell 'level0_i/ulp/hmss_0/inst/path_8/interconnect9_8/inst/clk_map/psr0/U0'
Parsing XDC File [/data/tmp/chuxiao/spine_opt_v2_hw_150_20260728/temp/partitioned_split_e2e_link/link/vivado/vpl/prj/prj.gen/my_rm/bd/ulp/ip/ulp_hmss_0_0/bd_9/ip/ip_2/bd_b9c4_psr_aclk_0_board.xdc] for cell 'level0_i/ulp/hmss_0/inst/path_8/interconnect9_8/inst/clk_map/psr_aclk/U0'
Finished Parsing XDC File [/data/tmp/chuxiao/spine_opt_v2_hw_150_20260728/temp/partitioned_split_e2e_link/link/vivado/vpl/prj/prj.gen/my_rm/bd/ulp/ip/ulp_hmss_0_0/bd_9/ip/ip_2/bd_b9c4_psr_aclk_0_board.xdc] for cell 'level0_i/ulp/hmss_0/inst/path_8/interconnect9_8/inst/clk_map/psr_aclk/U0'
Parsing XDC File [/data/tmp/chuxiao/spine_opt_v2_hw_150_20260728/temp/partitioned_split_e2e_link/link/vivado/vpl/prj/prj.gen/my_rm/bd/ulp/ip/ulp_hmss_0_0/bd_13/ip/ip_12/bd_daa2_sbn_0_clocks.xdc] for cell 'level0_i/ulp/hmss_0/inst/path_12/interconnect13_12/inst/s00_nodes/s00_b_node/inst'
Finished Parsing XDC File [/data/tmp/chuxiao/spine_opt_v2_hw_150_20260728/temp/partitioned_split_e2e_link/link/vivado/vpl/prj/prj.gen/my_rm/bd/ulp/ip/ulp_hmss_0_0/bd_13/ip/ip_12/bd_daa2_sbn_0_clocks.xdc] for cell 'level0_i/ulp/hmss_0/inst/path_12/interconnect13_12/inst/s00_nodes/s00_b_node/inst'
Parsing XDC File [/data/tmp/chuxiao/spine_opt_v2_hw_150_20260728/temp/partitioned_split_e2e_link/link/vivado/vpl/prj/prj.gen/my_rm/bd/ulp/ip/ulp_hmss_0_0/bd_13/ip/ip_1/bd_daa2_psr0_0_board.xdc] for cell 'level0_i/ulp/hmss_0/inst/path_12/interconnect13_12/inst/clk_map/psr0/U0'
Finished Parsing XDC File [/data/tmp/chuxiao/spine_opt_v2_hw_150_20260728/temp/partitioned_split_e2e_link/link/vivado/vpl/prj/prj.gen/my_rm/bd/ulp/ip/ulp_hmss_0_0/bd_13/ip/ip_1/bd_daa2_psr0_0_board.xdc] for cell 'level0_i/ulp/hmss_0/inst/path_12/interconnect13_12/inst/clk_map/psr0/U0'
Parsing XDC File [/data/tmp/chuxiao/spine_opt_v2_hw_150_20260728/temp/partitioned_split_e2e_link/link/vivado/vpl/prj/prj.gen/my_rm/bd/ulp/ip/ulp_hmss_0_0/bd_13/ip/ip_1/bd_daa2_psr0_0.xdc] for cell 'level0_i/ulp/hmss_0/inst/path_12/interconnect13_12/inst/clk_map/psr0/U0'
Finished Parsing XDC File [/data/tmp/chuxiao/spine_opt_v2_hw_150_20260728/temp/partitioned_split_e2e_link/link/vivado/vpl/prj/prj.gen/my_rm/bd/ulp/ip/ulp_hmss_0_0/bd_13/ip/ip_1/bd_daa2_psr0_0.xdc] for cell 'level0_i/ulp/hmss_0/inst/path_12/interconnect13_12/inst/clk_map/psr0/U0'
Parsing XDC File [/data/tmp/chuxiao/spine_opt_v2_hw_150_20260728/temp/partitioned_split_e2e_link/link/vivado/vpl/prj/prj.gen/my_rm/bd/ulp/ip/ulp_hmss_0_0/bd_13/ip/ip_2/bd_daa2_psr_aclk_0_board.xdc] for cell 'level0_i/ulp/hmss_0/inst/path_12/interconnect13_12/inst/clk_map/psr_aclk/U0'
Finished Parsing XDC File [/data/tmp/chuxiao/spine_opt_v2_hw_150_20260728/temp/partitioned_split_e2e_link/link/vivado/vpl/prj/prj.gen/my_rm/bd/ulp/ip/ulp_hmss_0_0/bd_13/ip/ip_2/bd_daa2_psr_aclk_0_board.xdc] for cell 'level0_i/ulp/hmss_0/inst/path_12/interconnect13_12/inst/clk_map/psr_aclk/U0'
Parsing XDC File [/data/tmp/chuxiao/spine_opt_v2_hw_150_20260728/temp/partitioned_split_e2e_link/link/vivado/vpl/prj/prj.gen/my_rm/bd/ulp/ip/ulp_hmss_0_0/bd_13/ip/ip_2/bd_daa2_psr_aclk_0.xdc] for cell 'level0_i/ulp/hmss_0/inst/path_12/interconnect13_12/inst/clk_map/psr_aclk/U0'
Finished Parsing XDC File [/data/tmp/chuxiao/spine_opt_v2_hw_150_20260728/temp/partitioned_split_e2e_link/link/vivado/vpl/prj/prj.gen/my_rm/bd/ulp/ip/ulp_hmss_0_0/bd_13/ip/ip_2/bd_daa2_psr_aclk_0.xdc] for cell 'level0_i/ulp/hmss_0/inst/path_12/interconnect13_12/inst/clk_map/psr_aclk/U0'
Parsing XDC File [/data/tmp/chuxiao/spine_opt_v2_hw_150_20260728/temp/partitioned_split_e2e_link/link/vivado/vpl/prj/prj.gen/my_rm/bd/ulp/ip/ulp_hmss_0_0/bd_13/ip/ip_3/bd_daa2_psr_aclk1_0_board.xdc] for cell 'level0_i/ulp/hmss_0/inst/path_12/interconnect13_12/inst/clk_map/psr_aclk1/U0'
Finished Parsing XDC File [/data/tmp/chuxiao/spine_opt_v2_hw_150_20260728/temp/partitioned_split_e2e_link/link/vivado/vpl/prj/prj.gen/my_rm/bd/ulp/ip/ulp_hmss_0_0/bd_13/ip/ip_3/bd_daa2_psr_aclk1_0_board.xdc] for cell 'level0_i/ulp/hmss_0/inst/path_12/interconnect13_12/inst/clk_map/psr_aclk1/U0'
Parsing XDC File [/data/tmp/chuxiao/spine_opt_v2_hw_150_20260728/temp/partitioned_split_e2e_link/link/vivado/vpl/prj/prj.gen/my_rm/bd/ulp/ip/ulp_hmss_0_0/bd_13/ip/ip_3/bd_daa2_psr_aclk1_0.xdc] for cell 'level0_i/ulp/hmss_0/inst/path_12/interconnect13_12/inst/clk_map/psr_aclk1/U0'
Finished Parsing XDC File [/data/tmp/chuxiao/spine_opt_v2_hw_150_20260728/temp/partitioned_split_e2e_link/link/vivado/vpl/prj/prj.gen/my_rm/bd/ulp/ip/ulp_hmss_0_0/bd_13/ip/ip_3/bd_daa2_psr_aclk1_0.xdc] for cell 'level0_i/ulp/hmss_0/inst/path_12/interconnect13_12/inst/clk_map/psr_aclk1/U0'
Parsing XDC File [/data/tmp/chuxiao/spine_opt_v2_hw_150_20260728/temp/partitioned_split_e2e_link/link/vivado/vpl/prj/prj.gen/my_rm/bd/ulp/ip/ulp_hmss_0_0/bd_13/ip/ip_8/bd_daa2_sarn_0_clocks.xdc] for cell 'level0_i/ulp/hmss_0/inst/path_12/interconnect13_12/inst/s00_nodes/s00_ar_node/inst'
Finished Parsing XDC File [/data/tmp/chuxiao/spine_opt_v2_hw_150_20260728/temp/partitioned_split_e2e_link/link/vivado/vpl/prj/prj.gen/my_rm/bd/ulp/ip/ulp_hmss_0_0/bd_13/ip/ip_8/bd_daa2_sarn_0_clocks.xdc] for cell 'level0_i/ulp/hmss_0/inst/path_12/interconnect13_12/inst/s00_nodes/s00_ar_node/inst'
Parsing XDC File [/data/tmp/chuxiao/spine_opt_v2_hw_150_20260728/temp/partitioned_split_e2e_link/link/vivado/vpl/prj/prj.gen/my_rm/bd/ulp/ip/ulp_hmss_0_0/bd_13/ip/ip_9/bd_daa2_srn_0_clocks.xdc] for cell 'level0_i/ulp/hmss_0/inst/path_12/interconnect13_12/inst/s00_nodes/s00_r_node/inst'
Finished Parsing XDC File [/data/tmp/chuxiao/spine_opt_v2_hw_150_20260728/temp/partitioned_split_e2e_link/link/vivado/vpl/prj/prj.gen/my_rm/bd/ulp/ip/ulp_hmss_0_0/bd_13/ip/ip_9/bd_daa2_srn_0_clocks.xdc] for cell 'level0_i/ulp/hmss_0/inst/path_12/interconnect13_12/inst/s00_nodes/s00_r_node/inst'
Parsing XDC File [/data/tmp/chuxiao/spine_opt_v2_hw_150_20260728/temp/partitioned_split_e2e_link/link/vivado/vpl/prj/prj.gen/my_rm/bd/ulp/ip/ulp_hmss_0_0/bd_13/ip/ip_10/bd_daa2_sawn_0_clocks.xdc] for cell 'level0_i/ulp/hmss_0/inst/path_12/interconnect13_12/inst/s00_nodes/s00_aw_node/inst'
Finished Parsing XDC File [/data/tmp/chuxiao/spine_opt_v2_hw_150_20260728/temp/partitioned_split_e2e_link/link/vivado/vpl/prj/prj.gen/my_rm/bd/ulp/ip/ulp_hmss_0_0/bd_13/ip/ip_10/bd_daa2_sawn_0_clocks.xdc] for cell 'level0_i/ulp/hmss_0/inst/path_12/interconnect13_12/inst/s00_nodes/s00_aw_node/inst'
Parsing XDC File [/data/tmp/chuxiao/spine_opt_v2_hw_150_20260728/temp/partitioned_split_e2e_link/link/vivado/vpl/prj/prj.gen/my_rm/bd/ulp/ip/ulp_hmss_0_0/bd_13/ip/ip_11/bd_daa2_swn_0_clocks.xdc] for cell 'level0_i/ulp/hmss_0/inst/path_12/interconnect13_12/inst/s00_nodes/s00_w_node/inst'
Finished Parsing XDC File [/data/tmp/chuxiao/spine_opt_v2_hw_150_20260728/temp/partitioned_split_e2e_link/link/vivado/vpl/prj/prj.gen/my_rm/bd/ulp/ip/ulp_hmss_0_0/bd_13/ip/ip_11/bd_daa2_swn_0_clocks.xdc] for cell 'level0_i/ulp/hmss_0/inst/path_12/interconnect13_12/inst/s00_nodes/s00_w_node/inst'
Parsing XDC File [/data/tmp/chuxiao/spine_opt_v2_hw_150_20260728/temp/partitioned_split_e2e_link/link/vivado/vpl/prj/prj.gen/my_rm/bd/ulp/ip/ulp_hmss_0_0/bd_0/ip/ip_37/smartconnect.xdc] for cell 'level0_i/ulp/hmss_0/inst/path_11/interconnect12_11/inst'
WARNING: [Vivado_Tcl 4-919] Waiver ID 'CDC-1' -from list should not be empty. [/data/tmp/chuxiao/spine_opt_v2_hw_150_20260728/temp/partitioned_split_e2e_link/link/vivado/vpl/prj/prj.gen/my_rm/bd/ulp/ip/ulp_hmss_0_0/bd_0/ip/ip_37/smartconnect.xdc:1]
Finished Parsing XDC File [/data/tmp/chuxiao/spine_opt_v2_hw_150_20260728/temp/partitioned_split_e2e_link/link/vivado/vpl/prj/prj.gen/my_rm/bd/ulp/ip/ulp_hmss_0_0/bd_0/ip/ip_37/smartconnect.xdc] for cell 'level0_i/ulp/hmss_0/inst/path_11/interconnect12_11/inst'
Parsing XDC File [/data/tmp/chuxiao/spine_opt_v2_hw_150_20260728/temp/partitioned_split_e2e_link/link/vivado/vpl/prj/prj.gen/my_rm/bd/ulp/ip/ulp_hmss_0_0/bd_0/ip/ip_40/smartconnect.xdc] for cell 'level0_i/ulp/hmss_0/inst/path_12/interconnect13_12/inst'
WARNING: [Vivado_Tcl 4-919] Waiver ID 'CDC-1' -from list should not be empty. [/data/tmp/chuxiao/spine_opt_v2_hw_150_20260728/temp/partitioned_split_e2e_link/link/vivado/vpl/prj/prj.gen/my_rm/bd/ulp/ip/ulp_hmss_0_0/bd_0/ip/ip_40/smartconnect.xdc:1]
Finished Parsing XDC File [/data/tmp/chuxiao/spine_opt_v2_hw_150_20260728/temp/partitioned_split_e2e_link/link/vivado/vpl/prj/prj.gen/my_rm/bd/ulp/ip/ulp_hmss_0_0/bd_0/ip/ip_40/smartconnect.xdc] for cell 'level0_i/ulp/hmss_0/inst/path_12/interconnect13_12/inst'
Parsing XDC File [/data/tmp/chuxiao/spine_opt_v2_hw_150_20260728/temp/partitioned_split_e2e_link/link/vivado/vpl/prj/prj.gen/my_rm/bd/ulp/ip/ulp_hmss_0_0/bd_14/ip/ip_1/bd_adf2_psr0_0_board.xdc] for cell 'level0_i/ulp/hmss_0/inst/path_13/interconnect14_13/inst/clk_map/psr0/U0'
Finished Parsing XDC File [/data/tmp/chuxiao/spine_opt_v2_hw_150_20260728/temp/partitioned_split_e2e_link/link/vivado/vpl/prj/prj.gen/my_rm/bd/ulp/ip/ulp_hmss_0_0/bd_14/ip/ip_1/bd_adf2_psr0_0_board.xdc] for cell 'level0_i/ulp/hmss_0/inst/path_13/interconnect14_13/inst/clk_map/psr0/U0'
Parsing XDC File [/data/tmp/chuxiao/spine_opt_v2_hw_150_20260728/temp/partitioned_split_e2e_link/link/vivado/vpl/prj/prj.gen/my_rm/bd/ulp/ip/ulp_hmss_0_0/bd_14/ip/ip_1/bd_adf2_psr0_0.xdc] for cell 'level0_i/ulp/hmss_0/inst/path_13/interconnect14_13/inst/clk_map/psr0/U0'
Finished Parsing XDC File [/data/tmp/chuxiao/spine_opt_v2_hw_150_20260728/temp/partitioned_split_e2e_link/link/vivado/vpl/prj/prj.gen/my_rm/bd/ulp/ip/ulp_hmss_0_0/bd_14/ip/ip_1/bd_adf2_psr0_0.xdc] for cell 'level0_i/ulp/hmss_0/inst/path_13/interconnect14_13/inst/clk_map/psr0/U0'
Parsing XDC File [/data/tmp/chuxiao/spine_opt_v2_hw_150_20260728/temp/partitioned_split_e2e_link/link/vivado/vpl/prj/prj.gen/my_rm/bd/ulp/ip/ulp_hmss_0_0/bd_14/ip/ip_2/bd_adf2_psr_aclk_0_board.xdc] for cell 'level0_i/ulp/hmss_0/inst/path_13/interconnect14_13/inst/clk_map/psr_aclk/U0'
Finished Parsing XDC File [/data/tmp/chuxiao/spine_opt_v2_hw_150_20260728/temp/partitioned_split_e2e_link/link/vivado/vpl/prj/prj.gen/my_rm/bd/ulp/ip/ulp_hmss_0_0/bd_14/ip/ip_2/bd_adf2_psr_aclk_0_board.xdc] for cell 'level0_i/ulp/hmss_0/inst/path_13/interconnect14_13/inst/clk_map/psr_aclk/U0'
Parsing XDC File [/data/tmp/chuxiao/spine_opt_v2_hw_150_20260728/temp/partitioned_split_e2e_link/link/vivado/vpl/prj/prj.gen/my_rm/bd/ulp/ip/ulp_hmss_0_0/bd_14/ip/ip_2/bd_adf2_psr_aclk_0.xdc] for cell 'level0_i/ulp/hmss_0/inst/path_13/interconnect14_13/inst/clk_map/psr_aclk/U0'
Finished Parsing XDC File [/data/tmp/chuxiao/spine_opt_v2_hw_150_20260728/temp/partitioned_split_e2e_link/link/vivado/vpl/prj/prj.gen/my_rm/bd/ulp/ip/ulp_hmss_0_0/bd_14/ip/ip_2/bd_adf2_psr_aclk_0.xdc] for cell 'level0_i/ulp/hmss_0/inst/path_13/interconnect14_13/inst/clk_map/psr_aclk/U0'
Parsing XDC File [/data/tmp/chuxiao/spine_opt_v2_hw_150_20260728/temp/partitioned_split_e2e_link/link/vivado/vpl/prj/prj.gen/my_rm/bd/ulp/ip/ulp_hmss_0_0/bd_14/ip/ip_3/bd_adf2_psr_aclk1_0_board.xdc] for cell 'level0_i/ulp/hmss_0/inst/path_13/interconnect14_13/inst/clk_map/psr_aclk1/U0'
Finished Parsing XDC File [/data/tmp/chuxiao/spine_opt_v2_hw_150_20260728/temp/partitioned_split_e2e_link/link/vivado/vpl/prj/prj.gen/my_rm/bd/ulp/ip/ulp_hmss_0_0/bd_14/ip/ip_3/bd_adf2_psr_aclk1_0_board.xdc] for cell 'level0_i/ulp/hmss_0/inst/path_13/interconnect14_13/inst/clk_map/psr_aclk1/U0'
Parsing XDC File [/data/tmp/chuxiao/spine_opt_v2_hw_150_20260728/temp/partitioned_split_e2e_link/link/vivado/vpl/prj/prj.gen/my_rm/bd/ulp/ip/ulp_hmss_0_0/bd_14/ip/ip_3/bd_adf2_psr_aclk1_0.xdc] for cell 'level0_i/ulp/hmss_0/inst/path_13/interconnect14_13/inst/clk_map/psr_aclk1/U0'
Finished Parsing XDC File [/data/tmp/chuxiao/spine_opt_v2_hw_150_20260728/temp/partitioned_split_e2e_link/link/vivado/vpl/prj/prj.gen/my_rm/bd/ulp/ip/ulp_hmss_0_0/bd_14/ip/ip_3/bd_adf2_psr_aclk1_0.xdc] for cell 'level0_i/ulp/hmss_0/inst/path_13/interconnect14_13/inst/clk_map/psr_aclk1/U0'
Parsing XDC File [/data/tmp/chuxiao/spine_opt_v2_hw_150_20260728/temp/partitioned_split_e2e_link/link/vivado/vpl/prj/prj.gen/my_rm/bd/ulp/ip/ulp_hmss_0_0/bd_14/ip/ip_8/bd_adf2_sarn_0_clocks.xdc] for cell 'level0_i/ulp/hmss_0/inst/path_13/interconnect14_13/inst/s00_nodes/s00_ar_node/inst'
Finished Parsing XDC File [/data/tmp/chuxiao/spine_opt_v2_hw_150_20260728/temp/partitioned_split_e2e_link/link/vivado/vpl/prj/prj.gen/my_rm/bd/ulp/ip/ulp_hmss_0_0/bd_14/ip/ip_8/bd_adf2_sarn_0_clocks.xdc] for cell 'level0_i/ulp/hmss_0/inst/path_13/interconnect14_13/inst/s00_nodes/s00_ar_node/inst'
Parsing XDC File [/data/tmp/chuxiao/spine_opt_v2_hw_150_20260728/temp/partitioned_split_e2e_link/link/vivado/vpl/prj/prj.gen/my_rm/bd/ulp/ip/ulp_hmss_0_0/bd_14/ip/ip_9/bd_adf2_srn_0_clocks.xdc] for cell 'level0_i/ulp/hmss_0/inst/path_13/interconnect14_13/inst/s00_nodes/s00_r_node/inst'
Finished Parsing XDC File [/data/tmp/chuxiao/spine_opt_v2_hw_150_20260728/temp/partitioned_split_e2e_link/link/vivado/vpl/prj/prj.gen/my_rm/bd/ulp/ip/ulp_hmss_0_0/bd_14/ip/ip_9/bd_adf2_srn_0_clocks.xdc] for cell 'level0_i/ulp/hmss_0/inst/path_13/interconnect14_13/inst/s00_nodes/s00_r_node/inst'
Parsing XDC File [/data/tmp/chuxiao/spine_opt_v2_hw_150_20260728/temp/partitioned_split_e2e_link/link/vivado/vpl/prj/prj.gen/my_rm/bd/ulp/ip/ulp_hmss_0_0/bd_14/ip/ip_10/bd_adf2_sawn_0_clocks.xdc] for cell 'level0_i/ulp/hmss_0/inst/path_13/interconnect14_13/inst/s00_nodes/s00_aw_node/inst'
Finished Parsing XDC File [/data/tmp/chuxiao/spine_opt_v2_hw_150_20260728/temp/partitioned_split_e2e_link/link/vivado/vpl/prj/prj.gen/my_rm/bd/ulp/ip/ulp_hmss_0_0/bd_14/ip/ip_10/bd_adf2_sawn_0_clocks.xdc] for cell 'level0_i/ulp/hmss_0/inst/path_13/interconnect14_13/inst/s00_nodes/s00_aw_node/inst'
Parsing XDC File [/data/tmp/chuxiao/spine_opt_v2_hw_150_20260728/temp/partitioned_split_e2e_link/link/vivado/vpl/prj/prj.gen/my_rm/bd/ulp/ip/ulp_hmss_0_0/bd_12/ip/ip_1/bd_0b53_psr0_0_board.xdc] for cell 'level0_i/ulp/hmss_0/inst/path_11/interconnect12_11/inst/clk_map/psr0/U0'
Finished Parsing XDC File [/data/tmp/chuxiao/spine_opt_v2_hw_150_20260728/temp/partitioned_split_e2e_link/link/vivado/vpl/prj/prj.gen/my_rm/bd/ulp/ip/ulp_hmss_0_0/bd_12/ip/ip_1/bd_0b53_psr0_0_board.xdc] for cell 'level0_i/ulp/hmss_0/inst/path_11/interconnect12_11/inst/clk_map/psr0/U0'
Parsing XDC File [/data/tmp/chuxiao/spine_opt_v2_hw_150_20260728/temp/partitioned_split_e2e_link/link/vivado/vpl/prj/prj.gen/my_rm/bd/ulp/ip/ulp_hmss_0_0/bd_11/ip/ip_2/bd_f802_psr_aclk_0_board.xdc] for cell 'level0_i/ulp/hmss_0/inst/path_10/interconnect11_10/inst/clk_map/psr_aclk/U0'
Finished Parsing XDC File [/data/tmp/chuxiao/spine_opt_v2_hw_150_20260728/temp/partitioned_split_e2e_link/link/vivado/vpl/prj/prj.gen/my_rm/bd/ulp/ip/ulp_hmss_0_0/bd_11/ip/ip_2/bd_f802_psr_aclk_0_board.xdc] for cell 'level0_i/ulp/hmss_0/inst/path_10/interconnect11_10/inst/clk_map/psr_aclk/U0'
Parsing XDC File [/data/tmp/chuxiao/spine_opt_v2_hw_150_20260728/temp/partitioned_split_e2e_link/link/vivado/vpl/prj/prj.gen/my_rm/bd/ulp/ip/ulp_hmss_0_0/bd_11/ip/ip_2/bd_f802_psr_aclk_0.xdc] for cell 'level0_i/ulp/hmss_0/inst/path_10/interconnect11_10/inst/clk_map/psr_aclk/U0'
Finished Parsing XDC File [/data/tmp/chuxiao/spine_opt_v2_hw_150_20260728/temp/partitioned_split_e2e_link/link/vivado/vpl/prj/prj.gen/my_rm/bd/ulp/ip/ulp_hmss_0_0/bd_11/ip/ip_2/bd_f802_psr_aclk_0.xdc] for cell 'level0_i/ulp/hmss_0/inst/path_10/interconnect11_10/inst/clk_map/psr_aclk/U0'
Parsing XDC File [/data/tmp/chuxiao/spine_opt_v2_hw_150_20260728/temp/partitioned_split_e2e_link/link/vivado/vpl/prj/prj.gen/my_rm/bd/ulp/ip/ulp_hmss_0_0/bd_11/ip/ip_3/bd_f802_psr_aclk1_0_board.xdc] for cell 'level0_i/ulp/hmss_0/inst/path_10/interconnect11_10/inst/clk_map/psr_aclk1/U0'
Finished Parsing XDC File [/data/tmp/chuxiao/spine_opt_v2_hw_150_20260728/temp/partitioned_split_e2e_link/link/vivado/vpl/prj/prj.gen/my_rm/bd/ulp/ip/ulp_hmss_0_0/bd_11/ip/ip_3/bd_f802_psr_aclk1_0_board.xdc] for cell 'level0_i/ulp/hmss_0/inst/path_10/interconnect11_10/inst/clk_map/psr_aclk1/U0'
Parsing XDC File [/data/tmp/chuxiao/spine_opt_v2_hw_150_20260728/temp/partitioned_split_e2e_link/link/vivado/vpl/prj/prj.gen/my_rm/bd/ulp/ip/ulp_hmss_0_0/bd_11/ip/ip_3/bd_f802_psr_aclk1_0.xdc] for cell 'level0_i/ulp/hmss_0/inst/path_10/interconnect11_10/inst/clk_map/psr_aclk1/U0'
Finished Parsing XDC File [/data/tmp/chuxiao/spine_opt_v2_hw_150_20260728/temp/partitioned_split_e2e_link/link/vivado/vpl/prj/prj.gen/my_rm/bd/ulp/ip/ulp_hmss_0_0/bd_11/ip/ip_3/bd_f802_psr_aclk1_0.xdc] for cell 'level0_i/ulp/hmss_0/inst/path_10/interconnect11_10/inst/clk_map/psr_aclk1/U0'
Parsing XDC File [/data/tmp/chuxiao/spine_opt_v2_hw_150_20260728/temp/partitioned_split_e2e_link/link/vivado/vpl/prj/prj.gen/my_rm/bd/ulp/ip/ulp_hmss_0_0/bd_11/ip/ip_8/bd_f802_sarn_0_clocks.xdc] for cell 'level0_i/ulp/hmss_0/inst/path_10/interconnect11_10/inst/s00_nodes/s00_ar_node/inst'
Finished Parsing XDC File [/data/tmp/chuxiao/spine_opt_v2_hw_150_20260728/temp/partitioned_split_e2e_link/link/vivado/vpl/prj/prj.gen/my_rm/bd/ulp/ip/ulp_hmss_0_0/bd_11/ip/ip_8/bd_f802_sarn_0_clocks.xdc] for cell 'level0_i/ulp/hmss_0/inst/path_10/interconnect11_10/inst/s00_nodes/s00_ar_node/inst'
Parsing XDC File [/data/tmp/chuxiao/spine_opt_v2_hw_150_20260728/temp/partitioned_split_e2e_link/link/vivado/vpl/prj/prj.gen/my_rm/bd/ulp/ip/ulp_hmss_0_0/bd_11/ip/ip_9/bd_f802_srn_0_clocks.xdc] for cell 'level0_i/ulp/hmss_0/inst/path_10/interconnect11_10/inst/s00_nodes/s00_r_node/inst'
Finished Parsing XDC File [/data/tmp/chuxiao/spine_opt_v2_hw_150_20260728/temp/partitioned_split_e2e_link/link/vivado/vpl/prj/prj.gen/my_rm/bd/ulp/ip/ulp_hmss_0_0/bd_11/ip/ip_9/bd_f802_srn_0_clocks.xdc] for cell 'level0_i/ulp/hmss_0/inst/path_10/interconnect11_10/inst/s00_nodes/s00_r_node/inst'
Parsing XDC File [/data/tmp/chuxiao/spine_opt_v2_hw_150_20260728/temp/partitioned_split_e2e_link/link/vivado/vpl/prj/prj.gen/my_rm/bd/ulp/ip/ulp_hmss_0_0/bd_11/ip/ip_10/bd_f802_sawn_0_clocks.xdc] for cell 'level0_i/ulp/hmss_0/inst/path_10/interconnect11_10/inst/s00_nodes/s00_aw_node/inst'
Finished Parsing XDC File [/data/tmp/chuxiao/spine_opt_v2_hw_150_20260728/temp/partitioned_split_e2e_link/link/vivado/vpl/prj/prj.gen/my_rm/bd/ulp/ip/ulp_hmss_0_0/bd_11/ip/ip_10/bd_f802_sawn_0_clocks.xdc] for cell 'level0_i/ulp/hmss_0/inst/path_10/interconnect11_10/inst/s00_nodes/s00_aw_node/inst'
Parsing XDC File [/data/tmp/chuxiao/spine_opt_v2_hw_150_20260728/temp/partitioned_split_e2e_link/link/vivado/vpl/prj/prj.gen/my_rm/bd/ulp/ip/ulp_hmss_0_0/bd_11/ip/ip_11/bd_f802_swn_0_clocks.xdc] for cell 'level0_i/ulp/hmss_0/inst/path_10/interconnect11_10/inst/s00_nodes/s00_w_node/inst'
Finished Parsing XDC File [/data/tmp/chuxiao/spine_opt_v2_hw_150_20260728/temp/partitioned_split_e2e_link/link/vivado/vpl/prj/prj.gen/my_rm/bd/ulp/ip/ulp_hmss_0_0/bd_11/ip/ip_11/bd_f802_swn_0_clocks.xdc] for cell 'level0_i/ulp/hmss_0/inst/path_10/interconnect11_10/inst/s00_nodes/s00_w_node/inst'
Parsing XDC File [/data/tmp/chuxiao/spine_opt_v2_hw_150_20260728/temp/partitioned_split_e2e_link/link/vivado/vpl/prj/prj.gen/my_rm/bd/ulp/ip/ulp_hmss_0_0/bd_11/ip/ip_12/bd_f802_sbn_0_clocks.xdc] for cell 'level0_i/ulp/hmss_0/inst/path_10/interconnect11_10/inst/s00_nodes/s00_b_node/inst'
Finished Parsing XDC File [/data/tmp/chuxiao/spine_opt_v2_hw_150_20260728/temp/partitioned_split_e2e_link/link/vivado/vpl/prj/prj.gen/my_rm/bd/ulp/ip/ulp_hmss_0_0/bd_11/ip/ip_12/bd_f802_sbn_0_clocks.xdc] for cell 'level0_i/ulp/hmss_0/inst/path_10/interconnect11_10/inst/s00_nodes/s00_b_node/inst'
Parsing XDC File [/data/tmp/chuxiao/spine_opt_v2_hw_150_20260728/temp/partitioned_split_e2e_link/link/vivado/vpl/prj/prj.gen/my_rm/bd/ulp/ip/ulp_hmss_0_0/bd_0/ip/ip_34/smartconnect.xdc] for cell 'level0_i/ulp/hmss_0/inst/path_10/interconnect11_10/inst'
WARNING: [Vivado_Tcl 4-919] Waiver ID 'CDC-1' -from list should not be empty. [/data/tmp/chuxiao/spine_opt_v2_hw_150_20260728/temp/partitioned_split_e2e_link/link/vivado/vpl/prj/prj.gen/my_rm/bd/ulp/ip/ulp_hmss_0_0/bd_0/ip/ip_34/smartconnect.xdc:1]
Finished Parsing XDC File [/data/tmp/chuxiao/spine_opt_v2_hw_150_20260728/temp/partitioned_split_e2e_link/link/vivado/vpl/prj/prj.gen/my_rm/bd/ulp/ip/ulp_hmss_0_0/bd_0/ip/ip_34/smartconnect.xdc] for cell 'level0_i/ulp/hmss_0/inst/path_10/interconnect11_10/inst'
Parsing XDC File [/data/tmp/chuxiao/spine_opt_v2_hw_150_20260728/temp/partitioned_split_e2e_link/link/vivado/vpl/prj/prj.gen/my_rm/bd/ulp/ip/ulp_hmss_0_0/bd_7/ip/ip_3/bd_bbcc_psr_aclk1_0.xdc] for cell 'level0_i/ulp/hmss_0/inst/path_6/interconnect7_6/inst/clk_map/psr_aclk1/U0'
Finished Parsing XDC File [/data/tmp/chuxiao/spine_opt_v2_hw_150_20260728/temp/partitioned_split_e2e_link/link/vivado/vpl/prj/prj.gen/my_rm/bd/ulp/ip/ulp_hmss_0_0/bd_7/ip/ip_3/bd_bbcc_psr_aclk1_0.xdc] for cell 'level0_i/ulp/hmss_0/inst/path_6/interconnect7_6/inst/clk_map/psr_aclk1/U0'
Parsing XDC File [/data/tmp/chuxiao/spine_opt_v2_hw_150_20260728/temp/partitioned_split_e2e_link/link/vivado/vpl/prj/prj.gen/my_rm/bd/ulp/ip/ulp_hmss_0_0/bd_12/ip/ip_1/bd_0b53_psr0_0.xdc] for cell 'level0_i/ulp/hmss_0/inst/path_11/interconnect12_11/inst/clk_map/psr0/U0'
Finished Parsing XDC File [/data/tmp/chuxiao/spine_opt_v2_hw_150_20260728/temp/partitioned_split_e2e_link/link/vivado/vpl/prj/prj.gen/my_rm/bd/ulp/ip/ulp_hmss_0_0/bd_12/ip/ip_1/bd_0b53_psr0_0.xdc] for cell 'level0_i/ulp/hmss_0/inst/path_11/interconnect12_11/inst/clk_map/psr0/U0'
Parsing XDC File [/data/tmp/chuxiao/spine_opt_v2_hw_150_20260728/temp/partitioned_split_e2e_link/link/vivado/vpl/prj/prj.gen/my_rm/bd/ulp/ip/ulp_hmss_0_0/bd_12/ip/ip_2/bd_0b53_psr_aclk_0_board.xdc] for cell 'level0_i/ulp/hmss_0/inst/path_11/interconnect12_11/inst/clk_map/psr_aclk/U0'
Finished Parsing XDC File [/data/tmp/chuxiao/spine_opt_v2_hw_150_20260728/temp/partitioned_split_e2e_link/link/vivado/vpl/prj/prj.gen/my_rm/bd/ulp/ip/ulp_hmss_0_0/bd_12/ip/ip_2/bd_0b53_psr_aclk_0_board.xdc] for cell 'level0_i/ulp/hmss_0/inst/path_11/interconnect12_11/inst/clk_map/psr_aclk/U0'
Parsing XDC File [/data/tmp/chuxiao/spine_opt_v2_hw_150_20260728/temp/partitioned_split_e2e_link/link/vivado/vpl/prj/prj.gen/my_rm/bd/ulp/ip/ulp_hmss_0_0/bd_12/ip/ip_2/bd_0b53_psr_aclk_0.xdc] for cell 'level0_i/ulp/hmss_0/inst/path_11/interconnect12_11/inst/clk_map/psr_aclk/U0'
Finished Parsing XDC File [/data/tmp/chuxiao/spine_opt_v2_hw_150_20260728/temp/partitioned_split_e2e_link/link/vivado/vpl/prj/prj.gen/my_rm/bd/ulp/ip/ulp_hmss_0_0/bd_12/ip/ip_2/bd_0b53_psr_aclk_0.xdc] for cell 'level0_i/ulp/hmss_0/inst/path_11/interconnect12_11/inst/clk_map/psr_aclk/U0'
Parsing XDC File [/data/tmp/chuxiao/spine_opt_v2_hw_150_20260728/temp/partitioned_split_e2e_link/link/vivado/vpl/prj/prj.gen/my_rm/bd/ulp/ip/ulp_hmss_0_0/bd_12/ip/ip_3/bd_0b53_psr_aclk1_0_board.xdc] for cell 'level0_i/ulp/hmss_0/inst/path_11/interconnect12_11/inst/clk_map/psr_aclk1/U0'
Finished Parsing XDC File [/data/tmp/chuxiao/spine_opt_v2_hw_150_20260728/temp/partitioned_split_e2e_link/link/vivado/vpl/prj/prj.gen/my_rm/bd/ulp/ip/ulp_hmss_0_0/bd_12/ip/ip_3/bd_0b53_psr_aclk1_0_board.xdc] for cell 'level0_i/ulp/hmss_0/inst/path_11/interconnect12_11/inst/clk_map/psr_aclk1/U0'
Parsing XDC File [/data/tmp/chuxiao/spine_opt_v2_hw_150_20260728/temp/partitioned_split_e2e_link/link/vivado/vpl/prj/prj.gen/my_rm/bd/ulp/ip/ulp_hmss_0_0/bd_12/ip/ip_3/bd_0b53_psr_aclk1_0.xdc] for cell 'level0_i/ulp/hmss_0/inst/path_11/interconnect12_11/inst/clk_map/psr_aclk1/U0'
Finished Parsing XDC File [/data/tmp/chuxiao/spine_opt_v2_hw_150_20260728/temp/partitioned_split_e2e_link/link/vivado/vpl/prj/prj.gen/my_rm/bd/ulp/ip/ulp_hmss_0_0/bd_12/ip/ip_3/bd_0b53_psr_aclk1_0.xdc] for cell 'level0_i/ulp/hmss_0/inst/path_11/interconnect12_11/inst/clk_map/psr_aclk1/U0'
Parsing XDC File [/data/tmp/chuxiao/spine_opt_v2_hw_150_20260728/temp/partitioned_split_e2e_link/link/vivado/vpl/prj/prj.gen/my_rm/bd/ulp/ip/ulp_hmss_0_0/bd_12/ip/ip_8/bd_0b53_sarn_0_clocks.xdc] for cell 'level0_i/ulp/hmss_0/inst/path_11/interconnect12_11/inst/s00_nodes/s00_ar_node/inst'
Finished Parsing XDC File [/data/tmp/chuxiao/spine_opt_v2_hw_150_20260728/temp/partitioned_split_e2e_link/link/vivado/vpl/prj/prj.gen/my_rm/bd/ulp/ip/ulp_hmss_0_0/bd_12/ip/ip_8/bd_0b53_sarn_0_clocks.xdc] for cell 'level0_i/ulp/hmss_0/inst/path_11/interconnect12_11/inst/s00_nodes/s00_ar_node/inst'
Parsing XDC File [/data/tmp/chuxiao/spine_opt_v2_hw_150_20260728/temp/partitioned_split_e2e_link/link/vivado/vpl/prj/prj.gen/my_rm/bd/ulp/ip/ulp_hmss_0_0/bd_12/ip/ip_9/bd_0b53_srn_0_clocks.xdc] for cell 'level0_i/ulp/hmss_0/inst/path_11/interconnect12_11/inst/s00_nodes/s00_r_node/inst'
Finished Parsing XDC File [/data/tmp/chuxiao/spine_opt_v2_hw_150_20260728/temp/partitioned_split_e2e_link/link/vivado/vpl/prj/prj.gen/my_rm/bd/ulp/ip/ulp_hmss_0_0/bd_12/ip/ip_9/bd_0b53_srn_0_clocks.xdc] for cell 'level0_i/ulp/hmss_0/inst/path_11/interconnect12_11/inst/s00_nodes/s00_r_node/inst'
Parsing XDC File [/data/tmp/chuxiao/spine_opt_v2_hw_150_20260728/temp/partitioned_split_e2e_link/link/vivado/vpl/prj/prj.gen/my_rm/bd/ulp/ip/ulp_hmss_0_0/bd_12/ip/ip_10/bd_0b53_sawn_0_clocks.xdc] for cell 'level0_i/ulp/hmss_0/inst/path_11/interconnect12_11/inst/s00_nodes/s00_aw_node/inst'
Finished Parsing XDC File [/data/tmp/chuxiao/spine_opt_v2_hw_150_20260728/temp/partitioned_split_e2e_link/link/vivado/vpl/prj/prj.gen/my_rm/bd/ulp/ip/ulp_hmss_0_0/bd_12/ip/ip_10/bd_0b53_sawn_0_clocks.xdc] for cell 'level0_i/ulp/hmss_0/inst/path_11/interconnect12_11/inst/s00_nodes/s00_aw_node/inst'
Parsing XDC File [/data/tmp/chuxiao/spine_opt_v2_hw_150_20260728/temp/partitioned_split_e2e_link/link/vivado/vpl/prj/prj.gen/my_rm/bd/ulp/ip/ulp_hmss_0_0/bd_12/ip/ip_11/bd_0b53_swn_0_clocks.xdc] for cell 'level0_i/ulp/hmss_0/inst/path_11/interconnect12_11/inst/s00_nodes/s00_w_node/inst'
Finished Parsing XDC File [/data/tmp/chuxiao/spine_opt_v2_hw_150_20260728/temp/partitioned_split_e2e_link/link/vivado/vpl/prj/prj.gen/my_rm/bd/ulp/ip/ulp_hmss_0_0/bd_12/ip/ip_11/bd_0b53_swn_0_clocks.xdc] for cell 'level0_i/ulp/hmss_0/inst/path_11/interconnect12_11/inst/s00_nodes/s00_w_node/inst'
Parsing XDC File [/data/tmp/chuxiao/spine_opt_v2_hw_150_20260728/temp/partitioned_split_e2e_link/link/vivado/vpl/prj/prj.gen/my_rm/bd/ulp/ip/ulp_hmss_0_0/bd_12/ip/ip_12/bd_0b53_sbn_0_clocks.xdc] for cell 'level0_i/ulp/hmss_0/inst/path_11/interconnect12_11/inst/s00_nodes/s00_b_node/inst'
Finished Parsing XDC File [/data/tmp/chuxiao/spine_opt_v2_hw_150_20260728/temp/partitioned_split_e2e_link/link/vivado/vpl/prj/prj.gen/my_rm/bd/ulp/ip/ulp_hmss_0_0/bd_12/ip/ip_12/bd_0b53_sbn_0_clocks.xdc] for cell 'level0_i/ulp/hmss_0/inst/path_11/interconnect12_11/inst/s00_nodes/s00_b_node/inst'
Parsing XDC File [/data/tmp/chuxiao/spine_opt_v2_hw_150_20260728/temp/partitioned_split_e2e_link/link/vivado/vpl/prj/prj.gen/my_rm/bd/ulp/ip/ulp_hmss_0_0/bd_0/ip/ip_7/smartconnect.xdc] for cell 'level0_i/ulp/hmss_0/inst/path_1/interconnect2_1/inst'
WARNING: [Vivado_Tcl 4-919] Waiver ID 'CDC-1' -from list should not be empty. [/data/tmp/chuxiao/spine_opt_v2_hw_150_20260728/temp/partitioned_split_e2e_link/link/vivado/vpl/prj/prj.gen/my_rm/bd/ulp/ip/ulp_hmss_0_0/bd_0/ip/ip_7/smartconnect.xdc:1]
Finished Parsing XDC File [/data/tmp/chuxiao/spine_opt_v2_hw_150_20260728/temp/partitioned_split_e2e_link/link/vivado/vpl/prj/prj.gen/my_rm/bd/ulp/ip/ulp_hmss_0_0/bd_0/ip/ip_7/smartconnect.xdc] for cell 'level0_i/ulp/hmss_0/inst/path_1/interconnect2_1/inst'
Parsing XDC File [/data/tmp/chuxiao/spine_opt_v2_hw_150_20260728/temp/partitioned_split_e2e_link/link/vivado/vpl/prj/prj.gen/my_rm/bd/ulp/ip/ulp_hmss_0_0/bd_2/ip/ip_1/bd_7ab1_psr0_0.xdc] for cell 'level0_i/ulp/hmss_0/inst/path_1/interconnect2_1/inst/clk_map/psr0/U0'
Finished Parsing XDC File [/data/tmp/chuxiao/spine_opt_v2_hw_150_20260728/temp/partitioned_split_e2e_link/link/vivado/vpl/prj/prj.gen/my_rm/bd/ulp/ip/ulp_hmss_0_0/bd_2/ip/ip_1/bd_7ab1_psr0_0.xdc] for cell 'level0_i/ulp/hmss_0/inst/path_1/interconnect2_1/inst/clk_map/psr0/U0'
Parsing XDC File [/data/tmp/chuxiao/spine_opt_v2_hw_150_20260728/temp/partitioned_split_e2e_link/link/vivado/vpl/prj/prj.gen/my_rm/bd/ulp/ip/ulp_hmss_0_0/bd_2/ip/ip_2/bd_7ab1_psr_aclk_0_board.xdc] for cell 'level0_i/ulp/hmss_0/inst/path_1/interconnect2_1/inst/clk_map/psr_aclk/U0'
Finished Parsing XDC File [/data/tmp/chuxiao/spine_opt_v2_hw_150_20260728/temp/partitioned_split_e2e_link/link/vivado/vpl/prj/prj.gen/my_rm/bd/ulp/ip/ulp_hmss_0_0/bd_2/ip/ip_2/bd_7ab1_psr_aclk_0_board.xdc] for cell 'level0_i/ulp/hmss_0/inst/path_1/interconnect2_1/inst/clk_map/psr_aclk/U0'
Parsing XDC File [/data/tmp/chuxiao/spine_opt_v2_hw_150_20260728/temp/partitioned_split_e2e_link/link/vivado/vpl/prj/prj.gen/my_rm/bd/ulp/ip/ulp_hmss_0_0/bd_2/ip/ip_2/bd_7ab1_psr_aclk_0.xdc] for cell 'level0_i/ulp/hmss_0/inst/path_1/interconnect2_1/inst/clk_map/psr_aclk/U0'
Finished Parsing XDC File [/data/tmp/chuxiao/spine_opt_v2_hw_150_20260728/temp/partitioned_split_e2e_link/link/vivado/vpl/prj/prj.gen/my_rm/bd/ulp/ip/ulp_hmss_0_0/bd_2/ip/ip_2/bd_7ab1_psr_aclk_0.xdc] for cell 'level0_i/ulp/hmss_0/inst/path_1/interconnect2_1/inst/clk_map/psr_aclk/U0'
Parsing XDC File [/data/tmp/chuxiao/spine_opt_v2_hw_150_20260728/temp/partitioned_split_e2e_link/link/vivado/vpl/prj/prj.gen/my_rm/bd/ulp/ip/ulp_hmss_0_0/bd_2/ip/ip_3/bd_7ab1_psr_aclk1_0_board.xdc] for cell 'level0_i/ulp/hmss_0/inst/path_1/interconnect2_1/inst/clk_map/psr_aclk1/U0'
Finished Parsing XDC File [/data/tmp/chuxiao/spine_opt_v2_hw_150_20260728/temp/partitioned_split_e2e_link/link/vivado/vpl/prj/prj.gen/my_rm/bd/ulp/ip/ulp_hmss_0_0/bd_2/ip/ip_3/bd_7ab1_psr_aclk1_0_board.xdc] for cell 'level0_i/ulp/hmss_0/inst/path_1/interconnect2_1/inst/clk_map/psr_aclk1/U0'
Parsing XDC File [/data/tmp/chuxiao/spine_opt_v2_hw_150_20260728/temp/partitioned_split_e2e_link/link/vivado/vpl/prj/prj.gen/my_rm/bd/ulp/ip/ulp_hmss_0_0/bd_2/ip/ip_3/bd_7ab1_psr_aclk1_0.xdc] for cell 'level0_i/ulp/hmss_0/inst/path_1/interconnect2_1/inst/clk_map/psr_aclk1/U0'
Finished Parsing XDC File [/data/tmp/chuxiao/spine_opt_v2_hw_150_20260728/temp/partitioned_split_e2e_link/link/vivado/vpl/prj/prj.gen/my_rm/bd/ulp/ip/ulp_hmss_0_0/bd_2/ip/ip_3/bd_7ab1_psr_aclk1_0.xdc] for cell 'level0_i/ulp/hmss_0/inst/path_1/interconnect2_1/inst/clk_map/psr_aclk1/U0'
Parsing XDC File [/data/tmp/chuxiao/spine_opt_v2_hw_150_20260728/temp/partitioned_split_e2e_link/link/vivado/vpl/prj/prj.gen/my_rm/bd/ulp/ip/ulp_hmss_0_0/bd_2/ip/ip_8/bd_7ab1_sarn_0_clocks.xdc] for cell 'level0_i/ulp/hmss_0/inst/path_1/interconnect2_1/inst/s00_nodes/s00_ar_node/inst'
Finished Parsing XDC File [/data/tmp/chuxiao/spine_opt_v2_hw_150_20260728/temp/partitioned_split_e2e_link/link/vivado/vpl/prj/prj.gen/my_rm/bd/ulp/ip/ulp_hmss_0_0/bd_2/ip/ip_8/bd_7ab1_sarn_0_clocks.xdc] for cell 'level0_i/ulp/hmss_0/inst/path_1/interconnect2_1/inst/s00_nodes/s00_ar_node/inst'
Parsing XDC File [/data/tmp/chuxiao/spine_opt_v2_hw_150_20260728/temp/partitioned_split_e2e_link/link/vivado/vpl/prj/prj.gen/my_rm/bd/ulp/ip/ulp_hmss_0_0/bd_2/ip/ip_9/bd_7ab1_srn_0_clocks.xdc] for cell 'level0_i/ulp/hmss_0/inst/path_1/interconnect2_1/inst/s00_nodes/s00_r_node/inst'
Finished Parsing XDC File [/data/tmp/chuxiao/spine_opt_v2_hw_150_20260728/temp/partitioned_split_e2e_link/link/vivado/vpl/prj/prj.gen/my_rm/bd/ulp/ip/ulp_hmss_0_0/bd_2/ip/ip_9/bd_7ab1_srn_0_clocks.xdc] for cell 'level0_i/ulp/hmss_0/inst/path_1/interconnect2_1/inst/s00_nodes/s00_r_node/inst'
Parsing XDC File [/data/tmp/chuxiao/spine_opt_v2_hw_150_20260728/temp/partitioned_split_e2e_link/link/vivado/vpl/prj/prj.gen/my_rm/bd/ulp/ip/ulp_hmss_0_0/bd_2/ip/ip_10/bd_7ab1_sawn_0_clocks.xdc] for cell 'level0_i/ulp/hmss_0/inst/path_1/interconnect2_1/inst/s00_nodes/s00_aw_node/inst'
Finished Parsing XDC File [/data/tmp/chuxiao/spine_opt_v2_hw_150_20260728/temp/partitioned_split_e2e_link/link/vivado/vpl/prj/prj.gen/my_rm/bd/ulp/ip/ulp_hmss_0_0/bd_2/ip/ip_10/bd_7ab1_sawn_0_clocks.xdc] for cell 'level0_i/ulp/hmss_0/inst/path_1/interconnect2_1/inst/s00_nodes/s00_aw_node/inst'
Parsing XDC File [/data/tmp/chuxiao/spine_opt_v2_hw_150_20260728/temp/partitioned_split_e2e_link/link/vivado/vpl/prj/prj.gen/my_rm/bd/ulp/ip/ulp_hmss_0_0/bd_2/ip/ip_11/bd_7ab1_swn_0_clocks.xdc] for cell 'level0_i/ulp/hmss_0/inst/path_1/interconnect2_1/inst/s00_nodes/s00_w_node/inst'
Finished Parsing XDC File [/data/tmp/chuxiao/spine_opt_v2_hw_150_20260728/temp/partitioned_split_e2e_link/link/vivado/vpl/prj/prj.gen/my_rm/bd/ulp/ip/ulp_hmss_0_0/bd_2/ip/ip_11/bd_7ab1_swn_0_clocks.xdc] for cell 'level0_i/ulp/hmss_0/inst/path_1/interconnect2_1/inst/s00_nodes/s00_w_node/inst'
Parsing XDC File [/data/tmp/chuxiao/spine_opt_v2_hw_150_20260728/temp/partitioned_split_e2e_link/link/vivado/vpl/prj/prj.gen/my_rm/bd/ulp/ip/ulp_hmss_0_0/bd_2/ip/ip_12/bd_7ab1_sbn_0_clocks.xdc] for cell 'level0_i/ulp/hmss_0/inst/path_1/interconnect2_1/inst/s00_nodes/s00_b_node/inst'
Finished Parsing XDC File [/data/tmp/chuxiao/spine_opt_v2_hw_150_20260728/temp/partitioned_split_e2e_link/link/vivado/vpl/prj/prj.gen/my_rm/bd/ulp/ip/ulp_hmss_0_0/bd_2/ip/ip_12/bd_7ab1_sbn_0_clocks.xdc] for cell 'level0_i/ulp/hmss_0/inst/path_1/interconnect2_1/inst/s00_nodes/s00_b_node/inst'
Parsing XDC File [/data/tmp/chuxiao/spine_opt_v2_hw_150_20260728/temp/partitioned_split_e2e_link/link/vivado/vpl/prj/prj.gen/my_rm/bd/ulp/ip/ulp_hmss_0_0/bd_2/ip/ip_1/bd_7ab1_psr0_0_board.xdc] for cell 'level0_i/ulp/hmss_0/inst/path_1/interconnect2_1/inst/clk_map/psr0/U0'
Finished Parsing XDC File [/data/tmp/chuxiao/spine_opt_v2_hw_150_20260728/temp/partitioned_split_e2e_link/link/vivado/vpl/prj/prj.gen/my_rm/bd/ulp/ip/ulp_hmss_0_0/bd_2/ip/ip_1/bd_7ab1_psr0_0_board.xdc] for cell 'level0_i/ulp/hmss_0/inst/path_1/interconnect2_1/inst/clk_map/psr0/U0'
Parsing XDC File [/data/tmp/chuxiao/spine_opt_v2_hw_150_20260728/temp/partitioned_split_e2e_link/link/vivado/vpl/prj/prj.gen/my_rm/bd/ulp/ip/ulp_hmss_0_0/bd_3/ip/ip_1/bd_ba7c_psr0_0_board.xdc] for cell 'level0_i/ulp/hmss_0/inst/path_2/interconnect3_2/inst/clk_map/psr0/U0'
Finished Parsing XDC File [/data/tmp/chuxiao/spine_opt_v2_hw_150_20260728/temp/partitioned_split_e2e_link/link/vivado/vpl/prj/prj.gen/my_rm/bd/ulp/ip/ulp_hmss_0_0/bd_3/ip/ip_1/bd_ba7c_psr0_0_board.xdc] for cell 'level0_i/ulp/hmss_0/inst/path_2/interconnect3_2/inst/clk_map/psr0/U0'
Parsing XDC File [/data/tmp/chuxiao/spine_opt_v2_hw_150_20260728/temp/partitioned_split_e2e_link/link/vivado/vpl/prj/prj.gen/my_rm/bd/ulp/ip/ulp_hmss_0_0/bd_3/ip/ip_1/bd_ba7c_psr0_0.xdc] for cell 'level0_i/ulp/hmss_0/inst/path_2/interconnect3_2/inst/clk_map/psr0/U0'
Finished Parsing XDC File [/data/tmp/chuxiao/spine_opt_v2_hw_150_20260728/temp/partitioned_split_e2e_link/link/vivado/vpl/prj/prj.gen/my_rm/bd/ulp/ip/ulp_hmss_0_0/bd_3/ip/ip_1/bd_ba7c_psr0_0.xdc] for cell 'level0_i/ulp/hmss_0/inst/path_2/interconnect3_2/inst/clk_map/psr0/U0'
Parsing XDC File [/data/tmp/chuxiao/spine_opt_v2_hw_150_20260728/temp/partitioned_split_e2e_link/link/vivado/vpl/prj/prj.gen/my_rm/bd/ulp/ip/ulp_hmss_0_0/bd_3/ip/ip_2/bd_ba7c_psr_aclk_0_board.xdc] for cell 'level0_i/ulp/hmss_0/inst/path_2/interconnect3_2/inst/clk_map/psr_aclk/U0'
Finished Parsing XDC File [/data/tmp/chuxiao/spine_opt_v2_hw_150_20260728/temp/partitioned_split_e2e_link/link/vivado/vpl/prj/prj.gen/my_rm/bd/ulp/ip/ulp_hmss_0_0/bd_3/ip/ip_2/bd_ba7c_psr_aclk_0_board.xdc] for cell 'level0_i/ulp/hmss_0/inst/path_2/interconnect3_2/inst/clk_map/psr_aclk/U0'
Parsing XDC File [/data/tmp/chuxiao/spine_opt_v2_hw_150_20260728/temp/partitioned_split_e2e_link/link/vivado/vpl/prj/prj.gen/my_rm/bd/ulp/ip/ulp_hmss_0_0/bd_3/ip/ip_2/bd_ba7c_psr_aclk_0.xdc] for cell 'level0_i/ulp/hmss_0/inst/path_2/interconnect3_2/inst/clk_map/psr_aclk/U0'
Finished Parsing XDC File [/data/tmp/chuxiao/spine_opt_v2_hw_150_20260728/temp/partitioned_split_e2e_link/link/vivado/vpl/prj/prj.gen/my_rm/bd/ulp/ip/ulp_hmss_0_0/bd_3/ip/ip_2/bd_ba7c_psr_aclk_0.xdc] for cell 'level0_i/ulp/hmss_0/inst/path_2/interconnect3_2/inst/clk_map/psr_aclk/U0'
Parsing XDC File [/data/tmp/chuxiao/spine_opt_v2_hw_150_20260728/temp/partitioned_split_e2e_link/link/vivado/vpl/prj/prj.gen/my_rm/bd/ulp/ip/ulp_hmss_0_0/bd_3/ip/ip_3/bd_ba7c_psr_aclk1_0_board.xdc] for cell 'level0_i/ulp/hmss_0/inst/path_2/interconnect3_2/inst/clk_map/psr_aclk1/U0'
Finished Parsing XDC File [/data/tmp/chuxiao/spine_opt_v2_hw_150_20260728/temp/partitioned_split_e2e_link/link/vivado/vpl/prj/prj.gen/my_rm/bd/ulp/ip/ulp_hmss_0_0/bd_3/ip/ip_3/bd_ba7c_psr_aclk1_0_board.xdc] for cell 'level0_i/ulp/hmss_0/inst/path_2/interconnect3_2/inst/clk_map/psr_aclk1/U0'
Parsing XDC File [/data/tmp/chuxiao/spine_opt_v2_hw_150_20260728/temp/partitioned_split_e2e_link/link/vivado/vpl/prj/prj.gen/my_rm/bd/ulp/ip/ulp_hmss_0_0/bd_3/ip/ip_3/bd_ba7c_psr_aclk1_0.xdc] for cell 'level0_i/ulp/hmss_0/inst/path_2/interconnect3_2/inst/clk_map/psr_aclk1/U0'
Finished Parsing XDC File [/data/tmp/chuxiao/spine_opt_v2_hw_150_20260728/temp/partitioned_split_e2e_link/link/vivado/vpl/prj/prj.gen/my_rm/bd/ulp/ip/ulp_hmss_0_0/bd_3/ip/ip_3/bd_ba7c_psr_aclk1_0.xdc] for cell 'level0_i/ulp/hmss_0/inst/path_2/interconnect3_2/inst/clk_map/psr_aclk1/U0'
Parsing XDC File [/data/tmp/chuxiao/spine_opt_v2_hw_150_20260728/temp/partitioned_split_e2e_link/link/vivado/vpl/prj/prj.gen/my_rm/bd/ulp/ip/ulp_hmss_0_0/bd_3/ip/ip_8/bd_ba7c_sarn_0_clocks.xdc] for cell 'level0_i/ulp/hmss_0/inst/path_2/interconnect3_2/inst/s00_nodes/s00_ar_node/inst'
Finished Parsing XDC File [/data/tmp/chuxiao/spine_opt_v2_hw_150_20260728/temp/partitioned_split_e2e_link/link/vivado/vpl/prj/prj.gen/my_rm/bd/ulp/ip/ulp_hmss_0_0/bd_3/ip/ip_8/bd_ba7c_sarn_0_clocks.xdc] for cell 'level0_i/ulp/hmss_0/inst/path_2/interconnect3_2/inst/s00_nodes/s00_ar_node/inst'
Parsing XDC File [/data/tmp/chuxiao/spine_opt_v2_hw_150_20260728/temp/partitioned_split_e2e_link/link/vivado/vpl/prj/prj.gen/my_rm/bd/ulp/ip/ulp_hmss_0_0/bd_3/ip/ip_9/bd_ba7c_srn_0_clocks.xdc] for cell 'level0_i/ulp/hmss_0/inst/path_2/interconnect3_2/inst/s00_nodes/s00_r_node/inst'
Finished Parsing XDC File [/data/tmp/chuxiao/spine_opt_v2_hw_150_20260728/temp/partitioned_split_e2e_link/link/vivado/vpl/prj/prj.gen/my_rm/bd/ulp/ip/ulp_hmss_0_0/bd_3/ip/ip_9/bd_ba7c_srn_0_clocks.xdc] for cell 'level0_i/ulp/hmss_0/inst/path_2/interconnect3_2/inst/s00_nodes/s00_r_node/inst'
Parsing XDC File [/data/tmp/chuxiao/spine_opt_v2_hw_150_20260728/temp/partitioned_split_e2e_link/link/vivado/vpl/prj/prj.gen/my_rm/bd/ulp/ip/ulp_hmss_0_0/bd_3/ip/ip_10/bd_ba7c_sawn_0_clocks.xdc] for cell 'level0_i/ulp/hmss_0/inst/path_2/interconnect3_2/inst/s00_nodes/s00_aw_node/inst'
Finished Parsing XDC File [/data/tmp/chuxiao/spine_opt_v2_hw_150_20260728/temp/partitioned_split_e2e_link/link/vivado/vpl/prj/prj.gen/my_rm/bd/ulp/ip/ulp_hmss_0_0/bd_3/ip/ip_10/bd_ba7c_sawn_0_clocks.xdc] for cell 'level0_i/ulp/hmss_0/inst/path_2/interconnect3_2/inst/s00_nodes/s00_aw_node/inst'
Parsing XDC File [/data/tmp/chuxiao/spine_opt_v2_hw_150_20260728/temp/partitioned_split_e2e_link/link/vivado/vpl/prj/prj.gen/my_rm/bd/ulp/ip/ulp_hmss_0_0/bd_3/ip/ip_11/bd_ba7c_swn_0_clocks.xdc] for cell 'level0_i/ulp/hmss_0/inst/path_2/interconnect3_2/inst/s00_nodes/s00_w_node/inst'
Finished Parsing XDC File [/data/tmp/chuxiao/spine_opt_v2_hw_150_20260728/temp/partitioned_split_e2e_link/link/vivado/vpl/prj/prj.gen/my_rm/bd/ulp/ip/ulp_hmss_0_0/bd_3/ip/ip_11/bd_ba7c_swn_0_clocks.xdc] for cell 'level0_i/ulp/hmss_0/inst/path_2/interconnect3_2/inst/s00_nodes/s00_w_node/inst'
Parsing XDC File [/data/tmp/chuxiao/spine_opt_v2_hw_150_20260728/temp/partitioned_split_e2e_link/link/vivado/vpl/prj/prj.gen/my_rm/bd/ulp/ip/ulp_hmss_0_0/bd_1/ip/ip_1/bd_baa4_psr0_0.xdc] for cell 'level0_i/ulp/hmss_0/inst/path_0/interconnect1_0/inst/clk_map/psr0/U0'
Finished Parsing XDC File [/data/tmp/chuxiao/spine_opt_v2_hw_150_20260728/temp/partitioned_split_e2e_link/link/vivado/vpl/prj/prj.gen/my_rm/bd/ulp/ip/ulp_hmss_0_0/bd_1/ip/ip_1/bd_baa4_psr0_0.xdc] for cell 'level0_i/ulp/hmss_0/inst/path_0/interconnect1_0/inst/clk_map/psr0/U0'
Parsing XDC File [/data/tmp/chuxiao/spine_opt_v2_hw_150_20260728/temp/partitioned_split_e2e_link/link/vivado/vpl/prj/prj.gen/my_rm/bd/ulp/ip/ulp_ulp_cmp_0/bd_1/ip/ip_2/constraints/bs_switch.xdc] for cell 'level0_i/ulp/ulp_cmp/inst/user_debug_bridge/inst/bs_switch_1/inst'
Finished Parsing XDC File [/data/tmp/chuxiao/spine_opt_v2_hw_150_20260728/temp/partitioned_split_e2e_link/link/vivado/vpl/prj/prj.gen/my_rm/bd/ulp/ip/ulp_ulp_cmp_0/bd_1/ip/ip_2/constraints/bs_switch.xdc] for cell 'level0_i/ulp/ulp_cmp/inst/user_debug_bridge/inst/bs_switch_1/inst'
Parsing XDC File [/data/tmp/chuxiao/spine_opt_v2_hw_150_20260728/temp/partitioned_split_e2e_link/link/vivado/vpl/prj/prj.gen/my_rm/bd/ulp/ip/ulp_ulp_cmp_0/bd_2/ip/ip_0/constraints/xsdbm_cc_early.xdc] for cell 'level0_i/ulp/ulp_cmp/inst/user_debug_hub/inst/xsdbm/inst'
Finished Parsing XDC File [/data/tmp/chuxiao/spine_opt_v2_hw_150_20260728/temp/partitioned_split_e2e_link/link/vivado/vpl/prj/prj.gen/my_rm/bd/ulp/ip/ulp_ulp_cmp_0/bd_2/ip/ip_0/constraints/xsdbm_cc_early.xdc] for cell 'level0_i/ulp/ulp_cmp/inst/user_debug_hub/inst/xsdbm/inst'
Parsing XDC File [/data/tmp/chuxiao/spine_opt_v2_hw_150_20260728/temp/partitioned_split_e2e_link/link/vivado/vpl/prj/prj.gen/my_rm/bd/ulp/ip/ulp_hmss_0_0/bd_0/ip/ip_0/hdl/par/hbm_ip.xdc] for cell 'level0_i/ulp/hmss_0/inst/hbm_inst/inst'
Finished Parsing XDC File [/data/tmp/chuxiao/spine_opt_v2_hw_150_20260728/temp/partitioned_split_e2e_link/link/vivado/vpl/prj/prj.gen/my_rm/bd/ulp/ip/ulp_hmss_0_0/bd_0/ip/ip_0/hdl/par/hbm_ip.xdc] for cell 'level0_i/ulp/hmss_0/inst/hbm_inst/inst'
Parsing XDC File [/data/tmp/chuxiao/spine_opt_v2_hw_150_20260728/temp/partitioned_split_e2e_link/link/vivado/vpl/prj/prj.gen/my_rm/bd/ulp/ip/ulp_hmss_0_0/bd_0/ip/ip_1/bd_85ad_hbm_reset_sync_SLR0_0_board.xdc] for cell 'level0_i/ulp/hmss_0/inst/hbm_reset_sync_SLR0/U0'
Finished Parsing XDC File [/data/tmp/chuxiao/spine_opt_v2_hw_150_20260728/temp/partitioned_split_e2e_link/link/vivado/vpl/prj/prj.gen/my_rm/bd/ulp/ip/ulp_hmss_0_0/bd_0/ip/ip_1/bd_85ad_hbm_reset_sync_SLR0_0_board.xdc] for cell 'level0_i/ulp/hmss_0/inst/hbm_reset_sync_SLR0/U0'
Parsing XDC File [/data/tmp/chuxiao/spine_opt_v2_hw_150_20260728/temp/partitioned_split_e2e_link/link/vivado/vpl/prj/prj.gen/my_rm/bd/ulp/ip/ulp_hmss_0_0/bd_0/ip/ip_1/bd_85ad_hbm_reset_sync_SLR0_0.xdc] for cell 'level0_i/ulp/hmss_0/inst/hbm_reset_sync_SLR0/U0'
Finished Parsing XDC File [/data/tmp/chuxiao/spine_opt_v2_hw_150_20260728/temp/partitioned_split_e2e_link/link/vivado/vpl/prj/prj.gen/my_rm/bd/ulp/ip/ulp_hmss_0_0/bd_0/ip/ip_1/bd_85ad_hbm_reset_sync_SLR0_0.xdc] for cell 'level0_i/ulp/hmss_0/inst/hbm_reset_sync_SLR0/U0'
Parsing XDC File [/data/tmp/chuxiao/spine_opt_v2_hw_150_20260728/temp/partitioned_split_e2e_link/link/vivado/vpl/prj/prj.gen/my_rm/bd/ulp/ip/ulp_hmss_0_0/bd_0/ip/ip_2/bd_85ad_hbm_reset_sync_SLR1_0_board.xdc] for cell 'level0_i/ulp/hmss_0/inst/hbm_reset_sync_SLR1/U0'
Finished Parsing XDC File [/data/tmp/chuxiao/spine_opt_v2_hw_150_20260728/temp/partitioned_split_e2e_link/link/vivado/vpl/prj/prj.gen/my_rm/bd/ulp/ip/ulp_hmss_0_0/bd_0/ip/ip_2/bd_85ad_hbm_reset_sync_SLR1_0_board.xdc] for cell 'level0_i/ulp/hmss_0/inst/hbm_reset_sync_SLR1/U0'
Parsing XDC File [/data/tmp/chuxiao/spine_opt_v2_hw_150_20260728/temp/partitioned_split_e2e_link/link/vivado/vpl/prj/prj.gen/my_rm/bd/ulp/ip/ulp_hmss_0_0/bd_0/ip/ip_2/bd_85ad_hbm_reset_sync_SLR1_0.xdc] for cell 'level0_i/ulp/hmss_0/inst/hbm_reset_sync_SLR1/U0'
Finished Parsing XDC File [/data/tmp/chuxiao/spine_opt_v2_hw_150_20260728/temp/partitioned_split_e2e_link/link/vivado/vpl/prj/prj.gen/my_rm/bd/ulp/ip/ulp_hmss_0_0/bd_0/ip/ip_2/bd_85ad_hbm_reset_sync_SLR1_0.xdc] for cell 'level0_i/ulp/hmss_0/inst/hbm_reset_sync_SLR1/U0'
Parsing XDC File [/data/tmp/chuxiao/spine_opt_v2_hw_150_20260728/temp/partitioned_split_e2e_link/link/vivado/vpl/prj/prj.gen/my_rm/bd/ulp/ip/ulp_hmss_0_0/bd_0/ip/ip_3/bd_85ad_hbm_reset_sync_SLR2_0_board.xdc] for cell 'level0_i/ulp/hmss_0/inst/hbm_reset_sync_SLR2/U0'
Finished Parsing XDC File [/data/tmp/chuxiao/spine_opt_v2_hw_150_20260728/temp/partitioned_split_e2e_link/link/vivado/vpl/prj/prj.gen/my_rm/bd/ulp/ip/ulp_hmss_0_0/bd_0/ip/ip_3/bd_85ad_hbm_reset_sync_SLR2_0_board.xdc] for cell 'level0_i/ulp/hmss_0/inst/hbm_reset_sync_SLR2/U0'
Parsing XDC File [/data/tmp/chuxiao/spine_opt_v2_hw_150_20260728/temp/partitioned_split_e2e_link/link/vivado/vpl/prj/prj.gen/my_rm/bd/ulp/ip/ulp_hmss_0_0/bd_0/ip/ip_3/bd_85ad_hbm_reset_sync_SLR2_0.xdc] for cell 'level0_i/ulp/hmss_0/inst/hbm_reset_sync_SLR2/U0'
Finished Parsing XDC File [/data/tmp/chuxiao/spine_opt_v2_hw_150_20260728/temp/partitioned_split_e2e_link/link/vivado/vpl/prj/prj.gen/my_rm/bd/ulp/ip/ulp_hmss_0_0/bd_0/ip/ip_3/bd_85ad_hbm_reset_sync_SLR2_0.xdc] for cell 'level0_i/ulp/hmss_0/inst/hbm_reset_sync_SLR2/U0'
Parsing XDC File [/data/tmp/chuxiao/spine_opt_v2_hw_150_20260728/temp/partitioned_split_e2e_link/link/vivado/vpl/prj/prj.gen/my_rm/bd/ulp/ip/ulp_hmss_0_0/bd_1/ip/ip_1/bd_baa4_psr0_0_board.xdc] for cell 'level0_i/ulp/hmss_0/inst/path_0/interconnect1_0/inst/clk_map/psr0/U0'
Finished Parsing XDC File [/data/tmp/chuxiao/spine_opt_v2_hw_150_20260728/temp/partitioned_split_e2e_link/link/vivado/vpl/prj/prj.gen/my_rm/bd/ulp/ip/ulp_hmss_0_0/bd_1/ip/ip_1/bd_baa4_psr0_0_board.xdc] for cell 'level0_i/ulp/hmss_0/inst/path_0/interconnect1_0/inst/clk_map/psr0/U0'
Parsing XDC File [/data/tmp/chuxiao/spine_opt_v2_hw_150_20260728/temp/partitioned_split_e2e_link/link/vivado/vpl/prj/prj.gen/my_rm/bd/ulp/ip/ulp_hmss_0_0/bd_3/ip/ip_12/bd_ba7c_sbn_0_clocks.xdc] for cell 'level0_i/ulp/hmss_0/inst/path_2/interconnect3_2/inst/s00_nodes/s00_b_node/inst'
Finished Parsing XDC File [/data/tmp/chuxiao/spine_opt_v2_hw_150_20260728/temp/partitioned_split_e2e_link/link/vivado/vpl/prj/prj.gen/my_rm/bd/ulp/ip/ulp_hmss_0_0/bd_3/ip/ip_12/bd_ba7c_sbn_0_clocks.xdc] for cell 'level0_i/ulp/hmss_0/inst/path_2/interconnect3_2/inst/s00_nodes/s00_b_node/inst'
Parsing XDC File [/data/tmp/chuxiao/spine_opt_v2_hw_150_20260728/temp/partitioned_split_e2e_link/link/vivado/vpl/prj/prj.gen/my_rm/bd/ulp/ip/ulp_hmss_0_0/bd_1/ip/ip_2/bd_baa4_psr_aclk_0_board.xdc] for cell 'level0_i/ulp/hmss_0/inst/path_0/interconnect1_0/inst/clk_map/psr_aclk/U0'
Finished Parsing XDC File [/data/tmp/chuxiao/spine_opt_v2_hw_150_20260728/temp/partitioned_split_e2e_link/link/vivado/vpl/prj/prj.gen/my_rm/bd/ulp/ip/ulp_hmss_0_0/bd_1/ip/ip_2/bd_baa4_psr_aclk_0_board.xdc] for cell 'level0_i/ulp/hmss_0/inst/path_0/interconnect1_0/inst/clk_map/psr_aclk/U0'
Parsing XDC File [/data/tmp/chuxiao/spine_opt_v2_hw_150_20260728/temp/partitioned_split_e2e_link/link/vivado/vpl/prj/prj.gen/my_rm/bd/ulp/ip/ulp_hmss_0_0/bd_1/ip/ip_2/bd_baa4_psr_aclk_0.xdc] for cell 'level0_i/ulp/hmss_0/inst/path_0/interconnect1_0/inst/clk_map/psr_aclk/U0'
Finished Parsing XDC File [/data/tmp/chuxiao/spine_opt_v2_hw_150_20260728/temp/partitioned_split_e2e_link/link/vivado/vpl/prj/prj.gen/my_rm/bd/ulp/ip/ulp_hmss_0_0/bd_1/ip/ip_2/bd_baa4_psr_aclk_0.xdc] for cell 'level0_i/ulp/hmss_0/inst/path_0/interconnect1_0/inst/clk_map/psr_aclk/U0'
Parsing XDC File [/data/tmp/chuxiao/spine_opt_v2_hw_150_20260728/temp/partitioned_split_e2e_link/link/vivado/vpl/prj/prj.gen/my_rm/bd/ulp/ip/ulp_hmss_0_0/bd_1/ip/ip_3/bd_baa4_psr_aclk1_0_board.xdc] for cell 'level0_i/ulp/hmss_0/inst/path_0/interconnect1_0/inst/clk_map/psr_aclk1/U0'
Finished Parsing XDC File [/data/tmp/chuxiao/spine_opt_v2_hw_150_20260728/temp/partitioned_split_e2e_link/link/vivado/vpl/prj/prj.gen/my_rm/bd/ulp/ip/ulp_hmss_0_0/bd_1/ip/ip_3/bd_baa4_psr_aclk1_0_board.xdc] for cell 'level0_i/ulp/hmss_0/inst/path_0/interconnect1_0/inst/clk_map/psr_aclk1/U0'
Parsing XDC File [/data/tmp/chuxiao/spine_opt_v2_hw_150_20260728/temp/partitioned_split_e2e_link/link/vivado/vpl/prj/prj.gen/my_rm/bd/ulp/ip/ulp_hmss_0_0/bd_1/ip/ip_3/bd_baa4_psr_aclk1_0.xdc] for cell 'level0_i/ulp/hmss_0/inst/path_0/interconnect1_0/inst/clk_map/psr_aclk1/U0'
Finished Parsing XDC File [/data/tmp/chuxiao/spine_opt_v2_hw_150_20260728/temp/partitioned_split_e2e_link/link/vivado/vpl/prj/prj.gen/my_rm/bd/ulp/ip/ulp_hmss_0_0/bd_1/ip/ip_3/bd_baa4_psr_aclk1_0.xdc] for cell 'level0_i/ulp/hmss_0/inst/path_0/interconnect1_0/inst/clk_map/psr_aclk1/U0'
Parsing XDC File [/data/tmp/chuxiao/spine_opt_v2_hw_150_20260728/temp/partitioned_split_e2e_link/link/vivado/vpl/prj/prj.gen/my_rm/bd/ulp/ip/ulp_hmss_0_0/bd_1/ip/ip_8/bd_baa4_sarn_0_clocks.xdc] for cell 'level0_i/ulp/hmss_0/inst/path_0/interconnect1_0/inst/s00_nodes/s00_ar_node/inst'
Finished Parsing XDC File [/data/tmp/chuxiao/spine_opt_v2_hw_150_20260728/temp/partitioned_split_e2e_link/link/vivado/vpl/prj/prj.gen/my_rm/bd/ulp/ip/ulp_hmss_0_0/bd_1/ip/ip_8/bd_baa4_sarn_0_clocks.xdc] for cell 'level0_i/ulp/hmss_0/inst/path_0/interconnect1_0/inst/s00_nodes/s00_ar_node/inst'
Parsing XDC File [/data/tmp/chuxiao/spine_opt_v2_hw_150_20260728/temp/partitioned_split_e2e_link/link/vivado/vpl/prj/prj.gen/my_rm/bd/ulp/ip/ulp_hmss_0_0/bd_1/ip/ip_9/bd_baa4_srn_0_clocks.xdc] for cell 'level0_i/ulp/hmss_0/inst/path_0/interconnect1_0/inst/s00_nodes/s00_r_node/inst'
Finished Parsing XDC File [/data/tmp/chuxiao/spine_opt_v2_hw_150_20260728/temp/partitioned_split_e2e_link/link/vivado/vpl/prj/prj.gen/my_rm/bd/ulp/ip/ulp_hmss_0_0/bd_1/ip/ip_9/bd_baa4_srn_0_clocks.xdc] for cell 'level0_i/ulp/hmss_0/inst/path_0/interconnect1_0/inst/s00_nodes/s00_r_node/inst'
Parsing XDC File [/data/tmp/chuxiao/spine_opt_v2_hw_150_20260728/temp/partitioned_split_e2e_link/link/vivado/vpl/prj/prj.gen/my_rm/bd/ulp/ip/ulp_hmss_0_0/bd_1/ip/ip_10/bd_baa4_sawn_0_clocks.xdc] for cell 'level0_i/ulp/hmss_0/inst/path_0/interconnect1_0/inst/s00_nodes/s00_aw_node/inst'
Finished Parsing XDC File [/data/tmp/chuxiao/spine_opt_v2_hw_150_20260728/temp/partitioned_split_e2e_link/link/vivado/vpl/prj/prj.gen/my_rm/bd/ulp/ip/ulp_hmss_0_0/bd_1/ip/ip_10/bd_baa4_sawn_0_clocks.xdc] for cell 'level0_i/ulp/hmss_0/inst/path_0/interconnect1_0/inst/s00_nodes/s00_aw_node/inst'
Parsing XDC File [/data/tmp/chuxiao/spine_opt_v2_hw_150_20260728/temp/partitioned_split_e2e_link/link/vivado/vpl/prj/prj.gen/my_rm/bd/ulp/ip/ulp_hmss_0_0/bd_1/ip/ip_11/bd_baa4_swn_0_clocks.xdc] for cell 'level0_i/ulp/hmss_0/inst/path_0/interconnect1_0/inst/s00_nodes/s00_w_node/inst'
Finished Parsing XDC File [/data/tmp/chuxiao/spine_opt_v2_hw_150_20260728/temp/partitioned_split_e2e_link/link/vivado/vpl/prj/prj.gen/my_rm/bd/ulp/ip/ulp_hmss_0_0/bd_1/ip/ip_11/bd_baa4_swn_0_clocks.xdc] for cell 'level0_i/ulp/hmss_0/inst/path_0/interconnect1_0/inst/s00_nodes/s00_w_node/inst'
Parsing XDC File [/data/tmp/chuxiao/spine_opt_v2_hw_150_20260728/temp/partitioned_split_e2e_link/link/vivado/vpl/prj/prj.gen/my_rm/bd/ulp/ip/ulp_hmss_0_0/bd_1/ip/ip_12/bd_baa4_sbn_0_clocks.xdc] for cell 'level0_i/ulp/hmss_0/inst/path_0/interconnect1_0/inst/s00_nodes/s00_b_node/inst'
Finished Parsing XDC File [/data/tmp/chuxiao/spine_opt_v2_hw_150_20260728/temp/partitioned_split_e2e_link/link/vivado/vpl/prj/prj.gen/my_rm/bd/ulp/ip/ulp_hmss_0_0/bd_1/ip/ip_12/bd_baa4_sbn_0_clocks.xdc] for cell 'level0_i/ulp/hmss_0/inst/path_0/interconnect1_0/inst/s00_nodes/s00_b_node/inst'
Parsing XDC File [/data/tmp/chuxiao/spine_opt_v2_hw_150_20260728/temp/partitioned_split_e2e_link/link/vivado/vpl/prj/prj.gen/my_rm/bd/ulp/ip/ulp_hmss_0_0/bd_0/ip/ip_4/smartconnect.xdc] for cell 'level0_i/ulp/hmss_0/inst/path_0/interconnect1_0/inst'
WARNING: [Vivado_Tcl 4-919] Waiver ID 'CDC-1' -from list should not be empty. [/data/tmp/chuxiao/spine_opt_v2_hw_150_20260728/temp/partitioned_split_e2e_link/link/vivado/vpl/prj/prj.gen/my_rm/bd/ulp/ip/ulp_hmss_0_0/bd_0/ip/ip_4/smartconnect.xdc:1]
Finished Parsing XDC File [/data/tmp/chuxiao/spine_opt_v2_hw_150_20260728/temp/partitioned_split_e2e_link/link/vivado/vpl/prj/prj.gen/my_rm/bd/ulp/ip/ulp_hmss_0_0/bd_0/ip/ip_4/smartconnect.xdc] for cell 'level0_i/ulp/hmss_0/inst/path_0/interconnect1_0/inst'
Parsing XDC File [/data/tmp/chuxiao/spine_opt_v2_hw_150_20260728/temp/partitioned_split_e2e_link/link/vivado/vpl/prj/prj.gen/my_rm/bd/ulp/ip/ulp_hmss_0_0/bd_6/ip/ip_8/bd_7b01_sarn_0_clocks.xdc] for cell 'level0_i/ulp/hmss_0/inst/path_5/interconnect6_5/inst/s00_nodes/s00_ar_node/inst'
Finished Parsing XDC File [/data/tmp/chuxiao/spine_opt_v2_hw_150_20260728/temp/partitioned_split_e2e_link/link/vivado/vpl/prj/prj.gen/my_rm/bd/ulp/ip/ulp_hmss_0_0/bd_6/ip/ip_8/bd_7b01_sarn_0_clocks.xdc] for cell 'level0_i/ulp/hmss_0/inst/path_5/interconnect6_5/inst/s00_nodes/s00_ar_node/inst'
Parsing XDC File [/data/tmp/chuxiao/spine_opt_v2_hw_150_20260728/temp/partitioned_split_e2e_link/link/vivado/vpl/prj/prj.gen/my_rm/bd/ulp/ip/ulp_hmss_0_0/bd_5/ip/ip_10/bd_bb14_sawn_0_clocks.xdc] for cell 'level0_i/ulp/hmss_0/inst/path_4/interconnect5_4/inst/s00_nodes/s00_aw_node/inst'
Finished Parsing XDC File [/data/tmp/chuxiao/spine_opt_v2_hw_150_20260728/temp/partitioned_split_e2e_link/link/vivado/vpl/prj/prj.gen/my_rm/bd/ulp/ip/ulp_hmss_0_0/bd_5/ip/ip_10/bd_bb14_sawn_0_clocks.xdc] for cell 'level0_i/ulp/hmss_0/inst/path_4/interconnect5_4/inst/s00_nodes/s00_aw_node/inst'
Parsing XDC File [/data/tmp/chuxiao/spine_opt_v2_hw_150_20260728/temp/partitioned_split_e2e_link/link/vivado/vpl/prj/prj.gen/my_rm/bd/ulp/ip/ulp_hmss_0_0/bd_5/ip/ip_11/bd_bb14_swn_0_clocks.xdc] for cell 'level0_i/ulp/hmss_0/inst/path_4/interconnect5_4/inst/s00_nodes/s00_w_node/inst'
Finished Parsing XDC File [/data/tmp/chuxiao/spine_opt_v2_hw_150_20260728/temp/partitioned_split_e2e_link/link/vivado/vpl/prj/prj.gen/my_rm/bd/ulp/ip/ulp_hmss_0_0/bd_5/ip/ip_11/bd_bb14_swn_0_clocks.xdc] for cell 'level0_i/ulp/hmss_0/inst/path_4/interconnect5_4/inst/s00_nodes/s00_w_node/inst'
Parsing XDC File [/data/tmp/chuxiao/spine_opt_v2_hw_150_20260728/temp/partitioned_split_e2e_link/link/vivado/vpl/prj/prj.gen/my_rm/bd/ulp/ip/ulp_hmss_0_0/bd_5/ip/ip_12/bd_bb14_sbn_0_clocks.xdc] for cell 'level0_i/ulp/hmss_0/inst/path_4/interconnect5_4/inst/s00_nodes/s00_b_node/inst'
Finished Parsing XDC File [/data/tmp/chuxiao/spine_opt_v2_hw_150_20260728/temp/partitioned_split_e2e_link/link/vivado/vpl/prj/prj.gen/my_rm/bd/ulp/ip/ulp_hmss_0_0/bd_5/ip/ip_12/bd_bb14_sbn_0_clocks.xdc] for cell 'level0_i/ulp/hmss_0/inst/path_4/interconnect5_4/inst/s00_nodes/s00_b_node/inst'
Parsing XDC File [/data/tmp/chuxiao/spine_opt_v2_hw_150_20260728/temp/partitioned_split_e2e_link/link/vivado/vpl/prj/prj.gen/my_rm/bd/ulp/ip/ulp_hmss_0_0/bd_0/ip/ip_16/smartconnect.xdc] for cell 'level0_i/ulp/hmss_0/inst/path_4/interconnect5_4/inst'
WARNING: [Vivado_Tcl 4-919] Waiver ID 'CDC-1' -from list should not be empty. [/data/tmp/chuxiao/spine_opt_v2_hw_150_20260728/temp/partitioned_split_e2e_link/link/vivado/vpl/prj/prj.gen/my_rm/bd/ulp/ip/ulp_hmss_0_0/bd_0/ip/ip_16/smartconnect.xdc:1]
Finished Parsing XDC File [/data/tmp/chuxiao/spine_opt_v2_hw_150_20260728/temp/partitioned_split_e2e_link/link/vivado/vpl/prj/prj.gen/my_rm/bd/ulp/ip/ulp_hmss_0_0/bd_0/ip/ip_16/smartconnect.xdc] for cell 'level0_i/ulp/hmss_0/inst/path_4/interconnect5_4/inst'
Parsing XDC File [/data/tmp/chuxiao/spine_opt_v2_hw_150_20260728/temp/partitioned_split_e2e_link/link/vivado/vpl/prj/prj.gen/my_rm/bd/ulp/ip/ulp_hmss_0_0/bd_6/ip/ip_1/bd_7b01_psr0_0_board.xdc] for cell 'level0_i/ulp/hmss_0/inst/path_5/interconnect6_5/inst/clk_map/psr0/U0'
Finished Parsing XDC File [/data/tmp/chuxiao/spine_opt_v2_hw_150_20260728/temp/partitioned_split_e2e_link/link/vivado/vpl/prj/prj.gen/my_rm/bd/ulp/ip/ulp_hmss_0_0/bd_6/ip/ip_1/bd_7b01_psr0_0_board.xdc] for cell 'level0_i/ulp/hmss_0/inst/path_5/interconnect6_5/inst/clk_map/psr0/U0'
Parsing XDC File [/data/tmp/chuxiao/spine_opt_v2_hw_150_20260728/temp/partitioned_split_e2e_link/link/vivado/vpl/prj/prj.gen/my_rm/bd/ulp/ip/ulp_hmss_0_0/bd_6/ip/ip_1/bd_7b01_psr0_0.xdc] for cell 'level0_i/ulp/hmss_0/inst/path_5/interconnect6_5/inst/clk_map/psr0/U0'
Finished Parsing XDC File [/data/tmp/chuxiao/spine_opt_v2_hw_150_20260728/temp/partitioned_split_e2e_link/link/vivado/vpl/prj/prj.gen/my_rm/bd/ulp/ip/ulp_hmss_0_0/bd_6/ip/ip_1/bd_7b01_psr0_0.xdc] for cell 'level0_i/ulp/hmss_0/inst/path_5/interconnect6_5/inst/clk_map/psr0/U0'
Parsing XDC File [/data/tmp/chuxiao/spine_opt_v2_hw_150_20260728/temp/partitioned_split_e2e_link/link/vivado/vpl/prj/prj.gen/my_rm/bd/ulp/ip/ulp_hmss_0_0/bd_6/ip/ip_2/bd_7b01_psr_aclk_0_board.xdc] for cell 'level0_i/ulp/hmss_0/inst/path_5/interconnect6_5/inst/clk_map/psr_aclk/U0'
Finished Parsing XDC File [/data/tmp/chuxiao/spine_opt_v2_hw_150_20260728/temp/partitioned_split_e2e_link/link/vivado/vpl/prj/prj.gen/my_rm/bd/ulp/ip/ulp_hmss_0_0/bd_6/ip/ip_2/bd_7b01_psr_aclk_0_board.xdc] for cell 'level0_i/ulp/hmss_0/inst/path_5/interconnect6_5/inst/clk_map/psr_aclk/U0'
Parsing XDC File [/data/tmp/chuxiao/spine_opt_v2_hw_150_20260728/temp/partitioned_split_e2e_link/link/vivado/vpl/prj/prj.gen/my_rm/bd/ulp/ip/ulp_hmss_0_0/bd_6/ip/ip_2/bd_7b01_psr_aclk_0.xdc] for cell 'level0_i/ulp/hmss_0/inst/path_5/interconnect6_5/inst/clk_map/psr_aclk/U0'
Finished Parsing XDC File [/data/tmp/chuxiao/spine_opt_v2_hw_150_20260728/temp/partitioned_split_e2e_link/link/vivado/vpl/prj/prj.gen/my_rm/bd/ulp/ip/ulp_hmss_0_0/bd_6/ip/ip_2/bd_7b01_psr_aclk_0.xdc] for cell 'level0_i/ulp/hmss_0/inst/path_5/interconnect6_5/inst/clk_map/psr_aclk/U0'
Parsing XDC File [/data/tmp/chuxiao/spine_opt_v2_hw_150_20260728/temp/partitioned_split_e2e_link/link/vivado/vpl/prj/prj.gen/my_rm/bd/ulp/ip/ulp_hmss_0_0/bd_6/ip/ip_3/bd_7b01_psr_aclk1_0_board.xdc] for cell 'level0_i/ulp/hmss_0/inst/path_5/interconnect6_5/inst/clk_map/psr_aclk1/U0'
Finished Parsing XDC File [/data/tmp/chuxiao/spine_opt_v2_hw_150_20260728/temp/partitioned_split_e2e_link/link/vivado/vpl/prj/prj.gen/my_rm/bd/ulp/ip/ulp_hmss_0_0/bd_6/ip/ip_3/bd_7b01_psr_aclk1_0_board.xdc] for cell 'level0_i/ulp/hmss_0/inst/path_5/interconnect6_5/inst/clk_map/psr_aclk1/U0'
Parsing XDC File [/data/tmp/chuxiao/spine_opt_v2_hw_150_20260728/temp/partitioned_split_e2e_link/link/vivado/vpl/prj/prj.gen/my_rm/bd/ulp/ip/ulp_hmss_0_0/bd_6/ip/ip_3/bd_7b01_psr_aclk1_0.xdc] for cell 'level0_i/ulp/hmss_0/inst/path_5/interconnect6_5/inst/clk_map/psr_aclk1/U0'
Finished Parsing XDC File [/data/tmp/chuxiao/spine_opt_v2_hw_150_20260728/temp/partitioned_split_e2e_link/link/vivado/vpl/prj/prj.gen/my_rm/bd/ulp/ip/ulp_hmss_0_0/bd_6/ip/ip_3/bd_7b01_psr_aclk1_0.xdc] for cell 'level0_i/ulp/hmss_0/inst/path_5/interconnect6_5/inst/clk_map/psr_aclk1/U0'
Parsing XDC File [/data/tmp/chuxiao/spine_opt_v2_hw_150_20260728/temp/partitioned_split_e2e_link/link/vivado/vpl/prj/prj.gen/my_rm/bd/ulp/ip/ulp_hmss_0_0/bd_5/ip/ip_9/bd_bb14_srn_0_clocks.xdc] for cell 'level0_i/ulp/hmss_0/inst/path_4/interconnect5_4/inst/s00_nodes/s00_r_node/inst'
Finished Parsing XDC File [/data/tmp/chuxiao/spine_opt_v2_hw_150_20260728/temp/partitioned_split_e2e_link/link/vivado/vpl/prj/prj.gen/my_rm/bd/ulp/ip/ulp_hmss_0_0/bd_5/ip/ip_9/bd_bb14_srn_0_clocks.xdc] for cell 'level0_i/ulp/hmss_0/inst/path_4/interconnect5_4/inst/s00_nodes/s00_r_node/inst'
Parsing XDC File [/data/tmp/chuxiao/spine_opt_v2_hw_150_20260728/temp/partitioned_split_e2e_link/link/vivado/vpl/prj/prj.gen/my_rm/bd/ulp/ip/ulp_hmss_0_0/bd_6/ip/ip_9/bd_7b01_srn_0_clocks.xdc] for cell 'level0_i/ulp/hmss_0/inst/path_5/interconnect6_5/inst/s00_nodes/s00_r_node/inst'
Finished Parsing XDC File [/data/tmp/chuxiao/spine_opt_v2_hw_150_20260728/temp/partitioned_split_e2e_link/link/vivado/vpl/prj/prj.gen/my_rm/bd/ulp/ip/ulp_hmss_0_0/bd_6/ip/ip_9/bd_7b01_srn_0_clocks.xdc] for cell 'level0_i/ulp/hmss_0/inst/path_5/interconnect6_5/inst/s00_nodes/s00_r_node/inst'
Parsing XDC File [/data/tmp/chuxiao/spine_opt_v2_hw_150_20260728/temp/partitioned_split_e2e_link/link/vivado/vpl/prj/prj.gen/my_rm/bd/ulp/ip/ulp_hmss_0_0/bd_6/ip/ip_10/bd_7b01_sawn_0_clocks.xdc] for cell 'level0_i/ulp/hmss_0/inst/path_5/interconnect6_5/inst/s00_nodes/s00_aw_node/inst'
Finished Parsing XDC File [/data/tmp/chuxiao/spine_opt_v2_hw_150_20260728/temp/partitioned_split_e2e_link/link/vivado/vpl/prj/prj.gen/my_rm/bd/ulp/ip/ulp_hmss_0_0/bd_6/ip/ip_10/bd_7b01_sawn_0_clocks.xdc] for cell 'level0_i/ulp/hmss_0/inst/path_5/interconnect6_5/inst/s00_nodes/s00_aw_node/inst'
Parsing XDC File [/data/tmp/chuxiao/spine_opt_v2_hw_150_20260728/temp/partitioned_split_e2e_link/link/vivado/vpl/prj/prj.gen/my_rm/bd/ulp/ip/ulp_hmss_0_0/bd_6/ip/ip_11/bd_7b01_swn_0_clocks.xdc] for cell 'level0_i/ulp/hmss_0/inst/path_5/interconnect6_5/inst/s00_nodes/s00_w_node/inst'
Finished Parsing XDC File [/data/tmp/chuxiao/spine_opt_v2_hw_150_20260728/temp/partitioned_split_e2e_link/link/vivado/vpl/prj/prj.gen/my_rm/bd/ulp/ip/ulp_hmss_0_0/bd_6/ip/ip_11/bd_7b01_swn_0_clocks.xdc] for cell 'level0_i/ulp/hmss_0/inst/path_5/interconnect6_5/inst/s00_nodes/s00_w_node/inst'
Parsing XDC File [/data/tmp/chuxiao/spine_opt_v2_hw_150_20260728/temp/partitioned_split_e2e_link/link/vivado/vpl/prj/prj.gen/my_rm/bd/ulp/ip/ulp_hmss_0_0/bd_6/ip/ip_12/bd_7b01_sbn_0_clocks.xdc] for cell 'level0_i/ulp/hmss_0/inst/path_5/interconnect6_5/inst/s00_nodes/s00_b_node/inst'
Finished Parsing XDC File [/data/tmp/chuxiao/spine_opt_v2_hw_150_20260728/temp/partitioned_split_e2e_link/link/vivado/vpl/prj/prj.gen/my_rm/bd/ulp/ip/ulp_hmss_0_0/bd_6/ip/ip_12/bd_7b01_sbn_0_clocks.xdc] for cell 'level0_i/ulp/hmss_0/inst/path_5/interconnect6_5/inst/s00_nodes/s00_b_node/inst'
Parsing XDC File [/data/tmp/chuxiao/spine_opt_v2_hw_150_20260728/temp/partitioned_split_e2e_link/link/vivado/vpl/prj/prj.gen/my_rm/bd/ulp/ip/ulp_hmss_0_0/bd_0/ip/ip_19/smartconnect.xdc] for cell 'level0_i/ulp/hmss_0/inst/path_5/interconnect6_5/inst'
WARNING: [Vivado_Tcl 4-919] Waiver ID 'CDC-1' -from list should not be empty. [/data/tmp/chuxiao/spine_opt_v2_hw_150_20260728/temp/partitioned_split_e2e_link/link/vivado/vpl/prj/prj.gen/my_rm/bd/ulp/ip/ulp_hmss_0_0/bd_0/ip/ip_19/smartconnect.xdc:1]
Finished Parsing XDC File [/data/tmp/chuxiao/spine_opt_v2_hw_150_20260728/temp/partitioned_split_e2e_link/link/vivado/vpl/prj/prj.gen/my_rm/bd/ulp/ip/ulp_hmss_0_0/bd_0/ip/ip_19/smartconnect.xdc] for cell 'level0_i/ulp/hmss_0/inst/path_5/interconnect6_5/inst'
Parsing XDC File [/data/tmp/chuxiao/spine_opt_v2_hw_150_20260728/temp/partitioned_split_e2e_link/link/vivado/vpl/prj/prj.gen/my_rm/bd/ulp/ip/ulp_hmss_0_0/bd_7/ip/ip_1/bd_bbcc_psr0_0_board.xdc] for cell 'level0_i/ulp/hmss_0/inst/path_6/interconnect7_6/inst/clk_map/psr0/U0'
Finished Parsing XDC File [/data/tmp/chuxiao/spine_opt_v2_hw_150_20260728/temp/partitioned_split_e2e_link/link/vivado/vpl/prj/prj.gen/my_rm/bd/ulp/ip/ulp_hmss_0_0/bd_7/ip/ip_1/bd_bbcc_psr0_0_board.xdc] for cell 'level0_i/ulp/hmss_0/inst/path_6/interconnect7_6/inst/clk_map/psr0/U0'
Parsing XDC File [/data/tmp/chuxiao/spine_opt_v2_hw_150_20260728/temp/partitioned_split_e2e_link/link/vivado/vpl/prj/prj.gen/my_rm/bd/ulp/ip/ulp_hmss_0_0/bd_7/ip/ip_1/bd_bbcc_psr0_0.xdc] for cell 'level0_i/ulp/hmss_0/inst/path_6/interconnect7_6/inst/clk_map/psr0/U0'
Finished Parsing XDC File [/data/tmp/chuxiao/spine_opt_v2_hw_150_20260728/temp/partitioned_split_e2e_link/link/vivado/vpl/prj/prj.gen/my_rm/bd/ulp/ip/ulp_hmss_0_0/bd_7/ip/ip_1/bd_bbcc_psr0_0.xdc] for cell 'level0_i/ulp/hmss_0/inst/path_6/interconnect7_6/inst/clk_map/psr0/U0'
Parsing XDC File [/data/tmp/chuxiao/spine_opt_v2_hw_150_20260728/temp/partitioned_split_e2e_link/link/vivado/vpl/prj/prj.gen/my_rm/bd/ulp/ip/ulp_hmss_0_0/bd_7/ip/ip_2/bd_bbcc_psr_aclk_0_board.xdc] for cell 'level0_i/ulp/hmss_0/inst/path_6/interconnect7_6/inst/clk_map/psr_aclk/U0'
Finished Parsing XDC File [/data/tmp/chuxiao/spine_opt_v2_hw_150_20260728/temp/partitioned_split_e2e_link/link/vivado/vpl/prj/prj.gen/my_rm/bd/ulp/ip/ulp_hmss_0_0/bd_7/ip/ip_2/bd_bbcc_psr_aclk_0_board.xdc] for cell 'level0_i/ulp/hmss_0/inst/path_6/interconnect7_6/inst/clk_map/psr_aclk/U0'
Parsing XDC File [/data/tmp/chuxiao/spine_opt_v2_hw_150_20260728/temp/partitioned_split_e2e_link/link/vivado/vpl/prj/prj.gen/my_rm/bd/ulp/ip/ulp_hmss_0_0/bd_7/ip/ip_2/bd_bbcc_psr_aclk_0.xdc] for cell 'level0_i/ulp/hmss_0/inst/path_6/interconnect7_6/inst/clk_map/psr_aclk/U0'
Finished Parsing XDC File [/data/tmp/chuxiao/spine_opt_v2_hw_150_20260728/temp/partitioned_split_e2e_link/link/vivado/vpl/prj/prj.gen/my_rm/bd/ulp/ip/ulp_hmss_0_0/bd_7/ip/ip_2/bd_bbcc_psr_aclk_0.xdc] for cell 'level0_i/ulp/hmss_0/inst/path_6/interconnect7_6/inst/clk_map/psr_aclk/U0'
Parsing XDC File [/data/tmp/chuxiao/spine_opt_v2_hw_150_20260728/temp/partitioned_split_e2e_link/link/vivado/vpl/prj/prj.gen/my_rm/bd/ulp/ip/ulp_hmss_0_0/bd_7/ip/ip_3/bd_bbcc_psr_aclk1_0_board.xdc] for cell 'level0_i/ulp/hmss_0/inst/path_6/interconnect7_6/inst/clk_map/psr_aclk1/U0'
Finished Parsing XDC File [/data/tmp/chuxiao/spine_opt_v2_hw_150_20260728/temp/partitioned_split_e2e_link/link/vivado/vpl/prj/prj.gen/my_rm/bd/ulp/ip/ulp_hmss_0_0/bd_7/ip/ip_3/bd_bbcc_psr_aclk1_0_board.xdc] for cell 'level0_i/ulp/hmss_0/inst/path_6/interconnect7_6/inst/clk_map/psr_aclk1/U0'
Parsing XDC File [/data/tmp/chuxiao/spine_opt_v2_hw_150_20260728/temp/partitioned_split_e2e_link/link/vivado/vpl/prj/prj.gen/my_rm/bd/ulp/ip/ulp_hmss_0_0/bd_4/ip/ip_11/bd_ba98_swn_0_clocks.xdc] for cell 'level0_i/ulp/hmss_0/inst/path_3/interconnect4_3/inst/s00_nodes/s00_w_node/inst'
Finished Parsing XDC File [/data/tmp/chuxiao/spine_opt_v2_hw_150_20260728/temp/partitioned_split_e2e_link/link/vivado/vpl/prj/prj.gen/my_rm/bd/ulp/ip/ulp_hmss_0_0/bd_4/ip/ip_11/bd_ba98_swn_0_clocks.xdc] for cell 'level0_i/ulp/hmss_0/inst/path_3/interconnect4_3/inst/s00_nodes/s00_w_node/inst'
Parsing XDC File [/data/tmp/chuxiao/spine_opt_v2_hw_150_20260728/temp/partitioned_split_e2e_link/link/vivado/vpl/prj/prj.gen/my_rm/bd/ulp/ip/ulp_hmss_0_0/bd_0/ip/ip_10/smartconnect.xdc] for cell 'level0_i/ulp/hmss_0/inst/path_2/interconnect3_2/inst'
WARNING: [Vivado_Tcl 4-919] Waiver ID 'CDC-1' -from list should not be empty. [/data/tmp/chuxiao/spine_opt_v2_hw_150_20260728/temp/partitioned_split_e2e_link/link/vivado/vpl/prj/prj.gen/my_rm/bd/ulp/ip/ulp_hmss_0_0/bd_0/ip/ip_10/smartconnect.xdc:1]
Finished Parsing XDC File [/data/tmp/chuxiao/spine_opt_v2_hw_150_20260728/temp/partitioned_split_e2e_link/link/vivado/vpl/prj/prj.gen/my_rm/bd/ulp/ip/ulp_hmss_0_0/bd_0/ip/ip_10/smartconnect.xdc] for cell 'level0_i/ulp/hmss_0/inst/path_2/interconnect3_2/inst'
Parsing XDC File [/data/tmp/chuxiao/spine_opt_v2_hw_150_20260728/temp/partitioned_split_e2e_link/link/vivado/vpl/prj/prj.gen/my_rm/bd/ulp/ip/ulp_hmss_0_0/bd_4/ip/ip_1/bd_ba98_psr0_0_board.xdc] for cell 'level0_i/ulp/hmss_0/inst/path_3/interconnect4_3/inst/clk_map/psr0/U0'
Finished Parsing XDC File [/data/tmp/chuxiao/spine_opt_v2_hw_150_20260728/temp/partitioned_split_e2e_link/link/vivado/vpl/prj/prj.gen/my_rm/bd/ulp/ip/ulp_hmss_0_0/bd_4/ip/ip_1/bd_ba98_psr0_0_board.xdc] for cell 'level0_i/ulp/hmss_0/inst/path_3/interconnect4_3/inst/clk_map/psr0/U0'
Parsing XDC File [/data/tmp/chuxiao/spine_opt_v2_hw_150_20260728/temp/partitioned_split_e2e_link/link/vivado/vpl/prj/prj.gen/my_rm/bd/ulp/ip/ulp_hmss_0_0/bd_4/ip/ip_1/bd_ba98_psr0_0.xdc] for cell 'level0_i/ulp/hmss_0/inst/path_3/interconnect4_3/inst/clk_map/psr0/U0'
Finished Parsing XDC File [/data/tmp/chuxiao/spine_opt_v2_hw_150_20260728/temp/partitioned_split_e2e_link/link/vivado/vpl/prj/prj.gen/my_rm/bd/ulp/ip/ulp_hmss_0_0/bd_4/ip/ip_1/bd_ba98_psr0_0.xdc] for cell 'level0_i/ulp/hmss_0/inst/path_3/interconnect4_3/inst/clk_map/psr0/U0'
Parsing XDC File [/data/tmp/chuxiao/spine_opt_v2_hw_150_20260728/temp/partitioned_split_e2e_link/link/vivado/vpl/prj/prj.gen/my_rm/bd/ulp/ip/ulp_hmss_0_0/bd_4/ip/ip_2/bd_ba98_psr_aclk_0_board.xdc] for cell 'level0_i/ulp/hmss_0/inst/path_3/interconnect4_3/inst/clk_map/psr_aclk/U0'
Finished Parsing XDC File [/data/tmp/chuxiao/spine_opt_v2_hw_150_20260728/temp/partitioned_split_e2e_link/link/vivado/vpl/prj/prj.gen/my_rm/bd/ulp/ip/ulp_hmss_0_0/bd_4/ip/ip_2/bd_ba98_psr_aclk_0_board.xdc] for cell 'level0_i/ulp/hmss_0/inst/path_3/interconnect4_3/inst/clk_map/psr_aclk/U0'
Parsing XDC File [/data/tmp/chuxiao/spine_opt_v2_hw_150_20260728/temp/partitioned_split_e2e_link/link/vivado/vpl/prj/prj.gen/my_rm/bd/ulp/ip/ulp_hmss_0_0/bd_4/ip/ip_2/bd_ba98_psr_aclk_0.xdc] for cell 'level0_i/ulp/hmss_0/inst/path_3/interconnect4_3/inst/clk_map/psr_aclk/U0'
Finished Parsing XDC File [/data/tmp/chuxiao/spine_opt_v2_hw_150_20260728/temp/partitioned_split_e2e_link/link/vivado/vpl/prj/prj.gen/my_rm/bd/ulp/ip/ulp_hmss_0_0/bd_4/ip/ip_2/bd_ba98_psr_aclk_0.xdc] for cell 'level0_i/ulp/hmss_0/inst/path_3/interconnect4_3/inst/clk_map/psr_aclk/U0'
Parsing XDC File [/data/tmp/chuxiao/spine_opt_v2_hw_150_20260728/temp/partitioned_split_e2e_link/link/vivado/vpl/prj/prj.gen/my_rm/bd/ulp/ip/ulp_hmss_0_0/bd_4/ip/ip_3/bd_ba98_psr_aclk1_0_board.xdc] for cell 'level0_i/ulp/hmss_0/inst/path_3/interconnect4_3/inst/clk_map/psr_aclk1/U0'
Finished Parsing XDC File [/data/tmp/chuxiao/spine_opt_v2_hw_150_20260728/temp/partitioned_split_e2e_link/link/vivado/vpl/prj/prj.gen/my_rm/bd/ulp/ip/ulp_hmss_0_0/bd_4/ip/ip_3/bd_ba98_psr_aclk1_0_board.xdc] for cell 'level0_i/ulp/hmss_0/inst/path_3/interconnect4_3/inst/clk_map/psr_aclk1/U0'
Parsing XDC File [/data/tmp/chuxiao/spine_opt_v2_hw_150_20260728/temp/partitioned_split_e2e_link/link/vivado/vpl/prj/prj.gen/my_rm/bd/ulp/ip/ulp_hmss_0_0/bd_4/ip/ip_3/bd_ba98_psr_aclk1_0.xdc] for cell 'level0_i/ulp/hmss_0/inst/path_3/interconnect4_3/inst/clk_map/psr_aclk1/U0'
Finished Parsing XDC File [/data/tmp/chuxiao/spine_opt_v2_hw_150_20260728/temp/partitioned_split_e2e_link/link/vivado/vpl/prj/prj.gen/my_rm/bd/ulp/ip/ulp_hmss_0_0/bd_4/ip/ip_3/bd_ba98_psr_aclk1_0.xdc] for cell 'level0_i/ulp/hmss_0/inst/path_3/interconnect4_3/inst/clk_map/psr_aclk1/U0'
Parsing XDC File [/data/tmp/chuxiao/spine_opt_v2_hw_150_20260728/temp/partitioned_split_e2e_link/link/vivado/vpl/prj/prj.gen/my_rm/bd/ulp/ip/ulp_hmss_0_0/bd_4/ip/ip_8/bd_ba98_sarn_0_clocks.xdc] for cell 'level0_i/ulp/hmss_0/inst/path_3/interconnect4_3/inst/s00_nodes/s00_ar_node/inst'
Finished Parsing XDC File [/data/tmp/chuxiao/spine_opt_v2_hw_150_20260728/temp/partitioned_split_e2e_link/link/vivado/vpl/prj/prj.gen/my_rm/bd/ulp/ip/ulp_hmss_0_0/bd_4/ip/ip_8/bd_ba98_sarn_0_clocks.xdc] for cell 'level0_i/ulp/hmss_0/inst/path_3/interconnect4_3/inst/s00_nodes/s00_ar_node/inst'
Parsing XDC File [/data/tmp/chuxiao/spine_opt_v2_hw_150_20260728/temp/partitioned_split_e2e_link/link/vivado/vpl/prj/prj.gen/my_rm/bd/ulp/ip/ulp_hmss_0_0/bd_4/ip/ip_9/bd_ba98_srn_0_clocks.xdc] for cell 'level0_i/ulp/hmss_0/inst/path_3/interconnect4_3/inst/s00_nodes/s00_r_node/inst'
Finished Parsing XDC File [/data/tmp/chuxiao/spine_opt_v2_hw_150_20260728/temp/partitioned_split_e2e_link/link/vivado/vpl/prj/prj.gen/my_rm/bd/ulp/ip/ulp_hmss_0_0/bd_4/ip/ip_9/bd_ba98_srn_0_clocks.xdc] for cell 'level0_i/ulp/hmss_0/inst/path_3/interconnect4_3/inst/s00_nodes/s00_r_node/inst'
Parsing XDC File [/data/tmp/chuxiao/spine_opt_v2_hw_150_20260728/temp/partitioned_split_e2e_link/link/vivado/vpl/prj/prj.gen/my_rm/bd/ulp/ip/ulp_hmss_0_0/bd_4/ip/ip_10/bd_ba98_sawn_0_clocks.xdc] for cell 'level0_i/ulp/hmss_0/inst/path_3/interconnect4_3/inst/s00_nodes/s00_aw_node/inst'
Finished Parsing XDC File [/data/tmp/chuxiao/spine_opt_v2_hw_150_20260728/temp/partitioned_split_e2e_link/link/vivado/vpl/prj/prj.gen/my_rm/bd/ulp/ip/ulp_hmss_0_0/bd_4/ip/ip_10/bd_ba98_sawn_0_clocks.xdc] for cell 'level0_i/ulp/hmss_0/inst/path_3/interconnect4_3/inst/s00_nodes/s00_aw_node/inst'
Parsing XDC File [/data/tmp/chuxiao/spine_opt_v2_hw_150_20260728/temp/partitioned_split_e2e_link/link/vivado/vpl/prj/prj.gen/my_rm/bd/ulp/ip/ulp_hmss_0_0/bd_14/ip/ip_11/bd_adf2_swn_0_clocks.xdc] for cell 'level0_i/ulp/hmss_0/inst/path_13/interconnect14_13/inst/s00_nodes/s00_w_node/inst'
Finished Parsing XDC File [/data/tmp/chuxiao/spine_opt_v2_hw_150_20260728/temp/partitioned_split_e2e_link/link/vivado/vpl/prj/prj.gen/my_rm/bd/ulp/ip/ulp_hmss_0_0/bd_14/ip/ip_11/bd_adf2_swn_0_clocks.xdc] for cell 'level0_i/ulp/hmss_0/inst/path_13/interconnect14_13/inst/s00_nodes/s00_w_node/inst'
Parsing XDC File [/data/tmp/chuxiao/spine_opt_v2_hw_150_20260728/temp/partitioned_split_e2e_link/link/vivado/vpl/prj/prj.gen/my_rm/bd/ulp/ip/ulp_hmss_0_0/bd_4/ip/ip_12/bd_ba98_sbn_0_clocks.xdc] for cell 'level0_i/ulp/hmss_0/inst/path_3/interconnect4_3/inst/s00_nodes/s00_b_node/inst'
Finished Parsing XDC File [/data/tmp/chuxiao/spine_opt_v2_hw_150_20260728/temp/partitioned_split_e2e_link/link/vivado/vpl/prj/prj.gen/my_rm/bd/ulp/ip/ulp_hmss_0_0/bd_4/ip/ip_12/bd_ba98_sbn_0_clocks.xdc] for cell 'level0_i/ulp/hmss_0/inst/path_3/interconnect4_3/inst/s00_nodes/s00_b_node/inst'
Parsing XDC File [/data/tmp/chuxiao/spine_opt_v2_hw_150_20260728/temp/partitioned_split_e2e_link/link/vivado/vpl/prj/prj.gen/my_rm/bd/ulp/ip/ulp_hmss_0_0/bd_0/ip/ip_13/smartconnect.xdc] for cell 'level0_i/ulp/hmss_0/inst/path_3/interconnect4_3/inst'
WARNING: [Vivado_Tcl 4-919] Waiver ID 'CDC-1' -from list should not be empty. [/data/tmp/chuxiao/spine_opt_v2_hw_150_20260728/temp/partitioned_split_e2e_link/link/vivado/vpl/prj/prj.gen/my_rm/bd/ulp/ip/ulp_hmss_0_0/bd_0/ip/ip_13/smartconnect.xdc:1]
Finished Parsing XDC File [/data/tmp/chuxiao/spine_opt_v2_hw_150_20260728/temp/partitioned_split_e2e_link/link/vivado/vpl/prj/prj.gen/my_rm/bd/ulp/ip/ulp_hmss_0_0/bd_0/ip/ip_13/smartconnect.xdc] for cell 'level0_i/ulp/hmss_0/inst/path_3/interconnect4_3/inst'
Parsing XDC File [/data/tmp/chuxiao/spine_opt_v2_hw_150_20260728/temp/partitioned_split_e2e_link/link/vivado/vpl/prj/prj.gen/my_rm/bd/ulp/ip/ulp_hmss_0_0/bd_5/ip/ip_1/bd_bb14_psr0_0_board.xdc] for cell 'level0_i/ulp/hmss_0/inst/path_4/interconnect5_4/inst/clk_map/psr0/U0'
Finished Parsing XDC File [/data/tmp/chuxiao/spine_opt_v2_hw_150_20260728/temp/partitioned_split_e2e_link/link/vivado/vpl/prj/prj.gen/my_rm/bd/ulp/ip/ulp_hmss_0_0/bd_5/ip/ip_1/bd_bb14_psr0_0_board.xdc] for cell 'level0_i/ulp/hmss_0/inst/path_4/interconnect5_4/inst/clk_map/psr0/U0'
Parsing XDC File [/data/tmp/chuxiao/spine_opt_v2_hw_150_20260728/temp/partitioned_split_e2e_link/link/vivado/vpl/prj/prj.gen/my_rm/bd/ulp/ip/ulp_hmss_0_0/bd_5/ip/ip_1/bd_bb14_psr0_0.xdc] for cell 'level0_i/ulp/hmss_0/inst/path_4/interconnect5_4/inst/clk_map/psr0/U0'
Finished Parsing XDC File [/data/tmp/chuxiao/spine_opt_v2_hw_150_20260728/temp/partitioned_split_e2e_link/link/vivado/vpl/prj/prj.gen/my_rm/bd/ulp/ip/ulp_hmss_0_0/bd_5/ip/ip_1/bd_bb14_psr0_0.xdc] for cell 'level0_i/ulp/hmss_0/inst/path_4/interconnect5_4/inst/clk_map/psr0/U0'
Parsing XDC File [/data/tmp/chuxiao/spine_opt_v2_hw_150_20260728/temp/partitioned_split_e2e_link/link/vivado/vpl/prj/prj.gen/my_rm/bd/ulp/ip/ulp_hmss_0_0/bd_5/ip/ip_2/bd_bb14_psr_aclk_0_board.xdc] for cell 'level0_i/ulp/hmss_0/inst/path_4/interconnect5_4/inst/clk_map/psr_aclk/U0'
Finished Parsing XDC File [/data/tmp/chuxiao/spine_opt_v2_hw_150_20260728/temp/partitioned_split_e2e_link/link/vivado/vpl/prj/prj.gen/my_rm/bd/ulp/ip/ulp_hmss_0_0/bd_5/ip/ip_2/bd_bb14_psr_aclk_0_board.xdc] for cell 'level0_i/ulp/hmss_0/inst/path_4/interconnect5_4/inst/clk_map/psr_aclk/U0'
Parsing XDC File [/data/tmp/chuxiao/spine_opt_v2_hw_150_20260728/temp/partitioned_split_e2e_link/link/vivado/vpl/prj/prj.gen/my_rm/bd/ulp/ip/ulp_hmss_0_0/bd_5/ip/ip_2/bd_bb14_psr_aclk_0.xdc] for cell 'level0_i/ulp/hmss_0/inst/path_4/interconnect5_4/inst/clk_map/psr_aclk/U0'
Finished Parsing XDC File [/data/tmp/chuxiao/spine_opt_v2_hw_150_20260728/temp/partitioned_split_e2e_link/link/vivado/vpl/prj/prj.gen/my_rm/bd/ulp/ip/ulp_hmss_0_0/bd_5/ip/ip_2/bd_bb14_psr_aclk_0.xdc] for cell 'level0_i/ulp/hmss_0/inst/path_4/interconnect5_4/inst/clk_map/psr_aclk/U0'
Parsing XDC File [/data/tmp/chuxiao/spine_opt_v2_hw_150_20260728/temp/partitioned_split_e2e_link/link/vivado/vpl/prj/prj.gen/my_rm/bd/ulp/ip/ulp_hmss_0_0/bd_5/ip/ip_3/bd_bb14_psr_aclk1_0_board.xdc] for cell 'level0_i/ulp/hmss_0/inst/path_4/interconnect5_4/inst/clk_map/psr_aclk1/U0'
Finished Parsing XDC File [/data/tmp/chuxiao/spine_opt_v2_hw_150_20260728/temp/partitioned_split_e2e_link/link/vivado/vpl/prj/prj.gen/my_rm/bd/ulp/ip/ulp_hmss_0_0/bd_5/ip/ip_3/bd_bb14_psr_aclk1_0_board.xdc] for cell 'level0_i/ulp/hmss_0/inst/path_4/interconnect5_4/inst/clk_map/psr_aclk1/U0'
Parsing XDC File [/data/tmp/chuxiao/spine_opt_v2_hw_150_20260728/temp/partitioned_split_e2e_link/link/vivado/vpl/prj/prj.gen/my_rm/bd/ulp/ip/ulp_hmss_0_0/bd_5/ip/ip_3/bd_bb14_psr_aclk1_0.xdc] for cell 'level0_i/ulp/hmss_0/inst/path_4/interconnect5_4/inst/clk_map/psr_aclk1/U0'
Finished Parsing XDC File [/data/tmp/chuxiao/spine_opt_v2_hw_150_20260728/temp/partitioned_split_e2e_link/link/vivado/vpl/prj/prj.gen/my_rm/bd/ulp/ip/ulp_hmss_0_0/bd_5/ip/ip_3/bd_bb14_psr_aclk1_0.xdc] for cell 'level0_i/ulp/hmss_0/inst/path_4/interconnect5_4/inst/clk_map/psr_aclk1/U0'
Parsing XDC File [/data/tmp/chuxiao/spine_opt_v2_hw_150_20260728/temp/partitioned_split_e2e_link/link/vivado/vpl/prj/prj.gen/my_rm/bd/ulp/ip/ulp_hmss_0_0/bd_5/ip/ip_8/bd_bb14_sarn_0_clocks.xdc] for cell 'level0_i/ulp/hmss_0/inst/path_4/interconnect5_4/inst/s00_nodes/s00_ar_node/inst'
Finished Parsing XDC File [/data/tmp/chuxiao/spine_opt_v2_hw_150_20260728/temp/partitioned_split_e2e_link/link/vivado/vpl/prj/prj.gen/my_rm/bd/ulp/ip/ulp_hmss_0_0/bd_5/ip/ip_8/bd_bb14_sarn_0_clocks.xdc] for cell 'level0_i/ulp/hmss_0/inst/path_4/interconnect5_4/inst/s00_nodes/s00_ar_node/inst'
Parsing XDC File [/data/tmp/chuxiao/spine_opt_v2_hw_150_20260728/temp/partitioned_split_e2e_link/link/vivado/vpl/prj/prj.gen/my_rm/bd/ulp/ip/ulp_hmss_0_0/bd_25/ip/ip_8/bd_eae7_sarn_0_clocks.xdc] for cell 'level0_i/ulp/hmss_0/inst/path_24/interconnect0_24/inst/s00_nodes/s00_ar_node/inst'
Finished Parsing XDC File [/data/tmp/chuxiao/spine_opt_v2_hw_150_20260728/temp/partitioned_split_e2e_link/link/vivado/vpl/prj/prj.gen/my_rm/bd/ulp/ip/ulp_hmss_0_0/bd_25/ip/ip_8/bd_eae7_sarn_0_clocks.xdc] for cell 'level0_i/ulp/hmss_0/inst/path_24/interconnect0_24/inst/s00_nodes/s00_ar_node/inst'
Parsing XDC File [/data/tmp/chuxiao/spine_opt_v2_hw_150_20260728/temp/partitioned_split_e2e_link/link/vivado/vpl/prj/prj.gen/my_rm/bd/ulp/ip/ulp_hmss_0_0/bd_24/ip/ip_8/bd_e9c1_sawn_0_clocks.xdc] for cell 'level0_i/ulp/hmss_0/inst/path_23/interconnect24_23/inst/s00_nodes/s00_aw_node/inst'
Finished Parsing XDC File [/data/tmp/chuxiao/spine_opt_v2_hw_150_20260728/temp/partitioned_split_e2e_link/link/vivado/vpl/prj/prj.gen/my_rm/bd/ulp/ip/ulp_hmss_0_0/bd_24/ip/ip_8/bd_e9c1_sawn_0_clocks.xdc] for cell 'level0_i/ulp/hmss_0/inst/path_23/interconnect24_23/inst/s00_nodes/s00_aw_node/inst'
Parsing XDC File [/data/tmp/chuxiao/spine_opt_v2_hw_150_20260728/temp/partitioned_split_e2e_link/link/vivado/vpl/prj/prj.gen/my_rm/bd/ulp/ip/ulp_hmss_0_0/bd_24/ip/ip_9/bd_e9c1_swn_0_clocks.xdc] for cell 'level0_i/ulp/hmss_0/inst/path_23/interconnect24_23/inst/s00_nodes/s00_w_node/inst'
Finished Parsing XDC File [/data/tmp/chuxiao/spine_opt_v2_hw_150_20260728/temp/partitioned_split_e2e_link/link/vivado/vpl/prj/prj.gen/my_rm/bd/ulp/ip/ulp_hmss_0_0/bd_24/ip/ip_9/bd_e9c1_swn_0_clocks.xdc] for cell 'level0_i/ulp/hmss_0/inst/path_23/interconnect24_23/inst/s00_nodes/s00_w_node/inst'
Parsing XDC File [/data/tmp/chuxiao/spine_opt_v2_hw_150_20260728/temp/partitioned_split_e2e_link/link/vivado/vpl/prj/prj.gen/my_rm/bd/ulp/ip/ulp_hmss_0_0/bd_24/ip/ip_10/bd_e9c1_sbn_0_clocks.xdc] for cell 'level0_i/ulp/hmss_0/inst/path_23/interconnect24_23/inst/s00_nodes/s00_b_node/inst'
Finished Parsing XDC File [/data/tmp/chuxiao/spine_opt_v2_hw_150_20260728/temp/partitioned_split_e2e_link/link/vivado/vpl/prj/prj.gen/my_rm/bd/ulp/ip/ulp_hmss_0_0/bd_24/ip/ip_10/bd_e9c1_sbn_0_clocks.xdc] for cell 'level0_i/ulp/hmss_0/inst/path_23/interconnect24_23/inst/s00_nodes/s00_b_node/inst'
Parsing XDC File [/data/tmp/chuxiao/spine_opt_v2_hw_150_20260728/temp/partitioned_split_e2e_link/link/vivado/vpl/prj/prj.gen/my_rm/bd/ulp/ip/ulp_hmss_0_0/bd_0/ip/ip_73/smartconnect.xdc] for cell 'level0_i/ulp/hmss_0/inst/path_23/interconnect24_23/inst'
WARNING: [Vivado_Tcl 4-919] Waiver ID 'CDC-1' -from list should not be empty. [/data/tmp/chuxiao/spine_opt_v2_hw_150_20260728/temp/partitioned_split_e2e_link/link/vivado/vpl/prj/prj.gen/my_rm/bd/ulp/ip/ulp_hmss_0_0/bd_0/ip/ip_73/smartconnect.xdc:1]
Finished Parsing XDC File [/data/tmp/chuxiao/spine_opt_v2_hw_150_20260728/temp/partitioned_split_e2e_link/link/vivado/vpl/prj/prj.gen/my_rm/bd/ulp/ip/ulp_hmss_0_0/bd_0/ip/ip_73/smartconnect.xdc] for cell 'level0_i/ulp/hmss_0/inst/path_23/interconnect24_23/inst'
Parsing XDC File [/data/tmp/chuxiao/spine_opt_v2_hw_150_20260728/temp/partitioned_split_e2e_link/link/vivado/vpl/prj/prj.gen/my_rm/bd/ulp/ip/ulp_hmss_0_0/bd_25/ip/ip_1/bd_eae7_psr0_0_board.xdc] for cell 'level0_i/ulp/hmss_0/inst/path_24/interconnect0_24/inst/clk_map/psr0/U0'
Finished Parsing XDC File [/data/tmp/chuxiao/spine_opt_v2_hw_150_20260728/temp/partitioned_split_e2e_link/link/vivado/vpl/prj/prj.gen/my_rm/bd/ulp/ip/ulp_hmss_0_0/bd_25/ip/ip_1/bd_eae7_psr0_0_board.xdc] for cell 'level0_i/ulp/hmss_0/inst/path_24/interconnect0_24/inst/clk_map/psr0/U0'
Parsing XDC File [/data/tmp/chuxiao/spine_opt_v2_hw_150_20260728/temp/partitioned_split_e2e_link/link/vivado/vpl/prj/prj.gen/my_rm/bd/ulp/ip/ulp_hmss_0_0/bd_25/ip/ip_1/bd_eae7_psr0_0.xdc] for cell 'level0_i/ulp/hmss_0/inst/path_24/interconnect0_24/inst/clk_map/psr0/U0'
Finished Parsing XDC File [/data/tmp/chuxiao/spine_opt_v2_hw_150_20260728/temp/partitioned_split_e2e_link/link/vivado/vpl/prj/prj.gen/my_rm/bd/ulp/ip/ulp_hmss_0_0/bd_25/ip/ip_1/bd_eae7_psr0_0.xdc] for cell 'level0_i/ulp/hmss_0/inst/path_24/interconnect0_24/inst/clk_map/psr0/U0'
Parsing XDC File [/data/tmp/chuxiao/spine_opt_v2_hw_150_20260728/temp/partitioned_split_e2e_link/link/vivado/vpl/prj/prj.gen/my_rm/bd/ulp/ip/ulp_hmss_0_0/bd_25/ip/ip_2/bd_eae7_psr_aclk_0_board.xdc] for cell 'level0_i/ulp/hmss_0/inst/path_24/interconnect0_24/inst/clk_map/psr_aclk/U0'
Finished Parsing XDC File [/data/tmp/chuxiao/spine_opt_v2_hw_150_20260728/temp/partitioned_split_e2e_link/link/vivado/vpl/prj/prj.gen/my_rm/bd/ulp/ip/ulp_hmss_0_0/bd_25/ip/ip_2/bd_eae7_psr_aclk_0_board.xdc] for cell 'level0_i/ulp/hmss_0/inst/path_24/interconnect0_24/inst/clk_map/psr_aclk/U0'
Parsing XDC File [/data/tmp/chuxiao/spine_opt_v2_hw_150_20260728/temp/partitioned_split_e2e_link/link/vivado/vpl/prj/prj.gen/my_rm/bd/ulp/ip/ulp_hmss_0_0/bd_25/ip/ip_2/bd_eae7_psr_aclk_0.xdc] for cell 'level0_i/ulp/hmss_0/inst/path_24/interconnect0_24/inst/clk_map/psr_aclk/U0'
Finished Parsing XDC File [/data/tmp/chuxiao/spine_opt_v2_hw_150_20260728/temp/partitioned_split_e2e_link/link/vivado/vpl/prj/prj.gen/my_rm/bd/ulp/ip/ulp_hmss_0_0/bd_25/ip/ip_2/bd_eae7_psr_aclk_0.xdc] for cell 'level0_i/ulp/hmss_0/inst/path_24/interconnect0_24/inst/clk_map/psr_aclk/U0'
Parsing XDC File [/data/tmp/chuxiao/spine_opt_v2_hw_150_20260728/temp/partitioned_split_e2e_link/link/vivado/vpl/prj/prj.gen/my_rm/bd/ulp/ip/ulp_hmss_0_0/bd_25/ip/ip_3/bd_eae7_psr_aclk1_0_board.xdc] for cell 'level0_i/ulp/hmss_0/inst/path_24/interconnect0_24/inst/clk_map/psr_aclk1/U0'
Finished Parsing XDC File [/data/tmp/chuxiao/spine_opt_v2_hw_150_20260728/temp/partitioned_split_e2e_link/link/vivado/vpl/prj/prj.gen/my_rm/bd/ulp/ip/ulp_hmss_0_0/bd_25/ip/ip_3/bd_eae7_psr_aclk1_0_board.xdc] for cell 'level0_i/ulp/hmss_0/inst/path_24/interconnect0_24/inst/clk_map/psr_aclk1/U0'
Parsing XDC File [/data/tmp/chuxiao/spine_opt_v2_hw_150_20260728/temp/partitioned_split_e2e_link/link/vivado/vpl/prj/prj.gen/my_rm/bd/ulp/ip/ulp_hmss_0_0/bd_25/ip/ip_3/bd_eae7_psr_aclk1_0.xdc] for cell 'level0_i/ulp/hmss_0/inst/path_24/interconnect0_24/inst/clk_map/psr_aclk1/U0'
Finished Parsing XDC File [/data/tmp/chuxiao/spine_opt_v2_hw_150_20260728/temp/partitioned_split_e2e_link/link/vivado/vpl/prj/prj.gen/my_rm/bd/ulp/ip/ulp_hmss_0_0/bd_25/ip/ip_3/bd_eae7_psr_aclk1_0.xdc] for cell 'level0_i/ulp/hmss_0/inst/path_24/interconnect0_24/inst/clk_map/psr_aclk1/U0'
Parsing XDC File [/data/tmp/chuxiao/spine_opt_v2_hw_150_20260728/temp/partitioned_split_e2e_link/link/vivado/vpl/prj/prj.gen/my_rm/bd/ulp/ip/ulp_hmss_0_0/bd_24/ip/ip_3/bd_e9c1_psr_aclk1_0.xdc] for cell 'level0_i/ulp/hmss_0/inst/path_23/interconnect24_23/inst/clk_map/psr_aclk1/U0'
Finished Parsing XDC File [/data/tmp/chuxiao/spine_opt_v2_hw_150_20260728/temp/partitioned_split_e2e_link/link/vivado/vpl/prj/prj.gen/my_rm/bd/ulp/ip/ulp_hmss_0_0/bd_24/ip/ip_3/bd_e9c1_psr_aclk1_0.xdc] for cell 'level0_i/ulp/hmss_0/inst/path_23/interconnect24_23/inst/clk_map/psr_aclk1/U0'
Parsing XDC File [/data/tmp/chuxiao/spine_opt_v2_hw_150_20260728/temp/partitioned_split_e2e_link/link/vivado/vpl/prj/prj.gen/my_rm/bd/ulp/ip/ulp_hmss_0_0/bd_25/ip/ip_9/bd_eae7_srn_0_clocks.xdc] for cell 'level0_i/ulp/hmss_0/inst/path_24/interconnect0_24/inst/s00_nodes/s00_r_node/inst'
Finished Parsing XDC File [/data/tmp/chuxiao/spine_opt_v2_hw_150_20260728/temp/partitioned_split_e2e_link/link/vivado/vpl/prj/prj.gen/my_rm/bd/ulp/ip/ulp_hmss_0_0/bd_25/ip/ip_9/bd_eae7_srn_0_clocks.xdc] for cell 'level0_i/ulp/hmss_0/inst/path_24/interconnect0_24/inst/s00_nodes/s00_r_node/inst'
Parsing XDC File [/data/tmp/chuxiao/spine_opt_v2_hw_150_20260728/temp/partitioned_split_e2e_link/link/vivado/vpl/prj/prj.gen/my_rm/bd/ulp/ip/ulp_hmss_0_0/bd_25/ip/ip_10/bd_eae7_sawn_0_clocks.xdc] for cell 'level0_i/ulp/hmss_0/inst/path_24/interconnect0_24/inst/s00_nodes/s00_aw_node/inst'
Finished Parsing XDC File [/data/tmp/chuxiao/spine_opt_v2_hw_150_20260728/temp/partitioned_split_e2e_link/link/vivado/vpl/prj/prj.gen/my_rm/bd/ulp/ip/ulp_hmss_0_0/bd_25/ip/ip_10/bd_eae7_sawn_0_clocks.xdc] for cell 'level0_i/ulp/hmss_0/inst/path_24/interconnect0_24/inst/s00_nodes/s00_aw_node/inst'
Parsing XDC File [/data/tmp/chuxiao/spine_opt_v2_hw_150_20260728/temp/partitioned_split_e2e_link/link/vivado/vpl/prj/prj.gen/my_rm/bd/ulp/ip/ulp_hmss_0_0/bd_25/ip/ip_11/bd_eae7_swn_0_clocks.xdc] for cell 'level0_i/ulp/hmss_0/inst/path_24/interconnect0_24/inst/s00_nodes/s00_w_node/inst'
Finished Parsing XDC File [/data/tmp/chuxiao/spine_opt_v2_hw_150_20260728/temp/partitioned_split_e2e_link/link/vivado/vpl/prj/prj.gen/my_rm/bd/ulp/ip/ulp_hmss_0_0/bd_25/ip/ip_11/bd_eae7_swn_0_clocks.xdc] for cell 'level0_i/ulp/hmss_0/inst/path_24/interconnect0_24/inst/s00_nodes/s00_w_node/inst'
Parsing XDC File [/data/tmp/chuxiao/spine_opt_v2_hw_150_20260728/temp/partitioned_split_e2e_link/link/vivado/vpl/prj/prj.gen/my_rm/bd/ulp/ip/ulp_hmss_0_0/bd_25/ip/ip_12/bd_eae7_sbn_0_clocks.xdc] for cell 'level0_i/ulp/hmss_0/inst/path_24/interconnect0_24/inst/s00_nodes/s00_b_node/inst'
Finished Parsing XDC File [/data/tmp/chuxiao/spine_opt_v2_hw_150_20260728/temp/partitioned_split_e2e_link/link/vivado/vpl/prj/prj.gen/my_rm/bd/ulp/ip/ulp_hmss_0_0/bd_25/ip/ip_12/bd_eae7_sbn_0_clocks.xdc] for cell 'level0_i/ulp/hmss_0/inst/path_24/interconnect0_24/inst/s00_nodes/s00_b_node/inst'
Parsing XDC File [/data/tmp/chuxiao/spine_opt_v2_hw_150_20260728/temp/partitioned_split_e2e_link/link/vivado/vpl/prj/prj.gen/my_rm/bd/ulp/ip/ulp_hmss_0_0/bd_0/ip/ip_76/smartconnect.xdc] for cell 'level0_i/ulp/hmss_0/inst/path_24/interconnect0_24/inst'
WARNING: [Vivado_Tcl 4-919] Waiver ID 'CDC-1' -from list should not be empty. [/data/tmp/chuxiao/spine_opt_v2_hw_150_20260728/temp/partitioned_split_e2e_link/link/vivado/vpl/prj/prj.gen/my_rm/bd/ulp/ip/ulp_hmss_0_0/bd_0/ip/ip_76/smartconnect.xdc:1]
Finished Parsing XDC File [/data/tmp/chuxiao/spine_opt_v2_hw_150_20260728/temp/partitioned_split_e2e_link/link/vivado/vpl/prj/prj.gen/my_rm/bd/ulp/ip/ulp_hmss_0_0/bd_0/ip/ip_76/smartconnect.xdc] for cell 'level0_i/ulp/hmss_0/inst/path_24/interconnect0_24/inst'
Parsing XDC File [/data/tmp/chuxiao/spine_opt_v2_hw_150_20260728/temp/partitioned_split_e2e_link/link/vivado/vpl/prj/prj.gen/my_rm/bd/ulp/ip/ulp_ulp_ucs_0/bd_0/ip/ip_6/bd_22c0_gpio_gapping_demand_0_board.xdc] for cell 'level0_i/ulp/ulp_ucs/inst/gapping_demand/gpio_gapping_demand/U0'
Finished Parsing XDC File [/data/tmp/chuxiao/spine_opt_v2_hw_150_20260728/temp/partitioned_split_e2e_link/link/vivado/vpl/prj/prj.gen/my_rm/bd/ulp/ip/ulp_ulp_ucs_0/bd_0/ip/ip_6/bd_22c0_gpio_gapping_demand_0_board.xdc] for cell 'level0_i/ulp/ulp_ucs/inst/gapping_demand/gpio_gapping_demand/U0'
Parsing XDC File [/data/tmp/chuxiao/spine_opt_v2_hw_150_20260728/temp/partitioned_split_e2e_link/link/vivado/vpl/prj/prj.gen/my_rm/bd/ulp/ip/ulp_ulp_ucs_0/bd_0/ip/ip_6/bd_22c0_gpio_gapping_demand_0.xdc] for cell 'level0_i/ulp/ulp_ucs/inst/gapping_demand/gpio_gapping_demand/U0'
Finished Parsing XDC File [/data/tmp/chuxiao/spine_opt_v2_hw_150_20260728/temp/partitioned_split_e2e_link/link/vivado/vpl/prj/prj.gen/my_rm/bd/ulp/ip/ulp_ulp_ucs_0/bd_0/ip/ip_6/bd_22c0_gpio_gapping_demand_0.xdc] for cell 'level0_i/ulp/ulp_ucs/inst/gapping_demand/gpio_gapping_demand/U0'
Parsing XDC File [/data/tmp/chuxiao/spine_opt_v2_hw_150_20260728/temp/partitioned_split_e2e_link/link/vivado/vpl/prj/prj.gen/my_rm/bd/ulp/ip/ulp_ulp_ucs_0/bd_0/ip/ip_14/bd_22c0_gpio_ucs_control_status_0_board.xdc] for cell 'level0_i/ulp/ulp_ucs/inst/ucs_control_status/gpio_ucs_control_status/U0'
Finished Parsing XDC File [/data/tmp/chuxiao/spine_opt_v2_hw_150_20260728/temp/partitioned_split_e2e_link/link/vivado/vpl/prj/prj.gen/my_rm/bd/ulp/ip/ulp_ulp_ucs_0/bd_0/ip/ip_14/bd_22c0_gpio_ucs_control_status_0_board.xdc] for cell 'level0_i/ulp/ulp_ucs/inst/ucs_control_status/gpio_ucs_control_status/U0'
Parsing XDC File [/data/tmp/chuxiao/spine_opt_v2_hw_150_20260728/temp/partitioned_split_e2e_link/link/vivado/vpl/prj/prj.gen/my_rm/bd/ulp/ip/ulp_ulp_ucs_0/bd_0/ip/ip_14/bd_22c0_gpio_ucs_control_status_0.xdc] for cell 'level0_i/ulp/ulp_ucs/inst/ucs_control_status/gpio_ucs_control_status/U0'
Finished Parsing XDC File [/data/tmp/chuxiao/spine_opt_v2_hw_150_20260728/temp/partitioned_split_e2e_link/link/vivado/vpl/prj/prj.gen/my_rm/bd/ulp/ip/ulp_ulp_ucs_0/bd_0/ip/ip_14/bd_22c0_gpio_ucs_control_status_0.xdc] for cell 'level0_i/ulp/ulp_ucs/inst/ucs_control_status/gpio_ucs_control_status/U0'
Parsing XDC File [/data/tmp/chuxiao/spine_opt_v2_hw_150_20260728/temp/partitioned_split_e2e_link/link/vivado/vpl/prj/prj.gen/my_rm/bd/ulp/ip/ulp_ulp_ucs_0/bd_0/ip/ip_46/bd_22c0_clkwiz_hbm_0_board.xdc] for cell 'level0_i/ulp/ulp_ucs/inst/aclk_hbm_hierarchy/clkwiz_hbm/inst'
Finished Parsing XDC File [/data/tmp/chuxiao/spine_opt_v2_hw_150_20260728/temp/partitioned_split_e2e_link/link/vivado/vpl/prj/prj.gen/my_rm/bd/ulp/ip/ulp_ulp_ucs_0/bd_0/ip/ip_46/bd_22c0_clkwiz_hbm_0_board.xdc] for cell 'level0_i/ulp/ulp_ucs/inst/aclk_hbm_hierarchy/clkwiz_hbm/inst'
Parsing XDC File [/data/tmp/chuxiao/spine_opt_v2_hw_150_20260728/temp/partitioned_split_e2e_link/link/vivado/vpl/prj/prj.gen/my_rm/bd/ulp/ip/ulp_hmss_0_0/bd_23/ip/ip_8/bd_9e91_sarn_0_clocks.xdc] for cell 'level0_i/ulp/hmss_0/inst/path_22/interconnect23_22/inst/s00_nodes/s00_ar_node/inst'
Finished Parsing XDC File [/data/tmp/chuxiao/spine_opt_v2_hw_150_20260728/temp/partitioned_split_e2e_link/link/vivado/vpl/prj/prj.gen/my_rm/bd/ulp/ip/ulp_hmss_0_0/bd_23/ip/ip_8/bd_9e91_sarn_0_clocks.xdc] for cell 'level0_i/ulp/hmss_0/inst/path_22/interconnect23_22/inst/s00_nodes/s00_ar_node/inst'
Parsing XDC File [/data/tmp/chuxiao/spine_opt_v2_hw_150_20260728/temp/partitioned_split_e2e_link/link/vivado/vpl/prj/prj.gen/my_rm/bd/ulp/ip/ulp_hmss_0_0/bd_22/ip/ip_8/bd_ad61_sawn_0_clocks.xdc] for cell 'level0_i/ulp/hmss_0/inst/path_21/interconnect20_21/inst/s00_nodes/s00_aw_node/inst'
Finished Parsing XDC File [/data/tmp/chuxiao/spine_opt_v2_hw_150_20260728/temp/partitioned_split_e2e_link/link/vivado/vpl/prj/prj.gen/my_rm/bd/ulp/ip/ulp_hmss_0_0/bd_22/ip/ip_8/bd_ad61_sawn_0_clocks.xdc] for cell 'level0_i/ulp/hmss_0/inst/path_21/interconnect20_21/inst/s00_nodes/s00_aw_node/inst'
Parsing XDC File [/data/tmp/chuxiao/spine_opt_v2_hw_150_20260728/temp/partitioned_split_e2e_link/link/vivado/vpl/prj/prj.gen/my_rm/bd/ulp/ip/ulp_hmss_0_0/bd_22/ip/ip_9/bd_ad61_swn_0_clocks.xdc] for cell 'level0_i/ulp/hmss_0/inst/path_21/interconnect20_21/inst/s00_nodes/s00_w_node/inst'
Finished Parsing XDC File [/data/tmp/chuxiao/spine_opt_v2_hw_150_20260728/temp/partitioned_split_e2e_link/link/vivado/vpl/prj/prj.gen/my_rm/bd/ulp/ip/ulp_hmss_0_0/bd_22/ip/ip_9/bd_ad61_swn_0_clocks.xdc] for cell 'level0_i/ulp/hmss_0/inst/path_21/interconnect20_21/inst/s00_nodes/s00_w_node/inst'
Parsing XDC File [/data/tmp/chuxiao/spine_opt_v2_hw_150_20260728/temp/partitioned_split_e2e_link/link/vivado/vpl/prj/prj.gen/my_rm/bd/ulp/ip/ulp_hmss_0_0/bd_22/ip/ip_10/bd_ad61_sbn_0_clocks.xdc] for cell 'level0_i/ulp/hmss_0/inst/path_21/interconnect20_21/inst/s00_nodes/s00_b_node/inst'
Finished Parsing XDC File [/data/tmp/chuxiao/spine_opt_v2_hw_150_20260728/temp/partitioned_split_e2e_link/link/vivado/vpl/prj/prj.gen/my_rm/bd/ulp/ip/ulp_hmss_0_0/bd_22/ip/ip_10/bd_ad61_sbn_0_clocks.xdc] for cell 'level0_i/ulp/hmss_0/inst/path_21/interconnect20_21/inst/s00_nodes/s00_b_node/inst'
Parsing XDC File [/data/tmp/chuxiao/spine_opt_v2_hw_150_20260728/temp/partitioned_split_e2e_link/link/vivado/vpl/prj/prj.gen/my_rm/bd/ulp/ip/ulp_hmss_0_0/bd_0/ip/ip_67/smartconnect.xdc] for cell 'level0_i/ulp/hmss_0/inst/path_21/interconnect20_21/inst'
WARNING: [Vivado_Tcl 4-919] Waiver ID 'CDC-1' -from list should not be empty. [/data/tmp/chuxiao/spine_opt_v2_hw_150_20260728/temp/partitioned_split_e2e_link/link/vivado/vpl/prj/prj.gen/my_rm/bd/ulp/ip/ulp_hmss_0_0/bd_0/ip/ip_67/smartconnect.xdc:1]
Finished Parsing XDC File [/data/tmp/chuxiao/spine_opt_v2_hw_150_20260728/temp/partitioned_split_e2e_link/link/vivado/vpl/prj/prj.gen/my_rm/bd/ulp/ip/ulp_hmss_0_0/bd_0/ip/ip_67/smartconnect.xdc] for cell 'level0_i/ulp/hmss_0/inst/path_21/interconnect20_21/inst'
Parsing XDC File [/data/tmp/chuxiao/spine_opt_v2_hw_150_20260728/temp/partitioned_split_e2e_link/link/vivado/vpl/prj/prj.gen/my_rm/bd/ulp/ip/ulp_hmss_0_0/bd_23/ip/ip_1/bd_9e91_psr0_0_board.xdc] for cell 'level0_i/ulp/hmss_0/inst/path_22/interconnect23_22/inst/clk_map/psr0/U0'
Finished Parsing XDC File [/data/tmp/chuxiao/spine_opt_v2_hw_150_20260728/temp/partitioned_split_e2e_link/link/vivado/vpl/prj/prj.gen/my_rm/bd/ulp/ip/ulp_hmss_0_0/bd_23/ip/ip_1/bd_9e91_psr0_0_board.xdc] for cell 'level0_i/ulp/hmss_0/inst/path_22/interconnect23_22/inst/clk_map/psr0/U0'
Parsing XDC File [/data/tmp/chuxiao/spine_opt_v2_hw_150_20260728/temp/partitioned_split_e2e_link/link/vivado/vpl/prj/prj.gen/my_rm/bd/ulp/ip/ulp_hmss_0_0/bd_23/ip/ip_1/bd_9e91_psr0_0.xdc] for cell 'level0_i/ulp/hmss_0/inst/path_22/interconnect23_22/inst/clk_map/psr0/U0'
Finished Parsing XDC File [/data/tmp/chuxiao/spine_opt_v2_hw_150_20260728/temp/partitioned_split_e2e_link/link/vivado/vpl/prj/prj.gen/my_rm/bd/ulp/ip/ulp_hmss_0_0/bd_23/ip/ip_1/bd_9e91_psr0_0.xdc] for cell 'level0_i/ulp/hmss_0/inst/path_22/interconnect23_22/inst/clk_map/psr0/U0'
Parsing XDC File [/data/tmp/chuxiao/spine_opt_v2_hw_150_20260728/temp/partitioned_split_e2e_link/link/vivado/vpl/prj/prj.gen/my_rm/bd/ulp/ip/ulp_hmss_0_0/bd_23/ip/ip_2/bd_9e91_psr_aclk_0_board.xdc] for cell 'level0_i/ulp/hmss_0/inst/path_22/interconnect23_22/inst/clk_map/psr_aclk/U0'
Finished Parsing XDC File [/data/tmp/chuxiao/spine_opt_v2_hw_150_20260728/temp/partitioned_split_e2e_link/link/vivado/vpl/prj/prj.gen/my_rm/bd/ulp/ip/ulp_hmss_0_0/bd_23/ip/ip_2/bd_9e91_psr_aclk_0_board.xdc] for cell 'level0_i/ulp/hmss_0/inst/path_22/interconnect23_22/inst/clk_map/psr_aclk/U0'
Parsing XDC File [/data/tmp/chuxiao/spine_opt_v2_hw_150_20260728/temp/partitioned_split_e2e_link/link/vivado/vpl/prj/prj.gen/my_rm/bd/ulp/ip/ulp_hmss_0_0/bd_23/ip/ip_2/bd_9e91_psr_aclk_0.xdc] for cell 'level0_i/ulp/hmss_0/inst/path_22/interconnect23_22/inst/clk_map/psr_aclk/U0'
Finished Parsing XDC File [/data/tmp/chuxiao/spine_opt_v2_hw_150_20260728/temp/partitioned_split_e2e_link/link/vivado/vpl/prj/prj.gen/my_rm/bd/ulp/ip/ulp_hmss_0_0/bd_23/ip/ip_2/bd_9e91_psr_aclk_0.xdc] for cell 'level0_i/ulp/hmss_0/inst/path_22/interconnect23_22/inst/clk_map/psr_aclk/U0'
Parsing XDC File [/data/tmp/chuxiao/spine_opt_v2_hw_150_20260728/temp/partitioned_split_e2e_link/link/vivado/vpl/prj/prj.gen/my_rm/bd/ulp/ip/ulp_hmss_0_0/bd_23/ip/ip_3/bd_9e91_psr_aclk1_0_board.xdc] for cell 'level0_i/ulp/hmss_0/inst/path_22/interconnect23_22/inst/clk_map/psr_aclk1/U0'
Finished Parsing XDC File [/data/tmp/chuxiao/spine_opt_v2_hw_150_20260728/temp/partitioned_split_e2e_link/link/vivado/vpl/prj/prj.gen/my_rm/bd/ulp/ip/ulp_hmss_0_0/bd_23/ip/ip_3/bd_9e91_psr_aclk1_0_board.xdc] for cell 'level0_i/ulp/hmss_0/inst/path_22/interconnect23_22/inst/clk_map/psr_aclk1/U0'
Parsing XDC File [/data/tmp/chuxiao/spine_opt_v2_hw_150_20260728/temp/partitioned_split_e2e_link/link/vivado/vpl/prj/prj.gen/my_rm/bd/ulp/ip/ulp_hmss_0_0/bd_23/ip/ip_3/bd_9e91_psr_aclk1_0.xdc] for cell 'level0_i/ulp/hmss_0/inst/path_22/interconnect23_22/inst/clk_map/psr_aclk1/U0'
Finished Parsing XDC File [/data/tmp/chuxiao/spine_opt_v2_hw_150_20260728/temp/partitioned_split_e2e_link/link/vivado/vpl/prj/prj.gen/my_rm/bd/ulp/ip/ulp_hmss_0_0/bd_23/ip/ip_3/bd_9e91_psr_aclk1_0.xdc] for cell 'level0_i/ulp/hmss_0/inst/path_22/interconnect23_22/inst/clk_map/psr_aclk1/U0'
Parsing XDC File [/data/tmp/chuxiao/spine_opt_v2_hw_150_20260728/temp/partitioned_split_e2e_link/link/vivado/vpl/prj/prj.gen/my_rm/bd/ulp/ip/ulp_ulp_ucs_0/bd_0/ip/ip_46/bd_22c0_clkwiz_hbm_0.xdc] for cell 'level0_i/ulp/ulp_ucs/inst/aclk_hbm_hierarchy/clkwiz_hbm/inst'
Finished Parsing XDC File [/data/tmp/chuxiao/spine_opt_v2_hw_150_20260728/temp/partitioned_split_e2e_link/link/vivado/vpl/prj/prj.gen/my_rm/bd/ulp/ip/ulp_ulp_ucs_0/bd_0/ip/ip_46/bd_22c0_clkwiz_hbm_0.xdc] for cell 'level0_i/ulp/ulp_ucs/inst/aclk_hbm_hierarchy/clkwiz_hbm/inst'
Parsing XDC File [/data/tmp/chuxiao/spine_opt_v2_hw_150_20260728/temp/partitioned_split_e2e_link/link/vivado/vpl/prj/prj.gen/my_rm/bd/ulp/ip/ulp_hmss_0_0/bd_23/ip/ip_9/bd_9e91_srn_0_clocks.xdc] for cell 'level0_i/ulp/hmss_0/inst/path_22/interconnect23_22/inst/s00_nodes/s00_r_node/inst'
Finished Parsing XDC File [/data/tmp/chuxiao/spine_opt_v2_hw_150_20260728/temp/partitioned_split_e2e_link/link/vivado/vpl/prj/prj.gen/my_rm/bd/ulp/ip/ulp_hmss_0_0/bd_23/ip/ip_9/bd_9e91_srn_0_clocks.xdc] for cell 'level0_i/ulp/hmss_0/inst/path_22/interconnect23_22/inst/s00_nodes/s00_r_node/inst'
Parsing XDC File [/data/tmp/chuxiao/spine_opt_v2_hw_150_20260728/temp/partitioned_split_e2e_link/link/vivado/vpl/prj/prj.gen/my_rm/bd/ulp/ip/ulp_hmss_0_0/bd_23/ip/ip_10/bd_9e91_sawn_0_clocks.xdc] for cell 'level0_i/ulp/hmss_0/inst/path_22/interconnect23_22/inst/s00_nodes/s00_aw_node/inst'
Finished Parsing XDC File [/data/tmp/chuxiao/spine_opt_v2_hw_150_20260728/temp/partitioned_split_e2e_link/link/vivado/vpl/prj/prj.gen/my_rm/bd/ulp/ip/ulp_hmss_0_0/bd_23/ip/ip_10/bd_9e91_sawn_0_clocks.xdc] for cell 'level0_i/ulp/hmss_0/inst/path_22/interconnect23_22/inst/s00_nodes/s00_aw_node/inst'
Parsing XDC File [/data/tmp/chuxiao/spine_opt_v2_hw_150_20260728/temp/partitioned_split_e2e_link/link/vivado/vpl/prj/prj.gen/my_rm/bd/ulp/ip/ulp_hmss_0_0/bd_23/ip/ip_11/bd_9e91_swn_0_clocks.xdc] for cell 'level0_i/ulp/hmss_0/inst/path_22/interconnect23_22/inst/s00_nodes/s00_w_node/inst'
Finished Parsing XDC File [/data/tmp/chuxiao/spine_opt_v2_hw_150_20260728/temp/partitioned_split_e2e_link/link/vivado/vpl/prj/prj.gen/my_rm/bd/ulp/ip/ulp_hmss_0_0/bd_23/ip/ip_11/bd_9e91_swn_0_clocks.xdc] for cell 'level0_i/ulp/hmss_0/inst/path_22/interconnect23_22/inst/s00_nodes/s00_w_node/inst'
Parsing XDC File [/data/tmp/chuxiao/spine_opt_v2_hw_150_20260728/temp/partitioned_split_e2e_link/link/vivado/vpl/prj/prj.gen/my_rm/bd/ulp/ip/ulp_hmss_0_0/bd_23/ip/ip_12/bd_9e91_sbn_0_clocks.xdc] for cell 'level0_i/ulp/hmss_0/inst/path_22/interconnect23_22/inst/s00_nodes/s00_b_node/inst'
Finished Parsing XDC File [/data/tmp/chuxiao/spine_opt_v2_hw_150_20260728/temp/partitioned_split_e2e_link/link/vivado/vpl/prj/prj.gen/my_rm/bd/ulp/ip/ulp_hmss_0_0/bd_23/ip/ip_12/bd_9e91_sbn_0_clocks.xdc] for cell 'level0_i/ulp/hmss_0/inst/path_22/interconnect23_22/inst/s00_nodes/s00_b_node/inst'
Parsing XDC File [/data/tmp/chuxiao/spine_opt_v2_hw_150_20260728/temp/partitioned_split_e2e_link/link/vivado/vpl/prj/prj.gen/my_rm/bd/ulp/ip/ulp_hmss_0_0/bd_0/ip/ip_70/smartconnect.xdc] for cell 'level0_i/ulp/hmss_0/inst/path_22/interconnect23_22/inst'
WARNING: [Vivado_Tcl 4-919] Waiver ID 'CDC-1' -from list should not be empty. [/data/tmp/chuxiao/spine_opt_v2_hw_150_20260728/temp/partitioned_split_e2e_link/link/vivado/vpl/prj/prj.gen/my_rm/bd/ulp/ip/ulp_hmss_0_0/bd_0/ip/ip_70/smartconnect.xdc:1]
Finished Parsing XDC File [/data/tmp/chuxiao/spine_opt_v2_hw_150_20260728/temp/partitioned_split_e2e_link/link/vivado/vpl/prj/prj.gen/my_rm/bd/ulp/ip/ulp_hmss_0_0/bd_0/ip/ip_70/smartconnect.xdc] for cell 'level0_i/ulp/hmss_0/inst/path_22/interconnect23_22/inst'
Parsing XDC File [/data/tmp/chuxiao/spine_opt_v2_hw_150_20260728/temp/partitioned_split_e2e_link/link/vivado/vpl/prj/prj.gen/my_rm/bd/ulp/ip/ulp_hmss_0_0/bd_24/ip/ip_1/bd_e9c1_psr0_0_board.xdc] for cell 'level0_i/ulp/hmss_0/inst/path_23/interconnect24_23/inst/clk_map/psr0/U0'
Finished Parsing XDC File [/data/tmp/chuxiao/spine_opt_v2_hw_150_20260728/temp/partitioned_split_e2e_link/link/vivado/vpl/prj/prj.gen/my_rm/bd/ulp/ip/ulp_hmss_0_0/bd_24/ip/ip_1/bd_e9c1_psr0_0_board.xdc] for cell 'level0_i/ulp/hmss_0/inst/path_23/interconnect24_23/inst/clk_map/psr0/U0'
Parsing XDC File [/data/tmp/chuxiao/spine_opt_v2_hw_150_20260728/temp/partitioned_split_e2e_link/link/vivado/vpl/prj/prj.gen/my_rm/bd/ulp/ip/ulp_hmss_0_0/bd_24/ip/ip_1/bd_e9c1_psr0_0.xdc] for cell 'level0_i/ulp/hmss_0/inst/path_23/interconnect24_23/inst/clk_map/psr0/U0'
Finished Parsing XDC File [/data/tmp/chuxiao/spine_opt_v2_hw_150_20260728/temp/partitioned_split_e2e_link/link/vivado/vpl/prj/prj.gen/my_rm/bd/ulp/ip/ulp_hmss_0_0/bd_24/ip/ip_1/bd_e9c1_psr0_0.xdc] for cell 'level0_i/ulp/hmss_0/inst/path_23/interconnect24_23/inst/clk_map/psr0/U0'
Parsing XDC File [/data/tmp/chuxiao/spine_opt_v2_hw_150_20260728/temp/partitioned_split_e2e_link/link/vivado/vpl/prj/prj.gen/my_rm/bd/ulp/ip/ulp_hmss_0_0/bd_24/ip/ip_2/bd_e9c1_psr_aclk_0_board.xdc] for cell 'level0_i/ulp/hmss_0/inst/path_23/interconnect24_23/inst/clk_map/psr_aclk/U0'
Finished Parsing XDC File [/data/tmp/chuxiao/spine_opt_v2_hw_150_20260728/temp/partitioned_split_e2e_link/link/vivado/vpl/prj/prj.gen/my_rm/bd/ulp/ip/ulp_hmss_0_0/bd_24/ip/ip_2/bd_e9c1_psr_aclk_0_board.xdc] for cell 'level0_i/ulp/hmss_0/inst/path_23/interconnect24_23/inst/clk_map/psr_aclk/U0'
Parsing XDC File [/data/tmp/chuxiao/spine_opt_v2_hw_150_20260728/temp/partitioned_split_e2e_link/link/vivado/vpl/prj/prj.gen/my_rm/bd/ulp/ip/ulp_hmss_0_0/bd_24/ip/ip_2/bd_e9c1_psr_aclk_0.xdc] for cell 'level0_i/ulp/hmss_0/inst/path_23/interconnect24_23/inst/clk_map/psr_aclk/U0'
Finished Parsing XDC File [/data/tmp/chuxiao/spine_opt_v2_hw_150_20260728/temp/partitioned_split_e2e_link/link/vivado/vpl/prj/prj.gen/my_rm/bd/ulp/ip/ulp_hmss_0_0/bd_24/ip/ip_2/bd_e9c1_psr_aclk_0.xdc] for cell 'level0_i/ulp/hmss_0/inst/path_23/interconnect24_23/inst/clk_map/psr_aclk/U0'
Parsing XDC File [/data/tmp/chuxiao/spine_opt_v2_hw_150_20260728/temp/partitioned_split_e2e_link/link/vivado/vpl/prj/prj.gen/my_rm/bd/ulp/ip/ulp_hmss_0_0/bd_24/ip/ip_3/bd_e9c1_psr_aclk1_0_board.xdc] for cell 'level0_i/ulp/hmss_0/inst/path_23/interconnect24_23/inst/clk_map/psr_aclk1/U0'
Finished Parsing XDC File [/data/tmp/chuxiao/spine_opt_v2_hw_150_20260728/temp/partitioned_split_e2e_link/link/vivado/vpl/prj/prj.gen/my_rm/bd/ulp/ip/ulp_hmss_0_0/bd_24/ip/ip_3/bd_e9c1_psr_aclk1_0_board.xdc] for cell 'level0_i/ulp/hmss_0/inst/path_23/interconnect24_23/inst/clk_map/psr_aclk1/U0'
Parsing XDC File [/data/tmp/chuxiao/spine_opt_v2_hw_150_20260728/temp/partitioned_split_e2e_link/link/vivado/vpl/prj/prj.gen/my_rm/bd/ulp/ip/ulp_proc_sys_reset_freerun_slr0_0/ulp_proc_sys_reset_freerun_slr0_0.xdc] for cell 'level0_i/ulp/proc_sys_reset_freerun_slr0/U0'
Finished Parsing XDC File [/data/tmp/chuxiao/spine_opt_v2_hw_150_20260728/temp/partitioned_split_e2e_link/link/vivado/vpl/prj/prj.gen/my_rm/bd/ulp/ip/ulp_proc_sys_reset_freerun_slr0_0/ulp_proc_sys_reset_freerun_slr0_0.xdc] for cell 'level0_i/ulp/proc_sys_reset_freerun_slr0/U0'
Parsing XDC File [/data/tmp/chuxiao/spine_opt_v2_hw_150_20260728/temp/partitioned_split_e2e_link/link/vivado/vpl/prj/prj.gen/my_rm/bd/ulp/ip/ulp_proc_sys_reset_kernel_slr1_0/ulp_proc_sys_reset_kernel_slr1_0.xdc] for cell 'level0_i/ulp/proc_sys_reset_kernel_slr1/U0'
Finished Parsing XDC File [/data/tmp/chuxiao/spine_opt_v2_hw_150_20260728/temp/partitioned_split_e2e_link/link/vivado/vpl/prj/prj.gen/my_rm/bd/ulp/ip/ulp_proc_sys_reset_kernel_slr1_0/ulp_proc_sys_reset_kernel_slr1_0.xdc] for cell 'level0_i/ulp/proc_sys_reset_kernel_slr1/U0'
Parsing XDC File [/data/tmp/chuxiao/spine_opt_v2_hw_150_20260728/temp/partitioned_split_e2e_link/link/vivado/vpl/prj/prj.gen/my_rm/bd/ulp/ip/ulp_proc_sys_reset_kernel_slr2_0/ulp_proc_sys_reset_kernel_slr2_0_board.xdc] for cell 'level0_i/ulp/proc_sys_reset_kernel_slr2/U0'
Finished Parsing XDC File [/data/tmp/chuxiao/spine_opt_v2_hw_150_20260728/temp/partitioned_split_e2e_link/link/vivado/vpl/prj/prj.gen/my_rm/bd/ulp/ip/ulp_proc_sys_reset_kernel_slr2_0/ulp_proc_sys_reset_kernel_slr2_0_board.xdc] for cell 'level0_i/ulp/proc_sys_reset_kernel_slr2/U0'
Parsing XDC File [/data/tmp/chuxiao/spine_opt_v2_hw_150_20260728/temp/partitioned_split_e2e_link/link/vivado/vpl/prj/prj.gen/my_rm/bd/ulp/ip/ulp_proc_sys_reset_kernel_slr2_0/ulp_proc_sys_reset_kernel_slr2_0.xdc] for cell 'level0_i/ulp/proc_sys_reset_kernel_slr2/U0'
Finished Parsing XDC File [/data/tmp/chuxiao/spine_opt_v2_hw_150_20260728/temp/partitioned_split_e2e_link/link/vivado/vpl/prj/prj.gen/my_rm/bd/ulp/ip/ulp_proc_sys_reset_kernel_slr2_0/ulp_proc_sys_reset_kernel_slr2_0.xdc] for cell 'level0_i/ulp/proc_sys_reset_kernel_slr2/U0'
Parsing XDC File [/data/tmp/chuxiao/spine_opt_v2_hw_150_20260728/temp/partitioned_split_e2e_link/link/vivado/vpl/prj/prj.gen/my_rm/bd/ulp/ip/ulp_proc_sys_reset_kernel2_slr0_0/ulp_proc_sys_reset_kernel2_slr0_0_board.xdc] for cell 'level0_i/ulp/proc_sys_reset_kernel2_slr0/U0'
Finished Parsing XDC File [/data/tmp/chuxiao/spine_opt_v2_hw_150_20260728/temp/partitioned_split_e2e_link/link/vivado/vpl/prj/prj.gen/my_rm/bd/ulp/ip/ulp_proc_sys_reset_kernel2_slr0_0/ulp_proc_sys_reset_kernel2_slr0_0_board.xdc] for cell 'level0_i/ulp/proc_sys_reset_kernel2_slr0/U0'
Parsing XDC File [/data/tmp/chuxiao/spine_opt_v2_hw_150_20260728/temp/partitioned_split_e2e_link/link/vivado/vpl/prj/prj.gen/my_rm/bd/ulp/ip/ulp_proc_sys_reset_kernel2_slr0_0/ulp_proc_sys_reset_kernel2_slr0_0.xdc] for cell 'level0_i/ulp/proc_sys_reset_kernel2_slr0/U0'
Finished Parsing XDC File [/data/tmp/chuxiao/spine_opt_v2_hw_150_20260728/temp/partitioned_split_e2e_link/link/vivado/vpl/prj/prj.gen/my_rm/bd/ulp/ip/ulp_proc_sys_reset_kernel2_slr0_0/ulp_proc_sys_reset_kernel2_slr0_0.xdc] for cell 'level0_i/ulp/proc_sys_reset_kernel2_slr0/U0'
Parsing XDC File [/data/tmp/chuxiao/spine_opt_v2_hw_150_20260728/temp/partitioned_split_e2e_link/link/vivado/vpl/prj/prj.gen/my_rm/bd/ulp/ip/ulp_proc_sys_reset_kernel2_slr1_0/ulp_proc_sys_reset_kernel2_slr1_0_board.xdc] for cell 'level0_i/ulp/proc_sys_reset_kernel2_slr1/U0'
Finished Parsing XDC File [/data/tmp/chuxiao/spine_opt_v2_hw_150_20260728/temp/partitioned_split_e2e_link/link/vivado/vpl/prj/prj.gen/my_rm/bd/ulp/ip/ulp_proc_sys_reset_kernel2_slr1_0/ulp_proc_sys_reset_kernel2_slr1_0_board.xdc] for cell 'level0_i/ulp/proc_sys_reset_kernel2_slr1/U0'
Parsing XDC File [/data/tmp/chuxiao/spine_opt_v2_hw_150_20260728/temp/partitioned_split_e2e_link/link/vivado/vpl/prj/prj.gen/my_rm/bd/ulp/ip/ulp_proc_sys_reset_kernel2_slr1_0/ulp_proc_sys_reset_kernel2_slr1_0.xdc] for cell 'level0_i/ulp/proc_sys_reset_kernel2_slr1/U0'
Finished Parsing XDC File [/data/tmp/chuxiao/spine_opt_v2_hw_150_20260728/temp/partitioned_split_e2e_link/link/vivado/vpl/prj/prj.gen/my_rm/bd/ulp/ip/ulp_proc_sys_reset_kernel2_slr1_0/ulp_proc_sys_reset_kernel2_slr1_0.xdc] for cell 'level0_i/ulp/proc_sys_reset_kernel2_slr1/U0'
Parsing XDC File [/data/tmp/chuxiao/spine_opt_v2_hw_150_20260728/temp/partitioned_split_e2e_link/link/vivado/vpl/prj/prj.gen/my_rm/bd/ulp/ip/ulp_proc_sys_reset_kernel2_slr2_0/ulp_proc_sys_reset_kernel2_slr2_0_board.xdc] for cell 'level0_i/ulp/proc_sys_reset_kernel2_slr2/U0'
Finished Parsing XDC File [/data/tmp/chuxiao/spine_opt_v2_hw_150_20260728/temp/partitioned_split_e2e_link/link/vivado/vpl/prj/prj.gen/my_rm/bd/ulp/ip/ulp_proc_sys_reset_kernel2_slr2_0/ulp_proc_sys_reset_kernel2_slr2_0_board.xdc] for cell 'level0_i/ulp/proc_sys_reset_kernel2_slr2/U0'
Parsing XDC File [/data/tmp/chuxiao/spine_opt_v2_hw_150_20260728/temp/partitioned_split_e2e_link/link/vivado/vpl/prj/prj.gen/my_rm/bd/ulp/ip/ulp_proc_sys_reset_kernel2_slr2_0/ulp_proc_sys_reset_kernel2_slr2_0.xdc] for cell 'level0_i/ulp/proc_sys_reset_kernel2_slr2/U0'
Finished Parsing XDC File [/data/tmp/chuxiao/spine_opt_v2_hw_150_20260728/temp/partitioned_split_e2e_link/link/vivado/vpl/prj/prj.gen/my_rm/bd/ulp/ip/ulp_proc_sys_reset_kernel2_slr2_0/ulp_proc_sys_reset_kernel2_slr2_0.xdc] for cell 'level0_i/ulp/proc_sys_reset_kernel2_slr2/U0'
Parsing XDC File [/data/tmp/chuxiao/spine_opt_v2_hw_150_20260728/temp/partitioned_split_e2e_link/link/vivado/vpl/prj/prj.gen/my_rm/bd/ulp/ip/ulp_proc_sys_reset_freerun_slr0_0/ulp_proc_sys_reset_freerun_slr0_0_board.xdc] for cell 'level0_i/ulp/proc_sys_reset_freerun_slr0/U0'
Finished Parsing XDC File [/data/tmp/chuxiao/spine_opt_v2_hw_150_20260728/temp/partitioned_split_e2e_link/link/vivado/vpl/prj/prj.gen/my_rm/bd/ulp/ip/ulp_proc_sys_reset_freerun_slr0_0/ulp_proc_sys_reset_freerun_slr0_0_board.xdc] for cell 'level0_i/ulp/proc_sys_reset_freerun_slr0/U0'
Parsing XDC File [/data/tmp/chuxiao/spine_opt_v2_hw_150_20260728/temp/partitioned_split_e2e_link/link/vivado/vpl/prj/prj.gen/my_rm/bd/ulp/ip/ulp_proc_sys_reset_kernel_slr1_0/ulp_proc_sys_reset_kernel_slr1_0_board.xdc] for cell 'level0_i/ulp/proc_sys_reset_kernel_slr1/U0'
Finished Parsing XDC File [/data/tmp/chuxiao/spine_opt_v2_hw_150_20260728/temp/partitioned_split_e2e_link/link/vivado/vpl/prj/prj.gen/my_rm/bd/ulp/ip/ulp_proc_sys_reset_kernel_slr1_0/ulp_proc_sys_reset_kernel_slr1_0_board.xdc] for cell 'level0_i/ulp/proc_sys_reset_kernel_slr1/U0'
Parsing XDC File [/data/tmp/chuxiao/spine_opt_v2_hw_150_20260728/temp/partitioned_split_e2e_link/link/vivado/vpl/prj/prj.gen/my_rm/bd/ulp/ip/ulp_proc_sys_reset_freerun_slr1_0/ulp_proc_sys_reset_freerun_slr1_0_board.xdc] for cell 'level0_i/ulp/proc_sys_reset_freerun_slr1/U0'
Finished Parsing XDC File [/data/tmp/chuxiao/spine_opt_v2_hw_150_20260728/temp/partitioned_split_e2e_link/link/vivado/vpl/prj/prj.gen/my_rm/bd/ulp/ip/ulp_proc_sys_reset_freerun_slr1_0/ulp_proc_sys_reset_freerun_slr1_0_board.xdc] for cell 'level0_i/ulp/proc_sys_reset_freerun_slr1/U0'
Parsing XDC File [/data/tmp/chuxiao/spine_opt_v2_hw_150_20260728/temp/partitioned_split_e2e_link/link/vivado/vpl/prj/prj.gen/my_rm/bd/ulp/ip/ulp_proc_sys_reset_freerun_slr1_0/ulp_proc_sys_reset_freerun_slr1_0.xdc] for cell 'level0_i/ulp/proc_sys_reset_freerun_slr1/U0'
Finished Parsing XDC File [/data/tmp/chuxiao/spine_opt_v2_hw_150_20260728/temp/partitioned_split_e2e_link/link/vivado/vpl/prj/prj.gen/my_rm/bd/ulp/ip/ulp_proc_sys_reset_freerun_slr1_0/ulp_proc_sys_reset_freerun_slr1_0.xdc] for cell 'level0_i/ulp/proc_sys_reset_freerun_slr1/U0'
Parsing XDC File [/data/tmp/chuxiao/spine_opt_v2_hw_150_20260728/temp/partitioned_split_e2e_link/link/vivado/vpl/prj/prj.gen/my_rm/bd/ulp/ip/ulp_proc_sys_reset_freerun_slr2_0/ulp_proc_sys_reset_freerun_slr2_0_board.xdc] for cell 'level0_i/ulp/proc_sys_reset_freerun_slr2/U0'
Finished Parsing XDC File [/data/tmp/chuxiao/spine_opt_v2_hw_150_20260728/temp/partitioned_split_e2e_link/link/vivado/vpl/prj/prj.gen/my_rm/bd/ulp/ip/ulp_proc_sys_reset_freerun_slr2_0/ulp_proc_sys_reset_freerun_slr2_0_board.xdc] for cell 'level0_i/ulp/proc_sys_reset_freerun_slr2/U0'
Parsing XDC File [/data/tmp/chuxiao/spine_opt_v2_hw_150_20260728/temp/partitioned_split_e2e_link/link/vivado/vpl/prj/prj.gen/my_rm/bd/ulp/ip/ulp_proc_sys_reset_freerun_slr2_0/ulp_proc_sys_reset_freerun_slr2_0.xdc] for cell 'level0_i/ulp/proc_sys_reset_freerun_slr2/U0'
Finished Parsing XDC File [/data/tmp/chuxiao/spine_opt_v2_hw_150_20260728/temp/partitioned_split_e2e_link/link/vivado/vpl/prj/prj.gen/my_rm/bd/ulp/ip/ulp_proc_sys_reset_freerun_slr2_0/ulp_proc_sys_reset_freerun_slr2_0.xdc] for cell 'level0_i/ulp/proc_sys_reset_freerun_slr2/U0'
Parsing XDC File [/data/tmp/chuxiao/spine_opt_v2_hw_150_20260728/temp/partitioned_split_e2e_link/link/vivado/vpl/prj/prj.gen/my_rm/bd/ulp/ip/ulp_axi_gpio_null_0/ulp_axi_gpio_null_0_board.xdc] for cell 'level0_i/ulp/SLR0/axi_gpio_null/U0'
Finished Parsing XDC File [/data/tmp/chuxiao/spine_opt_v2_hw_150_20260728/temp/partitioned_split_e2e_link/link/vivado/vpl/prj/prj.gen/my_rm/bd/ulp/ip/ulp_axi_gpio_null_0/ulp_axi_gpio_null_0_board.xdc] for cell 'level0_i/ulp/SLR0/axi_gpio_null/U0'
Parsing XDC File [/data/tmp/chuxiao/spine_opt_v2_hw_150_20260728/temp/partitioned_split_e2e_link/link/vivado/vpl/prj/prj.gen/my_rm/bd/ulp/ip/ulp_axi_gpio_null_0/ulp_axi_gpio_null_0.xdc] for cell 'level0_i/ulp/SLR0/axi_gpio_null/U0'
Finished Parsing XDC File [/data/tmp/chuxiao/spine_opt_v2_hw_150_20260728/temp/partitioned_split_e2e_link/link/vivado/vpl/prj/prj.gen/my_rm/bd/ulp/ip/ulp_axi_gpio_null_0/ulp_axi_gpio_null_0.xdc] for cell 'level0_i/ulp/SLR0/axi_gpio_null/U0'
Parsing XDC File [/data/tmp/chuxiao/spine_opt_v2_hw_150_20260728/temp/partitioned_split_e2e_link/link/vivado/vpl/prj/prj.gen/my_rm/bd/ulp/ip/ulp_axi_gpio_null_1/ulp_axi_gpio_null_1_board.xdc] for cell 'level0_i/ulp/SLR1/axi_gpio_null/U0'
Finished Parsing XDC File [/data/tmp/chuxiao/spine_opt_v2_hw_150_20260728/temp/partitioned_split_e2e_link/link/vivado/vpl/prj/prj.gen/my_rm/bd/ulp/ip/ulp_axi_gpio_null_1/ulp_axi_gpio_null_1_board.xdc] for cell 'level0_i/ulp/SLR1/axi_gpio_null/U0'
Parsing XDC File [/data/tmp/chuxiao/spine_opt_v2_hw_150_20260728/temp/partitioned_split_e2e_link/link/vivado/vpl/prj/prj.gen/my_rm/bd/ulp/ip/ulp_axi_gpio_null_1/ulp_axi_gpio_null_1.xdc] for cell 'level0_i/ulp/SLR1/axi_gpio_null/U0'
Finished Parsing XDC File [/data/tmp/chuxiao/spine_opt_v2_hw_150_20260728/temp/partitioned_split_e2e_link/link/vivado/vpl/prj/prj.gen/my_rm/bd/ulp/ip/ulp_axi_gpio_null_1/ulp_axi_gpio_null_1.xdc] for cell 'level0_i/ulp/SLR1/axi_gpio_null/U0'
Parsing XDC File [/data/tmp/chuxiao/spine_opt_v2_hw_150_20260728/temp/partitioned_split_e2e_link/link/vivado/vpl/prj/prj.gen/my_rm/bd/ulp/ip/ulp_axi_gpio_null_2/ulp_axi_gpio_null_2_board.xdc] for cell 'level0_i/ulp/SLR2/axi_gpio_null/U0'
Finished Parsing XDC File [/data/tmp/chuxiao/spine_opt_v2_hw_150_20260728/temp/partitioned_split_e2e_link/link/vivado/vpl/prj/prj.gen/my_rm/bd/ulp/ip/ulp_axi_gpio_null_2/ulp_axi_gpio_null_2_board.xdc] for cell 'level0_i/ulp/SLR2/axi_gpio_null/U0'
Parsing XDC File [/data/tmp/chuxiao/spine_opt_v2_hw_150_20260728/temp/partitioned_split_e2e_link/link/vivado/vpl/prj/prj.gen/my_rm/bd/ulp/ip/ulp_axi_gpio_null_2/ulp_axi_gpio_null_2.xdc] for cell 'level0_i/ulp/SLR2/axi_gpio_null/U0'
Finished Parsing XDC File [/data/tmp/chuxiao/spine_opt_v2_hw_150_20260728/temp/partitioned_split_e2e_link/link/vivado/vpl/prj/prj.gen/my_rm/bd/ulp/ip/ulp_axi_gpio_null_2/ulp_axi_gpio_null_2.xdc] for cell 'level0_i/ulp/SLR2/axi_gpio_null/U0'
Parsing XDC File [/data/tmp/chuxiao/spine_opt_v2_hw_150_20260728/temp/partitioned_split_e2e_link/link/vivado/vpl/prj/prj.gen/my_rm/bd/ulp/ip/ulp_ulp_ucs_0/bd_0/ip/ip_92/bd_22c0_psreset_kernel_01_0_board.xdc] for cell 'level0_i/ulp/ulp_ucs/inst/aclk_kernel_01_hierarchy/psreset_kernel_01/U0'
Finished Parsing XDC File [/data/tmp/chuxiao/spine_opt_v2_hw_150_20260728/temp/partitioned_split_e2e_link/link/vivado/vpl/prj/prj.gen/my_rm/bd/ulp/ip/ulp_ulp_ucs_0/bd_0/ip/ip_92/bd_22c0_psreset_kernel_01_0_board.xdc] for cell 'level0_i/ulp/ulp_ucs/inst/aclk_kernel_01_hierarchy/psreset_kernel_01/U0'
Parsing XDC File [/data/tmp/chuxiao/spine_opt_v2_hw_150_20260728/temp/partitioned_split_e2e_link/link/vivado/vpl/prj/prj.gen/my_rm/bd/ulp/ip/ulp_ulp_ucs_0/bd_0/ip/ip_48/bd_22c0_psreset_hbm_0_board.xdc] for cell 'level0_i/ulp/ulp_ucs/inst/aclk_hbm_hierarchy/psreset_hbm/U0'
Finished Parsing XDC File [/data/tmp/chuxiao/spine_opt_v2_hw_150_20260728/temp/partitioned_split_e2e_link/link/vivado/vpl/prj/prj.gen/my_rm/bd/ulp/ip/ulp_ulp_ucs_0/bd_0/ip/ip_48/bd_22c0_psreset_hbm_0_board.xdc] for cell 'level0_i/ulp/ulp_ucs/inst/aclk_hbm_hierarchy/psreset_hbm/U0'
Parsing XDC File [/data/tmp/chuxiao/spine_opt_v2_hw_150_20260728/temp/partitioned_split_e2e_link/link/vivado/vpl/prj/prj.gen/my_rm/bd/ulp/ip/ulp_ulp_ucs_0/bd_0/ip/ip_48/bd_22c0_psreset_hbm_0.xdc] for cell 'level0_i/ulp/ulp_ucs/inst/aclk_hbm_hierarchy/psreset_hbm/U0'
Finished Parsing XDC File [/data/tmp/chuxiao/spine_opt_v2_hw_150_20260728/temp/partitioned_split_e2e_link/link/vivado/vpl/prj/prj.gen/my_rm/bd/ulp/ip/ulp_ulp_ucs_0/bd_0/ip/ip_48/bd_22c0_psreset_hbm_0.xdc] for cell 'level0_i/ulp/ulp_ucs/inst/aclk_hbm_hierarchy/psreset_hbm/U0'
Parsing XDC File [/data/tmp/chuxiao/spine_opt_v2_hw_150_20260728/temp/partitioned_split_e2e_link/link/vivado/vpl/prj/prj.gen/my_rm/bd/ulp/ip/ulp_ulp_ucs_0/bd_0/ip/ip_56/bd_22c0_psreset_aclk_freerun_0_board.xdc] for cell 'level0_i/ulp/ulp_ucs/inst/frequency_counters/psreset_aclk_freerun/U0'
Finished Parsing XDC File [/data/tmp/chuxiao/spine_opt_v2_hw_150_20260728/temp/partitioned_split_e2e_link/link/vivado/vpl/prj/prj.gen/my_rm/bd/ulp/ip/ulp_ulp_ucs_0/bd_0/ip/ip_56/bd_22c0_psreset_aclk_freerun_0_board.xdc] for cell 'level0_i/ulp/ulp_ucs/inst/frequency_counters/psreset_aclk_freerun/U0'
Parsing XDC File [/data/tmp/chuxiao/spine_opt_v2_hw_150_20260728/temp/partitioned_split_e2e_link/link/vivado/vpl/prj/prj.gen/my_rm/bd/ulp/ip/ulp_ulp_ucs_0/bd_0/ip/ip_56/bd_22c0_psreset_aclk_freerun_0.xdc] for cell 'level0_i/ulp/ulp_ucs/inst/frequency_counters/psreset_aclk_freerun/U0'
Finished Parsing XDC File [/data/tmp/chuxiao/spine_opt_v2_hw_150_20260728/temp/partitioned_split_e2e_link/link/vivado/vpl/prj/prj.gen/my_rm/bd/ulp/ip/ulp_ulp_ucs_0/bd_0/ip/ip_56/bd_22c0_psreset_aclk_freerun_0.xdc] for cell 'level0_i/ulp/ulp_ucs/inst/frequency_counters/psreset_aclk_freerun/U0'
Parsing XDC File [/data/tmp/chuxiao/spine_opt_v2_hw_150_20260728/temp/partitioned_split_e2e_link/link/vivado/vpl/prj/prj.gen/my_rm/bd/ulp/ip/ulp_ulp_ucs_0/bd_0/ip/ip_59/bd_22c0_clkwiz_aclk_kernel_00_0_board.xdc] for cell 'level0_i/ulp/ulp_ucs/inst/aclk_kernel_00_hierarchy/clkwiz_aclk_kernel_00/inst'
Finished Parsing XDC File [/data/tmp/chuxiao/spine_opt_v2_hw_150_20260728/temp/partitioned_split_e2e_link/link/vivado/vpl/prj/prj.gen/my_rm/bd/ulp/ip/ulp_ulp_ucs_0/bd_0/ip/ip_59/bd_22c0_clkwiz_aclk_kernel_00_0_board.xdc] for cell 'level0_i/ulp/ulp_ucs/inst/aclk_kernel_00_hierarchy/clkwiz_aclk_kernel_00/inst'
Parsing XDC File [/data/tmp/chuxiao/spine_opt_v2_hw_150_20260728/temp/partitioned_split_e2e_link/link/vivado/vpl/prj/prj.gen/my_rm/bd/ulp/ip/ulp_ulp_ucs_0/bd_0/ip/ip_59/bd_22c0_clkwiz_aclk_kernel_00_0.xdc] for cell 'level0_i/ulp/ulp_ucs/inst/aclk_kernel_00_hierarchy/clkwiz_aclk_kernel_00/inst'
Finished Parsing XDC File [/data/tmp/chuxiao/spine_opt_v2_hw_150_20260728/temp/partitioned_split_e2e_link/link/vivado/vpl/prj/prj.gen/my_rm/bd/ulp/ip/ulp_ulp_ucs_0/bd_0/ip/ip_59/bd_22c0_clkwiz_aclk_kernel_00_0.xdc] for cell 'level0_i/ulp/ulp_ucs/inst/aclk_kernel_00_hierarchy/clkwiz_aclk_kernel_00/inst'
Parsing XDC File [/data/tmp/chuxiao/spine_opt_v2_hw_150_20260728/temp/partitioned_split_e2e_link/link/vivado/vpl/prj/prj.gen/my_rm/bd/ulp/ip/ulp_ulp_ucs_0/bd_0/ip/ip_74/bd_22c0_psreset_kernel_00_0_board.xdc] for cell 'level0_i/ulp/ulp_ucs/inst/aclk_kernel_00_hierarchy/psreset_kernel_00/U0'
Finished Parsing XDC File [/data/tmp/chuxiao/spine_opt_v2_hw_150_20260728/temp/partitioned_split_e2e_link/link/vivado/vpl/prj/prj.gen/my_rm/bd/ulp/ip/ulp_ulp_ucs_0/bd_0/ip/ip_74/bd_22c0_psreset_kernel_00_0_board.xdc] for cell 'level0_i/ulp/ulp_ucs/inst/aclk_kernel_00_hierarchy/psreset_kernel_00/U0'
Parsing XDC File [/data/tmp/chuxiao/spine_opt_v2_hw_150_20260728/temp/partitioned_split_e2e_link/link/vivado/vpl/prj/prj.gen/my_rm/bd/ulp/ip/ulp_ulp_ucs_0/bd_0/ip/ip_74/bd_22c0_psreset_kernel_00_0.xdc] for cell 'level0_i/ulp/ulp_ucs/inst/aclk_kernel_00_hierarchy/psreset_kernel_00/U0'
Finished Parsing XDC File [/data/tmp/chuxiao/spine_opt_v2_hw_150_20260728/temp/partitioned_split_e2e_link/link/vivado/vpl/prj/prj.gen/my_rm/bd/ulp/ip/ulp_ulp_ucs_0/bd_0/ip/ip_74/bd_22c0_psreset_kernel_00_0.xdc] for cell 'level0_i/ulp/ulp_ucs/inst/aclk_kernel_00_hierarchy/psreset_kernel_00/U0'
Parsing XDC File [/data/tmp/chuxiao/spine_opt_v2_hw_150_20260728/temp/partitioned_split_e2e_link/link/vivado/vpl/prj/prj.gen/my_rm/bd/ulp/ip/ulp_ulp_ucs_0/bd_0/ip/ip_77/bd_22c0_clkwiz_aclk_kernel_01_0_board.xdc] for cell 'level0_i/ulp/ulp_ucs/inst/aclk_kernel_01_hierarchy/clkwiz_aclk_kernel_01/inst'
Finished Parsing XDC File [/data/tmp/chuxiao/spine_opt_v2_hw_150_20260728/temp/partitioned_split_e2e_link/link/vivado/vpl/prj/prj.gen/my_rm/bd/ulp/ip/ulp_ulp_ucs_0/bd_0/ip/ip_77/bd_22c0_clkwiz_aclk_kernel_01_0_board.xdc] for cell 'level0_i/ulp/ulp_ucs/inst/aclk_kernel_01_hierarchy/clkwiz_aclk_kernel_01/inst'
Parsing XDC File [/data/tmp/chuxiao/spine_opt_v2_hw_150_20260728/temp/partitioned_split_e2e_link/link/vivado/vpl/prj/prj.gen/my_rm/bd/ulp/ip/ulp_ulp_ucs_0/bd_0/ip/ip_77/bd_22c0_clkwiz_aclk_kernel_01_0.xdc] for cell 'level0_i/ulp/ulp_ucs/inst/aclk_kernel_01_hierarchy/clkwiz_aclk_kernel_01/inst'
Finished Parsing XDC File [/data/tmp/chuxiao/spine_opt_v2_hw_150_20260728/temp/partitioned_split_e2e_link/link/vivado/vpl/prj/prj.gen/my_rm/bd/ulp/ip/ulp_ulp_ucs_0/bd_0/ip/ip_77/bd_22c0_clkwiz_aclk_kernel_01_0.xdc] for cell 'level0_i/ulp/ulp_ucs/inst/aclk_kernel_01_hierarchy/clkwiz_aclk_kernel_01/inst'
Parsing XDC File [/data/tmp/chuxiao/spine_opt_v2_hw_150_20260728/temp/partitioned_split_e2e_link/link/vivado/vpl/prj/prj.gen/my_rm/bd/ulp/ip/ulp_hmss_0_0/bd_22/ip/ip_3/bd_ad61_psr_aclk1_0.xdc] for cell 'level0_i/ulp/hmss_0/inst/path_21/interconnect20_21/inst/clk_map/psr_aclk1/U0'
Finished Parsing XDC File [/data/tmp/chuxiao/spine_opt_v2_hw_150_20260728/temp/partitioned_split_e2e_link/link/vivado/vpl/prj/prj.gen/my_rm/bd/ulp/ip/ulp_hmss_0_0/bd_22/ip/ip_3/bd_ad61_psr_aclk1_0.xdc] for cell 'level0_i/ulp/hmss_0/inst/path_21/interconnect20_21/inst/clk_map/psr_aclk1/U0'
Parsing XDC File [/data/tmp/chuxiao/spine_opt_v2_hw_150_20260728/temp/partitioned_split_e2e_link/link/vivado/vpl/prj/prj.gen/my_rm/bd/ulp/ip/ulp_ulp_ucs_0/bd_0/ip/ip_92/bd_22c0_psreset_kernel_01_0.xdc] for cell 'level0_i/ulp/ulp_ucs/inst/aclk_kernel_01_hierarchy/psreset_kernel_01/U0'
Finished Parsing XDC File [/data/tmp/chuxiao/spine_opt_v2_hw_150_20260728/temp/partitioned_split_e2e_link/link/vivado/vpl/prj/prj.gen/my_rm/bd/ulp/ip/ulp_ulp_ucs_0/bd_0/ip/ip_92/bd_22c0_psreset_kernel_01_0.xdc] for cell 'level0_i/ulp/ulp_ucs/inst/aclk_kernel_01_hierarchy/psreset_kernel_01/U0'
Parsing XDC File [/data/tmp/chuxiao/spine_opt_v2_hw_150_20260728/temp/partitioned_split_e2e_link/link/vivado/vpl/prj/prj.gen/my_rm/bd/ulp/ip/ulp_proc_sys_reset_ctrl_slr0_0/ulp_proc_sys_reset_ctrl_slr0_0_board.xdc] for cell 'level0_i/ulp/proc_sys_reset_ctrl_slr0/U0'
Finished Parsing XDC File [/data/tmp/chuxiao/spine_opt_v2_hw_150_20260728/temp/partitioned_split_e2e_link/link/vivado/vpl/prj/prj.gen/my_rm/bd/ulp/ip/ulp_proc_sys_reset_ctrl_slr0_0/ulp_proc_sys_reset_ctrl_slr0_0_board.xdc] for cell 'level0_i/ulp/proc_sys_reset_ctrl_slr0/U0'
Parsing XDC File [/data/tmp/chuxiao/spine_opt_v2_hw_150_20260728/temp/partitioned_split_e2e_link/link/vivado/vpl/prj/prj.gen/my_rm/bd/ulp/ip/ulp_proc_sys_reset_ctrl_slr0_0/ulp_proc_sys_reset_ctrl_slr0_0.xdc] for cell 'level0_i/ulp/proc_sys_reset_ctrl_slr0/U0'
Finished Parsing XDC File [/data/tmp/chuxiao/spine_opt_v2_hw_150_20260728/temp/partitioned_split_e2e_link/link/vivado/vpl/prj/prj.gen/my_rm/bd/ulp/ip/ulp_proc_sys_reset_ctrl_slr0_0/ulp_proc_sys_reset_ctrl_slr0_0.xdc] for cell 'level0_i/ulp/proc_sys_reset_ctrl_slr0/U0'
Parsing XDC File [/data/tmp/chuxiao/spine_opt_v2_hw_150_20260728/temp/partitioned_split_e2e_link/link/vivado/vpl/prj/prj.gen/my_rm/bd/ulp/ip/ulp_proc_sys_reset_ctrl_slr1_0/ulp_proc_sys_reset_ctrl_slr1_0_board.xdc] for cell 'level0_i/ulp/proc_sys_reset_ctrl_slr1/U0'
Finished Parsing XDC File [/data/tmp/chuxiao/spine_opt_v2_hw_150_20260728/temp/partitioned_split_e2e_link/link/vivado/vpl/prj/prj.gen/my_rm/bd/ulp/ip/ulp_proc_sys_reset_ctrl_slr1_0/ulp_proc_sys_reset_ctrl_slr1_0_board.xdc] for cell 'level0_i/ulp/proc_sys_reset_ctrl_slr1/U0'
Parsing XDC File [/data/tmp/chuxiao/spine_opt_v2_hw_150_20260728/temp/partitioned_split_e2e_link/link/vivado/vpl/prj/prj.gen/my_rm/bd/ulp/ip/ulp_proc_sys_reset_ctrl_slr1_0/ulp_proc_sys_reset_ctrl_slr1_0.xdc] for cell 'level0_i/ulp/proc_sys_reset_ctrl_slr1/U0'
Finished Parsing XDC File [/data/tmp/chuxiao/spine_opt_v2_hw_150_20260728/temp/partitioned_split_e2e_link/link/vivado/vpl/prj/prj.gen/my_rm/bd/ulp/ip/ulp_proc_sys_reset_ctrl_slr1_0/ulp_proc_sys_reset_ctrl_slr1_0.xdc] for cell 'level0_i/ulp/proc_sys_reset_ctrl_slr1/U0'
Parsing XDC File [/data/tmp/chuxiao/spine_opt_v2_hw_150_20260728/temp/partitioned_split_e2e_link/link/vivado/vpl/prj/prj.gen/my_rm/bd/ulp/ip/ulp_proc_sys_reset_ctrl_slr2_0/ulp_proc_sys_reset_ctrl_slr2_0_board.xdc] for cell 'level0_i/ulp/proc_sys_reset_ctrl_slr2/U0'
Finished Parsing XDC File [/data/tmp/chuxiao/spine_opt_v2_hw_150_20260728/temp/partitioned_split_e2e_link/link/vivado/vpl/prj/prj.gen/my_rm/bd/ulp/ip/ulp_proc_sys_reset_ctrl_slr2_0/ulp_proc_sys_reset_ctrl_slr2_0_board.xdc] for cell 'level0_i/ulp/proc_sys_reset_ctrl_slr2/U0'
Parsing XDC File [/data/tmp/chuxiao/spine_opt_v2_hw_150_20260728/temp/partitioned_split_e2e_link/link/vivado/vpl/prj/prj.gen/my_rm/bd/ulp/ip/ulp_proc_sys_reset_ctrl_slr2_0/ulp_proc_sys_reset_ctrl_slr2_0.xdc] for cell 'level0_i/ulp/proc_sys_reset_ctrl_slr2/U0'
Finished Parsing XDC File [/data/tmp/chuxiao/spine_opt_v2_hw_150_20260728/temp/partitioned_split_e2e_link/link/vivado/vpl/prj/prj.gen/my_rm/bd/ulp/ip/ulp_proc_sys_reset_ctrl_slr2_0/ulp_proc_sys_reset_ctrl_slr2_0.xdc] for cell 'level0_i/ulp/proc_sys_reset_ctrl_slr2/U0'
Parsing XDC File [/data/tmp/chuxiao/spine_opt_v2_hw_150_20260728/temp/partitioned_split_e2e_link/link/vivado/vpl/prj/prj.gen/my_rm/bd/ulp/ip/ulp_proc_sys_reset_kernel_slr0_0/ulp_proc_sys_reset_kernel_slr0_0_board.xdc] for cell 'level0_i/ulp/proc_sys_reset_kernel_slr0/U0'
Finished Parsing XDC File [/data/tmp/chuxiao/spine_opt_v2_hw_150_20260728/temp/partitioned_split_e2e_link/link/vivado/vpl/prj/prj.gen/my_rm/bd/ulp/ip/ulp_proc_sys_reset_kernel_slr0_0/ulp_proc_sys_reset_kernel_slr0_0_board.xdc] for cell 'level0_i/ulp/proc_sys_reset_kernel_slr0/U0'
Parsing XDC File [/data/tmp/chuxiao/spine_opt_v2_hw_150_20260728/temp/partitioned_split_e2e_link/link/vivado/vpl/prj/prj.gen/my_rm/bd/ulp/ip/ulp_proc_sys_reset_kernel_slr0_0/ulp_proc_sys_reset_kernel_slr0_0.xdc] for cell 'level0_i/ulp/proc_sys_reset_kernel_slr0/U0'
Finished Parsing XDC File [/data/tmp/chuxiao/spine_opt_v2_hw_150_20260728/temp/partitioned_split_e2e_link/link/vivado/vpl/prj/prj.gen/my_rm/bd/ulp/ip/ulp_proc_sys_reset_kernel_slr0_0/ulp_proc_sys_reset_kernel_slr0_0.xdc] for cell 'level0_i/ulp/proc_sys_reset_kernel_slr0/U0'
Parsing XDC File [/data/tmp/chuxiao/spine_opt_v2_hw_150_20260728/temp/partitioned_split_e2e_link/link/vivado/vpl/prj/prj.gen/my_rm/bd/ulp/ip/ulp_hmss_0_0/bd_17/ip/ip_8/bd_9fe2_sarn_0_clocks.xdc] for cell 'level0_i/ulp/hmss_0/inst/path_16/interconnect17_16/inst/s00_nodes/s00_ar_node/inst'
Finished Parsing XDC File [/data/tmp/chuxiao/spine_opt_v2_hw_150_20260728/temp/partitioned_split_e2e_link/link/vivado/vpl/prj/prj.gen/my_rm/bd/ulp/ip/ulp_hmss_0_0/bd_17/ip/ip_8/bd_9fe2_sarn_0_clocks.xdc] for cell 'level0_i/ulp/hmss_0/inst/path_16/interconnect17_16/inst/s00_nodes/s00_ar_node/inst'
Parsing XDC File [/data/tmp/chuxiao/spine_opt_v2_hw_150_20260728/temp/partitioned_split_e2e_link/link/vivado/vpl/prj/prj.gen/my_rm/bd/ulp/ip/ulp_hmss_0_0/bd_16/ip/ip_10/bd_4e13_sawn_0_clocks.xdc] for cell 'level0_i/ulp/hmss_0/inst/path_15/interconnect16_15/inst/s00_nodes/s00_aw_node/inst'
Finished Parsing XDC File [/data/tmp/chuxiao/spine_opt_v2_hw_150_20260728/temp/partitioned_split_e2e_link/link/vivado/vpl/prj/prj.gen/my_rm/bd/ulp/ip/ulp_hmss_0_0/bd_16/ip/ip_10/bd_4e13_sawn_0_clocks.xdc] for cell 'level0_i/ulp/hmss_0/inst/path_15/interconnect16_15/inst/s00_nodes/s00_aw_node/inst'
Parsing XDC File [/data/tmp/chuxiao/spine_opt_v2_hw_150_20260728/temp/partitioned_split_e2e_link/link/vivado/vpl/prj/prj.gen/my_rm/bd/ulp/ip/ulp_hmss_0_0/bd_16/ip/ip_11/bd_4e13_swn_0_clocks.xdc] for cell 'level0_i/ulp/hmss_0/inst/path_15/interconnect16_15/inst/s00_nodes/s00_w_node/inst'
Finished Parsing XDC File [/data/tmp/chuxiao/spine_opt_v2_hw_150_20260728/temp/partitioned_split_e2e_link/link/vivado/vpl/prj/prj.gen/my_rm/bd/ulp/ip/ulp_hmss_0_0/bd_16/ip/ip_11/bd_4e13_swn_0_clocks.xdc] for cell 'level0_i/ulp/hmss_0/inst/path_15/interconnect16_15/inst/s00_nodes/s00_w_node/inst'
Parsing XDC File [/data/tmp/chuxiao/spine_opt_v2_hw_150_20260728/temp/partitioned_split_e2e_link/link/vivado/vpl/prj/prj.gen/my_rm/bd/ulp/ip/ulp_hmss_0_0/bd_16/ip/ip_12/bd_4e13_sbn_0_clocks.xdc] for cell 'level0_i/ulp/hmss_0/inst/path_15/interconnect16_15/inst/s00_nodes/s00_b_node/inst'
Finished Parsing XDC File [/data/tmp/chuxiao/spine_opt_v2_hw_150_20260728/temp/partitioned_split_e2e_link/link/vivado/vpl/prj/prj.gen/my_rm/bd/ulp/ip/ulp_hmss_0_0/bd_16/ip/ip_12/bd_4e13_sbn_0_clocks.xdc] for cell 'level0_i/ulp/hmss_0/inst/path_15/interconnect16_15/inst/s00_nodes/s00_b_node/inst'
Parsing XDC File [/data/tmp/chuxiao/spine_opt_v2_hw_150_20260728/temp/partitioned_split_e2e_link/link/vivado/vpl/prj/prj.gen/my_rm/bd/ulp/ip/ulp_hmss_0_0/bd_0/ip/ip_49/smartconnect.xdc] for cell 'level0_i/ulp/hmss_0/inst/path_15/interconnect16_15/inst'
WARNING: [Vivado_Tcl 4-919] Waiver ID 'CDC-1' -from list should not be empty. [/data/tmp/chuxiao/spine_opt_v2_hw_150_20260728/temp/partitioned_split_e2e_link/link/vivado/vpl/prj/prj.gen/my_rm/bd/ulp/ip/ulp_hmss_0_0/bd_0/ip/ip_49/smartconnect.xdc:1]
Finished Parsing XDC File [/data/tmp/chuxiao/spine_opt_v2_hw_150_20260728/temp/partitioned_split_e2e_link/link/vivado/vpl/prj/prj.gen/my_rm/bd/ulp/ip/ulp_hmss_0_0/bd_0/ip/ip_49/smartconnect.xdc] for cell 'level0_i/ulp/hmss_0/inst/path_15/interconnect16_15/inst'
Parsing XDC File [/data/tmp/chuxiao/spine_opt_v2_hw_150_20260728/temp/partitioned_split_e2e_link/link/vivado/vpl/prj/prj.gen/my_rm/bd/ulp/ip/ulp_hmss_0_0/bd_17/ip/ip_1/bd_9fe2_psr0_0_board.xdc] for cell 'level0_i/ulp/hmss_0/inst/path_16/interconnect17_16/inst/clk_map/psr0/U0'
Finished Parsing XDC File [/data/tmp/chuxiao/spine_opt_v2_hw_150_20260728/temp/partitioned_split_e2e_link/link/vivado/vpl/prj/prj.gen/my_rm/bd/ulp/ip/ulp_hmss_0_0/bd_17/ip/ip_1/bd_9fe2_psr0_0_board.xdc] for cell 'level0_i/ulp/hmss_0/inst/path_16/interconnect17_16/inst/clk_map/psr0/U0'
Parsing XDC File [/data/tmp/chuxiao/spine_opt_v2_hw_150_20260728/temp/partitioned_split_e2e_link/link/vivado/vpl/prj/prj.gen/my_rm/bd/ulp/ip/ulp_hmss_0_0/bd_17/ip/ip_1/bd_9fe2_psr0_0.xdc] for cell 'level0_i/ulp/hmss_0/inst/path_16/interconnect17_16/inst/clk_map/psr0/U0'
Finished Parsing XDC File [/data/tmp/chuxiao/spine_opt_v2_hw_150_20260728/temp/partitioned_split_e2e_link/link/vivado/vpl/prj/prj.gen/my_rm/bd/ulp/ip/ulp_hmss_0_0/bd_17/ip/ip_1/bd_9fe2_psr0_0.xdc] for cell 'level0_i/ulp/hmss_0/inst/path_16/interconnect17_16/inst/clk_map/psr0/U0'
Parsing XDC File [/data/tmp/chuxiao/spine_opt_v2_hw_150_20260728/temp/partitioned_split_e2e_link/link/vivado/vpl/prj/prj.gen/my_rm/bd/ulp/ip/ulp_hmss_0_0/bd_17/ip/ip_2/bd_9fe2_psr_aclk_0_board.xdc] for cell 'level0_i/ulp/hmss_0/inst/path_16/interconnect17_16/inst/clk_map/psr_aclk/U0'
Finished Parsing XDC File [/data/tmp/chuxiao/spine_opt_v2_hw_150_20260728/temp/partitioned_split_e2e_link/link/vivado/vpl/prj/prj.gen/my_rm/bd/ulp/ip/ulp_hmss_0_0/bd_17/ip/ip_2/bd_9fe2_psr_aclk_0_board.xdc] for cell 'level0_i/ulp/hmss_0/inst/path_16/interconnect17_16/inst/clk_map/psr_aclk/U0'
Parsing XDC File [/data/tmp/chuxiao/spine_opt_v2_hw_150_20260728/temp/partitioned_split_e2e_link/link/vivado/vpl/prj/prj.gen/my_rm/bd/ulp/ip/ulp_hmss_0_0/bd_17/ip/ip_2/bd_9fe2_psr_aclk_0.xdc] for cell 'level0_i/ulp/hmss_0/inst/path_16/interconnect17_16/inst/clk_map/psr_aclk/U0'
Finished Parsing XDC File [/data/tmp/chuxiao/spine_opt_v2_hw_150_20260728/temp/partitioned_split_e2e_link/link/vivado/vpl/prj/prj.gen/my_rm/bd/ulp/ip/ulp_hmss_0_0/bd_17/ip/ip_2/bd_9fe2_psr_aclk_0.xdc] for cell 'level0_i/ulp/hmss_0/inst/path_16/interconnect17_16/inst/clk_map/psr_aclk/U0'
Parsing XDC File [/data/tmp/chuxiao/spine_opt_v2_hw_150_20260728/temp/partitioned_split_e2e_link/link/vivado/vpl/prj/prj.gen/my_rm/bd/ulp/ip/ulp_hmss_0_0/bd_17/ip/ip_3/bd_9fe2_psr_aclk1_0_board.xdc] for cell 'level0_i/ulp/hmss_0/inst/path_16/interconnect17_16/inst/clk_map/psr_aclk1/U0'
Finished Parsing XDC File [/data/tmp/chuxiao/spine_opt_v2_hw_150_20260728/temp/partitioned_split_e2e_link/link/vivado/vpl/prj/prj.gen/my_rm/bd/ulp/ip/ulp_hmss_0_0/bd_17/ip/ip_3/bd_9fe2_psr_aclk1_0_board.xdc] for cell 'level0_i/ulp/hmss_0/inst/path_16/interconnect17_16/inst/clk_map/psr_aclk1/U0'
Parsing XDC File [/data/tmp/chuxiao/spine_opt_v2_hw_150_20260728/temp/partitioned_split_e2e_link/link/vivado/vpl/prj/prj.gen/my_rm/bd/ulp/ip/ulp_hmss_0_0/bd_17/ip/ip_3/bd_9fe2_psr_aclk1_0.xdc] for cell 'level0_i/ulp/hmss_0/inst/path_16/interconnect17_16/inst/clk_map/psr_aclk1/U0'
Finished Parsing XDC File [/data/tmp/chuxiao/spine_opt_v2_hw_150_20260728/temp/partitioned_split_e2e_link/link/vivado/vpl/prj/prj.gen/my_rm/bd/ulp/ip/ulp_hmss_0_0/bd_17/ip/ip_3/bd_9fe2_psr_aclk1_0.xdc] for cell 'level0_i/ulp/hmss_0/inst/path_16/interconnect17_16/inst/clk_map/psr_aclk1/U0'
Parsing XDC File [/data/tmp/chuxiao/spine_opt_v2_hw_150_20260728/temp/partitioned_split_e2e_link/link/vivado/vpl/prj/prj.gen/my_rm/bd/ulp/ip/ulp_hmss_0_0/bd_16/ip/ip_9/bd_4e13_srn_0_clocks.xdc] for cell 'level0_i/ulp/hmss_0/inst/path_15/interconnect16_15/inst/s00_nodes/s00_r_node/inst'
Finished Parsing XDC File [/data/tmp/chuxiao/spine_opt_v2_hw_150_20260728/temp/partitioned_split_e2e_link/link/vivado/vpl/prj/prj.gen/my_rm/bd/ulp/ip/ulp_hmss_0_0/bd_16/ip/ip_9/bd_4e13_srn_0_clocks.xdc] for cell 'level0_i/ulp/hmss_0/inst/path_15/interconnect16_15/inst/s00_nodes/s00_r_node/inst'
Parsing XDC File [/data/tmp/chuxiao/spine_opt_v2_hw_150_20260728/temp/partitioned_split_e2e_link/link/vivado/vpl/prj/prj.gen/my_rm/bd/ulp/ip/ulp_hmss_0_0/bd_17/ip/ip_9/bd_9fe2_srn_0_clocks.xdc] for cell 'level0_i/ulp/hmss_0/inst/path_16/interconnect17_16/inst/s00_nodes/s00_r_node/inst'
Finished Parsing XDC File [/data/tmp/chuxiao/spine_opt_v2_hw_150_20260728/temp/partitioned_split_e2e_link/link/vivado/vpl/prj/prj.gen/my_rm/bd/ulp/ip/ulp_hmss_0_0/bd_17/ip/ip_9/bd_9fe2_srn_0_clocks.xdc] for cell 'level0_i/ulp/hmss_0/inst/path_16/interconnect17_16/inst/s00_nodes/s00_r_node/inst'
Parsing XDC File [/data/tmp/chuxiao/spine_opt_v2_hw_150_20260728/temp/partitioned_split_e2e_link/link/vivado/vpl/prj/prj.gen/my_rm/bd/ulp/ip/ulp_hmss_0_0/bd_17/ip/ip_10/bd_9fe2_sawn_0_clocks.xdc] for cell 'level0_i/ulp/hmss_0/inst/path_16/interconnect17_16/inst/s00_nodes/s00_aw_node/inst'
Finished Parsing XDC File [/data/tmp/chuxiao/spine_opt_v2_hw_150_20260728/temp/partitioned_split_e2e_link/link/vivado/vpl/prj/prj.gen/my_rm/bd/ulp/ip/ulp_hmss_0_0/bd_17/ip/ip_10/bd_9fe2_sawn_0_clocks.xdc] for cell 'level0_i/ulp/hmss_0/inst/path_16/interconnect17_16/inst/s00_nodes/s00_aw_node/inst'
Parsing XDC File [/data/tmp/chuxiao/spine_opt_v2_hw_150_20260728/temp/partitioned_split_e2e_link/link/vivado/vpl/prj/prj.gen/my_rm/bd/ulp/ip/ulp_hmss_0_0/bd_17/ip/ip_11/bd_9fe2_swn_0_clocks.xdc] for cell 'level0_i/ulp/hmss_0/inst/path_16/interconnect17_16/inst/s00_nodes/s00_w_node/inst'
Finished Parsing XDC File [/data/tmp/chuxiao/spine_opt_v2_hw_150_20260728/temp/partitioned_split_e2e_link/link/vivado/vpl/prj/prj.gen/my_rm/bd/ulp/ip/ulp_hmss_0_0/bd_17/ip/ip_11/bd_9fe2_swn_0_clocks.xdc] for cell 'level0_i/ulp/hmss_0/inst/path_16/interconnect17_16/inst/s00_nodes/s00_w_node/inst'
Parsing XDC File [/data/tmp/chuxiao/spine_opt_v2_hw_150_20260728/temp/partitioned_split_e2e_link/link/vivado/vpl/prj/prj.gen/my_rm/bd/ulp/ip/ulp_hmss_0_0/bd_17/ip/ip_12/bd_9fe2_sbn_0_clocks.xdc] for cell 'level0_i/ulp/hmss_0/inst/path_16/interconnect17_16/inst/s00_nodes/s00_b_node/inst'
Finished Parsing XDC File [/data/tmp/chuxiao/spine_opt_v2_hw_150_20260728/temp/partitioned_split_e2e_link/link/vivado/vpl/prj/prj.gen/my_rm/bd/ulp/ip/ulp_hmss_0_0/bd_17/ip/ip_12/bd_9fe2_sbn_0_clocks.xdc] for cell 'level0_i/ulp/hmss_0/inst/path_16/interconnect17_16/inst/s00_nodes/s00_b_node/inst'
Parsing XDC File [/data/tmp/chuxiao/spine_opt_v2_hw_150_20260728/temp/partitioned_split_e2e_link/link/vivado/vpl/prj/prj.gen/my_rm/bd/ulp/ip/ulp_hmss_0_0/bd_0/ip/ip_52/smartconnect.xdc] for cell 'level0_i/ulp/hmss_0/inst/path_16/interconnect17_16/inst'
WARNING: [Vivado_Tcl 4-919] Waiver ID 'CDC-1' -from list should not be empty. [/data/tmp/chuxiao/spine_opt_v2_hw_150_20260728/temp/partitioned_split_e2e_link/link/vivado/vpl/prj/prj.gen/my_rm/bd/ulp/ip/ulp_hmss_0_0/bd_0/ip/ip_52/smartconnect.xdc:1]
Finished Parsing XDC File [/data/tmp/chuxiao/spine_opt_v2_hw_150_20260728/temp/partitioned_split_e2e_link/link/vivado/vpl/prj/prj.gen/my_rm/bd/ulp/ip/ulp_hmss_0_0/bd_0/ip/ip_52/smartconnect.xdc] for cell 'level0_i/ulp/hmss_0/inst/path_16/interconnect17_16/inst'
Parsing XDC File [/data/tmp/chuxiao/spine_opt_v2_hw_150_20260728/temp/partitioned_split_e2e_link/link/vivado/vpl/prj/prj.gen/my_rm/bd/ulp/ip/ulp_hmss_0_0/bd_18/ip/ip_1/bd_a0b3_psr0_0_board.xdc] for cell 'level0_i/ulp/hmss_0/inst/path_17/interconnect18_17/inst/clk_map/psr0/U0'
Finished Parsing XDC File [/data/tmp/chuxiao/spine_opt_v2_hw_150_20260728/temp/partitioned_split_e2e_link/link/vivado/vpl/prj/prj.gen/my_rm/bd/ulp/ip/ulp_hmss_0_0/bd_18/ip/ip_1/bd_a0b3_psr0_0_board.xdc] for cell 'level0_i/ulp/hmss_0/inst/path_17/interconnect18_17/inst/clk_map/psr0/U0'
Parsing XDC File [/data/tmp/chuxiao/spine_opt_v2_hw_150_20260728/temp/partitioned_split_e2e_link/link/vivado/vpl/prj/prj.gen/my_rm/bd/ulp/ip/ulp_hmss_0_0/bd_18/ip/ip_1/bd_a0b3_psr0_0.xdc] for cell 'level0_i/ulp/hmss_0/inst/path_17/interconnect18_17/inst/clk_map/psr0/U0'
Finished Parsing XDC File [/data/tmp/chuxiao/spine_opt_v2_hw_150_20260728/temp/partitioned_split_e2e_link/link/vivado/vpl/prj/prj.gen/my_rm/bd/ulp/ip/ulp_hmss_0_0/bd_18/ip/ip_1/bd_a0b3_psr0_0.xdc] for cell 'level0_i/ulp/hmss_0/inst/path_17/interconnect18_17/inst/clk_map/psr0/U0'
Parsing XDC File [/data/tmp/chuxiao/spine_opt_v2_hw_150_20260728/temp/partitioned_split_e2e_link/link/vivado/vpl/prj/prj.gen/my_rm/bd/ulp/ip/ulp_hmss_0_0/bd_18/ip/ip_2/bd_a0b3_psr_aclk_0_board.xdc] for cell 'level0_i/ulp/hmss_0/inst/path_17/interconnect18_17/inst/clk_map/psr_aclk/U0'
Finished Parsing XDC File [/data/tmp/chuxiao/spine_opt_v2_hw_150_20260728/temp/partitioned_split_e2e_link/link/vivado/vpl/prj/prj.gen/my_rm/bd/ulp/ip/ulp_hmss_0_0/bd_18/ip/ip_2/bd_a0b3_psr_aclk_0_board.xdc] for cell 'level0_i/ulp/hmss_0/inst/path_17/interconnect18_17/inst/clk_map/psr_aclk/U0'
Parsing XDC File [/data/tmp/chuxiao/spine_opt_v2_hw_150_20260728/temp/partitioned_split_e2e_link/link/vivado/vpl/prj/prj.gen/my_rm/bd/ulp/ip/ulp_hmss_0_0/bd_18/ip/ip_2/bd_a0b3_psr_aclk_0.xdc] for cell 'level0_i/ulp/hmss_0/inst/path_17/interconnect18_17/inst/clk_map/psr_aclk/U0'
Finished Parsing XDC File [/data/tmp/chuxiao/spine_opt_v2_hw_150_20260728/temp/partitioned_split_e2e_link/link/vivado/vpl/prj/prj.gen/my_rm/bd/ulp/ip/ulp_hmss_0_0/bd_18/ip/ip_2/bd_a0b3_psr_aclk_0.xdc] for cell 'level0_i/ulp/hmss_0/inst/path_17/interconnect18_17/inst/clk_map/psr_aclk/U0'
Parsing XDC File [/data/tmp/chuxiao/spine_opt_v2_hw_150_20260728/temp/partitioned_split_e2e_link/link/vivado/vpl/prj/prj.gen/my_rm/bd/ulp/ip/ulp_hmss_0_0/bd_18/ip/ip_3/bd_a0b3_psr_aclk1_0_board.xdc] for cell 'level0_i/ulp/hmss_0/inst/path_17/interconnect18_17/inst/clk_map/psr_aclk1/U0'
Finished Parsing XDC File [/data/tmp/chuxiao/spine_opt_v2_hw_150_20260728/temp/partitioned_split_e2e_link/link/vivado/vpl/prj/prj.gen/my_rm/bd/ulp/ip/ulp_hmss_0_0/bd_18/ip/ip_3/bd_a0b3_psr_aclk1_0_board.xdc] for cell 'level0_i/ulp/hmss_0/inst/path_17/interconnect18_17/inst/clk_map/psr_aclk1/U0'
Parsing XDC File [/data/tmp/chuxiao/spine_opt_v2_hw_150_20260728/temp/partitioned_split_e2e_link/link/vivado/vpl/prj/prj.gen/my_rm/bd/ulp/ip/ulp_hmss_0_0/bd_15/ip/ip_10/bd_bd42_sawn_0_clocks.xdc] for cell 'level0_i/ulp/hmss_0/inst/path_14/interconnect15_14/inst/s00_nodes/s00_aw_node/inst'
Finished Parsing XDC File [/data/tmp/chuxiao/spine_opt_v2_hw_150_20260728/temp/partitioned_split_e2e_link/link/vivado/vpl/prj/prj.gen/my_rm/bd/ulp/ip/ulp_hmss_0_0/bd_15/ip/ip_10/bd_bd42_sawn_0_clocks.xdc] for cell 'level0_i/ulp/hmss_0/inst/path_14/interconnect15_14/inst/s00_nodes/s00_aw_node/inst'
Parsing XDC File [/data/tmp/chuxiao/spine_opt_v2_hw_150_20260728/temp/partitioned_split_e2e_link/link/vivado/vpl/prj/prj.gen/my_rm/bd/ulp/ip/ulp_hmss_0_0/bd_14/ip/ip_12/bd_adf2_sbn_0_clocks.xdc] for cell 'level0_i/ulp/hmss_0/inst/path_13/interconnect14_13/inst/s00_nodes/s00_b_node/inst'
Finished Parsing XDC File [/data/tmp/chuxiao/spine_opt_v2_hw_150_20260728/temp/partitioned_split_e2e_link/link/vivado/vpl/prj/prj.gen/my_rm/bd/ulp/ip/ulp_hmss_0_0/bd_14/ip/ip_12/bd_adf2_sbn_0_clocks.xdc] for cell 'level0_i/ulp/hmss_0/inst/path_13/interconnect14_13/inst/s00_nodes/s00_b_node/inst'
Parsing XDC File [/data/tmp/chuxiao/spine_opt_v2_hw_150_20260728/temp/partitioned_split_e2e_link/link/vivado/vpl/prj/prj.gen/my_rm/bd/ulp/ip/ulp_hmss_0_0/bd_0/ip/ip_43/smartconnect.xdc] for cell 'level0_i/ulp/hmss_0/inst/path_13/interconnect14_13/inst'
WARNING: [Vivado_Tcl 4-919] Waiver ID 'CDC-1' -from list should not be empty. [/data/tmp/chuxiao/spine_opt_v2_hw_150_20260728/temp/partitioned_split_e2e_link/link/vivado/vpl/prj/prj.gen/my_rm/bd/ulp/ip/ulp_hmss_0_0/bd_0/ip/ip_43/smartconnect.xdc:1]
Finished Parsing XDC File [/data/tmp/chuxiao/spine_opt_v2_hw_150_20260728/temp/partitioned_split_e2e_link/link/vivado/vpl/prj/prj.gen/my_rm/bd/ulp/ip/ulp_hmss_0_0/bd_0/ip/ip_43/smartconnect.xdc] for cell 'level0_i/ulp/hmss_0/inst/path_13/interconnect14_13/inst'
Parsing XDC File [/data/tmp/chuxiao/spine_opt_v2_hw_150_20260728/temp/partitioned_split_e2e_link/link/vivado/vpl/prj/prj.gen/my_rm/bd/ulp/ip/ulp_hmss_0_0/bd_15/ip/ip_1/bd_bd42_psr0_0_board.xdc] for cell 'level0_i/ulp/hmss_0/inst/path_14/interconnect15_14/inst/clk_map/psr0/U0'
Finished Parsing XDC File [/data/tmp/chuxiao/spine_opt_v2_hw_150_20260728/temp/partitioned_split_e2e_link/link/vivado/vpl/prj/prj.gen/my_rm/bd/ulp/ip/ulp_hmss_0_0/bd_15/ip/ip_1/bd_bd42_psr0_0_board.xdc] for cell 'level0_i/ulp/hmss_0/inst/path_14/interconnect15_14/inst/clk_map/psr0/U0'
Parsing XDC File [/data/tmp/chuxiao/spine_opt_v2_hw_150_20260728/temp/partitioned_split_e2e_link/link/vivado/vpl/prj/prj.gen/my_rm/bd/ulp/ip/ulp_hmss_0_0/bd_15/ip/ip_1/bd_bd42_psr0_0.xdc] for cell 'level0_i/ulp/hmss_0/inst/path_14/interconnect15_14/inst/clk_map/psr0/U0'
Finished Parsing XDC File [/data/tmp/chuxiao/spine_opt_v2_hw_150_20260728/temp/partitioned_split_e2e_link/link/vivado/vpl/prj/prj.gen/my_rm/bd/ulp/ip/ulp_hmss_0_0/bd_15/ip/ip_1/bd_bd42_psr0_0.xdc] for cell 'level0_i/ulp/hmss_0/inst/path_14/interconnect15_14/inst/clk_map/psr0/U0'
Parsing XDC File [/data/tmp/chuxiao/spine_opt_v2_hw_150_20260728/temp/partitioned_split_e2e_link/link/vivado/vpl/prj/prj.gen/my_rm/bd/ulp/ip/ulp_hmss_0_0/bd_15/ip/ip_2/bd_bd42_psr_aclk_0_board.xdc] for cell 'level0_i/ulp/hmss_0/inst/path_14/interconnect15_14/inst/clk_map/psr_aclk/U0'
Finished Parsing XDC File [/data/tmp/chuxiao/spine_opt_v2_hw_150_20260728/temp/partitioned_split_e2e_link/link/vivado/vpl/prj/prj.gen/my_rm/bd/ulp/ip/ulp_hmss_0_0/bd_15/ip/ip_2/bd_bd42_psr_aclk_0_board.xdc] for cell 'level0_i/ulp/hmss_0/inst/path_14/interconnect15_14/inst/clk_map/psr_aclk/U0'
Parsing XDC File [/data/tmp/chuxiao/spine_opt_v2_hw_150_20260728/temp/partitioned_split_e2e_link/link/vivado/vpl/prj/prj.gen/my_rm/bd/ulp/ip/ulp_hmss_0_0/bd_15/ip/ip_2/bd_bd42_psr_aclk_0.xdc] for cell 'level0_i/ulp/hmss_0/inst/path_14/interconnect15_14/inst/clk_map/psr_aclk/U0'
Finished Parsing XDC File [/data/tmp/chuxiao/spine_opt_v2_hw_150_20260728/temp/partitioned_split_e2e_link/link/vivado/vpl/prj/prj.gen/my_rm/bd/ulp/ip/ulp_hmss_0_0/bd_15/ip/ip_2/bd_bd42_psr_aclk_0.xdc] for cell 'level0_i/ulp/hmss_0/inst/path_14/interconnect15_14/inst/clk_map/psr_aclk/U0'
Parsing XDC File [/data/tmp/chuxiao/spine_opt_v2_hw_150_20260728/temp/partitioned_split_e2e_link/link/vivado/vpl/prj/prj.gen/my_rm/bd/ulp/ip/ulp_hmss_0_0/bd_15/ip/ip_3/bd_bd42_psr_aclk1_0_board.xdc] for cell 'level0_i/ulp/hmss_0/inst/path_14/interconnect15_14/inst/clk_map/psr_aclk1/U0'
Finished Parsing XDC File [/data/tmp/chuxiao/spine_opt_v2_hw_150_20260728/temp/partitioned_split_e2e_link/link/vivado/vpl/prj/prj.gen/my_rm/bd/ulp/ip/ulp_hmss_0_0/bd_15/ip/ip_3/bd_bd42_psr_aclk1_0_board.xdc] for cell 'level0_i/ulp/hmss_0/inst/path_14/interconnect15_14/inst/clk_map/psr_aclk1/U0'
Parsing XDC File [/data/tmp/chuxiao/spine_opt_v2_hw_150_20260728/temp/partitioned_split_e2e_link/link/vivado/vpl/prj/prj.gen/my_rm/bd/ulp/ip/ulp_hmss_0_0/bd_15/ip/ip_3/bd_bd42_psr_aclk1_0.xdc] for cell 'level0_i/ulp/hmss_0/inst/path_14/interconnect15_14/inst/clk_map/psr_aclk1/U0'
Finished Parsing XDC File [/data/tmp/chuxiao/spine_opt_v2_hw_150_20260728/temp/partitioned_split_e2e_link/link/vivado/vpl/prj/prj.gen/my_rm/bd/ulp/ip/ulp_hmss_0_0/bd_15/ip/ip_3/bd_bd42_psr_aclk1_0.xdc] for cell 'level0_i/ulp/hmss_0/inst/path_14/interconnect15_14/inst/clk_map/psr_aclk1/U0'
Parsing XDC File [/data/tmp/chuxiao/spine_opt_v2_hw_150_20260728/temp/partitioned_split_e2e_link/link/vivado/vpl/prj/prj.gen/my_rm/bd/ulp/ip/ulp_hmss_0_0/bd_15/ip/ip_8/bd_bd42_sarn_0_clocks.xdc] for cell 'level0_i/ulp/hmss_0/inst/path_14/interconnect15_14/inst/s00_nodes/s00_ar_node/inst'
Finished Parsing XDC File [/data/tmp/chuxiao/spine_opt_v2_hw_150_20260728/temp/partitioned_split_e2e_link/link/vivado/vpl/prj/prj.gen/my_rm/bd/ulp/ip/ulp_hmss_0_0/bd_15/ip/ip_8/bd_bd42_sarn_0_clocks.xdc] for cell 'level0_i/ulp/hmss_0/inst/path_14/interconnect15_14/inst/s00_nodes/s00_ar_node/inst'
Parsing XDC File [/data/tmp/chuxiao/spine_opt_v2_hw_150_20260728/temp/partitioned_split_e2e_link/link/vivado/vpl/prj/prj.gen/my_rm/bd/ulp/ip/ulp_hmss_0_0/bd_15/ip/ip_9/bd_bd42_srn_0_clocks.xdc] for cell 'level0_i/ulp/hmss_0/inst/path_14/interconnect15_14/inst/s00_nodes/s00_r_node/inst'
Finished Parsing XDC File [/data/tmp/chuxiao/spine_opt_v2_hw_150_20260728/temp/partitioned_split_e2e_link/link/vivado/vpl/prj/prj.gen/my_rm/bd/ulp/ip/ulp_hmss_0_0/bd_15/ip/ip_9/bd_bd42_srn_0_clocks.xdc] for cell 'level0_i/ulp/hmss_0/inst/path_14/interconnect15_14/inst/s00_nodes/s00_r_node/inst'
Parsing XDC File [/data/tmp/chuxiao/spine_opt_v2_hw_150_20260728/temp/partitioned_split_e2e_link/link/vivado/vpl/prj/prj.gen/my_rm/bd/ulp/ip/ulp_hmss_0_0/bd_18/ip/ip_3/bd_a0b3_psr_aclk1_0.xdc] for cell 'level0_i/ulp/hmss_0/inst/path_17/interconnect18_17/inst/clk_map/psr_aclk1/U0'
Finished Parsing XDC File [/data/tmp/chuxiao/spine_opt_v2_hw_150_20260728/temp/partitioned_split_e2e_link/link/vivado/vpl/prj/prj.gen/my_rm/bd/ulp/ip/ulp_hmss_0_0/bd_18/ip/ip_3/bd_a0b3_psr_aclk1_0.xdc] for cell 'level0_i/ulp/hmss_0/inst/path_17/interconnect18_17/inst/clk_map/psr_aclk1/U0'
Parsing XDC File [/data/tmp/chuxiao/spine_opt_v2_hw_150_20260728/temp/partitioned_split_e2e_link/link/vivado/vpl/prj/prj.gen/my_rm/bd/ulp/ip/ulp_hmss_0_0/bd_15/ip/ip_11/bd_bd42_swn_0_clocks.xdc] for cell 'level0_i/ulp/hmss_0/inst/path_14/interconnect15_14/inst/s00_nodes/s00_w_node/inst'
Finished Parsing XDC File [/data/tmp/chuxiao/spine_opt_v2_hw_150_20260728/temp/partitioned_split_e2e_link/link/vivado/vpl/prj/prj.gen/my_rm/bd/ulp/ip/ulp_hmss_0_0/bd_15/ip/ip_11/bd_bd42_swn_0_clocks.xdc] for cell 'level0_i/ulp/hmss_0/inst/path_14/interconnect15_14/inst/s00_nodes/s00_w_node/inst'
Parsing XDC File [/data/tmp/chuxiao/spine_opt_v2_hw_150_20260728/temp/partitioned_split_e2e_link/link/vivado/vpl/prj/prj.gen/my_rm/bd/ulp/ip/ulp_hmss_0_0/bd_15/ip/ip_12/bd_bd42_sbn_0_clocks.xdc] for cell 'level0_i/ulp/hmss_0/inst/path_14/interconnect15_14/inst/s00_nodes/s00_b_node/inst'
Finished Parsing XDC File [/data/tmp/chuxiao/spine_opt_v2_hw_150_20260728/temp/partitioned_split_e2e_link/link/vivado/vpl/prj/prj.gen/my_rm/bd/ulp/ip/ulp_hmss_0_0/bd_15/ip/ip_12/bd_bd42_sbn_0_clocks.xdc] for cell 'level0_i/ulp/hmss_0/inst/path_14/interconnect15_14/inst/s00_nodes/s00_b_node/inst'
Parsing XDC File [/data/tmp/chuxiao/spine_opt_v2_hw_150_20260728/temp/partitioned_split_e2e_link/link/vivado/vpl/prj/prj.gen/my_rm/bd/ulp/ip/ulp_hmss_0_0/bd_0/ip/ip_46/smartconnect.xdc] for cell 'level0_i/ulp/hmss_0/inst/path_14/interconnect15_14/inst'
WARNING: [Vivado_Tcl 4-919] Waiver ID 'CDC-1' -from list should not be empty. [/data/tmp/chuxiao/spine_opt_v2_hw_150_20260728/temp/partitioned_split_e2e_link/link/vivado/vpl/prj/prj.gen/my_rm/bd/ulp/ip/ulp_hmss_0_0/bd_0/ip/ip_46/smartconnect.xdc:1]
Finished Parsing XDC File [/data/tmp/chuxiao/spine_opt_v2_hw_150_20260728/temp/partitioned_split_e2e_link/link/vivado/vpl/prj/prj.gen/my_rm/bd/ulp/ip/ulp_hmss_0_0/bd_0/ip/ip_46/smartconnect.xdc] for cell 'level0_i/ulp/hmss_0/inst/path_14/interconnect15_14/inst'
Parsing XDC File [/data/tmp/chuxiao/spine_opt_v2_hw_150_20260728/temp/partitioned_split_e2e_link/link/vivado/vpl/prj/prj.gen/my_rm/bd/ulp/ip/ulp_hmss_0_0/bd_16/ip/ip_1/bd_4e13_psr0_0_board.xdc] for cell 'level0_i/ulp/hmss_0/inst/path_15/interconnect16_15/inst/clk_map/psr0/U0'
Finished Parsing XDC File [/data/tmp/chuxiao/spine_opt_v2_hw_150_20260728/temp/partitioned_split_e2e_link/link/vivado/vpl/prj/prj.gen/my_rm/bd/ulp/ip/ulp_hmss_0_0/bd_16/ip/ip_1/bd_4e13_psr0_0_board.xdc] for cell 'level0_i/ulp/hmss_0/inst/path_15/interconnect16_15/inst/clk_map/psr0/U0'
Parsing XDC File [/data/tmp/chuxiao/spine_opt_v2_hw_150_20260728/temp/partitioned_split_e2e_link/link/vivado/vpl/prj/prj.gen/my_rm/bd/ulp/ip/ulp_hmss_0_0/bd_16/ip/ip_1/bd_4e13_psr0_0.xdc] for cell 'level0_i/ulp/hmss_0/inst/path_15/interconnect16_15/inst/clk_map/psr0/U0'
Finished Parsing XDC File [/data/tmp/chuxiao/spine_opt_v2_hw_150_20260728/temp/partitioned_split_e2e_link/link/vivado/vpl/prj/prj.gen/my_rm/bd/ulp/ip/ulp_hmss_0_0/bd_16/ip/ip_1/bd_4e13_psr0_0.xdc] for cell 'level0_i/ulp/hmss_0/inst/path_15/interconnect16_15/inst/clk_map/psr0/U0'
Parsing XDC File [/data/tmp/chuxiao/spine_opt_v2_hw_150_20260728/temp/partitioned_split_e2e_link/link/vivado/vpl/prj/prj.gen/my_rm/bd/ulp/ip/ulp_hmss_0_0/bd_16/ip/ip_2/bd_4e13_psr_aclk_0_board.xdc] for cell 'level0_i/ulp/hmss_0/inst/path_15/interconnect16_15/inst/clk_map/psr_aclk/U0'
Finished Parsing XDC File [/data/tmp/chuxiao/spine_opt_v2_hw_150_20260728/temp/partitioned_split_e2e_link/link/vivado/vpl/prj/prj.gen/my_rm/bd/ulp/ip/ulp_hmss_0_0/bd_16/ip/ip_2/bd_4e13_psr_aclk_0_board.xdc] for cell 'level0_i/ulp/hmss_0/inst/path_15/interconnect16_15/inst/clk_map/psr_aclk/U0'
Parsing XDC File [/data/tmp/chuxiao/spine_opt_v2_hw_150_20260728/temp/partitioned_split_e2e_link/link/vivado/vpl/prj/prj.gen/my_rm/bd/ulp/ip/ulp_hmss_0_0/bd_16/ip/ip_2/bd_4e13_psr_aclk_0.xdc] for cell 'level0_i/ulp/hmss_0/inst/path_15/interconnect16_15/inst/clk_map/psr_aclk/U0'
Finished Parsing XDC File [/data/tmp/chuxiao/spine_opt_v2_hw_150_20260728/temp/partitioned_split_e2e_link/link/vivado/vpl/prj/prj.gen/my_rm/bd/ulp/ip/ulp_hmss_0_0/bd_16/ip/ip_2/bd_4e13_psr_aclk_0.xdc] for cell 'level0_i/ulp/hmss_0/inst/path_15/interconnect16_15/inst/clk_map/psr_aclk/U0'
Parsing XDC File [/data/tmp/chuxiao/spine_opt_v2_hw_150_20260728/temp/partitioned_split_e2e_link/link/vivado/vpl/prj/prj.gen/my_rm/bd/ulp/ip/ulp_hmss_0_0/bd_16/ip/ip_3/bd_4e13_psr_aclk1_0_board.xdc] for cell 'level0_i/ulp/hmss_0/inst/path_15/interconnect16_15/inst/clk_map/psr_aclk1/U0'
Finished Parsing XDC File [/data/tmp/chuxiao/spine_opt_v2_hw_150_20260728/temp/partitioned_split_e2e_link/link/vivado/vpl/prj/prj.gen/my_rm/bd/ulp/ip/ulp_hmss_0_0/bd_16/ip/ip_3/bd_4e13_psr_aclk1_0_board.xdc] for cell 'level0_i/ulp/hmss_0/inst/path_15/interconnect16_15/inst/clk_map/psr_aclk1/U0'
Parsing XDC File [/data/tmp/chuxiao/spine_opt_v2_hw_150_20260728/temp/partitioned_split_e2e_link/link/vivado/vpl/prj/prj.gen/my_rm/bd/ulp/ip/ulp_hmss_0_0/bd_16/ip/ip_3/bd_4e13_psr_aclk1_0.xdc] for cell 'level0_i/ulp/hmss_0/inst/path_15/interconnect16_15/inst/clk_map/psr_aclk1/U0'
Finished Parsing XDC File [/data/tmp/chuxiao/spine_opt_v2_hw_150_20260728/temp/partitioned_split_e2e_link/link/vivado/vpl/prj/prj.gen/my_rm/bd/ulp/ip/ulp_hmss_0_0/bd_16/ip/ip_3/bd_4e13_psr_aclk1_0.xdc] for cell 'level0_i/ulp/hmss_0/inst/path_15/interconnect16_15/inst/clk_map/psr_aclk1/U0'
Parsing XDC File [/data/tmp/chuxiao/spine_opt_v2_hw_150_20260728/temp/partitioned_split_e2e_link/link/vivado/vpl/prj/prj.gen/my_rm/bd/ulp/ip/ulp_hmss_0_0/bd_16/ip/ip_8/bd_4e13_sarn_0_clocks.xdc] for cell 'level0_i/ulp/hmss_0/inst/path_15/interconnect16_15/inst/s00_nodes/s00_ar_node/inst'
Finished Parsing XDC File [/data/tmp/chuxiao/spine_opt_v2_hw_150_20260728/temp/partitioned_split_e2e_link/link/vivado/vpl/prj/prj.gen/my_rm/bd/ulp/ip/ulp_hmss_0_0/bd_16/ip/ip_8/bd_4e13_sarn_0_clocks.xdc] for cell 'level0_i/ulp/hmss_0/inst/path_15/interconnect16_15/inst/s00_nodes/s00_ar_node/inst'
Parsing XDC File [/data/tmp/chuxiao/spine_opt_v2_hw_150_20260728/temp/partitioned_split_e2e_link/link/vivado/vpl/prj/prj.gen/my_rm/bd/ulp/ip/ulp_hmss_0_0/bd_21/ip/ip_8/bd_f403_sarn_0_clocks.xdc] for cell 'level0_i/ulp/hmss_0/inst/path_20/interconnect19_20/inst/s00_nodes/s00_ar_node/inst'
Finished Parsing XDC File [/data/tmp/chuxiao/spine_opt_v2_hw_150_20260728/temp/partitioned_split_e2e_link/link/vivado/vpl/prj/prj.gen/my_rm/bd/ulp/ip/ulp_hmss_0_0/bd_21/ip/ip_8/bd_f403_sarn_0_clocks.xdc] for cell 'level0_i/ulp/hmss_0/inst/path_20/interconnect19_20/inst/s00_nodes/s00_ar_node/inst'
Parsing XDC File [/data/tmp/chuxiao/spine_opt_v2_hw_150_20260728/temp/partitioned_split_e2e_link/link/vivado/vpl/prj/prj.gen/my_rm/bd/ulp/ip/ulp_hmss_0_0/bd_20/ip/ip_8/bd_c9e1_sawn_0_clocks.xdc] for cell 'level0_i/ulp/hmss_0/inst/path_19/interconnect22_19/inst/s00_nodes/s00_aw_node/inst'
Finished Parsing XDC File [/data/tmp/chuxiao/spine_opt_v2_hw_150_20260728/temp/partitioned_split_e2e_link/link/vivado/vpl/prj/prj.gen/my_rm/bd/ulp/ip/ulp_hmss_0_0/bd_20/ip/ip_8/bd_c9e1_sawn_0_clocks.xdc] for cell 'level0_i/ulp/hmss_0/inst/path_19/interconnect22_19/inst/s00_nodes/s00_aw_node/inst'
Parsing XDC File [/data/tmp/chuxiao/spine_opt_v2_hw_150_20260728/temp/partitioned_split_e2e_link/link/vivado/vpl/prj/prj.gen/my_rm/bd/ulp/ip/ulp_hmss_0_0/bd_20/ip/ip_9/bd_c9e1_swn_0_clocks.xdc] for cell 'level0_i/ulp/hmss_0/inst/path_19/interconnect22_19/inst/s00_nodes/s00_w_node/inst'
Finished Parsing XDC File [/data/tmp/chuxiao/spine_opt_v2_hw_150_20260728/temp/partitioned_split_e2e_link/link/vivado/vpl/prj/prj.gen/my_rm/bd/ulp/ip/ulp_hmss_0_0/bd_20/ip/ip_9/bd_c9e1_swn_0_clocks.xdc] for cell 'level0_i/ulp/hmss_0/inst/path_19/interconnect22_19/inst/s00_nodes/s00_w_node/inst'
Parsing XDC File [/data/tmp/chuxiao/spine_opt_v2_hw_150_20260728/temp/partitioned_split_e2e_link/link/vivado/vpl/prj/prj.gen/my_rm/bd/ulp/ip/ulp_hmss_0_0/bd_20/ip/ip_10/bd_c9e1_sbn_0_clocks.xdc] for cell 'level0_i/ulp/hmss_0/inst/path_19/interconnect22_19/inst/s00_nodes/s00_b_node/inst'
Finished Parsing XDC File [/data/tmp/chuxiao/spine_opt_v2_hw_150_20260728/temp/partitioned_split_e2e_link/link/vivado/vpl/prj/prj.gen/my_rm/bd/ulp/ip/ulp_hmss_0_0/bd_20/ip/ip_10/bd_c9e1_sbn_0_clocks.xdc] for cell 'level0_i/ulp/hmss_0/inst/path_19/interconnect22_19/inst/s00_nodes/s00_b_node/inst'
Parsing XDC File [/data/tmp/chuxiao/spine_opt_v2_hw_150_20260728/temp/partitioned_split_e2e_link/link/vivado/vpl/prj/prj.gen/my_rm/bd/ulp/ip/ulp_hmss_0_0/bd_0/ip/ip_61/smartconnect.xdc] for cell 'level0_i/ulp/hmss_0/inst/path_19/interconnect22_19/inst'
WARNING: [Vivado_Tcl 4-919] Waiver ID 'CDC-1' -from list should not be empty. [/data/tmp/chuxiao/spine_opt_v2_hw_150_20260728/temp/partitioned_split_e2e_link/link/vivado/vpl/prj/prj.gen/my_rm/bd/ulp/ip/ulp_hmss_0_0/bd_0/ip/ip_61/smartconnect.xdc:1]
Finished Parsing XDC File [/data/tmp/chuxiao/spine_opt_v2_hw_150_20260728/temp/partitioned_split_e2e_link/link/vivado/vpl/prj/prj.gen/my_rm/bd/ulp/ip/ulp_hmss_0_0/bd_0/ip/ip_61/smartconnect.xdc] for cell 'level0_i/ulp/hmss_0/inst/path_19/interconnect22_19/inst'
Parsing XDC File [/data/tmp/chuxiao/spine_opt_v2_hw_150_20260728/temp/partitioned_split_e2e_link/link/vivado/vpl/prj/prj.gen/my_rm/bd/ulp/ip/ulp_hmss_0_0/bd_21/ip/ip_1/bd_f403_psr0_0_board.xdc] for cell 'level0_i/ulp/hmss_0/inst/path_20/interconnect19_20/inst/clk_map/psr0/U0'
Finished Parsing XDC File [/data/tmp/chuxiao/spine_opt_v2_hw_150_20260728/temp/partitioned_split_e2e_link/link/vivado/vpl/prj/prj.gen/my_rm/bd/ulp/ip/ulp_hmss_0_0/bd_21/ip/ip_1/bd_f403_psr0_0_board.xdc] for cell 'level0_i/ulp/hmss_0/inst/path_20/interconnect19_20/inst/clk_map/psr0/U0'
Parsing XDC File [/data/tmp/chuxiao/spine_opt_v2_hw_150_20260728/temp/partitioned_split_e2e_link/link/vivado/vpl/prj/prj.gen/my_rm/bd/ulp/ip/ulp_hmss_0_0/bd_21/ip/ip_1/bd_f403_psr0_0.xdc] for cell 'level0_i/ulp/hmss_0/inst/path_20/interconnect19_20/inst/clk_map/psr0/U0'
Finished Parsing XDC File [/data/tmp/chuxiao/spine_opt_v2_hw_150_20260728/temp/partitioned_split_e2e_link/link/vivado/vpl/prj/prj.gen/my_rm/bd/ulp/ip/ulp_hmss_0_0/bd_21/ip/ip_1/bd_f403_psr0_0.xdc] for cell 'level0_i/ulp/hmss_0/inst/path_20/interconnect19_20/inst/clk_map/psr0/U0'
Parsing XDC File [/data/tmp/chuxiao/spine_opt_v2_hw_150_20260728/temp/partitioned_split_e2e_link/link/vivado/vpl/prj/prj.gen/my_rm/bd/ulp/ip/ulp_hmss_0_0/bd_21/ip/ip_2/bd_f403_psr_aclk_0_board.xdc] for cell 'level0_i/ulp/hmss_0/inst/path_20/interconnect19_20/inst/clk_map/psr_aclk/U0'
Finished Parsing XDC File [/data/tmp/chuxiao/spine_opt_v2_hw_150_20260728/temp/partitioned_split_e2e_link/link/vivado/vpl/prj/prj.gen/my_rm/bd/ulp/ip/ulp_hmss_0_0/bd_21/ip/ip_2/bd_f403_psr_aclk_0_board.xdc] for cell 'level0_i/ulp/hmss_0/inst/path_20/interconnect19_20/inst/clk_map/psr_aclk/U0'
Parsing XDC File [/data/tmp/chuxiao/spine_opt_v2_hw_150_20260728/temp/partitioned_split_e2e_link/link/vivado/vpl/prj/prj.gen/my_rm/bd/ulp/ip/ulp_hmss_0_0/bd_21/ip/ip_2/bd_f403_psr_aclk_0.xdc] for cell 'level0_i/ulp/hmss_0/inst/path_20/interconnect19_20/inst/clk_map/psr_aclk/U0'
Finished Parsing XDC File [/data/tmp/chuxiao/spine_opt_v2_hw_150_20260728/temp/partitioned_split_e2e_link/link/vivado/vpl/prj/prj.gen/my_rm/bd/ulp/ip/ulp_hmss_0_0/bd_21/ip/ip_2/bd_f403_psr_aclk_0.xdc] for cell 'level0_i/ulp/hmss_0/inst/path_20/interconnect19_20/inst/clk_map/psr_aclk/U0'
Parsing XDC File [/data/tmp/chuxiao/spine_opt_v2_hw_150_20260728/temp/partitioned_split_e2e_link/link/vivado/vpl/prj/prj.gen/my_rm/bd/ulp/ip/ulp_hmss_0_0/bd_21/ip/ip_3/bd_f403_psr_aclk1_0_board.xdc] for cell 'level0_i/ulp/hmss_0/inst/path_20/interconnect19_20/inst/clk_map/psr_aclk1/U0'
Finished Parsing XDC File [/data/tmp/chuxiao/spine_opt_v2_hw_150_20260728/temp/partitioned_split_e2e_link/link/vivado/vpl/prj/prj.gen/my_rm/bd/ulp/ip/ulp_hmss_0_0/bd_21/ip/ip_3/bd_f403_psr_aclk1_0_board.xdc] for cell 'level0_i/ulp/hmss_0/inst/path_20/interconnect19_20/inst/clk_map/psr_aclk1/U0'
Parsing XDC File [/data/tmp/chuxiao/spine_opt_v2_hw_150_20260728/temp/partitioned_split_e2e_link/link/vivado/vpl/prj/prj.gen/my_rm/bd/ulp/ip/ulp_hmss_0_0/bd_21/ip/ip_3/bd_f403_psr_aclk1_0.xdc] for cell 'level0_i/ulp/hmss_0/inst/path_20/interconnect19_20/inst/clk_map/psr_aclk1/U0'
Finished Parsing XDC File [/data/tmp/chuxiao/spine_opt_v2_hw_150_20260728/temp/partitioned_split_e2e_link/link/vivado/vpl/prj/prj.gen/my_rm/bd/ulp/ip/ulp_hmss_0_0/bd_21/ip/ip_3/bd_f403_psr_aclk1_0.xdc] for cell 'level0_i/ulp/hmss_0/inst/path_20/interconnect19_20/inst/clk_map/psr_aclk1/U0'
Parsing XDC File [/data/tmp/chuxiao/spine_opt_v2_hw_150_20260728/temp/partitioned_split_e2e_link/link/vivado/vpl/prj/prj.gen/my_rm/bd/ulp/ip/ulp_hmss_0_0/bd_20/ip/ip_3/bd_c9e1_psr_aclk1_0.xdc] for cell 'level0_i/ulp/hmss_0/inst/path_19/interconnect22_19/inst/clk_map/psr_aclk1/U0'
Finished Parsing XDC File [/data/tmp/chuxiao/spine_opt_v2_hw_150_20260728/temp/partitioned_split_e2e_link/link/vivado/vpl/prj/prj.gen/my_rm/bd/ulp/ip/ulp_hmss_0_0/bd_20/ip/ip_3/bd_c9e1_psr_aclk1_0.xdc] for cell 'level0_i/ulp/hmss_0/inst/path_19/interconnect22_19/inst/clk_map/psr_aclk1/U0'
Parsing XDC File [/data/tmp/chuxiao/spine_opt_v2_hw_150_20260728/temp/partitioned_split_e2e_link/link/vivado/vpl/prj/prj.gen/my_rm/bd/ulp/ip/ulp_hmss_0_0/bd_21/ip/ip_9/bd_f403_srn_0_clocks.xdc] for cell 'level0_i/ulp/hmss_0/inst/path_20/interconnect19_20/inst/s00_nodes/s00_r_node/inst'
Finished Parsing XDC File [/data/tmp/chuxiao/spine_opt_v2_hw_150_20260728/temp/partitioned_split_e2e_link/link/vivado/vpl/prj/prj.gen/my_rm/bd/ulp/ip/ulp_hmss_0_0/bd_21/ip/ip_9/bd_f403_srn_0_clocks.xdc] for cell 'level0_i/ulp/hmss_0/inst/path_20/interconnect19_20/inst/s00_nodes/s00_r_node/inst'
Parsing XDC File [/data/tmp/chuxiao/spine_opt_v2_hw_150_20260728/temp/partitioned_split_e2e_link/link/vivado/vpl/prj/prj.gen/my_rm/bd/ulp/ip/ulp_hmss_0_0/bd_21/ip/ip_10/bd_f403_sawn_0_clocks.xdc] for cell 'level0_i/ulp/hmss_0/inst/path_20/interconnect19_20/inst/s00_nodes/s00_aw_node/inst'
Finished Parsing XDC File [/data/tmp/chuxiao/spine_opt_v2_hw_150_20260728/temp/partitioned_split_e2e_link/link/vivado/vpl/prj/prj.gen/my_rm/bd/ulp/ip/ulp_hmss_0_0/bd_21/ip/ip_10/bd_f403_sawn_0_clocks.xdc] for cell 'level0_i/ulp/hmss_0/inst/path_20/interconnect19_20/inst/s00_nodes/s00_aw_node/inst'
Parsing XDC File [/data/tmp/chuxiao/spine_opt_v2_hw_150_20260728/temp/partitioned_split_e2e_link/link/vivado/vpl/prj/prj.gen/my_rm/bd/ulp/ip/ulp_hmss_0_0/bd_21/ip/ip_11/bd_f403_swn_0_clocks.xdc] for cell 'level0_i/ulp/hmss_0/inst/path_20/interconnect19_20/inst/s00_nodes/s00_w_node/inst'
Finished Parsing XDC File [/data/tmp/chuxiao/spine_opt_v2_hw_150_20260728/temp/partitioned_split_e2e_link/link/vivado/vpl/prj/prj.gen/my_rm/bd/ulp/ip/ulp_hmss_0_0/bd_21/ip/ip_11/bd_f403_swn_0_clocks.xdc] for cell 'level0_i/ulp/hmss_0/inst/path_20/interconnect19_20/inst/s00_nodes/s00_w_node/inst'
Parsing XDC File [/data/tmp/chuxiao/spine_opt_v2_hw_150_20260728/temp/partitioned_split_e2e_link/link/vivado/vpl/prj/prj.gen/my_rm/bd/ulp/ip/ulp_hmss_0_0/bd_21/ip/ip_12/bd_f403_sbn_0_clocks.xdc] for cell 'level0_i/ulp/hmss_0/inst/path_20/interconnect19_20/inst/s00_nodes/s00_b_node/inst'
Finished Parsing XDC File [/data/tmp/chuxiao/spine_opt_v2_hw_150_20260728/temp/partitioned_split_e2e_link/link/vivado/vpl/prj/prj.gen/my_rm/bd/ulp/ip/ulp_hmss_0_0/bd_21/ip/ip_12/bd_f403_sbn_0_clocks.xdc] for cell 'level0_i/ulp/hmss_0/inst/path_20/interconnect19_20/inst/s00_nodes/s00_b_node/inst'
Parsing XDC File [/data/tmp/chuxiao/spine_opt_v2_hw_150_20260728/temp/partitioned_split_e2e_link/link/vivado/vpl/prj/prj.gen/my_rm/bd/ulp/ip/ulp_hmss_0_0/bd_0/ip/ip_64/smartconnect.xdc] for cell 'level0_i/ulp/hmss_0/inst/path_20/interconnect19_20/inst'
WARNING: [Vivado_Tcl 4-919] Waiver ID 'CDC-1' -from list should not be empty. [/data/tmp/chuxiao/spine_opt_v2_hw_150_20260728/temp/partitioned_split_e2e_link/link/vivado/vpl/prj/prj.gen/my_rm/bd/ulp/ip/ulp_hmss_0_0/bd_0/ip/ip_64/smartconnect.xdc:1]
Finished Parsing XDC File [/data/tmp/chuxiao/spine_opt_v2_hw_150_20260728/temp/partitioned_split_e2e_link/link/vivado/vpl/prj/prj.gen/my_rm/bd/ulp/ip/ulp_hmss_0_0/bd_0/ip/ip_64/smartconnect.xdc] for cell 'level0_i/ulp/hmss_0/inst/path_20/interconnect19_20/inst'
Parsing XDC File [/data/tmp/chuxiao/spine_opt_v2_hw_150_20260728/temp/partitioned_split_e2e_link/link/vivado/vpl/prj/prj.gen/my_rm/bd/ulp/ip/ulp_hmss_0_0/bd_22/ip/ip_1/bd_ad61_psr0_0_board.xdc] for cell 'level0_i/ulp/hmss_0/inst/path_21/interconnect20_21/inst/clk_map/psr0/U0'
Finished Parsing XDC File [/data/tmp/chuxiao/spine_opt_v2_hw_150_20260728/temp/partitioned_split_e2e_link/link/vivado/vpl/prj/prj.gen/my_rm/bd/ulp/ip/ulp_hmss_0_0/bd_22/ip/ip_1/bd_ad61_psr0_0_board.xdc] for cell 'level0_i/ulp/hmss_0/inst/path_21/interconnect20_21/inst/clk_map/psr0/U0'
Parsing XDC File [/data/tmp/chuxiao/spine_opt_v2_hw_150_20260728/temp/partitioned_split_e2e_link/link/vivado/vpl/prj/prj.gen/my_rm/bd/ulp/ip/ulp_hmss_0_0/bd_22/ip/ip_1/bd_ad61_psr0_0.xdc] for cell 'level0_i/ulp/hmss_0/inst/path_21/interconnect20_21/inst/clk_map/psr0/U0'
Finished Parsing XDC File [/data/tmp/chuxiao/spine_opt_v2_hw_150_20260728/temp/partitioned_split_e2e_link/link/vivado/vpl/prj/prj.gen/my_rm/bd/ulp/ip/ulp_hmss_0_0/bd_22/ip/ip_1/bd_ad61_psr0_0.xdc] for cell 'level0_i/ulp/hmss_0/inst/path_21/interconnect20_21/inst/clk_map/psr0/U0'
Parsing XDC File [/data/tmp/chuxiao/spine_opt_v2_hw_150_20260728/temp/partitioned_split_e2e_link/link/vivado/vpl/prj/prj.gen/my_rm/bd/ulp/ip/ulp_hmss_0_0/bd_22/ip/ip_2/bd_ad61_psr_aclk_0_board.xdc] for cell 'level0_i/ulp/hmss_0/inst/path_21/interconnect20_21/inst/clk_map/psr_aclk/U0'
Finished Parsing XDC File [/data/tmp/chuxiao/spine_opt_v2_hw_150_20260728/temp/partitioned_split_e2e_link/link/vivado/vpl/prj/prj.gen/my_rm/bd/ulp/ip/ulp_hmss_0_0/bd_22/ip/ip_2/bd_ad61_psr_aclk_0_board.xdc] for cell 'level0_i/ulp/hmss_0/inst/path_21/interconnect20_21/inst/clk_map/psr_aclk/U0'
Parsing XDC File [/data/tmp/chuxiao/spine_opt_v2_hw_150_20260728/temp/partitioned_split_e2e_link/link/vivado/vpl/prj/prj.gen/my_rm/bd/ulp/ip/ulp_hmss_0_0/bd_22/ip/ip_2/bd_ad61_psr_aclk_0.xdc] for cell 'level0_i/ulp/hmss_0/inst/path_21/interconnect20_21/inst/clk_map/psr_aclk/U0'
Finished Parsing XDC File [/data/tmp/chuxiao/spine_opt_v2_hw_150_20260728/temp/partitioned_split_e2e_link/link/vivado/vpl/prj/prj.gen/my_rm/bd/ulp/ip/ulp_hmss_0_0/bd_22/ip/ip_2/bd_ad61_psr_aclk_0.xdc] for cell 'level0_i/ulp/hmss_0/inst/path_21/interconnect20_21/inst/clk_map/psr_aclk/U0'
Parsing XDC File [/data/tmp/chuxiao/spine_opt_v2_hw_150_20260728/temp/partitioned_split_e2e_link/link/vivado/vpl/prj/prj.gen/my_rm/bd/ulp/ip/ulp_hmss_0_0/bd_22/ip/ip_3/bd_ad61_psr_aclk1_0_board.xdc] for cell 'level0_i/ulp/hmss_0/inst/path_21/interconnect20_21/inst/clk_map/psr_aclk1/U0'
Finished Parsing XDC File [/data/tmp/chuxiao/spine_opt_v2_hw_150_20260728/temp/partitioned_split_e2e_link/link/vivado/vpl/prj/prj.gen/my_rm/bd/ulp/ip/ulp_hmss_0_0/bd_22/ip/ip_3/bd_ad61_psr_aclk1_0_board.xdc] for cell 'level0_i/ulp/hmss_0/inst/path_21/interconnect20_21/inst/clk_map/psr_aclk1/U0'
Parsing XDC File [/data/tmp/chuxiao/spine_opt_v2_hw_150_20260728/temp/partitioned_split_e2e_link/link/vivado/vpl/prj/prj.gen/my_rm/bd/ulp/ip/ulp_hmss_0_0/bd_19/ip/ip_9/bd_3ab0_srn_0_clocks.xdc] for cell 'level0_i/ulp/hmss_0/inst/path_18/interconnect21_18/inst/s00_nodes/s00_r_node/inst'
Finished Parsing XDC File [/data/tmp/chuxiao/spine_opt_v2_hw_150_20260728/temp/partitioned_split_e2e_link/link/vivado/vpl/prj/prj.gen/my_rm/bd/ulp/ip/ulp_hmss_0_0/bd_19/ip/ip_9/bd_3ab0_srn_0_clocks.xdc] for cell 'level0_i/ulp/hmss_0/inst/path_18/interconnect21_18/inst/s00_nodes/s00_r_node/inst'
Parsing XDC File [/data/tmp/chuxiao/spine_opt_v2_hw_150_20260728/temp/partitioned_split_e2e_link/link/vivado/vpl/prj/prj.gen/my_rm/bd/ulp/ip/ulp_hmss_0_0/bd_18/ip/ip_8/bd_a0b3_sarn_0_clocks.xdc] for cell 'level0_i/ulp/hmss_0/inst/path_17/interconnect18_17/inst/s00_nodes/s00_ar_node/inst'
Finished Parsing XDC File [/data/tmp/chuxiao/spine_opt_v2_hw_150_20260728/temp/partitioned_split_e2e_link/link/vivado/vpl/prj/prj.gen/my_rm/bd/ulp/ip/ulp_hmss_0_0/bd_18/ip/ip_8/bd_a0b3_sarn_0_clocks.xdc] for cell 'level0_i/ulp/hmss_0/inst/path_17/interconnect18_17/inst/s00_nodes/s00_ar_node/inst'
Parsing XDC File [/data/tmp/chuxiao/spine_opt_v2_hw_150_20260728/temp/partitioned_split_e2e_link/link/vivado/vpl/prj/prj.gen/my_rm/bd/ulp/ip/ulp_hmss_0_0/bd_18/ip/ip_9/bd_a0b3_srn_0_clocks.xdc] for cell 'level0_i/ulp/hmss_0/inst/path_17/interconnect18_17/inst/s00_nodes/s00_r_node/inst'
Finished Parsing XDC File [/data/tmp/chuxiao/spine_opt_v2_hw_150_20260728/temp/partitioned_split_e2e_link/link/vivado/vpl/prj/prj.gen/my_rm/bd/ulp/ip/ulp_hmss_0_0/bd_18/ip/ip_9/bd_a0b3_srn_0_clocks.xdc] for cell 'level0_i/ulp/hmss_0/inst/path_17/interconnect18_17/inst/s00_nodes/s00_r_node/inst'
Parsing XDC File [/data/tmp/chuxiao/spine_opt_v2_hw_150_20260728/temp/partitioned_split_e2e_link/link/vivado/vpl/prj/prj.gen/my_rm/bd/ulp/ip/ulp_hmss_0_0/bd_0/ip/ip_55/smartconnect.xdc] for cell 'level0_i/ulp/hmss_0/inst/path_17/interconnect18_17/inst'
WARNING: [Vivado_Tcl 4-919] Waiver ID 'CDC-1' -from list should not be empty. [/data/tmp/chuxiao/spine_opt_v2_hw_150_20260728/temp/partitioned_split_e2e_link/link/vivado/vpl/prj/prj.gen/my_rm/bd/ulp/ip/ulp_hmss_0_0/bd_0/ip/ip_55/smartconnect.xdc:1]
Finished Parsing XDC File [/data/tmp/chuxiao/spine_opt_v2_hw_150_20260728/temp/partitioned_split_e2e_link/link/vivado/vpl/prj/prj.gen/my_rm/bd/ulp/ip/ulp_hmss_0_0/bd_0/ip/ip_55/smartconnect.xdc] for cell 'level0_i/ulp/hmss_0/inst/path_17/interconnect18_17/inst'
Parsing XDC File [/data/tmp/chuxiao/spine_opt_v2_hw_150_20260728/temp/partitioned_split_e2e_link/link/vivado/vpl/prj/prj.gen/my_rm/bd/ulp/ip/ulp_hmss_0_0/bd_19/ip/ip_1/bd_3ab0_psr0_0_board.xdc] for cell 'level0_i/ulp/hmss_0/inst/path_18/interconnect21_18/inst/clk_map/psr0/U0'
Finished Parsing XDC File [/data/tmp/chuxiao/spine_opt_v2_hw_150_20260728/temp/partitioned_split_e2e_link/link/vivado/vpl/prj/prj.gen/my_rm/bd/ulp/ip/ulp_hmss_0_0/bd_19/ip/ip_1/bd_3ab0_psr0_0_board.xdc] for cell 'level0_i/ulp/hmss_0/inst/path_18/interconnect21_18/inst/clk_map/psr0/U0'
Parsing XDC File [/data/tmp/chuxiao/spine_opt_v2_hw_150_20260728/temp/partitioned_split_e2e_link/link/vivado/vpl/prj/prj.gen/my_rm/bd/ulp/ip/ulp_hmss_0_0/bd_19/ip/ip_1/bd_3ab0_psr0_0.xdc] for cell 'level0_i/ulp/hmss_0/inst/path_18/interconnect21_18/inst/clk_map/psr0/U0'
Finished Parsing XDC File [/data/tmp/chuxiao/spine_opt_v2_hw_150_20260728/temp/partitioned_split_e2e_link/link/vivado/vpl/prj/prj.gen/my_rm/bd/ulp/ip/ulp_hmss_0_0/bd_19/ip/ip_1/bd_3ab0_psr0_0.xdc] for cell 'level0_i/ulp/hmss_0/inst/path_18/interconnect21_18/inst/clk_map/psr0/U0'
Parsing XDC File [/data/tmp/chuxiao/spine_opt_v2_hw_150_20260728/temp/partitioned_split_e2e_link/link/vivado/vpl/prj/prj.gen/my_rm/bd/ulp/ip/ulp_hmss_0_0/bd_19/ip/ip_2/bd_3ab0_psr_aclk_0_board.xdc] for cell 'level0_i/ulp/hmss_0/inst/path_18/interconnect21_18/inst/clk_map/psr_aclk/U0'
Finished Parsing XDC File [/data/tmp/chuxiao/spine_opt_v2_hw_150_20260728/temp/partitioned_split_e2e_link/link/vivado/vpl/prj/prj.gen/my_rm/bd/ulp/ip/ulp_hmss_0_0/bd_19/ip/ip_2/bd_3ab0_psr_aclk_0_board.xdc] for cell 'level0_i/ulp/hmss_0/inst/path_18/interconnect21_18/inst/clk_map/psr_aclk/U0'
Parsing XDC File [/data/tmp/chuxiao/spine_opt_v2_hw_150_20260728/temp/partitioned_split_e2e_link/link/vivado/vpl/prj/prj.gen/my_rm/bd/ulp/ip/ulp_hmss_0_0/bd_19/ip/ip_2/bd_3ab0_psr_aclk_0.xdc] for cell 'level0_i/ulp/hmss_0/inst/path_18/interconnect21_18/inst/clk_map/psr_aclk/U0'
Finished Parsing XDC File [/data/tmp/chuxiao/spine_opt_v2_hw_150_20260728/temp/partitioned_split_e2e_link/link/vivado/vpl/prj/prj.gen/my_rm/bd/ulp/ip/ulp_hmss_0_0/bd_19/ip/ip_2/bd_3ab0_psr_aclk_0.xdc] for cell 'level0_i/ulp/hmss_0/inst/path_18/interconnect21_18/inst/clk_map/psr_aclk/U0'
Parsing XDC File [/data/tmp/chuxiao/spine_opt_v2_hw_150_20260728/temp/partitioned_split_e2e_link/link/vivado/vpl/prj/prj.gen/my_rm/bd/ulp/ip/ulp_hmss_0_0/bd_19/ip/ip_3/bd_3ab0_psr_aclk1_0_board.xdc] for cell 'level0_i/ulp/hmss_0/inst/path_18/interconnect21_18/inst/clk_map/psr_aclk1/U0'
Finished Parsing XDC File [/data/tmp/chuxiao/spine_opt_v2_hw_150_20260728/temp/partitioned_split_e2e_link/link/vivado/vpl/prj/prj.gen/my_rm/bd/ulp/ip/ulp_hmss_0_0/bd_19/ip/ip_3/bd_3ab0_psr_aclk1_0_board.xdc] for cell 'level0_i/ulp/hmss_0/inst/path_18/interconnect21_18/inst/clk_map/psr_aclk1/U0'
Parsing XDC File [/data/tmp/chuxiao/spine_opt_v2_hw_150_20260728/temp/partitioned_split_e2e_link/link/vivado/vpl/prj/prj.gen/my_rm/bd/ulp/ip/ulp_hmss_0_0/bd_19/ip/ip_3/bd_3ab0_psr_aclk1_0.xdc] for cell 'level0_i/ulp/hmss_0/inst/path_18/interconnect21_18/inst/clk_map/psr_aclk1/U0'
Finished Parsing XDC File [/data/tmp/chuxiao/spine_opt_v2_hw_150_20260728/temp/partitioned_split_e2e_link/link/vivado/vpl/prj/prj.gen/my_rm/bd/ulp/ip/ulp_hmss_0_0/bd_19/ip/ip_3/bd_3ab0_psr_aclk1_0.xdc] for cell 'level0_i/ulp/hmss_0/inst/path_18/interconnect21_18/inst/clk_map/psr_aclk1/U0'
Parsing XDC File [/data/tmp/chuxiao/spine_opt_v2_hw_150_20260728/temp/partitioned_split_e2e_link/link/vivado/vpl/prj/prj.gen/my_rm/bd/ulp/ip/ulp_hmss_0_0/bd_19/ip/ip_8/bd_3ab0_sarn_0_clocks.xdc] for cell 'level0_i/ulp/hmss_0/inst/path_18/interconnect21_18/inst/s00_nodes/s00_ar_node/inst'
Finished Parsing XDC File [/data/tmp/chuxiao/spine_opt_v2_hw_150_20260728/temp/partitioned_split_e2e_link/link/vivado/vpl/prj/prj.gen/my_rm/bd/ulp/ip/ulp_hmss_0_0/bd_19/ip/ip_8/bd_3ab0_sarn_0_clocks.xdc] for cell 'level0_i/ulp/hmss_0/inst/path_18/interconnect21_18/inst/s00_nodes/s00_ar_node/inst'
Parsing XDC File [/data/tmp/chuxiao/spine_opt_v2_hw_150_20260728/temp/partitioned_split_e2e_link/link/vivado/vpl/prj/prj.gen/my_rm/bd/ulp/ip/ulp_ii_level0_wire_0/uuid_stamp.xdc] for cell 'level0_i/ulp/ii_level0_wire/inst'
Finished Parsing XDC File [/data/tmp/chuxiao/spine_opt_v2_hw_150_20260728/temp/partitioned_split_e2e_link/link/vivado/vpl/prj/prj.gen/my_rm/bd/ulp/ip/ulp_ii_level0_wire_0/uuid_stamp.xdc] for cell 'level0_i/ulp/ii_level0_wire/inst'
Parsing XDC File [/data/tmp/chuxiao/spine_opt_v2_hw_150_20260728/temp/partitioned_split_e2e_link/link/vivado/vpl/prj/prj.gen/my_rm/bd/ulp/ip/ulp_hmss_0_0/bd_19/ip/ip_10/bd_3ab0_sawn_0_clocks.xdc] for cell 'level0_i/ulp/hmss_0/inst/path_18/interconnect21_18/inst/s00_nodes/s00_aw_node/inst'
Finished Parsing XDC File [/data/tmp/chuxiao/spine_opt_v2_hw_150_20260728/temp/partitioned_split_e2e_link/link/vivado/vpl/prj/prj.gen/my_rm/bd/ulp/ip/ulp_hmss_0_0/bd_19/ip/ip_10/bd_3ab0_sawn_0_clocks.xdc] for cell 'level0_i/ulp/hmss_0/inst/path_18/interconnect21_18/inst/s00_nodes/s00_aw_node/inst'
Parsing XDC File [/data/tmp/chuxiao/spine_opt_v2_hw_150_20260728/temp/partitioned_split_e2e_link/link/vivado/vpl/prj/prj.gen/my_rm/bd/ulp/ip/ulp_hmss_0_0/bd_19/ip/ip_11/bd_3ab0_swn_0_clocks.xdc] for cell 'level0_i/ulp/hmss_0/inst/path_18/interconnect21_18/inst/s00_nodes/s00_w_node/inst'
Finished Parsing XDC File [/data/tmp/chuxiao/spine_opt_v2_hw_150_20260728/temp/partitioned_split_e2e_link/link/vivado/vpl/prj/prj.gen/my_rm/bd/ulp/ip/ulp_hmss_0_0/bd_19/ip/ip_11/bd_3ab0_swn_0_clocks.xdc] for cell 'level0_i/ulp/hmss_0/inst/path_18/interconnect21_18/inst/s00_nodes/s00_w_node/inst'
Parsing XDC File [/data/tmp/chuxiao/spine_opt_v2_hw_150_20260728/temp/partitioned_split_e2e_link/link/vivado/vpl/prj/prj.gen/my_rm/bd/ulp/ip/ulp_hmss_0_0/bd_19/ip/ip_12/bd_3ab0_sbn_0_clocks.xdc] for cell 'level0_i/ulp/hmss_0/inst/path_18/interconnect21_18/inst/s00_nodes/s00_b_node/inst'
Finished Parsing XDC File [/data/tmp/chuxiao/spine_opt_v2_hw_150_20260728/temp/partitioned_split_e2e_link/link/vivado/vpl/prj/prj.gen/my_rm/bd/ulp/ip/ulp_hmss_0_0/bd_19/ip/ip_12/bd_3ab0_sbn_0_clocks.xdc] for cell 'level0_i/ulp/hmss_0/inst/path_18/interconnect21_18/inst/s00_nodes/s00_b_node/inst'
Parsing XDC File [/data/tmp/chuxiao/spine_opt_v2_hw_150_20260728/temp/partitioned_split_e2e_link/link/vivado/vpl/prj/prj.gen/my_rm/bd/ulp/ip/ulp_hmss_0_0/bd_0/ip/ip_58/smartconnect.xdc] for cell 'level0_i/ulp/hmss_0/inst/path_18/interconnect21_18/inst'
WARNING: [Vivado_Tcl 4-919] Waiver ID 'CDC-1' -from list should not be empty. [/data/tmp/chuxiao/spine_opt_v2_hw_150_20260728/temp/partitioned_split_e2e_link/link/vivado/vpl/prj/prj.gen/my_rm/bd/ulp/ip/ulp_hmss_0_0/bd_0/ip/ip_58/smartconnect.xdc:1]
Finished Parsing XDC File [/data/tmp/chuxiao/spine_opt_v2_hw_150_20260728/temp/partitioned_split_e2e_link/link/vivado/vpl/prj/prj.gen/my_rm/bd/ulp/ip/ulp_hmss_0_0/bd_0/ip/ip_58/smartconnect.xdc] for cell 'level0_i/ulp/hmss_0/inst/path_18/interconnect21_18/inst'
Parsing XDC File [/data/tmp/chuxiao/spine_opt_v2_hw_150_20260728/temp/partitioned_split_e2e_link/link/vivado/vpl/prj/prj.gen/my_rm/bd/ulp/ip/ulp_hmss_0_0/bd_20/ip/ip_1/bd_c9e1_psr0_0_board.xdc] for cell 'level0_i/ulp/hmss_0/inst/path_19/interconnect22_19/inst/clk_map/psr0/U0'
Finished Parsing XDC File [/data/tmp/chuxiao/spine_opt_v2_hw_150_20260728/temp/partitioned_split_e2e_link/link/vivado/vpl/prj/prj.gen/my_rm/bd/ulp/ip/ulp_hmss_0_0/bd_20/ip/ip_1/bd_c9e1_psr0_0_board.xdc] for cell 'level0_i/ulp/hmss_0/inst/path_19/interconnect22_19/inst/clk_map/psr0/U0'
Parsing XDC File [/data/tmp/chuxiao/spine_opt_v2_hw_150_20260728/temp/partitioned_split_e2e_link/link/vivado/vpl/prj/prj.gen/my_rm/bd/ulp/ip/ulp_hmss_0_0/bd_20/ip/ip_1/bd_c9e1_psr0_0.xdc] for cell 'level0_i/ulp/hmss_0/inst/path_19/interconnect22_19/inst/clk_map/psr0/U0'
Finished Parsing XDC File [/data/tmp/chuxiao/spine_opt_v2_hw_150_20260728/temp/partitioned_split_e2e_link/link/vivado/vpl/prj/prj.gen/my_rm/bd/ulp/ip/ulp_hmss_0_0/bd_20/ip/ip_1/bd_c9e1_psr0_0.xdc] for cell 'level0_i/ulp/hmss_0/inst/path_19/interconnect22_19/inst/clk_map/psr0/U0'
Parsing XDC File [/data/tmp/chuxiao/spine_opt_v2_hw_150_20260728/temp/partitioned_split_e2e_link/link/vivado/vpl/prj/prj.gen/my_rm/bd/ulp/ip/ulp_hmss_0_0/bd_20/ip/ip_2/bd_c9e1_psr_aclk_0_board.xdc] for cell 'level0_i/ulp/hmss_0/inst/path_19/interconnect22_19/inst/clk_map/psr_aclk/U0'
Finished Parsing XDC File [/data/tmp/chuxiao/spine_opt_v2_hw_150_20260728/temp/partitioned_split_e2e_link/link/vivado/vpl/prj/prj.gen/my_rm/bd/ulp/ip/ulp_hmss_0_0/bd_20/ip/ip_2/bd_c9e1_psr_aclk_0_board.xdc] for cell 'level0_i/ulp/hmss_0/inst/path_19/interconnect22_19/inst/clk_map/psr_aclk/U0'
Parsing XDC File [/data/tmp/chuxiao/spine_opt_v2_hw_150_20260728/temp/partitioned_split_e2e_link/link/vivado/vpl/prj/prj.gen/my_rm/bd/ulp/ip/ulp_hmss_0_0/bd_20/ip/ip_2/bd_c9e1_psr_aclk_0.xdc] for cell 'level0_i/ulp/hmss_0/inst/path_19/interconnect22_19/inst/clk_map/psr_aclk/U0'
Finished Parsing XDC File [/data/tmp/chuxiao/spine_opt_v2_hw_150_20260728/temp/partitioned_split_e2e_link/link/vivado/vpl/prj/prj.gen/my_rm/bd/ulp/ip/ulp_hmss_0_0/bd_20/ip/ip_2/bd_c9e1_psr_aclk_0.xdc] for cell 'level0_i/ulp/hmss_0/inst/path_19/interconnect22_19/inst/clk_map/psr_aclk/U0'
Parsing XDC File [/data/tmp/chuxiao/spine_opt_v2_hw_150_20260728/temp/partitioned_split_e2e_link/link/vivado/vpl/prj/prj.gen/my_rm/bd/ulp/ip/ulp_hmss_0_0/bd_20/ip/ip_3/bd_c9e1_psr_aclk1_0_board.xdc] for cell 'level0_i/ulp/hmss_0/inst/path_19/interconnect22_19/inst/clk_map/psr_aclk1/U0'
Finished Parsing XDC File [/data/tmp/chuxiao/spine_opt_v2_hw_150_20260728/temp/partitioned_split_e2e_link/link/vivado/vpl/prj/prj.gen/my_rm/bd/ulp/ip/ulp_hmss_0_0/bd_20/ip/ip_3/bd_c9e1_psr_aclk1_0_board.xdc] for cell 'level0_i/ulp/hmss_0/inst/path_19/interconnect22_19/inst/clk_map/psr_aclk1/U0'
Parsing XDC File [/data/tmp/chuxiao/spine_opt_v2_hw_150_20260728/temp/partitioned_split_e2e_link/link/vivado/vpl/prj/prj.gen/my_rm/bd/ulp/ip/ulp_hmss_0_0/bd_0/ip/ip_28/smartconnect.xdc] for cell 'level0_i/ulp/hmss_0/inst/path_8/interconnect9_8/inst'
WARNING: [Vivado_Tcl 4-919] Waiver ID 'CDC-1' -from list should not be empty. [/data/tmp/chuxiao/spine_opt_v2_hw_150_20260728/temp/partitioned_split_e2e_link/link/vivado/vpl/prj/prj.gen/my_rm/bd/ulp/ip/ulp_hmss_0_0/bd_0/ip/ip_28/smartconnect.xdc:1]
Finished Parsing XDC File [/data/tmp/chuxiao/spine_opt_v2_hw_150_20260728/temp/partitioned_split_e2e_link/link/vivado/vpl/prj/prj.gen/my_rm/bd/ulp/ip/ulp_hmss_0_0/bd_0/ip/ip_28/smartconnect.xdc] for cell 'level0_i/ulp/hmss_0/inst/path_8/interconnect9_8/inst'
Parsing XDC File [/data/tmp/chuxiao/spine_opt_v2_hw_150_20260728/temp/partitioned_split_e2e_link/link/vivado/vpl/prj/prj.gen/my_rm/bd/ulp/ip/ulp_hmss_0_0/bd_9/ip/ip_1/bd_b9c4_psr0_0.xdc] for cell 'level0_i/ulp/hmss_0/inst/path_8/interconnect9_8/inst/clk_map/psr0/U0'
WARNING: [Vivado_Tcl 4-935] Waiver ID 'CDC-11' is a duplicate and will not be added again. [/data/tmp/chuxiao/spine_opt_v2_hw_150_20260728/temp/partitioned_split_e2e_link/link/vivado/vpl/prj/prj.gen/my_rm/bd/ulp/ip/ulp_hmss_0_0/bd_9/ip/ip_1/bd_b9c4_psr0_0.xdc:50]
Finished Parsing XDC File [/data/tmp/chuxiao/spine_opt_v2_hw_150_20260728/temp/partitioned_split_e2e_link/link/vivado/vpl/prj/prj.gen/my_rm/bd/ulp/ip/ulp_hmss_0_0/bd_9/ip/ip_1/bd_b9c4_psr0_0.xdc] for cell 'level0_i/ulp/hmss_0/inst/path_8/interconnect9_8/inst/clk_map/psr0/U0'
Parsing XDC File [/data/tmp/chuxiao/spine_opt_v2_hw_150_20260728/temp/partitioned_split_e2e_link/link/vivado/vpl/prj/prj.gen/my_rm/bd/ulp/ip/ulp_hmss_0_0/bd_9/ip/ip_2/bd_b9c4_psr_aclk_0_board.xdc] for cell 'level0_i/ulp/hmss_0/inst/path_8/interconnect9_8/inst/clk_map/psr_aclk/U0'
Finished Parsing XDC File [/data/tmp/chuxiao/spine_opt_v2_hw_150_20260728/temp/partitioned_split_e2e_link/link/vivado/vpl/prj/prj.gen/my_rm/bd/ulp/ip/ulp_hmss_0_0/bd_9/ip/ip_2/bd_b9c4_psr_aclk_0_board.xdc] for cell 'level0_i/ulp/hmss_0/inst/path_8/interconnect9_8/inst/clk_map/psr_aclk/U0'
Parsing XDC File [/data/tmp/chuxiao/spine_opt_v2_hw_150_20260728/temp/partitioned_split_e2e_link/link/vivado/vpl/prj/prj.gen/my_rm/bd/ulp/ip/ulp_hmss_0_0/bd_9/ip/ip_2/bd_b9c4_psr_aclk_0.xdc] for cell 'level0_i/ulp/hmss_0/inst/path_8/interconnect9_8/inst/clk_map/psr_aclk/U0'
WARNING: [Vivado_Tcl 4-935] Waiver ID 'CDC-11' is a duplicate and will not be added again. [/data/tmp/chuxiao/spine_opt_v2_hw_150_20260728/temp/partitioned_split_e2e_link/link/vivado/vpl/prj/prj.gen/my_rm/bd/ulp/ip/ulp_hmss_0_0/bd_9/ip/ip_2/bd_b9c4_psr_aclk_0.xdc:50]
Finished Parsing XDC File [/data/tmp/chuxiao/spine_opt_v2_hw_150_20260728/temp/partitioned_split_e2e_link/link/vivado/vpl/prj/prj.gen/my_rm/bd/ulp/ip/ulp_hmss_0_0/bd_9/ip/ip_2/bd_b9c4_psr_aclk_0.xdc] for cell 'level0_i/ulp/hmss_0/inst/path_8/interconnect9_8/inst/clk_map/psr_aclk/U0'
Parsing XDC File [/data/tmp/chuxiao/spine_opt_v2_hw_150_20260728/temp/partitioned_split_e2e_link/link/vivado/vpl/prj/prj.gen/my_rm/bd/ulp/ip/ulp_hmss_0_0/bd_9/ip/ip_3/bd_b9c4_psr_aclk1_0_board.xdc] for cell 'level0_i/ulp/hmss_0/inst/path_8/interconnect9_8/inst/clk_map/psr_aclk1/U0'
Finished Parsing XDC File [/data/tmp/chuxiao/spine_opt_v2_hw_150_20260728/temp/partitioned_split_e2e_link/link/vivado/vpl/prj/prj.gen/my_rm/bd/ulp/ip/ulp_hmss_0_0/bd_9/ip/ip_3/bd_b9c4_psr_aclk1_0_board.xdc] for cell 'level0_i/ulp/hmss_0/inst/path_8/interconnect9_8/inst/clk_map/psr_aclk1/U0'
Parsing XDC File [/data/tmp/chuxiao/spine_opt_v2_hw_150_20260728/temp/partitioned_split_e2e_link/link/vivado/vpl/prj/prj.gen/my_rm/bd/ulp/ip/ulp_hmss_0_0/bd_9/ip/ip_3/bd_b9c4_psr_aclk1_0.xdc] for cell 'level0_i/ulp/hmss_0/inst/path_8/interconnect9_8/inst/clk_map/psr_aclk1/U0'
WARNING: [Vivado_Tcl 4-935] Waiver ID 'CDC-11' is a duplicate and will not be added again. [/data/tmp/chuxiao/spine_opt_v2_hw_150_20260728/temp/partitioned_split_e2e_link/link/vivado/vpl/prj/prj.gen/my_rm/bd/ulp/ip/ulp_hmss_0_0/bd_9/ip/ip_3/bd_b9c4_psr_aclk1_0.xdc:50]
Finished Parsing XDC File [/data/tmp/chuxiao/spine_opt_v2_hw_150_20260728/temp/partitioned_split_e2e_link/link/vivado/vpl/prj/prj.gen/my_rm/bd/ulp/ip/ulp_hmss_0_0/bd_9/ip/ip_3/bd_b9c4_psr_aclk1_0.xdc] for cell 'level0_i/ulp/hmss_0/inst/path_8/interconnect9_8/inst/clk_map/psr_aclk1/U0'
Parsing XDC File [/data/tmp/chuxiao/spine_opt_v2_hw_150_20260728/temp/partitioned_split_e2e_link/link/vivado/vpl/prj/prj.gen/my_rm/bd/ulp/ip/ulp_hmss_0_0/bd_9/ip/ip_8/bd_b9c4_sarn_0_clocks.xdc] for cell 'level0_i/ulp/hmss_0/inst/path_8/interconnect9_8/inst/s00_nodes/s00_ar_node/inst'
Finished Parsing XDC File [/data/tmp/chuxiao/spine_opt_v2_hw_150_20260728/temp/partitioned_split_e2e_link/link/vivado/vpl/prj/prj.gen/my_rm/bd/ulp/ip/ulp_hmss_0_0/bd_9/ip/ip_8/bd_b9c4_sarn_0_clocks.xdc] for cell 'level0_i/ulp/hmss_0/inst/path_8/interconnect9_8/inst/s00_nodes/s00_ar_node/inst'
Parsing XDC File [/data/tmp/chuxiao/spine_opt_v2_hw_150_20260728/temp/partitioned_split_e2e_link/link/vivado/vpl/prj/prj.gen/my_rm/bd/ulp/ip/ulp_hmss_0_0/bd_9/ip/ip_9/bd_b9c4_srn_0_clocks.xdc] for cell 'level0_i/ulp/hmss_0/inst/path_8/interconnect9_8/inst/s00_nodes/s00_r_node/inst'
WARNING: [Vivado_Tcl 4-935] Waiver ID 'CDC-1' is a duplicate and will not be added again. [/data/tmp/chuxiao/spine_opt_v2_hw_150_20260728/temp/partitioned_split_e2e_link/link/vivado/vpl/prj/prj.gen/my_rm/bd/ulp/ip/ulp_hmss_0_0/bd_9/ip/ip_9/bd_b9c4_srn_0_clocks.xdc:140]
WARNING: [Vivado_Tcl 4-935] Waiver ID 'CDC-1' is a duplicate and will not be added again. [/data/tmp/chuxiao/spine_opt_v2_hw_150_20260728/temp/partitioned_split_e2e_link/link/vivado/vpl/prj/prj.gen/my_rm/bd/ulp/ip/ulp_hmss_0_0/bd_9/ip/ip_9/bd_b9c4_srn_0_clocks.xdc:143]
WARNING: [Vivado_Tcl 4-935] Waiver ID 'CDC-1' is a duplicate and will not be added again. [/data/tmp/chuxiao/spine_opt_v2_hw_150_20260728/temp/partitioned_split_e2e_link/link/vivado/vpl/prj/prj.gen/my_rm/bd/ulp/ip/ulp_hmss_0_0/bd_9/ip/ip_9/bd_b9c4_srn_0_clocks.xdc:146]
WARNING: [Vivado_Tcl 4-935] Waiver ID 'CDC-1' is a duplicate and will not be added again. [/data/tmp/chuxiao/spine_opt_v2_hw_150_20260728/temp/partitioned_split_e2e_link/link/vivado/vpl/prj/prj.gen/my_rm/bd/ulp/ip/ulp_hmss_0_0/bd_9/ip/ip_9/bd_b9c4_srn_0_clocks.xdc:152]
WARNING: [Vivado_Tcl 4-935] Waiver ID 'CDC-1' is a duplicate and will not be added again. [/data/tmp/chuxiao/spine_opt_v2_hw_150_20260728/temp/partitioned_split_e2e_link/link/vivado/vpl/prj/prj.gen/my_rm/bd/ulp/ip/ulp_hmss_0_0/bd_9/ip/ip_9/bd_b9c4_srn_0_clocks.xdc:155]
Finished Parsing XDC File [/data/tmp/chuxiao/spine_opt_v2_hw_150_20260728/temp/partitioned_split_e2e_link/link/vivado/vpl/prj/prj.gen/my_rm/bd/ulp/ip/ulp_hmss_0_0/bd_9/ip/ip_9/bd_b9c4_srn_0_clocks.xdc] for cell 'level0_i/ulp/hmss_0/inst/path_8/interconnect9_8/inst/s00_nodes/s00_r_node/inst'
Parsing XDC File [/data/tmp/chuxiao/spine_opt_v2_hw_150_20260728/temp/partitioned_split_e2e_link/link/vivado/vpl/prj/prj.gen/my_rm/bd/ulp/ip/ulp_hmss_0_0/bd_9/ip/ip_10/bd_b9c4_sawn_0_clocks.xdc] for cell 'level0_i/ulp/hmss_0/inst/path_8/interconnect9_8/inst/s00_nodes/s00_aw_node/inst'
Finished Parsing XDC File [/data/tmp/chuxiao/spine_opt_v2_hw_150_20260728/temp/partitioned_split_e2e_link/link/vivado/vpl/prj/prj.gen/my_rm/bd/ulp/ip/ulp_hmss_0_0/bd_9/ip/ip_10/bd_b9c4_sawn_0_clocks.xdc] for cell 'level0_i/ulp/hmss_0/inst/path_8/interconnect9_8/inst/s00_nodes/s00_aw_node/inst'
Parsing XDC File [/data/tmp/chuxiao/spine_opt_v2_hw_150_20260728/temp/partitioned_split_e2e_link/link/vivado/vpl/prj/prj.gen/my_rm/bd/ulp/ip/ulp_hmss_0_0/bd_9/ip/ip_11/bd_b9c4_swn_0_clocks.xdc] for cell 'level0_i/ulp/hmss_0/inst/path_8/interconnect9_8/inst/s00_nodes/s00_w_node/inst'
Finished Parsing XDC File [/data/tmp/chuxiao/spine_opt_v2_hw_150_20260728/temp/partitioned_split_e2e_link/link/vivado/vpl/prj/prj.gen/my_rm/bd/ulp/ip/ulp_hmss_0_0/bd_9/ip/ip_11/bd_b9c4_swn_0_clocks.xdc] for cell 'level0_i/ulp/hmss_0/inst/path_8/interconnect9_8/inst/s00_nodes/s00_w_node/inst'
Parsing XDC File [/data/tmp/chuxiao/spine_opt_v2_hw_150_20260728/temp/partitioned_split_e2e_link/link/vivado/vpl/prj/prj.gen/my_rm/bd/ulp/ip/ulp_hmss_0_0/bd_9/ip/ip_12/bd_b9c4_sbn_0_clocks.xdc] for cell 'level0_i/ulp/hmss_0/inst/path_8/interconnect9_8/inst/s00_nodes/s00_b_node/inst'
Finished Parsing XDC File [/data/tmp/chuxiao/spine_opt_v2_hw_150_20260728/temp/partitioned_split_e2e_link/link/vivado/vpl/prj/prj.gen/my_rm/bd/ulp/ip/ulp_hmss_0_0/bd_9/ip/ip_12/bd_b9c4_sbn_0_clocks.xdc] for cell 'level0_i/ulp/hmss_0/inst/path_8/interconnect9_8/inst/s00_nodes/s00_b_node/inst'
Parsing XDC File [/data/tmp/chuxiao/spine_opt_v2_hw_150_20260728/temp/partitioned_split_e2e_link/link/vivado/vpl/prj/prj.gen/my_rm/bd/ulp/ip/ulp_hmss_0_0/bd_9/ip/ip_1/bd_b9c4_psr0_0_board.xdc] for cell 'level0_i/ulp/hmss_0/inst/path_8/interconnect9_8/inst/clk_map/psr0/U0'
Finished Parsing XDC File [/data/tmp/chuxiao/spine_opt_v2_hw_150_20260728/temp/partitioned_split_e2e_link/link/vivado/vpl/prj/prj.gen/my_rm/bd/ulp/ip/ulp_hmss_0_0/bd_9/ip/ip_1/bd_b9c4_psr0_0_board.xdc] for cell 'level0_i/ulp/hmss_0/inst/path_8/interconnect9_8/inst/clk_map/psr0/U0'
Parsing XDC File [/data/tmp/chuxiao/spine_opt_v2_hw_150_20260728/temp/partitioned_split_e2e_link/link/vivado/vpl/prj/prj.gen/my_rm/bd/ulp/ip/ulp_hmss_0_0/bd_10/ip/ip_1/bd_5dbf_psr0_0_board.xdc] for cell 'level0_i/ulp/hmss_0/inst/path_9/interconnect10_9/inst/clk_map/psr0/U0'
Finished Parsing XDC File [/data/tmp/chuxiao/spine_opt_v2_hw_150_20260728/temp/partitioned_split_e2e_link/link/vivado/vpl/prj/prj.gen/my_rm/bd/ulp/ip/ulp_hmss_0_0/bd_10/ip/ip_1/bd_5dbf_psr0_0_board.xdc] for cell 'level0_i/ulp/hmss_0/inst/path_9/interconnect10_9/inst/clk_map/psr0/U0'
Parsing XDC File [/data/tmp/chuxiao/spine_opt_v2_hw_150_20260728/temp/partitioned_split_e2e_link/link/vivado/vpl/prj/prj.gen/my_rm/bd/ulp/ip/ulp_hmss_0_0/bd_10/ip/ip_1/bd_5dbf_psr0_0.xdc] for cell 'level0_i/ulp/hmss_0/inst/path_9/interconnect10_9/inst/clk_map/psr0/U0'
WARNING: [Vivado_Tcl 4-935] Waiver ID 'CDC-11' is a duplicate and will not be added again. [/data/tmp/chuxiao/spine_opt_v2_hw_150_20260728/temp/partitioned_split_e2e_link/link/vivado/vpl/prj/prj.gen/my_rm/bd/ulp/ip/ulp_hmss_0_0/bd_10/ip/ip_1/bd_5dbf_psr0_0.xdc:50]
Finished Parsing XDC File [/data/tmp/chuxiao/spine_opt_v2_hw_150_20260728/temp/partitioned_split_e2e_link/link/vivado/vpl/prj/prj.gen/my_rm/bd/ulp/ip/ulp_hmss_0_0/bd_10/ip/ip_1/bd_5dbf_psr0_0.xdc] for cell 'level0_i/ulp/hmss_0/inst/path_9/interconnect10_9/inst/clk_map/psr0/U0'
Parsing XDC File [/data/tmp/chuxiao/spine_opt_v2_hw_150_20260728/temp/partitioned_split_e2e_link/link/vivado/vpl/prj/prj.gen/my_rm/bd/ulp/ip/ulp_hmss_0_0/bd_10/ip/ip_2/bd_5dbf_psr_aclk_0_board.xdc] for cell 'level0_i/ulp/hmss_0/inst/path_9/interconnect10_9/inst/clk_map/psr_aclk/U0'
Finished Parsing XDC File [/data/tmp/chuxiao/spine_opt_v2_hw_150_20260728/temp/partitioned_split_e2e_link/link/vivado/vpl/prj/prj.gen/my_rm/bd/ulp/ip/ulp_hmss_0_0/bd_10/ip/ip_2/bd_5dbf_psr_aclk_0_board.xdc] for cell 'level0_i/ulp/hmss_0/inst/path_9/interconnect10_9/inst/clk_map/psr_aclk/U0'
Parsing XDC File [/data/tmp/chuxiao/spine_opt_v2_hw_150_20260728/temp/partitioned_split_e2e_link/link/vivado/vpl/prj/prj.gen/my_rm/bd/ulp/ip/ulp_hmss_0_0/bd_10/ip/ip_2/bd_5dbf_psr_aclk_0.xdc] for cell 'level0_i/ulp/hmss_0/inst/path_9/interconnect10_9/inst/clk_map/psr_aclk/U0'
WARNING: [Vivado_Tcl 4-935] Waiver ID 'CDC-11' is a duplicate and will not be added again. [/data/tmp/chuxiao/spine_opt_v2_hw_150_20260728/temp/partitioned_split_e2e_link/link/vivado/vpl/prj/prj.gen/my_rm/bd/ulp/ip/ulp_hmss_0_0/bd_10/ip/ip_2/bd_5dbf_psr_aclk_0.xdc:50]
Finished Parsing XDC File [/data/tmp/chuxiao/spine_opt_v2_hw_150_20260728/temp/partitioned_split_e2e_link/link/vivado/vpl/prj/prj.gen/my_rm/bd/ulp/ip/ulp_hmss_0_0/bd_10/ip/ip_2/bd_5dbf_psr_aclk_0.xdc] for cell 'level0_i/ulp/hmss_0/inst/path_9/interconnect10_9/inst/clk_map/psr_aclk/U0'
Parsing XDC File [/data/tmp/chuxiao/spine_opt_v2_hw_150_20260728/temp/partitioned_split_e2e_link/link/vivado/vpl/prj/prj.gen/my_rm/bd/ulp/ip/ulp_hmss_0_0/bd_10/ip/ip_3/bd_5dbf_psr_aclk1_0_board.xdc] for cell 'level0_i/ulp/hmss_0/inst/path_9/interconnect10_9/inst/clk_map/psr_aclk1/U0'
Finished Parsing XDC File [/data/tmp/chuxiao/spine_opt_v2_hw_150_20260728/temp/partitioned_split_e2e_link/link/vivado/vpl/prj/prj.gen/my_rm/bd/ulp/ip/ulp_hmss_0_0/bd_10/ip/ip_3/bd_5dbf_psr_aclk1_0_board.xdc] for cell 'level0_i/ulp/hmss_0/inst/path_9/interconnect10_9/inst/clk_map/psr_aclk1/U0'
Parsing XDC File [/data/tmp/chuxiao/spine_opt_v2_hw_150_20260728/temp/partitioned_split_e2e_link/link/vivado/vpl/prj/prj.gen/my_rm/bd/ulp/ip/ulp_hmss_0_0/bd_10/ip/ip_3/bd_5dbf_psr_aclk1_0.xdc] for cell 'level0_i/ulp/hmss_0/inst/path_9/interconnect10_9/inst/clk_map/psr_aclk1/U0'
WARNING: [Vivado_Tcl 4-935] Waiver ID 'CDC-11' is a duplicate and will not be added again. [/data/tmp/chuxiao/spine_opt_v2_hw_150_20260728/temp/partitioned_split_e2e_link/link/vivado/vpl/prj/prj.gen/my_rm/bd/ulp/ip/ulp_hmss_0_0/bd_10/ip/ip_3/bd_5dbf_psr_aclk1_0.xdc:50]
Finished Parsing XDC File [/data/tmp/chuxiao/spine_opt_v2_hw_150_20260728/temp/partitioned_split_e2e_link/link/vivado/vpl/prj/prj.gen/my_rm/bd/ulp/ip/ulp_hmss_0_0/bd_10/ip/ip_3/bd_5dbf_psr_aclk1_0.xdc] for cell 'level0_i/ulp/hmss_0/inst/path_9/interconnect10_9/inst/clk_map/psr_aclk1/U0'
Parsing XDC File [/data/tmp/chuxiao/spine_opt_v2_hw_150_20260728/temp/partitioned_split_e2e_link/link/vivado/vpl/prj/prj.gen/my_rm/bd/ulp/ip/ulp_hmss_0_0/bd_10/ip/ip_8/bd_5dbf_sarn_0_clocks.xdc] for cell 'level0_i/ulp/hmss_0/inst/path_9/interconnect10_9/inst/s00_nodes/s00_ar_node/inst'
Finished Parsing XDC File [/data/tmp/chuxiao/spine_opt_v2_hw_150_20260728/temp/partitioned_split_e2e_link/link/vivado/vpl/prj/prj.gen/my_rm/bd/ulp/ip/ulp_hmss_0_0/bd_10/ip/ip_8/bd_5dbf_sarn_0_clocks.xdc] for cell 'level0_i/ulp/hmss_0/inst/path_9/interconnect10_9/inst/s00_nodes/s00_ar_node/inst'
Parsing XDC File [/data/tmp/chuxiao/spine_opt_v2_hw_150_20260728/temp/partitioned_split_e2e_link/link/vivado/vpl/prj/prj.gen/my_rm/bd/ulp/ip/ulp_hmss_0_0/bd_10/ip/ip_9/bd_5dbf_srn_0_clocks.xdc] for cell 'level0_i/ulp/hmss_0/inst/path_9/interconnect10_9/inst/s00_nodes/s00_r_node/inst'
WARNING: [Vivado_Tcl 4-935] Waiver ID 'CDC-1' is a duplicate and will not be added again. [/data/tmp/chuxiao/spine_opt_v2_hw_150_20260728/temp/partitioned_split_e2e_link/link/vivado/vpl/prj/prj.gen/my_rm/bd/ulp/ip/ulp_hmss_0_0/bd_10/ip/ip_9/bd_5dbf_srn_0_clocks.xdc:140]
WARNING: [Vivado_Tcl 4-935] Waiver ID 'CDC-1' is a duplicate and will not be added again. [/data/tmp/chuxiao/spine_opt_v2_hw_150_20260728/temp/partitioned_split_e2e_link/link/vivado/vpl/prj/prj.gen/my_rm/bd/ulp/ip/ulp_hmss_0_0/bd_10/ip/ip_9/bd_5dbf_srn_0_clocks.xdc:143]
WARNING: [Vivado_Tcl 4-935] Waiver ID 'CDC-1' is a duplicate and will not be added again. [/data/tmp/chuxiao/spine_opt_v2_hw_150_20260728/temp/partitioned_split_e2e_link/link/vivado/vpl/prj/prj.gen/my_rm/bd/ulp/ip/ulp_hmss_0_0/bd_10/ip/ip_9/bd_5dbf_srn_0_clocks.xdc:146]
WARNING: [Vivado_Tcl 4-935] Waiver ID 'CDC-1' is a duplicate and will not be added again. [/data/tmp/chuxiao/spine_opt_v2_hw_150_20260728/temp/partitioned_split_e2e_link/link/vivado/vpl/prj/prj.gen/my_rm/bd/ulp/ip/ulp_hmss_0_0/bd_10/ip/ip_9/bd_5dbf_srn_0_clocks.xdc:152]
WARNING: [Vivado_Tcl 4-935] Waiver ID 'CDC-1' is a duplicate and will not be added again. [/data/tmp/chuxiao/spine_opt_v2_hw_150_20260728/temp/partitioned_split_e2e_link/link/vivado/vpl/prj/prj.gen/my_rm/bd/ulp/ip/ulp_hmss_0_0/bd_10/ip/ip_9/bd_5dbf_srn_0_clocks.xdc:155]
Finished Parsing XDC File [/data/tmp/chuxiao/spine_opt_v2_hw_150_20260728/temp/partitioned_split_e2e_link/link/vivado/vpl/prj/prj.gen/my_rm/bd/ulp/ip/ulp_hmss_0_0/bd_10/ip/ip_9/bd_5dbf_srn_0_clocks.xdc] for cell 'level0_i/ulp/hmss_0/inst/path_9/interconnect10_9/inst/s00_nodes/s00_r_node/inst'
Parsing XDC File [/data/tmp/chuxiao/spine_opt_v2_hw_150_20260728/temp/partitioned_split_e2e_link/link/vivado/vpl/prj/prj.gen/my_rm/bd/ulp/ip/ulp_hmss_0_0/bd_10/ip/ip_10/bd_5dbf_sawn_0_clocks.xdc] for cell 'level0_i/ulp/hmss_0/inst/path_9/interconnect10_9/inst/s00_nodes/s00_aw_node/inst'
Finished Parsing XDC File [/data/tmp/chuxiao/spine_opt_v2_hw_150_20260728/temp/partitioned_split_e2e_link/link/vivado/vpl/prj/prj.gen/my_rm/bd/ulp/ip/ulp_hmss_0_0/bd_10/ip/ip_10/bd_5dbf_sawn_0_clocks.xdc] for cell 'level0_i/ulp/hmss_0/inst/path_9/interconnect10_9/inst/s00_nodes/s00_aw_node/inst'
Parsing XDC File [/data/tmp/chuxiao/spine_opt_v2_hw_150_20260728/temp/partitioned_split_e2e_link/link/vivado/vpl/prj/prj.gen/my_rm/bd/ulp/ip/ulp_hmss_0_0/bd_10/ip/ip_11/bd_5dbf_swn_0_clocks.xdc] for cell 'level0_i/ulp/hmss_0/inst/path_9/interconnect10_9/inst/s00_nodes/s00_w_node/inst'
Finished Parsing XDC File [/data/tmp/chuxiao/spine_opt_v2_hw_150_20260728/temp/partitioned_split_e2e_link/link/vivado/vpl/prj/prj.gen/my_rm/bd/ulp/ip/ulp_hmss_0_0/bd_10/ip/ip_11/bd_5dbf_swn_0_clocks.xdc] for cell 'level0_i/ulp/hmss_0/inst/path_9/interconnect10_9/inst/s00_nodes/s00_w_node/inst'
Parsing XDC File [/data/tmp/chuxiao/spine_opt_v2_hw_150_20260728/temp/partitioned_split_e2e_link/link/vivado/vpl/prj/prj.gen/my_rm/bd/ulp/ip/ulp_hmss_0_0/bd_8/ip/ip_1/bd_7ac9_psr0_0.xdc] for cell 'level0_i/ulp/hmss_0/inst/path_7/interconnect8_7/inst/clk_map/psr0/U0'
WARNING: [Vivado_Tcl 4-935] Waiver ID 'CDC-11' is a duplicate and will not be added again. [/data/tmp/chuxiao/spine_opt_v2_hw_150_20260728/temp/partitioned_split_e2e_link/link/vivado/vpl/prj/prj.gen/my_rm/bd/ulp/ip/ulp_hmss_0_0/bd_8/ip/ip_1/bd_7ac9_psr0_0.xdc:50]
Finished Parsing XDC File [/data/tmp/chuxiao/spine_opt_v2_hw_150_20260728/temp/partitioned_split_e2e_link/link/vivado/vpl/prj/prj.gen/my_rm/bd/ulp/ip/ulp_hmss_0_0/bd_8/ip/ip_1/bd_7ac9_psr0_0.xdc] for cell 'level0_i/ulp/hmss_0/inst/path_7/interconnect8_7/inst/clk_map/psr0/U0'
Parsing XDC File [/data/tmp/chuxiao/spine_opt_v2_hw_150_20260728/temp/partitioned_split_e2e_link/link/vivado/vpl/prj/prj.gen/my_rm/bd/ulp/ip/ulp_hmss_0_0/bd_7/ip/ip_2/bd_bbcc_psr_aclk_0.xdc] for cell 'level0_i/ulp/hmss_0/inst/path_6/interconnect7_6/inst/clk_map/psr_aclk/U0'
WARNING: [Vivado_Tcl 4-935] Waiver ID 'CDC-11' is a duplicate and will not be added again. [/data/tmp/chuxiao/spine_opt_v2_hw_150_20260728/temp/partitioned_split_e2e_link/link/vivado/vpl/prj/prj.gen/my_rm/bd/ulp/ip/ulp_hmss_0_0/bd_7/ip/ip_2/bd_bbcc_psr_aclk_0.xdc:50]
Finished Parsing XDC File [/data/tmp/chuxiao/spine_opt_v2_hw_150_20260728/temp/partitioned_split_e2e_link/link/vivado/vpl/prj/prj.gen/my_rm/bd/ulp/ip/ulp_hmss_0_0/bd_7/ip/ip_2/bd_bbcc_psr_aclk_0.xdc] for cell 'level0_i/ulp/hmss_0/inst/path_6/interconnect7_6/inst/clk_map/psr_aclk/U0'
Parsing XDC File [/data/tmp/chuxiao/spine_opt_v2_hw_150_20260728/temp/partitioned_split_e2e_link/link/vivado/vpl/prj/prj.gen/my_rm/bd/ulp/ip/ulp_hmss_0_0/bd_7/ip/ip_3/bd_bbcc_psr_aclk1_0_board.xdc] for cell 'level0_i/ulp/hmss_0/inst/path_6/interconnect7_6/inst/clk_map/psr_aclk1/U0'
Finished Parsing XDC File [/data/tmp/chuxiao/spine_opt_v2_hw_150_20260728/temp/partitioned_split_e2e_link/link/vivado/vpl/prj/prj.gen/my_rm/bd/ulp/ip/ulp_hmss_0_0/bd_7/ip/ip_3/bd_bbcc_psr_aclk1_0_board.xdc] for cell 'level0_i/ulp/hmss_0/inst/path_6/interconnect7_6/inst/clk_map/psr_aclk1/U0'
Parsing XDC File [/data/tmp/chuxiao/spine_opt_v2_hw_150_20260728/temp/partitioned_split_e2e_link/link/vivado/vpl/prj/prj.gen/my_rm/bd/ulp/ip/ulp_hmss_0_0/bd_7/ip/ip_3/bd_bbcc_psr_aclk1_0.xdc] for cell 'level0_i/ulp/hmss_0/inst/path_6/interconnect7_6/inst/clk_map/psr_aclk1/U0'
WARNING: [Vivado_Tcl 4-935] Waiver ID 'CDC-11' is a duplicate and will not be added again. [/data/tmp/chuxiao/spine_opt_v2_hw_150_20260728/temp/partitioned_split_e2e_link/link/vivado/vpl/prj/prj.gen/my_rm/bd/ulp/ip/ulp_hmss_0_0/bd_7/ip/ip_3/bd_bbcc_psr_aclk1_0.xdc:50]
Finished Parsing XDC File [/data/tmp/chuxiao/spine_opt_v2_hw_150_20260728/temp/partitioned_split_e2e_link/link/vivado/vpl/prj/prj.gen/my_rm/bd/ulp/ip/ulp_hmss_0_0/bd_7/ip/ip_3/bd_bbcc_psr_aclk1_0.xdc] for cell 'level0_i/ulp/hmss_0/inst/path_6/interconnect7_6/inst/clk_map/psr_aclk1/U0'
Parsing XDC File [/data/tmp/chuxiao/spine_opt_v2_hw_150_20260728/temp/partitioned_split_e2e_link/link/vivado/vpl/prj/prj.gen/my_rm/bd/ulp/ip/ulp_hmss_0_0/bd_7/ip/ip_8/bd_bbcc_sarn_0_clocks.xdc] for cell 'level0_i/ulp/hmss_0/inst/path_6/interconnect7_6/inst/s00_nodes/s00_ar_node/inst'
Finished Parsing XDC File [/data/tmp/chuxiao/spine_opt_v2_hw_150_20260728/temp/partitioned_split_e2e_link/link/vivado/vpl/prj/prj.gen/my_rm/bd/ulp/ip/ulp_hmss_0_0/bd_7/ip/ip_8/bd_bbcc_sarn_0_clocks.xdc] for cell 'level0_i/ulp/hmss_0/inst/path_6/interconnect7_6/inst/s00_nodes/s00_ar_node/inst'
Parsing XDC File [/data/tmp/chuxiao/spine_opt_v2_hw_150_20260728/temp/partitioned_split_e2e_link/link/vivado/vpl/prj/prj.gen/my_rm/bd/ulp/ip/ulp_hmss_0_0/bd_7/ip/ip_9/bd_bbcc_srn_0_clocks.xdc] for cell 'level0_i/ulp/hmss_0/inst/path_6/interconnect7_6/inst/s00_nodes/s00_r_node/inst'
WARNING: [Vivado_Tcl 4-935] Waiver ID 'CDC-1' is a duplicate and will not be added again. [/data/tmp/chuxiao/spine_opt_v2_hw_150_20260728/temp/partitioned_split_e2e_link/link/vivado/vpl/prj/prj.gen/my_rm/bd/ulp/ip/ulp_hmss_0_0/bd_7/ip/ip_9/bd_bbcc_srn_0_clocks.xdc:140]
WARNING: [Vivado_Tcl 4-935] Waiver ID 'CDC-1' is a duplicate and will not be added again. [/data/tmp/chuxiao/spine_opt_v2_hw_150_20260728/temp/partitioned_split_e2e_link/link/vivado/vpl/prj/prj.gen/my_rm/bd/ulp/ip/ulp_hmss_0_0/bd_7/ip/ip_9/bd_bbcc_srn_0_clocks.xdc:143]
WARNING: [Vivado_Tcl 4-935] Waiver ID 'CDC-1' is a duplicate and will not be added again. [/data/tmp/chuxiao/spine_opt_v2_hw_150_20260728/temp/partitioned_split_e2e_link/link/vivado/vpl/prj/prj.gen/my_rm/bd/ulp/ip/ulp_hmss_0_0/bd_7/ip/ip_9/bd_bbcc_srn_0_clocks.xdc:146]
WARNING: [Vivado_Tcl 4-935] Waiver ID 'CDC-1' is a duplicate and will not be added again. [/data/tmp/chuxiao/spine_opt_v2_hw_150_20260728/temp/partitioned_split_e2e_link/link/vivado/vpl/prj/prj.gen/my_rm/bd/ulp/ip/ulp_hmss_0_0/bd_7/ip/ip_9/bd_bbcc_srn_0_clocks.xdc:152]
WARNING: [Vivado_Tcl 4-935] Waiver ID 'CDC-1' is a duplicate and will not be added again. [/data/tmp/chuxiao/spine_opt_v2_hw_150_20260728/temp/partitioned_split_e2e_link/link/vivado/vpl/prj/prj.gen/my_rm/bd/ulp/ip/ulp_hmss_0_0/bd_7/ip/ip_9/bd_bbcc_srn_0_clocks.xdc:155]
Finished Parsing XDC File [/data/tmp/chuxiao/spine_opt_v2_hw_150_20260728/temp/partitioned_split_e2e_link/link/vivado/vpl/prj/prj.gen/my_rm/bd/ulp/ip/ulp_hmss_0_0/bd_7/ip/ip_9/bd_bbcc_srn_0_clocks.xdc] for cell 'level0_i/ulp/hmss_0/inst/path_6/interconnect7_6/inst/s00_nodes/s00_r_node/inst'
Parsing XDC File [/data/tmp/chuxiao/spine_opt_v2_hw_150_20260728/temp/partitioned_split_e2e_link/link/vivado/vpl/prj/prj.gen/my_rm/bd/ulp/ip/ulp_hmss_0_0/bd_7/ip/ip_10/bd_bbcc_sawn_0_clocks.xdc] for cell 'level0_i/ulp/hmss_0/inst/path_6/interconnect7_6/inst/s00_nodes/s00_aw_node/inst'
Finished Parsing XDC File [/data/tmp/chuxiao/spine_opt_v2_hw_150_20260728/temp/partitioned_split_e2e_link/link/vivado/vpl/prj/prj.gen/my_rm/bd/ulp/ip/ulp_hmss_0_0/bd_7/ip/ip_10/bd_bbcc_sawn_0_clocks.xdc] for cell 'level0_i/ulp/hmss_0/inst/path_6/interconnect7_6/inst/s00_nodes/s00_aw_node/inst'
Parsing XDC File [/data/tmp/chuxiao/spine_opt_v2_hw_150_20260728/temp/partitioned_split_e2e_link/link/vivado/vpl/prj/prj.gen/my_rm/bd/ulp/ip/ulp_hmss_0_0/bd_7/ip/ip_11/bd_bbcc_swn_0_clocks.xdc] for cell 'level0_i/ulp/hmss_0/inst/path_6/interconnect7_6/inst/s00_nodes/s00_w_node/inst'
Finished Parsing XDC File [/data/tmp/chuxiao/spine_opt_v2_hw_150_20260728/temp/partitioned_split_e2e_link/link/vivado/vpl/prj/prj.gen/my_rm/bd/ulp/ip/ulp_hmss_0_0/bd_7/ip/ip_11/bd_bbcc_swn_0_clocks.xdc] for cell 'level0_i/ulp/hmss_0/inst/path_6/interconnect7_6/inst/s00_nodes/s00_w_node/inst'
Parsing XDC File [/data/tmp/chuxiao/spine_opt_v2_hw_150_20260728/temp/partitioned_split_e2e_link/link/vivado/vpl/prj/prj.gen/my_rm/bd/ulp/ip/ulp_hmss_0_0/bd_7/ip/ip_12/bd_bbcc_sbn_0_clocks.xdc] for cell 'level0_i/ulp/hmss_0/inst/path_6/interconnect7_6/inst/s00_nodes/s00_b_node/inst'
Finished Parsing XDC File [/data/tmp/chuxiao/spine_opt_v2_hw_150_20260728/temp/partitioned_split_e2e_link/link/vivado/vpl/prj/prj.gen/my_rm/bd/ulp/ip/ulp_hmss_0_0/bd_7/ip/ip_12/bd_bbcc_sbn_0_clocks.xdc] for cell 'level0_i/ulp/hmss_0/inst/path_6/interconnect7_6/inst/s00_nodes/s00_b_node/inst'
Parsing XDC File [/data/tmp/chuxiao/spine_opt_v2_hw_150_20260728/temp/partitioned_split_e2e_link/link/vivado/vpl/prj/prj.gen/my_rm/bd/ulp/ip/ulp_hmss_0_0/bd_0/ip/ip_22/smartconnect.xdc] for cell 'level0_i/ulp/hmss_0/inst/path_6/interconnect7_6/inst'
WARNING: [Vivado_Tcl 4-919] Waiver ID 'CDC-1' -from list should not be empty. [/data/tmp/chuxiao/spine_opt_v2_hw_150_20260728/temp/partitioned_split_e2e_link/link/vivado/vpl/prj/prj.gen/my_rm/bd/ulp/ip/ulp_hmss_0_0/bd_0/ip/ip_22/smartconnect.xdc:1]
Finished Parsing XDC File [/data/tmp/chuxiao/spine_opt_v2_hw_150_20260728/temp/partitioned_split_e2e_link/link/vivado/vpl/prj/prj.gen/my_rm/bd/ulp/ip/ulp_hmss_0_0/bd_0/ip/ip_22/smartconnect.xdc] for cell 'level0_i/ulp/hmss_0/inst/path_6/interconnect7_6/inst'
Parsing XDC File [/data/tmp/chuxiao/spine_opt_v2_hw_150_20260728/temp/partitioned_split_e2e_link/link/vivado/vpl/prj/prj.gen/my_rm/bd/ulp/ip/ulp_hmss_0_0/bd_8/ip/ip_1/bd_7ac9_psr0_0_board.xdc] for cell 'level0_i/ulp/hmss_0/inst/path_7/interconnect8_7/inst/clk_map/psr0/U0'
Finished Parsing XDC File [/data/tmp/chuxiao/spine_opt_v2_hw_150_20260728/temp/partitioned_split_e2e_link/link/vivado/vpl/prj/prj.gen/my_rm/bd/ulp/ip/ulp_hmss_0_0/bd_8/ip/ip_1/bd_7ac9_psr0_0_board.xdc] for cell 'level0_i/ulp/hmss_0/inst/path_7/interconnect8_7/inst/clk_map/psr0/U0'
Parsing XDC File [/data/tmp/chuxiao/spine_opt_v2_hw_150_20260728/temp/partitioned_split_e2e_link/link/vivado/vpl/prj/prj.gen/my_rm/bd/ulp/ip/ulp_hmss_0_0/bd_10/ip/ip_12/bd_5dbf_sbn_0_clocks.xdc] for cell 'level0_i/ulp/hmss_0/inst/path_9/interconnect10_9/inst/s00_nodes/s00_b_node/inst'
Finished Parsing XDC File [/data/tmp/chuxiao/spine_opt_v2_hw_150_20260728/temp/partitioned_split_e2e_link/link/vivado/vpl/prj/prj.gen/my_rm/bd/ulp/ip/ulp_hmss_0_0/bd_10/ip/ip_12/bd_5dbf_sbn_0_clocks.xdc] for cell 'level0_i/ulp/hmss_0/inst/path_9/interconnect10_9/inst/s00_nodes/s00_b_node/inst'
Parsing XDC File [/data/tmp/chuxiao/spine_opt_v2_hw_150_20260728/temp/partitioned_split_e2e_link/link/vivado/vpl/prj/prj.gen/my_rm/bd/ulp/ip/ulp_hmss_0_0/bd_8/ip/ip_2/bd_7ac9_psr_aclk_0_board.xdc] for cell 'level0_i/ulp/hmss_0/inst/path_7/interconnect8_7/inst/clk_map/psr_aclk/U0'
Finished Parsing XDC File [/data/tmp/chuxiao/spine_opt_v2_hw_150_20260728/temp/partitioned_split_e2e_link/link/vivado/vpl/prj/prj.gen/my_rm/bd/ulp/ip/ulp_hmss_0_0/bd_8/ip/ip_2/bd_7ac9_psr_aclk_0_board.xdc] for cell 'level0_i/ulp/hmss_0/inst/path_7/interconnect8_7/inst/clk_map/psr_aclk/U0'
Parsing XDC File [/data/tmp/chuxiao/spine_opt_v2_hw_150_20260728/temp/partitioned_split_e2e_link/link/vivado/vpl/prj/prj.gen/my_rm/bd/ulp/ip/ulp_hmss_0_0/bd_8/ip/ip_2/bd_7ac9_psr_aclk_0.xdc] for cell 'level0_i/ulp/hmss_0/inst/path_7/interconnect8_7/inst/clk_map/psr_aclk/U0'
WARNING: [Vivado_Tcl 4-935] Waiver ID 'CDC-11' is a duplicate and will not be added again. [/data/tmp/chuxiao/spine_opt_v2_hw_150_20260728/temp/partitioned_split_e2e_link/link/vivado/vpl/prj/prj.gen/my_rm/bd/ulp/ip/ulp_hmss_0_0/bd_8/ip/ip_2/bd_7ac9_psr_aclk_0.xdc:50]
Finished Parsing XDC File [/data/tmp/chuxiao/spine_opt_v2_hw_150_20260728/temp/partitioned_split_e2e_link/link/vivado/vpl/prj/prj.gen/my_rm/bd/ulp/ip/ulp_hmss_0_0/bd_8/ip/ip_2/bd_7ac9_psr_aclk_0.xdc] for cell 'level0_i/ulp/hmss_0/inst/path_7/interconnect8_7/inst/clk_map/psr_aclk/U0'
Parsing XDC File [/data/tmp/chuxiao/spine_opt_v2_hw_150_20260728/temp/partitioned_split_e2e_link/link/vivado/vpl/prj/prj.gen/my_rm/bd/ulp/ip/ulp_hmss_0_0/bd_8/ip/ip_3/bd_7ac9_psr_aclk1_0_board.xdc] for cell 'level0_i/ulp/hmss_0/inst/path_7/interconnect8_7/inst/clk_map/psr_aclk1/U0'
Finished Parsing XDC File [/data/tmp/chuxiao/spine_opt_v2_hw_150_20260728/temp/partitioned_split_e2e_link/link/vivado/vpl/prj/prj.gen/my_rm/bd/ulp/ip/ulp_hmss_0_0/bd_8/ip/ip_3/bd_7ac9_psr_aclk1_0_board.xdc] for cell 'level0_i/ulp/hmss_0/inst/path_7/interconnect8_7/inst/clk_map/psr_aclk1/U0'
Parsing XDC File [/data/tmp/chuxiao/spine_opt_v2_hw_150_20260728/temp/partitioned_split_e2e_link/link/vivado/vpl/prj/prj.gen/my_rm/bd/ulp/ip/ulp_hmss_0_0/bd_8/ip/ip_3/bd_7ac9_psr_aclk1_0.xdc] for cell 'level0_i/ulp/hmss_0/inst/path_7/interconnect8_7/inst/clk_map/psr_aclk1/U0'
WARNING: [Vivado_Tcl 4-935] Waiver ID 'CDC-11' is a duplicate and will not be added again. [/data/tmp/chuxiao/spine_opt_v2_hw_150_20260728/temp/partitioned_split_e2e_link/link/vivado/vpl/prj/prj.gen/my_rm/bd/ulp/ip/ulp_hmss_0_0/bd_8/ip/ip_3/bd_7ac9_psr_aclk1_0.xdc:50]
Finished Parsing XDC File [/data/tmp/chuxiao/spine_opt_v2_hw_150_20260728/temp/partitioned_split_e2e_link/link/vivado/vpl/prj/prj.gen/my_rm/bd/ulp/ip/ulp_hmss_0_0/bd_8/ip/ip_3/bd_7ac9_psr_aclk1_0.xdc] for cell 'level0_i/ulp/hmss_0/inst/path_7/interconnect8_7/inst/clk_map/psr_aclk1/U0'
Parsing XDC File [/data/tmp/chuxiao/spine_opt_v2_hw_150_20260728/temp/partitioned_split_e2e_link/link/vivado/vpl/prj/prj.gen/my_rm/bd/ulp/ip/ulp_hmss_0_0/bd_8/ip/ip_8/bd_7ac9_sarn_0_clocks.xdc] for cell 'level0_i/ulp/hmss_0/inst/path_7/interconnect8_7/inst/s00_nodes/s00_ar_node/inst'
Finished Parsing XDC File [/data/tmp/chuxiao/spine_opt_v2_hw_150_20260728/temp/partitioned_split_e2e_link/link/vivado/vpl/prj/prj.gen/my_rm/bd/ulp/ip/ulp_hmss_0_0/bd_8/ip/ip_8/bd_7ac9_sarn_0_clocks.xdc] for cell 'level0_i/ulp/hmss_0/inst/path_7/interconnect8_7/inst/s00_nodes/s00_ar_node/inst'
Parsing XDC File [/data/tmp/chuxiao/spine_opt_v2_hw_150_20260728/temp/partitioned_split_e2e_link/link/vivado/vpl/prj/prj.gen/my_rm/bd/ulp/ip/ulp_hmss_0_0/bd_8/ip/ip_9/bd_7ac9_srn_0_clocks.xdc] for cell 'level0_i/ulp/hmss_0/inst/path_7/interconnect8_7/inst/s00_nodes/s00_r_node/inst'
WARNING: [Vivado_Tcl 4-935] Waiver ID 'CDC-1' is a duplicate and will not be added again. [/data/tmp/chuxiao/spine_opt_v2_hw_150_20260728/temp/partitioned_split_e2e_link/link/vivado/vpl/prj/prj.gen/my_rm/bd/ulp/ip/ulp_hmss_0_0/bd_8/ip/ip_9/bd_7ac9_srn_0_clocks.xdc:140]
WARNING: [Vivado_Tcl 4-935] Waiver ID 'CDC-1' is a duplicate and will not be added again. [/data/tmp/chuxiao/spine_opt_v2_hw_150_20260728/temp/partitioned_split_e2e_link/link/vivado/vpl/prj/prj.gen/my_rm/bd/ulp/ip/ulp_hmss_0_0/bd_8/ip/ip_9/bd_7ac9_srn_0_clocks.xdc:143]
WARNING: [Vivado_Tcl 4-935] Waiver ID 'CDC-1' is a duplicate and will not be added again. [/data/tmp/chuxiao/spine_opt_v2_hw_150_20260728/temp/partitioned_split_e2e_link/link/vivado/vpl/prj/prj.gen/my_rm/bd/ulp/ip/ulp_hmss_0_0/bd_8/ip/ip_9/bd_7ac9_srn_0_clocks.xdc:146]
WARNING: [Vivado_Tcl 4-935] Waiver ID 'CDC-1' is a duplicate and will not be added again. [/data/tmp/chuxiao/spine_opt_v2_hw_150_20260728/temp/partitioned_split_e2e_link/link/vivado/vpl/prj/prj.gen/my_rm/bd/ulp/ip/ulp_hmss_0_0/bd_8/ip/ip_9/bd_7ac9_srn_0_clocks.xdc:152]
WARNING: [Vivado_Tcl 4-935] Waiver ID 'CDC-1' is a duplicate and will not be added again. [/data/tmp/chuxiao/spine_opt_v2_hw_150_20260728/temp/partitioned_split_e2e_link/link/vivado/vpl/prj/prj.gen/my_rm/bd/ulp/ip/ulp_hmss_0_0/bd_8/ip/ip_9/bd_7ac9_srn_0_clocks.xdc:155]
Finished Parsing XDC File [/data/tmp/chuxiao/spine_opt_v2_hw_150_20260728/temp/partitioned_split_e2e_link/link/vivado/vpl/prj/prj.gen/my_rm/bd/ulp/ip/ulp_hmss_0_0/bd_8/ip/ip_9/bd_7ac9_srn_0_clocks.xdc] for cell 'level0_i/ulp/hmss_0/inst/path_7/interconnect8_7/inst/s00_nodes/s00_r_node/inst'
Parsing XDC File [/data/tmp/chuxiao/spine_opt_v2_hw_150_20260728/temp/partitioned_split_e2e_link/link/vivado/vpl/prj/prj.gen/my_rm/bd/ulp/ip/ulp_hmss_0_0/bd_8/ip/ip_10/bd_7ac9_sawn_0_clocks.xdc] for cell 'level0_i/ulp/hmss_0/inst/path_7/interconnect8_7/inst/s00_nodes/s00_aw_node/inst'
Finished Parsing XDC File [/data/tmp/chuxiao/spine_opt_v2_hw_150_20260728/temp/partitioned_split_e2e_link/link/vivado/vpl/prj/prj.gen/my_rm/bd/ulp/ip/ulp_hmss_0_0/bd_8/ip/ip_10/bd_7ac9_sawn_0_clocks.xdc] for cell 'level0_i/ulp/hmss_0/inst/path_7/interconnect8_7/inst/s00_nodes/s00_aw_node/inst'
Parsing XDC File [/data/tmp/chuxiao/spine_opt_v2_hw_150_20260728/temp/partitioned_split_e2e_link/link/vivado/vpl/prj/prj.gen/my_rm/bd/ulp/ip/ulp_hmss_0_0/bd_8/ip/ip_11/bd_7ac9_swn_0_clocks.xdc] for cell 'level0_i/ulp/hmss_0/inst/path_7/interconnect8_7/inst/s00_nodes/s00_w_node/inst'
Finished Parsing XDC File [/data/tmp/chuxiao/spine_opt_v2_hw_150_20260728/temp/partitioned_split_e2e_link/link/vivado/vpl/prj/prj.gen/my_rm/bd/ulp/ip/ulp_hmss_0_0/bd_8/ip/ip_11/bd_7ac9_swn_0_clocks.xdc] for cell 'level0_i/ulp/hmss_0/inst/path_7/interconnect8_7/inst/s00_nodes/s00_w_node/inst'
Parsing XDC File [/data/tmp/chuxiao/spine_opt_v2_hw_150_20260728/temp/partitioned_split_e2e_link/link/vivado/vpl/prj/prj.gen/my_rm/bd/ulp/ip/ulp_hmss_0_0/bd_8/ip/ip_12/bd_7ac9_sbn_0_clocks.xdc] for cell 'level0_i/ulp/hmss_0/inst/path_7/interconnect8_7/inst/s00_nodes/s00_b_node/inst'
Finished Parsing XDC File [/data/tmp/chuxiao/spine_opt_v2_hw_150_20260728/temp/partitioned_split_e2e_link/link/vivado/vpl/prj/prj.gen/my_rm/bd/ulp/ip/ulp_hmss_0_0/bd_8/ip/ip_12/bd_7ac9_sbn_0_clocks.xdc] for cell 'level0_i/ulp/hmss_0/inst/path_7/interconnect8_7/inst/s00_nodes/s00_b_node/inst'
Parsing XDC File [/data/tmp/chuxiao/spine_opt_v2_hw_150_20260728/temp/partitioned_split_e2e_link/link/vivado/vpl/prj/prj.gen/my_rm/bd/ulp/ip/ulp_hmss_0_0/bd_0/ip/ip_25/smartconnect.xdc] for cell 'level0_i/ulp/hmss_0/inst/path_7/interconnect8_7/inst'
WARNING: [Vivado_Tcl 4-919] Waiver ID 'CDC-1' -from list should not be empty. [/data/tmp/chuxiao/spine_opt_v2_hw_150_20260728/temp/partitioned_split_e2e_link/link/vivado/vpl/prj/prj.gen/my_rm/bd/ulp/ip/ulp_hmss_0_0/bd_0/ip/ip_25/smartconnect.xdc:1]
Finished Parsing XDC File [/data/tmp/chuxiao/spine_opt_v2_hw_150_20260728/temp/partitioned_split_e2e_link/link/vivado/vpl/prj/prj.gen/my_rm/bd/ulp/ip/ulp_hmss_0_0/bd_0/ip/ip_25/smartconnect.xdc] for cell 'level0_i/ulp/hmss_0/inst/path_7/interconnect8_7/inst'
Parsing XDC File [/data/tmp/chuxiao/spine_opt_v2_hw_150_20260728/temp/partitioned_split_e2e_link/link/vivado/vpl/prj/prj.gen/my_rm/bd/ulp/ip/ulp_hmss_0_0/bd_13/ip/ip_9/bd_daa2_srn_0_clocks.xdc] for cell 'level0_i/ulp/hmss_0/inst/path_12/interconnect13_12/inst/s00_nodes/s00_r_node/inst'
WARNING: [Vivado_Tcl 4-935] Waiver ID 'CDC-1' is a duplicate and will not be added again. [/data/tmp/chuxiao/spine_opt_v2_hw_150_20260728/temp/partitioned_split_e2e_link/link/vivado/vpl/prj/prj.gen/my_rm/bd/ulp/ip/ulp_hmss_0_0/bd_13/ip/ip_9/bd_daa2_srn_0_clocks.xdc:140]
WARNING: [Vivado_Tcl 4-935] Waiver ID 'CDC-1' is a duplicate and will not be added again. [/data/tmp/chuxiao/spine_opt_v2_hw_150_20260728/temp/partitioned_split_e2e_link/link/vivado/vpl/prj/prj.gen/my_rm/bd/ulp/ip/ulp_hmss_0_0/bd_13/ip/ip_9/bd_daa2_srn_0_clocks.xdc:143]
WARNING: [Vivado_Tcl 4-935] Waiver ID 'CDC-1' is a duplicate and will not be added again. [/data/tmp/chuxiao/spine_opt_v2_hw_150_20260728/temp/partitioned_split_e2e_link/link/vivado/vpl/prj/prj.gen/my_rm/bd/ulp/ip/ulp_hmss_0_0/bd_13/ip/ip_9/bd_daa2_srn_0_clocks.xdc:146]
WARNING: [Vivado_Tcl 4-935] Waiver ID 'CDC-1' is a duplicate and will not be added again. [/data/tmp/chuxiao/spine_opt_v2_hw_150_20260728/temp/partitioned_split_e2e_link/link/vivado/vpl/prj/prj.gen/my_rm/bd/ulp/ip/ulp_hmss_0_0/bd_13/ip/ip_9/bd_daa2_srn_0_clocks.xdc:152]
WARNING: [Vivado_Tcl 4-935] Waiver ID 'CDC-1' is a duplicate and will not be added again. [/data/tmp/chuxiao/spine_opt_v2_hw_150_20260728/temp/partitioned_split_e2e_link/link/vivado/vpl/prj/prj.gen/my_rm/bd/ulp/ip/ulp_hmss_0_0/bd_13/ip/ip_9/bd_daa2_srn_0_clocks.xdc:155]
Finished Parsing XDC File [/data/tmp/chuxiao/spine_opt_v2_hw_150_20260728/temp/partitioned_split_e2e_link/link/vivado/vpl/prj/prj.gen/my_rm/bd/ulp/ip/ulp_hmss_0_0/bd_13/ip/ip_9/bd_daa2_srn_0_clocks.xdc] for cell 'level0_i/ulp/hmss_0/inst/path_12/interconnect13_12/inst/s00_nodes/s00_r_node/inst'
Parsing XDC File [/data/tmp/chuxiao/spine_opt_v2_hw_150_20260728/temp/partitioned_split_e2e_link/link/vivado/vpl/prj/prj.gen/my_rm/bd/ulp/ip/ulp_hmss_0_0/bd_12/ip/ip_11/bd_0b53_swn_0_clocks.xdc] for cell 'level0_i/ulp/hmss_0/inst/path_11/interconnect12_11/inst/s00_nodes/s00_w_node/inst'
Finished Parsing XDC File [/data/tmp/chuxiao/spine_opt_v2_hw_150_20260728/temp/partitioned_split_e2e_link/link/vivado/vpl/prj/prj.gen/my_rm/bd/ulp/ip/ulp_hmss_0_0/bd_12/ip/ip_11/bd_0b53_swn_0_clocks.xdc] for cell 'level0_i/ulp/hmss_0/inst/path_11/interconnect12_11/inst/s00_nodes/s00_w_node/inst'
Parsing XDC File [/data/tmp/chuxiao/spine_opt_v2_hw_150_20260728/temp/partitioned_split_e2e_link/link/vivado/vpl/prj/prj.gen/my_rm/bd/ulp/ip/ulp_hmss_0_0/bd_12/ip/ip_12/bd_0b53_sbn_0_clocks.xdc] for cell 'level0_i/ulp/hmss_0/inst/path_11/interconnect12_11/inst/s00_nodes/s00_b_node/inst'
Finished Parsing XDC File [/data/tmp/chuxiao/spine_opt_v2_hw_150_20260728/temp/partitioned_split_e2e_link/link/vivado/vpl/prj/prj.gen/my_rm/bd/ulp/ip/ulp_hmss_0_0/bd_12/ip/ip_12/bd_0b53_sbn_0_clocks.xdc] for cell 'level0_i/ulp/hmss_0/inst/path_11/interconnect12_11/inst/s00_nodes/s00_b_node/inst'
Parsing XDC File [/data/tmp/chuxiao/spine_opt_v2_hw_150_20260728/temp/partitioned_split_e2e_link/link/vivado/vpl/prj/prj.gen/my_rm/bd/ulp/ip/ulp_hmss_0_0/bd_0/ip/ip_37/smartconnect.xdc] for cell 'level0_i/ulp/hmss_0/inst/path_11/interconnect12_11/inst'
WARNING: [Vivado_Tcl 4-919] Waiver ID 'CDC-1' -from list should not be empty. [/data/tmp/chuxiao/spine_opt_v2_hw_150_20260728/temp/partitioned_split_e2e_link/link/vivado/vpl/prj/prj.gen/my_rm/bd/ulp/ip/ulp_hmss_0_0/bd_0/ip/ip_37/smartconnect.xdc:1]
Finished Parsing XDC File [/data/tmp/chuxiao/spine_opt_v2_hw_150_20260728/temp/partitioned_split_e2e_link/link/vivado/vpl/prj/prj.gen/my_rm/bd/ulp/ip/ulp_hmss_0_0/bd_0/ip/ip_37/smartconnect.xdc] for cell 'level0_i/ulp/hmss_0/inst/path_11/interconnect12_11/inst'
Parsing XDC File [/data/tmp/chuxiao/spine_opt_v2_hw_150_20260728/temp/partitioned_split_e2e_link/link/vivado/vpl/prj/prj.gen/my_rm/bd/ulp/ip/ulp_hmss_0_0/bd_13/ip/ip_1/bd_daa2_psr0_0_board.xdc] for cell 'level0_i/ulp/hmss_0/inst/path_12/interconnect13_12/inst/clk_map/psr0/U0'
Finished Parsing XDC File [/data/tmp/chuxiao/spine_opt_v2_hw_150_20260728/temp/partitioned_split_e2e_link/link/vivado/vpl/prj/prj.gen/my_rm/bd/ulp/ip/ulp_hmss_0_0/bd_13/ip/ip_1/bd_daa2_psr0_0_board.xdc] for cell 'level0_i/ulp/hmss_0/inst/path_12/interconnect13_12/inst/clk_map/psr0/U0'
Parsing XDC File [/data/tmp/chuxiao/spine_opt_v2_hw_150_20260728/temp/partitioned_split_e2e_link/link/vivado/vpl/prj/prj.gen/my_rm/bd/ulp/ip/ulp_hmss_0_0/bd_13/ip/ip_1/bd_daa2_psr0_0.xdc] for cell 'level0_i/ulp/hmss_0/inst/path_12/interconnect13_12/inst/clk_map/psr0/U0'
WARNING: [Vivado_Tcl 4-935] Waiver ID 'CDC-11' is a duplicate and will not be added again. [/data/tmp/chuxiao/spine_opt_v2_hw_150_20260728/temp/partitioned_split_e2e_link/link/vivado/vpl/prj/prj.gen/my_rm/bd/ulp/ip/ulp_hmss_0_0/bd_13/ip/ip_1/bd_daa2_psr0_0.xdc:50]
Finished Parsing XDC File [/data/tmp/chuxiao/spine_opt_v2_hw_150_20260728/temp/partitioned_split_e2e_link/link/vivado/vpl/prj/prj.gen/my_rm/bd/ulp/ip/ulp_hmss_0_0/bd_13/ip/ip_1/bd_daa2_psr0_0.xdc] for cell 'level0_i/ulp/hmss_0/inst/path_12/interconnect13_12/inst/clk_map/psr0/U0'
Parsing XDC File [/data/tmp/chuxiao/spine_opt_v2_hw_150_20260728/temp/partitioned_split_e2e_link/link/vivado/vpl/prj/prj.gen/my_rm/bd/ulp/ip/ulp_hmss_0_0/bd_13/ip/ip_2/bd_daa2_psr_aclk_0_board.xdc] for cell 'level0_i/ulp/hmss_0/inst/path_12/interconnect13_12/inst/clk_map/psr_aclk/U0'
Finished Parsing XDC File [/data/tmp/chuxiao/spine_opt_v2_hw_150_20260728/temp/partitioned_split_e2e_link/link/vivado/vpl/prj/prj.gen/my_rm/bd/ulp/ip/ulp_hmss_0_0/bd_13/ip/ip_2/bd_daa2_psr_aclk_0_board.xdc] for cell 'level0_i/ulp/hmss_0/inst/path_12/interconnect13_12/inst/clk_map/psr_aclk/U0'
Parsing XDC File [/data/tmp/chuxiao/spine_opt_v2_hw_150_20260728/temp/partitioned_split_e2e_link/link/vivado/vpl/prj/prj.gen/my_rm/bd/ulp/ip/ulp_hmss_0_0/bd_13/ip/ip_2/bd_daa2_psr_aclk_0.xdc] for cell 'level0_i/ulp/hmss_0/inst/path_12/interconnect13_12/inst/clk_map/psr_aclk/U0'
WARNING: [Vivado_Tcl 4-935] Waiver ID 'CDC-11' is a duplicate and will not be added again. [/data/tmp/chuxiao/spine_opt_v2_hw_150_20260728/temp/partitioned_split_e2e_link/link/vivado/vpl/prj/prj.gen/my_rm/bd/ulp/ip/ulp_hmss_0_0/bd_13/ip/ip_2/bd_daa2_psr_aclk_0.xdc:50]
Finished Parsing XDC File [/data/tmp/chuxiao/spine_opt_v2_hw_150_20260728/temp/partitioned_split_e2e_link/link/vivado/vpl/prj/prj.gen/my_rm/bd/ulp/ip/ulp_hmss_0_0/bd_13/ip/ip_2/bd_daa2_psr_aclk_0.xdc] for cell 'level0_i/ulp/hmss_0/inst/path_12/interconnect13_12/inst/clk_map/psr_aclk/U0'
Parsing XDC File [/data/tmp/chuxiao/spine_opt_v2_hw_150_20260728/temp/partitioned_split_e2e_link/link/vivado/vpl/prj/prj.gen/my_rm/bd/ulp/ip/ulp_hmss_0_0/bd_13/ip/ip_3/bd_daa2_psr_aclk1_0_board.xdc] for cell 'level0_i/ulp/hmss_0/inst/path_12/interconnect13_12/inst/clk_map/psr_aclk1/U0'
Finished Parsing XDC File [/data/tmp/chuxiao/spine_opt_v2_hw_150_20260728/temp/partitioned_split_e2e_link/link/vivado/vpl/prj/prj.gen/my_rm/bd/ulp/ip/ulp_hmss_0_0/bd_13/ip/ip_3/bd_daa2_psr_aclk1_0_board.xdc] for cell 'level0_i/ulp/hmss_0/inst/path_12/interconnect13_12/inst/clk_map/psr_aclk1/U0'
Parsing XDC File [/data/tmp/chuxiao/spine_opt_v2_hw_150_20260728/temp/partitioned_split_e2e_link/link/vivado/vpl/prj/prj.gen/my_rm/bd/ulp/ip/ulp_hmss_0_0/bd_13/ip/ip_3/bd_daa2_psr_aclk1_0.xdc] for cell 'level0_i/ulp/hmss_0/inst/path_12/interconnect13_12/inst/clk_map/psr_aclk1/U0'
WARNING: [Vivado_Tcl 4-935] Waiver ID 'CDC-11' is a duplicate and will not be added again. [/data/tmp/chuxiao/spine_opt_v2_hw_150_20260728/temp/partitioned_split_e2e_link/link/vivado/vpl/prj/prj.gen/my_rm/bd/ulp/ip/ulp_hmss_0_0/bd_13/ip/ip_3/bd_daa2_psr_aclk1_0.xdc:50]
Finished Parsing XDC File [/data/tmp/chuxiao/spine_opt_v2_hw_150_20260728/temp/partitioned_split_e2e_link/link/vivado/vpl/prj/prj.gen/my_rm/bd/ulp/ip/ulp_hmss_0_0/bd_13/ip/ip_3/bd_daa2_psr_aclk1_0.xdc] for cell 'level0_i/ulp/hmss_0/inst/path_12/interconnect13_12/inst/clk_map/psr_aclk1/U0'
Parsing XDC File [/data/tmp/chuxiao/spine_opt_v2_hw_150_20260728/temp/partitioned_split_e2e_link/link/vivado/vpl/prj/prj.gen/my_rm/bd/ulp/ip/ulp_hmss_0_0/bd_13/ip/ip_8/bd_daa2_sarn_0_clocks.xdc] for cell 'level0_i/ulp/hmss_0/inst/path_12/interconnect13_12/inst/s00_nodes/s00_ar_node/inst'
Finished Parsing XDC File [/data/tmp/chuxiao/spine_opt_v2_hw_150_20260728/temp/partitioned_split_e2e_link/link/vivado/vpl/prj/prj.gen/my_rm/bd/ulp/ip/ulp_hmss_0_0/bd_13/ip/ip_8/bd_daa2_sarn_0_clocks.xdc] for cell 'level0_i/ulp/hmss_0/inst/path_12/interconnect13_12/inst/s00_nodes/s00_ar_node/inst'
Parsing XDC File [/data/tmp/chuxiao/spine_opt_v2_hw_150_20260728/temp/partitioned_split_e2e_link/link/vivado/vpl/prj/prj.gen/my_rm/bd/ulp/ip/ulp_hmss_0_0/bd_12/ip/ip_10/bd_0b53_sawn_0_clocks.xdc] for cell 'level0_i/ulp/hmss_0/inst/path_11/interconnect12_11/inst/s00_nodes/s00_aw_node/inst'
Finished Parsing XDC File [/data/tmp/chuxiao/spine_opt_v2_hw_150_20260728/temp/partitioned_split_e2e_link/link/vivado/vpl/prj/prj.gen/my_rm/bd/ulp/ip/ulp_hmss_0_0/bd_12/ip/ip_10/bd_0b53_sawn_0_clocks.xdc] for cell 'level0_i/ulp/hmss_0/inst/path_11/interconnect12_11/inst/s00_nodes/s00_aw_node/inst'
Parsing XDC File [/data/tmp/chuxiao/spine_opt_v2_hw_150_20260728/temp/partitioned_split_e2e_link/link/vivado/vpl/prj/prj.gen/my_rm/bd/ulp/ip/ulp_hmss_0_0/bd_13/ip/ip_10/bd_daa2_sawn_0_clocks.xdc] for cell 'level0_i/ulp/hmss_0/inst/path_12/interconnect13_12/inst/s00_nodes/s00_aw_node/inst'
Finished Parsing XDC File [/data/tmp/chuxiao/spine_opt_v2_hw_150_20260728/temp/partitioned_split_e2e_link/link/vivado/vpl/prj/prj.gen/my_rm/bd/ulp/ip/ulp_hmss_0_0/bd_13/ip/ip_10/bd_daa2_sawn_0_clocks.xdc] for cell 'level0_i/ulp/hmss_0/inst/path_12/interconnect13_12/inst/s00_nodes/s00_aw_node/inst'
Parsing XDC File [/data/tmp/chuxiao/spine_opt_v2_hw_150_20260728/temp/partitioned_split_e2e_link/link/vivado/vpl/prj/prj.gen/my_rm/bd/ulp/ip/ulp_hmss_0_0/bd_13/ip/ip_11/bd_daa2_swn_0_clocks.xdc] for cell 'level0_i/ulp/hmss_0/inst/path_12/interconnect13_12/inst/s00_nodes/s00_w_node/inst'
Finished Parsing XDC File [/data/tmp/chuxiao/spine_opt_v2_hw_150_20260728/temp/partitioned_split_e2e_link/link/vivado/vpl/prj/prj.gen/my_rm/bd/ulp/ip/ulp_hmss_0_0/bd_13/ip/ip_11/bd_daa2_swn_0_clocks.xdc] for cell 'level0_i/ulp/hmss_0/inst/path_12/interconnect13_12/inst/s00_nodes/s00_w_node/inst'
Parsing XDC File [/data/tmp/chuxiao/spine_opt_v2_hw_150_20260728/temp/partitioned_split_e2e_link/link/vivado/vpl/prj/prj.gen/my_rm/bd/ulp/ip/ulp_hmss_0_0/bd_13/ip/ip_12/bd_daa2_sbn_0_clocks.xdc] for cell 'level0_i/ulp/hmss_0/inst/path_12/interconnect13_12/inst/s00_nodes/s00_b_node/inst'
Finished Parsing XDC File [/data/tmp/chuxiao/spine_opt_v2_hw_150_20260728/temp/partitioned_split_e2e_link/link/vivado/vpl/prj/prj.gen/my_rm/bd/ulp/ip/ulp_hmss_0_0/bd_13/ip/ip_12/bd_daa2_sbn_0_clocks.xdc] for cell 'level0_i/ulp/hmss_0/inst/path_12/interconnect13_12/inst/s00_nodes/s00_b_node/inst'
Parsing XDC File [/data/tmp/chuxiao/spine_opt_v2_hw_150_20260728/temp/partitioned_split_e2e_link/link/vivado/vpl/prj/prj.gen/my_rm/bd/ulp/ip/ulp_hmss_0_0/bd_0/ip/ip_40/smartconnect.xdc] for cell 'level0_i/ulp/hmss_0/inst/path_12/interconnect13_12/inst'
WARNING: [Vivado_Tcl 4-919] Waiver ID 'CDC-1' -from list should not be empty. [/data/tmp/chuxiao/spine_opt_v2_hw_150_20260728/temp/partitioned_split_e2e_link/link/vivado/vpl/prj/prj.gen/my_rm/bd/ulp/ip/ulp_hmss_0_0/bd_0/ip/ip_40/smartconnect.xdc:1]
Finished Parsing XDC File [/data/tmp/chuxiao/spine_opt_v2_hw_150_20260728/temp/partitioned_split_e2e_link/link/vivado/vpl/prj/prj.gen/my_rm/bd/ulp/ip/ulp_hmss_0_0/bd_0/ip/ip_40/smartconnect.xdc] for cell 'level0_i/ulp/hmss_0/inst/path_12/interconnect13_12/inst'
Parsing XDC File [/data/tmp/chuxiao/spine_opt_v2_hw_150_20260728/temp/partitioned_split_e2e_link/link/vivado/vpl/prj/prj.gen/my_rm/bd/ulp/ip/ulp_hmss_0_0/bd_14/ip/ip_1/bd_adf2_psr0_0_board.xdc] for cell 'level0_i/ulp/hmss_0/inst/path_13/interconnect14_13/inst/clk_map/psr0/U0'
Finished Parsing XDC File [/data/tmp/chuxiao/spine_opt_v2_hw_150_20260728/temp/partitioned_split_e2e_link/link/vivado/vpl/prj/prj.gen/my_rm/bd/ulp/ip/ulp_hmss_0_0/bd_14/ip/ip_1/bd_adf2_psr0_0_board.xdc] for cell 'level0_i/ulp/hmss_0/inst/path_13/interconnect14_13/inst/clk_map/psr0/U0'
Parsing XDC File [/data/tmp/chuxiao/spine_opt_v2_hw_150_20260728/temp/partitioned_split_e2e_link/link/vivado/vpl/prj/prj.gen/my_rm/bd/ulp/ip/ulp_hmss_0_0/bd_14/ip/ip_1/bd_adf2_psr0_0.xdc] for cell 'level0_i/ulp/hmss_0/inst/path_13/interconnect14_13/inst/clk_map/psr0/U0'
WARNING: [Vivado_Tcl 4-935] Waiver ID 'CDC-11' is a duplicate and will not be added again. [/data/tmp/chuxiao/spine_opt_v2_hw_150_20260728/temp/partitioned_split_e2e_link/link/vivado/vpl/prj/prj.gen/my_rm/bd/ulp/ip/ulp_hmss_0_0/bd_14/ip/ip_1/bd_adf2_psr0_0.xdc:50]
Finished Parsing XDC File [/data/tmp/chuxiao/spine_opt_v2_hw_150_20260728/temp/partitioned_split_e2e_link/link/vivado/vpl/prj/prj.gen/my_rm/bd/ulp/ip/ulp_hmss_0_0/bd_14/ip/ip_1/bd_adf2_psr0_0.xdc] for cell 'level0_i/ulp/hmss_0/inst/path_13/interconnect14_13/inst/clk_map/psr0/U0'
Parsing XDC File [/data/tmp/chuxiao/spine_opt_v2_hw_150_20260728/temp/partitioned_split_e2e_link/link/vivado/vpl/prj/prj.gen/my_rm/bd/ulp/ip/ulp_hmss_0_0/bd_14/ip/ip_2/bd_adf2_psr_aclk_0_board.xdc] for cell 'level0_i/ulp/hmss_0/inst/path_13/interconnect14_13/inst/clk_map/psr_aclk/U0'
Finished Parsing XDC File [/data/tmp/chuxiao/spine_opt_v2_hw_150_20260728/temp/partitioned_split_e2e_link/link/vivado/vpl/prj/prj.gen/my_rm/bd/ulp/ip/ulp_hmss_0_0/bd_14/ip/ip_2/bd_adf2_psr_aclk_0_board.xdc] for cell 'level0_i/ulp/hmss_0/inst/path_13/interconnect14_13/inst/clk_map/psr_aclk/U0'
Parsing XDC File [/data/tmp/chuxiao/spine_opt_v2_hw_150_20260728/temp/partitioned_split_e2e_link/link/vivado/vpl/prj/prj.gen/my_rm/bd/ulp/ip/ulp_hmss_0_0/bd_14/ip/ip_2/bd_adf2_psr_aclk_0.xdc] for cell 'level0_i/ulp/hmss_0/inst/path_13/interconnect14_13/inst/clk_map/psr_aclk/U0'
WARNING: [Vivado_Tcl 4-935] Waiver ID 'CDC-11' is a duplicate and will not be added again. [/data/tmp/chuxiao/spine_opt_v2_hw_150_20260728/temp/partitioned_split_e2e_link/link/vivado/vpl/prj/prj.gen/my_rm/bd/ulp/ip/ulp_hmss_0_0/bd_14/ip/ip_2/bd_adf2_psr_aclk_0.xdc:50]
Finished Parsing XDC File [/data/tmp/chuxiao/spine_opt_v2_hw_150_20260728/temp/partitioned_split_e2e_link/link/vivado/vpl/prj/prj.gen/my_rm/bd/ulp/ip/ulp_hmss_0_0/bd_14/ip/ip_2/bd_adf2_psr_aclk_0.xdc] for cell 'level0_i/ulp/hmss_0/inst/path_13/interconnect14_13/inst/clk_map/psr_aclk/U0'
Parsing XDC File [/data/tmp/chuxiao/spine_opt_v2_hw_150_20260728/temp/partitioned_split_e2e_link/link/vivado/vpl/prj/prj.gen/my_rm/bd/ulp/ip/ulp_hmss_0_0/bd_14/ip/ip_3/bd_adf2_psr_aclk1_0_board.xdc] for cell 'level0_i/ulp/hmss_0/inst/path_13/interconnect14_13/inst/clk_map/psr_aclk1/U0'
Finished Parsing XDC File [/data/tmp/chuxiao/spine_opt_v2_hw_150_20260728/temp/partitioned_split_e2e_link/link/vivado/vpl/prj/prj.gen/my_rm/bd/ulp/ip/ulp_hmss_0_0/bd_14/ip/ip_3/bd_adf2_psr_aclk1_0_board.xdc] for cell 'level0_i/ulp/hmss_0/inst/path_13/interconnect14_13/inst/clk_map/psr_aclk1/U0'
Parsing XDC File [/data/tmp/chuxiao/spine_opt_v2_hw_150_20260728/temp/partitioned_split_e2e_link/link/vivado/vpl/prj/prj.gen/my_rm/bd/ulp/ip/ulp_hmss_0_0/bd_14/ip/ip_3/bd_adf2_psr_aclk1_0.xdc] for cell 'level0_i/ulp/hmss_0/inst/path_13/interconnect14_13/inst/clk_map/psr_aclk1/U0'
WARNING: [Vivado_Tcl 4-935] Waiver ID 'CDC-11' is a duplicate and will not be added again. [/data/tmp/chuxiao/spine_opt_v2_hw_150_20260728/temp/partitioned_split_e2e_link/link/vivado/vpl/prj/prj.gen/my_rm/bd/ulp/ip/ulp_hmss_0_0/bd_14/ip/ip_3/bd_adf2_psr_aclk1_0.xdc:50]
Finished Parsing XDC File [/data/tmp/chuxiao/spine_opt_v2_hw_150_20260728/temp/partitioned_split_e2e_link/link/vivado/vpl/prj/prj.gen/my_rm/bd/ulp/ip/ulp_hmss_0_0/bd_14/ip/ip_3/bd_adf2_psr_aclk1_0.xdc] for cell 'level0_i/ulp/hmss_0/inst/path_13/interconnect14_13/inst/clk_map/psr_aclk1/U0'
Parsing XDC File [/data/tmp/chuxiao/spine_opt_v2_hw_150_20260728/temp/partitioned_split_e2e_link/link/vivado/vpl/prj/prj.gen/my_rm/bd/ulp/ip/ulp_hmss_0_0/bd_11/ip/ip_11/bd_f802_swn_0_clocks.xdc] for cell 'level0_i/ulp/hmss_0/inst/path_10/interconnect11_10/inst/s00_nodes/s00_w_node/inst'
Finished Parsing XDC File [/data/tmp/chuxiao/spine_opt_v2_hw_150_20260728/temp/partitioned_split_e2e_link/link/vivado/vpl/prj/prj.gen/my_rm/bd/ulp/ip/ulp_hmss_0_0/bd_11/ip/ip_11/bd_f802_swn_0_clocks.xdc] for cell 'level0_i/ulp/hmss_0/inst/path_10/interconnect11_10/inst/s00_nodes/s00_w_node/inst'
Parsing XDC File [/data/tmp/chuxiao/spine_opt_v2_hw_150_20260728/temp/partitioned_split_e2e_link/link/vivado/vpl/prj/prj.gen/my_rm/bd/ulp/ip/ulp_hmss_0_0/bd_0/ip/ip_31/smartconnect.xdc] for cell 'level0_i/ulp/hmss_0/inst/path_9/interconnect10_9/inst'
WARNING: [Vivado_Tcl 4-919] Waiver ID 'CDC-1' -from list should not be empty. [/data/tmp/chuxiao/spine_opt_v2_hw_150_20260728/temp/partitioned_split_e2e_link/link/vivado/vpl/prj/prj.gen/my_rm/bd/ulp/ip/ulp_hmss_0_0/bd_0/ip/ip_31/smartconnect.xdc:1]
Finished Parsing XDC File [/data/tmp/chuxiao/spine_opt_v2_hw_150_20260728/temp/partitioned_split_e2e_link/link/vivado/vpl/prj/prj.gen/my_rm/bd/ulp/ip/ulp_hmss_0_0/bd_0/ip/ip_31/smartconnect.xdc] for cell 'level0_i/ulp/hmss_0/inst/path_9/interconnect10_9/inst'
Parsing XDC File [/data/tmp/chuxiao/spine_opt_v2_hw_150_20260728/temp/partitioned_split_e2e_link/link/vivado/vpl/prj/prj.gen/my_rm/bd/ulp/ip/ulp_hmss_0_0/bd_11/ip/ip_1/bd_f802_psr0_0_board.xdc] for cell 'level0_i/ulp/hmss_0/inst/path_10/interconnect11_10/inst/clk_map/psr0/U0'
Finished Parsing XDC File [/data/tmp/chuxiao/spine_opt_v2_hw_150_20260728/temp/partitioned_split_e2e_link/link/vivado/vpl/prj/prj.gen/my_rm/bd/ulp/ip/ulp_hmss_0_0/bd_11/ip/ip_1/bd_f802_psr0_0_board.xdc] for cell 'level0_i/ulp/hmss_0/inst/path_10/interconnect11_10/inst/clk_map/psr0/U0'
Parsing XDC File [/data/tmp/chuxiao/spine_opt_v2_hw_150_20260728/temp/partitioned_split_e2e_link/link/vivado/vpl/prj/prj.gen/my_rm/bd/ulp/ip/ulp_hmss_0_0/bd_11/ip/ip_1/bd_f802_psr0_0.xdc] for cell 'level0_i/ulp/hmss_0/inst/path_10/interconnect11_10/inst/clk_map/psr0/U0'
WARNING: [Vivado_Tcl 4-935] Waiver ID 'CDC-11' is a duplicate and will not be added again. [/data/tmp/chuxiao/spine_opt_v2_hw_150_20260728/temp/partitioned_split_e2e_link/link/vivado/vpl/prj/prj.gen/my_rm/bd/ulp/ip/ulp_hmss_0_0/bd_11/ip/ip_1/bd_f802_psr0_0.xdc:50]
Finished Parsing XDC File [/data/tmp/chuxiao/spine_opt_v2_hw_150_20260728/temp/partitioned_split_e2e_link/link/vivado/vpl/prj/prj.gen/my_rm/bd/ulp/ip/ulp_hmss_0_0/bd_11/ip/ip_1/bd_f802_psr0_0.xdc] for cell 'level0_i/ulp/hmss_0/inst/path_10/interconnect11_10/inst/clk_map/psr0/U0'
Parsing XDC File [/data/tmp/chuxiao/spine_opt_v2_hw_150_20260728/temp/partitioned_split_e2e_link/link/vivado/vpl/prj/prj.gen/my_rm/bd/ulp/ip/ulp_hmss_0_0/bd_11/ip/ip_2/bd_f802_psr_aclk_0_board.xdc] for cell 'level0_i/ulp/hmss_0/inst/path_10/interconnect11_10/inst/clk_map/psr_aclk/U0'
Finished Parsing XDC File [/data/tmp/chuxiao/spine_opt_v2_hw_150_20260728/temp/partitioned_split_e2e_link/link/vivado/vpl/prj/prj.gen/my_rm/bd/ulp/ip/ulp_hmss_0_0/bd_11/ip/ip_2/bd_f802_psr_aclk_0_board.xdc] for cell 'level0_i/ulp/hmss_0/inst/path_10/interconnect11_10/inst/clk_map/psr_aclk/U0'
Parsing XDC File [/data/tmp/chuxiao/spine_opt_v2_hw_150_20260728/temp/partitioned_split_e2e_link/link/vivado/vpl/prj/prj.gen/my_rm/bd/ulp/ip/ulp_hmss_0_0/bd_11/ip/ip_2/bd_f802_psr_aclk_0.xdc] for cell 'level0_i/ulp/hmss_0/inst/path_10/interconnect11_10/inst/clk_map/psr_aclk/U0'
WARNING: [Vivado_Tcl 4-935] Waiver ID 'CDC-11' is a duplicate and will not be added again. [/data/tmp/chuxiao/spine_opt_v2_hw_150_20260728/temp/partitioned_split_e2e_link/link/vivado/vpl/prj/prj.gen/my_rm/bd/ulp/ip/ulp_hmss_0_0/bd_11/ip/ip_2/bd_f802_psr_aclk_0.xdc:50]
Finished Parsing XDC File [/data/tmp/chuxiao/spine_opt_v2_hw_150_20260728/temp/partitioned_split_e2e_link/link/vivado/vpl/prj/prj.gen/my_rm/bd/ulp/ip/ulp_hmss_0_0/bd_11/ip/ip_2/bd_f802_psr_aclk_0.xdc] for cell 'level0_i/ulp/hmss_0/inst/path_10/interconnect11_10/inst/clk_map/psr_aclk/U0'
Parsing XDC File [/data/tmp/chuxiao/spine_opt_v2_hw_150_20260728/temp/partitioned_split_e2e_link/link/vivado/vpl/prj/prj.gen/my_rm/bd/ulp/ip/ulp_hmss_0_0/bd_11/ip/ip_3/bd_f802_psr_aclk1_0_board.xdc] for cell 'level0_i/ulp/hmss_0/inst/path_10/interconnect11_10/inst/clk_map/psr_aclk1/U0'
Finished Parsing XDC File [/data/tmp/chuxiao/spine_opt_v2_hw_150_20260728/temp/partitioned_split_e2e_link/link/vivado/vpl/prj/prj.gen/my_rm/bd/ulp/ip/ulp_hmss_0_0/bd_11/ip/ip_3/bd_f802_psr_aclk1_0_board.xdc] for cell 'level0_i/ulp/hmss_0/inst/path_10/interconnect11_10/inst/clk_map/psr_aclk1/U0'
Parsing XDC File [/data/tmp/chuxiao/spine_opt_v2_hw_150_20260728/temp/partitioned_split_e2e_link/link/vivado/vpl/prj/prj.gen/my_rm/bd/ulp/ip/ulp_hmss_0_0/bd_11/ip/ip_3/bd_f802_psr_aclk1_0.xdc] for cell 'level0_i/ulp/hmss_0/inst/path_10/interconnect11_10/inst/clk_map/psr_aclk1/U0'
WARNING: [Vivado_Tcl 4-935] Waiver ID 'CDC-11' is a duplicate and will not be added again. [/data/tmp/chuxiao/spine_opt_v2_hw_150_20260728/temp/partitioned_split_e2e_link/link/vivado/vpl/prj/prj.gen/my_rm/bd/ulp/ip/ulp_hmss_0_0/bd_11/ip/ip_3/bd_f802_psr_aclk1_0.xdc:50]
Finished Parsing XDC File [/data/tmp/chuxiao/spine_opt_v2_hw_150_20260728/temp/partitioned_split_e2e_link/link/vivado/vpl/prj/prj.gen/my_rm/bd/ulp/ip/ulp_hmss_0_0/bd_11/ip/ip_3/bd_f802_psr_aclk1_0.xdc] for cell 'level0_i/ulp/hmss_0/inst/path_10/interconnect11_10/inst/clk_map/psr_aclk1/U0'
Parsing XDC File [/data/tmp/chuxiao/spine_opt_v2_hw_150_20260728/temp/partitioned_split_e2e_link/link/vivado/vpl/prj/prj.gen/my_rm/bd/ulp/ip/ulp_hmss_0_0/bd_11/ip/ip_8/bd_f802_sarn_0_clocks.xdc] for cell 'level0_i/ulp/hmss_0/inst/path_10/interconnect11_10/inst/s00_nodes/s00_ar_node/inst'
Finished Parsing XDC File [/data/tmp/chuxiao/spine_opt_v2_hw_150_20260728/temp/partitioned_split_e2e_link/link/vivado/vpl/prj/prj.gen/my_rm/bd/ulp/ip/ulp_hmss_0_0/bd_11/ip/ip_8/bd_f802_sarn_0_clocks.xdc] for cell 'level0_i/ulp/hmss_0/inst/path_10/interconnect11_10/inst/s00_nodes/s00_ar_node/inst'
Parsing XDC File [/data/tmp/chuxiao/spine_opt_v2_hw_150_20260728/temp/partitioned_split_e2e_link/link/vivado/vpl/prj/prj.gen/my_rm/bd/ulp/ip/ulp_hmss_0_0/bd_11/ip/ip_9/bd_f802_srn_0_clocks.xdc] for cell 'level0_i/ulp/hmss_0/inst/path_10/interconnect11_10/inst/s00_nodes/s00_r_node/inst'
WARNING: [Vivado_Tcl 4-935] Waiver ID 'CDC-1' is a duplicate and will not be added again. [/data/tmp/chuxiao/spine_opt_v2_hw_150_20260728/temp/partitioned_split_e2e_link/link/vivado/vpl/prj/prj.gen/my_rm/bd/ulp/ip/ulp_hmss_0_0/bd_11/ip/ip_9/bd_f802_srn_0_clocks.xdc:140]
WARNING: [Vivado_Tcl 4-935] Waiver ID 'CDC-1' is a duplicate and will not be added again. [/data/tmp/chuxiao/spine_opt_v2_hw_150_20260728/temp/partitioned_split_e2e_link/link/vivado/vpl/prj/prj.gen/my_rm/bd/ulp/ip/ulp_hmss_0_0/bd_11/ip/ip_9/bd_f802_srn_0_clocks.xdc:143]
WARNING: [Vivado_Tcl 4-935] Waiver ID 'CDC-1' is a duplicate and will not be added again. [/data/tmp/chuxiao/spine_opt_v2_hw_150_20260728/temp/partitioned_split_e2e_link/link/vivado/vpl/prj/prj.gen/my_rm/bd/ulp/ip/ulp_hmss_0_0/bd_11/ip/ip_9/bd_f802_srn_0_clocks.xdc:146]
WARNING: [Vivado_Tcl 4-935] Waiver ID 'CDC-1' is a duplicate and will not be added again. [/data/tmp/chuxiao/spine_opt_v2_hw_150_20260728/temp/partitioned_split_e2e_link/link/vivado/vpl/prj/prj.gen/my_rm/bd/ulp/ip/ulp_hmss_0_0/bd_11/ip/ip_9/bd_f802_srn_0_clocks.xdc:152]
WARNING: [Vivado_Tcl 4-935] Waiver ID 'CDC-1' is a duplicate and will not be added again. [/data/tmp/chuxiao/spine_opt_v2_hw_150_20260728/temp/partitioned_split_e2e_link/link/vivado/vpl/prj/prj.gen/my_rm/bd/ulp/ip/ulp_hmss_0_0/bd_11/ip/ip_9/bd_f802_srn_0_clocks.xdc:155]
Finished Parsing XDC File [/data/tmp/chuxiao/spine_opt_v2_hw_150_20260728/temp/partitioned_split_e2e_link/link/vivado/vpl/prj/prj.gen/my_rm/bd/ulp/ip/ulp_hmss_0_0/bd_11/ip/ip_9/bd_f802_srn_0_clocks.xdc] for cell 'level0_i/ulp/hmss_0/inst/path_10/interconnect11_10/inst/s00_nodes/s00_r_node/inst'
Parsing XDC File [/data/tmp/chuxiao/spine_opt_v2_hw_150_20260728/temp/partitioned_split_e2e_link/link/vivado/vpl/prj/prj.gen/my_rm/bd/ulp/ip/ulp_hmss_0_0/bd_11/ip/ip_10/bd_f802_sawn_0_clocks.xdc] for cell 'level0_i/ulp/hmss_0/inst/path_10/interconnect11_10/inst/s00_nodes/s00_aw_node/inst'
Finished Parsing XDC File [/data/tmp/chuxiao/spine_opt_v2_hw_150_20260728/temp/partitioned_split_e2e_link/link/vivado/vpl/prj/prj.gen/my_rm/bd/ulp/ip/ulp_hmss_0_0/bd_11/ip/ip_10/bd_f802_sawn_0_clocks.xdc] for cell 'level0_i/ulp/hmss_0/inst/path_10/interconnect11_10/inst/s00_nodes/s00_aw_node/inst'
Parsing XDC File [/data/tmp/chuxiao/spine_opt_v2_hw_150_20260728/temp/partitioned_split_e2e_link/link/vivado/vpl/prj/prj.gen/my_rm/bd/ulp/ip/ulp_hmss_0_0/bd_7/ip/ip_2/bd_bbcc_psr_aclk_0_board.xdc] for cell 'level0_i/ulp/hmss_0/inst/path_6/interconnect7_6/inst/clk_map/psr_aclk/U0'
Finished Parsing XDC File [/data/tmp/chuxiao/spine_opt_v2_hw_150_20260728/temp/partitioned_split_e2e_link/link/vivado/vpl/prj/prj.gen/my_rm/bd/ulp/ip/ulp_hmss_0_0/bd_7/ip/ip_2/bd_bbcc_psr_aclk_0_board.xdc] for cell 'level0_i/ulp/hmss_0/inst/path_6/interconnect7_6/inst/clk_map/psr_aclk/U0'
Parsing XDC File [/data/tmp/chuxiao/spine_opt_v2_hw_150_20260728/temp/partitioned_split_e2e_link/link/vivado/vpl/prj/prj.gen/my_rm/bd/ulp/ip/ulp_hmss_0_0/bd_11/ip/ip_12/bd_f802_sbn_0_clocks.xdc] for cell 'level0_i/ulp/hmss_0/inst/path_10/interconnect11_10/inst/s00_nodes/s00_b_node/inst'
Finished Parsing XDC File [/data/tmp/chuxiao/spine_opt_v2_hw_150_20260728/temp/partitioned_split_e2e_link/link/vivado/vpl/prj/prj.gen/my_rm/bd/ulp/ip/ulp_hmss_0_0/bd_11/ip/ip_12/bd_f802_sbn_0_clocks.xdc] for cell 'level0_i/ulp/hmss_0/inst/path_10/interconnect11_10/inst/s00_nodes/s00_b_node/inst'
Parsing XDC File [/data/tmp/chuxiao/spine_opt_v2_hw_150_20260728/temp/partitioned_split_e2e_link/link/vivado/vpl/prj/prj.gen/my_rm/bd/ulp/ip/ulp_hmss_0_0/bd_0/ip/ip_34/smartconnect.xdc] for cell 'level0_i/ulp/hmss_0/inst/path_10/interconnect11_10/inst'
WARNING: [Vivado_Tcl 4-919] Waiver ID 'CDC-1' -from list should not be empty. [/data/tmp/chuxiao/spine_opt_v2_hw_150_20260728/temp/partitioned_split_e2e_link/link/vivado/vpl/prj/prj.gen/my_rm/bd/ulp/ip/ulp_hmss_0_0/bd_0/ip/ip_34/smartconnect.xdc:1]
Finished Parsing XDC File [/data/tmp/chuxiao/spine_opt_v2_hw_150_20260728/temp/partitioned_split_e2e_link/link/vivado/vpl/prj/prj.gen/my_rm/bd/ulp/ip/ulp_hmss_0_0/bd_0/ip/ip_34/smartconnect.xdc] for cell 'level0_i/ulp/hmss_0/inst/path_10/interconnect11_10/inst'
Parsing XDC File [/data/tmp/chuxiao/spine_opt_v2_hw_150_20260728/temp/partitioned_split_e2e_link/link/vivado/vpl/prj/prj.gen/my_rm/bd/ulp/ip/ulp_hmss_0_0/bd_12/ip/ip_1/bd_0b53_psr0_0_board.xdc] for cell 'level0_i/ulp/hmss_0/inst/path_11/interconnect12_11/inst/clk_map/psr0/U0'
Finished Parsing XDC File [/data/tmp/chuxiao/spine_opt_v2_hw_150_20260728/temp/partitioned_split_e2e_link/link/vivado/vpl/prj/prj.gen/my_rm/bd/ulp/ip/ulp_hmss_0_0/bd_12/ip/ip_1/bd_0b53_psr0_0_board.xdc] for cell 'level0_i/ulp/hmss_0/inst/path_11/interconnect12_11/inst/clk_map/psr0/U0'
Parsing XDC File [/data/tmp/chuxiao/spine_opt_v2_hw_150_20260728/temp/partitioned_split_e2e_link/link/vivado/vpl/prj/prj.gen/my_rm/bd/ulp/ip/ulp_hmss_0_0/bd_12/ip/ip_1/bd_0b53_psr0_0.xdc] for cell 'level0_i/ulp/hmss_0/inst/path_11/interconnect12_11/inst/clk_map/psr0/U0'
WARNING: [Vivado_Tcl 4-935] Waiver ID 'CDC-11' is a duplicate and will not be added again. [/data/tmp/chuxiao/spine_opt_v2_hw_150_20260728/temp/partitioned_split_e2e_link/link/vivado/vpl/prj/prj.gen/my_rm/bd/ulp/ip/ulp_hmss_0_0/bd_12/ip/ip_1/bd_0b53_psr0_0.xdc:50]
Finished Parsing XDC File [/data/tmp/chuxiao/spine_opt_v2_hw_150_20260728/temp/partitioned_split_e2e_link/link/vivado/vpl/prj/prj.gen/my_rm/bd/ulp/ip/ulp_hmss_0_0/bd_12/ip/ip_1/bd_0b53_psr0_0.xdc] for cell 'level0_i/ulp/hmss_0/inst/path_11/interconnect12_11/inst/clk_map/psr0/U0'
Parsing XDC File [/data/tmp/chuxiao/spine_opt_v2_hw_150_20260728/temp/partitioned_split_e2e_link/link/vivado/vpl/prj/prj.gen/my_rm/bd/ulp/ip/ulp_hmss_0_0/bd_12/ip/ip_2/bd_0b53_psr_aclk_0_board.xdc] for cell 'level0_i/ulp/hmss_0/inst/path_11/interconnect12_11/inst/clk_map/psr_aclk/U0'
Finished Parsing XDC File [/data/tmp/chuxiao/spine_opt_v2_hw_150_20260728/temp/partitioned_split_e2e_link/link/vivado/vpl/prj/prj.gen/my_rm/bd/ulp/ip/ulp_hmss_0_0/bd_12/ip/ip_2/bd_0b53_psr_aclk_0_board.xdc] for cell 'level0_i/ulp/hmss_0/inst/path_11/interconnect12_11/inst/clk_map/psr_aclk/U0'
Parsing XDC File [/data/tmp/chuxiao/spine_opt_v2_hw_150_20260728/temp/partitioned_split_e2e_link/link/vivado/vpl/prj/prj.gen/my_rm/bd/ulp/ip/ulp_hmss_0_0/bd_12/ip/ip_2/bd_0b53_psr_aclk_0.xdc] for cell 'level0_i/ulp/hmss_0/inst/path_11/interconnect12_11/inst/clk_map/psr_aclk/U0'
WARNING: [Vivado_Tcl 4-935] Waiver ID 'CDC-11' is a duplicate and will not be added again. [/data/tmp/chuxiao/spine_opt_v2_hw_150_20260728/temp/partitioned_split_e2e_link/link/vivado/vpl/prj/prj.gen/my_rm/bd/ulp/ip/ulp_hmss_0_0/bd_12/ip/ip_2/bd_0b53_psr_aclk_0.xdc:50]
Finished Parsing XDC File [/data/tmp/chuxiao/spine_opt_v2_hw_150_20260728/temp/partitioned_split_e2e_link/link/vivado/vpl/prj/prj.gen/my_rm/bd/ulp/ip/ulp_hmss_0_0/bd_12/ip/ip_2/bd_0b53_psr_aclk_0.xdc] for cell 'level0_i/ulp/hmss_0/inst/path_11/interconnect12_11/inst/clk_map/psr_aclk/U0'
Parsing XDC File [/data/tmp/chuxiao/spine_opt_v2_hw_150_20260728/temp/partitioned_split_e2e_link/link/vivado/vpl/prj/prj.gen/my_rm/bd/ulp/ip/ulp_hmss_0_0/bd_12/ip/ip_3/bd_0b53_psr_aclk1_0_board.xdc] for cell 'level0_i/ulp/hmss_0/inst/path_11/interconnect12_11/inst/clk_map/psr_aclk1/U0'
Finished Parsing XDC File [/data/tmp/chuxiao/spine_opt_v2_hw_150_20260728/temp/partitioned_split_e2e_link/link/vivado/vpl/prj/prj.gen/my_rm/bd/ulp/ip/ulp_hmss_0_0/bd_12/ip/ip_3/bd_0b53_psr_aclk1_0_board.xdc] for cell 'level0_i/ulp/hmss_0/inst/path_11/interconnect12_11/inst/clk_map/psr_aclk1/U0'
Parsing XDC File [/data/tmp/chuxiao/spine_opt_v2_hw_150_20260728/temp/partitioned_split_e2e_link/link/vivado/vpl/prj/prj.gen/my_rm/bd/ulp/ip/ulp_hmss_0_0/bd_12/ip/ip_3/bd_0b53_psr_aclk1_0.xdc] for cell 'level0_i/ulp/hmss_0/inst/path_11/interconnect12_11/inst/clk_map/psr_aclk1/U0'
WARNING: [Vivado_Tcl 4-935] Waiver ID 'CDC-11' is a duplicate and will not be added again. [/data/tmp/chuxiao/spine_opt_v2_hw_150_20260728/temp/partitioned_split_e2e_link/link/vivado/vpl/prj/prj.gen/my_rm/bd/ulp/ip/ulp_hmss_0_0/bd_12/ip/ip_3/bd_0b53_psr_aclk1_0.xdc:50]
Finished Parsing XDC File [/data/tmp/chuxiao/spine_opt_v2_hw_150_20260728/temp/partitioned_split_e2e_link/link/vivado/vpl/prj/prj.gen/my_rm/bd/ulp/ip/ulp_hmss_0_0/bd_12/ip/ip_3/bd_0b53_psr_aclk1_0.xdc] for cell 'level0_i/ulp/hmss_0/inst/path_11/interconnect12_11/inst/clk_map/psr_aclk1/U0'
Parsing XDC File [/data/tmp/chuxiao/spine_opt_v2_hw_150_20260728/temp/partitioned_split_e2e_link/link/vivado/vpl/prj/prj.gen/my_rm/bd/ulp/ip/ulp_hmss_0_0/bd_12/ip/ip_8/bd_0b53_sarn_0_clocks.xdc] for cell 'level0_i/ulp/hmss_0/inst/path_11/interconnect12_11/inst/s00_nodes/s00_ar_node/inst'
Finished Parsing XDC File [/data/tmp/chuxiao/spine_opt_v2_hw_150_20260728/temp/partitioned_split_e2e_link/link/vivado/vpl/prj/prj.gen/my_rm/bd/ulp/ip/ulp_hmss_0_0/bd_12/ip/ip_8/bd_0b53_sarn_0_clocks.xdc] for cell 'level0_i/ulp/hmss_0/inst/path_11/interconnect12_11/inst/s00_nodes/s00_ar_node/inst'
Parsing XDC File [/data/tmp/chuxiao/spine_opt_v2_hw_150_20260728/temp/partitioned_split_e2e_link/link/vivado/vpl/prj/prj.gen/my_rm/bd/ulp/ip/ulp_hmss_0_0/bd_12/ip/ip_9/bd_0b53_srn_0_clocks.xdc] for cell 'level0_i/ulp/hmss_0/inst/path_11/interconnect12_11/inst/s00_nodes/s00_r_node/inst'
WARNING: [Vivado_Tcl 4-935] Waiver ID 'CDC-1' is a duplicate and will not be added again. [/data/tmp/chuxiao/spine_opt_v2_hw_150_20260728/temp/partitioned_split_e2e_link/link/vivado/vpl/prj/prj.gen/my_rm/bd/ulp/ip/ulp_hmss_0_0/bd_12/ip/ip_9/bd_0b53_srn_0_clocks.xdc:140]
WARNING: [Vivado_Tcl 4-935] Waiver ID 'CDC-1' is a duplicate and will not be added again. [/data/tmp/chuxiao/spine_opt_v2_hw_150_20260728/temp/partitioned_split_e2e_link/link/vivado/vpl/prj/prj.gen/my_rm/bd/ulp/ip/ulp_hmss_0_0/bd_12/ip/ip_9/bd_0b53_srn_0_clocks.xdc:143]
WARNING: [Vivado_Tcl 4-935] Waiver ID 'CDC-1' is a duplicate and will not be added again. [/data/tmp/chuxiao/spine_opt_v2_hw_150_20260728/temp/partitioned_split_e2e_link/link/vivado/vpl/prj/prj.gen/my_rm/bd/ulp/ip/ulp_hmss_0_0/bd_12/ip/ip_9/bd_0b53_srn_0_clocks.xdc:146]
WARNING: [Vivado_Tcl 4-935] Waiver ID 'CDC-1' is a duplicate and will not be added again. [/data/tmp/chuxiao/spine_opt_v2_hw_150_20260728/temp/partitioned_split_e2e_link/link/vivado/vpl/prj/prj.gen/my_rm/bd/ulp/ip/ulp_hmss_0_0/bd_12/ip/ip_9/bd_0b53_srn_0_clocks.xdc:152]
WARNING: [Vivado_Tcl 4-935] Waiver ID 'CDC-1' is a duplicate and will not be added again. [/data/tmp/chuxiao/spine_opt_v2_hw_150_20260728/temp/partitioned_split_e2e_link/link/vivado/vpl/prj/prj.gen/my_rm/bd/ulp/ip/ulp_hmss_0_0/bd_12/ip/ip_9/bd_0b53_srn_0_clocks.xdc:155]
Finished Parsing XDC File [/data/tmp/chuxiao/spine_opt_v2_hw_150_20260728/temp/partitioned_split_e2e_link/link/vivado/vpl/prj/prj.gen/my_rm/bd/ulp/ip/ulp_hmss_0_0/bd_12/ip/ip_9/bd_0b53_srn_0_clocks.xdc] for cell 'level0_i/ulp/hmss_0/inst/path_11/interconnect12_11/inst/s00_nodes/s00_r_node/inst'
Parsing XDC File [/data/tmp/chuxiao/spine_opt_v2_hw_150_20260728/temp/partitioned_split_e2e_link/link/vivado/vpl/prj/prj.gen/my_rm/bd/ulp/ip/ulp_hmss_0_0/bd_2/ip/ip_10/bd_7ab1_sawn_0_clocks.xdc] for cell 'level0_i/ulp/hmss_0/inst/path_1/interconnect2_1/inst/s00_nodes/s00_aw_node/inst'
Finished Parsing XDC File [/data/tmp/chuxiao/spine_opt_v2_hw_150_20260728/temp/partitioned_split_e2e_link/link/vivado/vpl/prj/prj.gen/my_rm/bd/ulp/ip/ulp_hmss_0_0/bd_2/ip/ip_10/bd_7ab1_sawn_0_clocks.xdc] for cell 'level0_i/ulp/hmss_0/inst/path_1/interconnect2_1/inst/s00_nodes/s00_aw_node/inst'
Parsing XDC File [/data/tmp/chuxiao/spine_opt_v2_hw_150_20260728/temp/partitioned_split_e2e_link/link/vivado/vpl/prj/prj.gen/my_rm/bd/ulp/ip/ulp_hmss_0_0/bd_1/ip/ip_12/bd_baa4_sbn_0_clocks.xdc] for cell 'level0_i/ulp/hmss_0/inst/path_0/interconnect1_0/inst/s00_nodes/s00_b_node/inst'
Finished Parsing XDC File [/data/tmp/chuxiao/spine_opt_v2_hw_150_20260728/temp/partitioned_split_e2e_link/link/vivado/vpl/prj/prj.gen/my_rm/bd/ulp/ip/ulp_hmss_0_0/bd_1/ip/ip_12/bd_baa4_sbn_0_clocks.xdc] for cell 'level0_i/ulp/hmss_0/inst/path_0/interconnect1_0/inst/s00_nodes/s00_b_node/inst'
Parsing XDC File [/data/tmp/chuxiao/spine_opt_v2_hw_150_20260728/temp/partitioned_split_e2e_link/link/vivado/vpl/prj/prj.gen/my_rm/bd/ulp/ip/ulp_hmss_0_0/bd_0/ip/ip_4/smartconnect.xdc] for cell 'level0_i/ulp/hmss_0/inst/path_0/interconnect1_0/inst'
WARNING: [Vivado_Tcl 4-919] Waiver ID 'CDC-1' -from list should not be empty. [/data/tmp/chuxiao/spine_opt_v2_hw_150_20260728/temp/partitioned_split_e2e_link/link/vivado/vpl/prj/prj.gen/my_rm/bd/ulp/ip/ulp_hmss_0_0/bd_0/ip/ip_4/smartconnect.xdc:1]
Finished Parsing XDC File [/data/tmp/chuxiao/spine_opt_v2_hw_150_20260728/temp/partitioned_split_e2e_link/link/vivado/vpl/prj/prj.gen/my_rm/bd/ulp/ip/ulp_hmss_0_0/bd_0/ip/ip_4/smartconnect.xdc] for cell 'level0_i/ulp/hmss_0/inst/path_0/interconnect1_0/inst'
Parsing XDC File [/data/tmp/chuxiao/spine_opt_v2_hw_150_20260728/temp/partitioned_split_e2e_link/link/vivado/vpl/prj/prj.gen/my_rm/bd/ulp/ip/ulp_hmss_0_0/bd_2/ip/ip_1/bd_7ab1_psr0_0_board.xdc] for cell 'level0_i/ulp/hmss_0/inst/path_1/interconnect2_1/inst/clk_map/psr0/U0'
Finished Parsing XDC File [/data/tmp/chuxiao/spine_opt_v2_hw_150_20260728/temp/partitioned_split_e2e_link/link/vivado/vpl/prj/prj.gen/my_rm/bd/ulp/ip/ulp_hmss_0_0/bd_2/ip/ip_1/bd_7ab1_psr0_0_board.xdc] for cell 'level0_i/ulp/hmss_0/inst/path_1/interconnect2_1/inst/clk_map/psr0/U0'
Parsing XDC File [/data/tmp/chuxiao/spine_opt_v2_hw_150_20260728/temp/partitioned_split_e2e_link/link/vivado/vpl/prj/prj.gen/my_rm/bd/ulp/ip/ulp_hmss_0_0/bd_2/ip/ip_1/bd_7ab1_psr0_0.xdc] for cell 'level0_i/ulp/hmss_0/inst/path_1/interconnect2_1/inst/clk_map/psr0/U0'
WARNING: [Vivado_Tcl 4-935] Waiver ID 'CDC-11' is a duplicate and will not be added again. [/data/tmp/chuxiao/spine_opt_v2_hw_150_20260728/temp/partitioned_split_e2e_link/link/vivado/vpl/prj/prj.gen/my_rm/bd/ulp/ip/ulp_hmss_0_0/bd_2/ip/ip_1/bd_7ab1_psr0_0.xdc:50]
Finished Parsing XDC File [/data/tmp/chuxiao/spine_opt_v2_hw_150_20260728/temp/partitioned_split_e2e_link/link/vivado/vpl/prj/prj.gen/my_rm/bd/ulp/ip/ulp_hmss_0_0/bd_2/ip/ip_1/bd_7ab1_psr0_0.xdc] for cell 'level0_i/ulp/hmss_0/inst/path_1/interconnect2_1/inst/clk_map/psr0/U0'
Parsing XDC File [/data/tmp/chuxiao/spine_opt_v2_hw_150_20260728/temp/partitioned_split_e2e_link/link/vivado/vpl/prj/prj.gen/my_rm/bd/ulp/ip/ulp_hmss_0_0/bd_2/ip/ip_2/bd_7ab1_psr_aclk_0_board.xdc] for cell 'level0_i/ulp/hmss_0/inst/path_1/interconnect2_1/inst/clk_map/psr_aclk/U0'
Finished Parsing XDC File [/data/tmp/chuxiao/spine_opt_v2_hw_150_20260728/temp/partitioned_split_e2e_link/link/vivado/vpl/prj/prj.gen/my_rm/bd/ulp/ip/ulp_hmss_0_0/bd_2/ip/ip_2/bd_7ab1_psr_aclk_0_board.xdc] for cell 'level0_i/ulp/hmss_0/inst/path_1/interconnect2_1/inst/clk_map/psr_aclk/U0'
Parsing XDC File [/data/tmp/chuxiao/spine_opt_v2_hw_150_20260728/temp/partitioned_split_e2e_link/link/vivado/vpl/prj/prj.gen/my_rm/bd/ulp/ip/ulp_hmss_0_0/bd_2/ip/ip_2/bd_7ab1_psr_aclk_0.xdc] for cell 'level0_i/ulp/hmss_0/inst/path_1/interconnect2_1/inst/clk_map/psr_aclk/U0'
WARNING: [Vivado_Tcl 4-935] Waiver ID 'CDC-11' is a duplicate and will not be added again. [/data/tmp/chuxiao/spine_opt_v2_hw_150_20260728/temp/partitioned_split_e2e_link/link/vivado/vpl/prj/prj.gen/my_rm/bd/ulp/ip/ulp_hmss_0_0/bd_2/ip/ip_2/bd_7ab1_psr_aclk_0.xdc:50]
Finished Parsing XDC File [/data/tmp/chuxiao/spine_opt_v2_hw_150_20260728/temp/partitioned_split_e2e_link/link/vivado/vpl/prj/prj.gen/my_rm/bd/ulp/ip/ulp_hmss_0_0/bd_2/ip/ip_2/bd_7ab1_psr_aclk_0.xdc] for cell 'level0_i/ulp/hmss_0/inst/path_1/interconnect2_1/inst/clk_map/psr_aclk/U0'
Parsing XDC File [/data/tmp/chuxiao/spine_opt_v2_hw_150_20260728/temp/partitioned_split_e2e_link/link/vivado/vpl/prj/prj.gen/my_rm/bd/ulp/ip/ulp_hmss_0_0/bd_2/ip/ip_3/bd_7ab1_psr_aclk1_0_board.xdc] for cell 'level0_i/ulp/hmss_0/inst/path_1/interconnect2_1/inst/clk_map/psr_aclk1/U0'
Finished Parsing XDC File [/data/tmp/chuxiao/spine_opt_v2_hw_150_20260728/temp/partitioned_split_e2e_link/link/vivado/vpl/prj/prj.gen/my_rm/bd/ulp/ip/ulp_hmss_0_0/bd_2/ip/ip_3/bd_7ab1_psr_aclk1_0_board.xdc] for cell 'level0_i/ulp/hmss_0/inst/path_1/interconnect2_1/inst/clk_map/psr_aclk1/U0'
Parsing XDC File [/data/tmp/chuxiao/spine_opt_v2_hw_150_20260728/temp/partitioned_split_e2e_link/link/vivado/vpl/prj/prj.gen/my_rm/bd/ulp/ip/ulp_hmss_0_0/bd_2/ip/ip_3/bd_7ab1_psr_aclk1_0.xdc] for cell 'level0_i/ulp/hmss_0/inst/path_1/interconnect2_1/inst/clk_map/psr_aclk1/U0'
WARNING: [Vivado_Tcl 4-935] Waiver ID 'CDC-11' is a duplicate and will not be added again. [/data/tmp/chuxiao/spine_opt_v2_hw_150_20260728/temp/partitioned_split_e2e_link/link/vivado/vpl/prj/prj.gen/my_rm/bd/ulp/ip/ulp_hmss_0_0/bd_2/ip/ip_3/bd_7ab1_psr_aclk1_0.xdc:50]
Finished Parsing XDC File [/data/tmp/chuxiao/spine_opt_v2_hw_150_20260728/temp/partitioned_split_e2e_link/link/vivado/vpl/prj/prj.gen/my_rm/bd/ulp/ip/ulp_hmss_0_0/bd_2/ip/ip_3/bd_7ab1_psr_aclk1_0.xdc] for cell 'level0_i/ulp/hmss_0/inst/path_1/interconnect2_1/inst/clk_map/psr_aclk1/U0'
Parsing XDC File [/data/tmp/chuxiao/spine_opt_v2_hw_150_20260728/temp/partitioned_split_e2e_link/link/vivado/vpl/prj/prj.gen/my_rm/bd/ulp/ip/ulp_hmss_0_0/bd_2/ip/ip_8/bd_7ab1_sarn_0_clocks.xdc] for cell 'level0_i/ulp/hmss_0/inst/path_1/interconnect2_1/inst/s00_nodes/s00_ar_node/inst'
Finished Parsing XDC File [/data/tmp/chuxiao/spine_opt_v2_hw_150_20260728/temp/partitioned_split_e2e_link/link/vivado/vpl/prj/prj.gen/my_rm/bd/ulp/ip/ulp_hmss_0_0/bd_2/ip/ip_8/bd_7ab1_sarn_0_clocks.xdc] for cell 'level0_i/ulp/hmss_0/inst/path_1/interconnect2_1/inst/s00_nodes/s00_ar_node/inst'
Parsing XDC File [/data/tmp/chuxiao/spine_opt_v2_hw_150_20260728/temp/partitioned_split_e2e_link/link/vivado/vpl/prj/prj.gen/my_rm/bd/ulp/ip/ulp_hmss_0_0/bd_2/ip/ip_9/bd_7ab1_srn_0_clocks.xdc] for cell 'level0_i/ulp/hmss_0/inst/path_1/interconnect2_1/inst/s00_nodes/s00_r_node/inst'
WARNING: [Vivado_Tcl 4-935] Waiver ID 'CDC-1' is a duplicate and will not be added again. [/data/tmp/chuxiao/spine_opt_v2_hw_150_20260728/temp/partitioned_split_e2e_link/link/vivado/vpl/prj/prj.gen/my_rm/bd/ulp/ip/ulp_hmss_0_0/bd_2/ip/ip_9/bd_7ab1_srn_0_clocks.xdc:140]
WARNING: [Vivado_Tcl 4-935] Waiver ID 'CDC-1' is a duplicate and will not be added again. [/data/tmp/chuxiao/spine_opt_v2_hw_150_20260728/temp/partitioned_split_e2e_link/link/vivado/vpl/prj/prj.gen/my_rm/bd/ulp/ip/ulp_hmss_0_0/bd_2/ip/ip_9/bd_7ab1_srn_0_clocks.xdc:143]
WARNING: [Vivado_Tcl 4-935] Waiver ID 'CDC-1' is a duplicate and will not be added again. [/data/tmp/chuxiao/spine_opt_v2_hw_150_20260728/temp/partitioned_split_e2e_link/link/vivado/vpl/prj/prj.gen/my_rm/bd/ulp/ip/ulp_hmss_0_0/bd_2/ip/ip_9/bd_7ab1_srn_0_clocks.xdc:146]
WARNING: [Vivado_Tcl 4-935] Waiver ID 'CDC-1' is a duplicate and will not be added again. [/data/tmp/chuxiao/spine_opt_v2_hw_150_20260728/temp/partitioned_split_e2e_link/link/vivado/vpl/prj/prj.gen/my_rm/bd/ulp/ip/ulp_hmss_0_0/bd_2/ip/ip_9/bd_7ab1_srn_0_clocks.xdc:152]
WARNING: [Vivado_Tcl 4-935] Waiver ID 'CDC-1' is a duplicate and will not be added again. [/data/tmp/chuxiao/spine_opt_v2_hw_150_20260728/temp/partitioned_split_e2e_link/link/vivado/vpl/prj/prj.gen/my_rm/bd/ulp/ip/ulp_hmss_0_0/bd_2/ip/ip_9/bd_7ab1_srn_0_clocks.xdc:155]
Finished Parsing XDC File [/data/tmp/chuxiao/spine_opt_v2_hw_150_20260728/temp/partitioned_split_e2e_link/link/vivado/vpl/prj/prj.gen/my_rm/bd/ulp/ip/ulp_hmss_0_0/bd_2/ip/ip_9/bd_7ab1_srn_0_clocks.xdc] for cell 'level0_i/ulp/hmss_0/inst/path_1/interconnect2_1/inst/s00_nodes/s00_r_node/inst'
Parsing XDC File [/data/tmp/chuxiao/spine_opt_v2_hw_150_20260728/temp/partitioned_split_e2e_link/link/vivado/vpl/prj/prj.gen/my_rm/bd/ulp/ip/ulp_hmss_0_0/bd_1/ip/ip_11/bd_baa4_swn_0_clocks.xdc] for cell 'level0_i/ulp/hmss_0/inst/path_0/interconnect1_0/inst/s00_nodes/s00_w_node/inst'
Finished Parsing XDC File [/data/tmp/chuxiao/spine_opt_v2_hw_150_20260728/temp/partitioned_split_e2e_link/link/vivado/vpl/prj/prj.gen/my_rm/bd/ulp/ip/ulp_hmss_0_0/bd_1/ip/ip_11/bd_baa4_swn_0_clocks.xdc] for cell 'level0_i/ulp/hmss_0/inst/path_0/interconnect1_0/inst/s00_nodes/s00_w_node/inst'
Parsing XDC File [/data/tmp/chuxiao/spine_opt_v2_hw_150_20260728/temp/partitioned_split_e2e_link/link/vivado/vpl/prj/prj.gen/my_rm/bd/ulp/ip/ulp_hmss_0_0/bd_2/ip/ip_11/bd_7ab1_swn_0_clocks.xdc] for cell 'level0_i/ulp/hmss_0/inst/path_1/interconnect2_1/inst/s00_nodes/s00_w_node/inst'
Finished Parsing XDC File [/data/tmp/chuxiao/spine_opt_v2_hw_150_20260728/temp/partitioned_split_e2e_link/link/vivado/vpl/prj/prj.gen/my_rm/bd/ulp/ip/ulp_hmss_0_0/bd_2/ip/ip_11/bd_7ab1_swn_0_clocks.xdc] for cell 'level0_i/ulp/hmss_0/inst/path_1/interconnect2_1/inst/s00_nodes/s00_w_node/inst'
Parsing XDC File [/data/tmp/chuxiao/spine_opt_v2_hw_150_20260728/temp/partitioned_split_e2e_link/link/vivado/vpl/prj/prj.gen/my_rm/bd/ulp/ip/ulp_hmss_0_0/bd_2/ip/ip_12/bd_7ab1_sbn_0_clocks.xdc] for cell 'level0_i/ulp/hmss_0/inst/path_1/interconnect2_1/inst/s00_nodes/s00_b_node/inst'
Finished Parsing XDC File [/data/tmp/chuxiao/spine_opt_v2_hw_150_20260728/temp/partitioned_split_e2e_link/link/vivado/vpl/prj/prj.gen/my_rm/bd/ulp/ip/ulp_hmss_0_0/bd_2/ip/ip_12/bd_7ab1_sbn_0_clocks.xdc] for cell 'level0_i/ulp/hmss_0/inst/path_1/interconnect2_1/inst/s00_nodes/s00_b_node/inst'
Parsing XDC File [/data/tmp/chuxiao/spine_opt_v2_hw_150_20260728/temp/partitioned_split_e2e_link/link/vivado/vpl/prj/prj.gen/my_rm/bd/ulp/ip/ulp_hmss_0_0/bd_0/ip/ip_7/smartconnect.xdc] for cell 'level0_i/ulp/hmss_0/inst/path_1/interconnect2_1/inst'
WARNING: [Vivado_Tcl 4-919] Waiver ID 'CDC-1' -from list should not be empty. [/data/tmp/chuxiao/spine_opt_v2_hw_150_20260728/temp/partitioned_split_e2e_link/link/vivado/vpl/prj/prj.gen/my_rm/bd/ulp/ip/ulp_hmss_0_0/bd_0/ip/ip_7/smartconnect.xdc:1]
Finished Parsing XDC File [/data/tmp/chuxiao/spine_opt_v2_hw_150_20260728/temp/partitioned_split_e2e_link/link/vivado/vpl/prj/prj.gen/my_rm/bd/ulp/ip/ulp_hmss_0_0/bd_0/ip/ip_7/smartconnect.xdc] for cell 'level0_i/ulp/hmss_0/inst/path_1/interconnect2_1/inst'
Parsing XDC File [/data/tmp/chuxiao/spine_opt_v2_hw_150_20260728/temp/partitioned_split_e2e_link/link/vivado/vpl/prj/prj.gen/my_rm/bd/ulp/ip/ulp_hmss_0_0/bd_3/ip/ip_1/bd_ba7c_psr0_0_board.xdc] for cell 'level0_i/ulp/hmss_0/inst/path_2/interconnect3_2/inst/clk_map/psr0/U0'
Finished Parsing XDC File [/data/tmp/chuxiao/spine_opt_v2_hw_150_20260728/temp/partitioned_split_e2e_link/link/vivado/vpl/prj/prj.gen/my_rm/bd/ulp/ip/ulp_hmss_0_0/bd_3/ip/ip_1/bd_ba7c_psr0_0_board.xdc] for cell 'level0_i/ulp/hmss_0/inst/path_2/interconnect3_2/inst/clk_map/psr0/U0'
Parsing XDC File [/data/tmp/chuxiao/spine_opt_v2_hw_150_20260728/temp/partitioned_split_e2e_link/link/vivado/vpl/prj/prj.gen/my_rm/bd/ulp/ip/ulp_hmss_0_0/bd_3/ip/ip_1/bd_ba7c_psr0_0.xdc] for cell 'level0_i/ulp/hmss_0/inst/path_2/interconnect3_2/inst/clk_map/psr0/U0'
WARNING: [Vivado_Tcl 4-935] Waiver ID 'CDC-11' is a duplicate and will not be added again. [/data/tmp/chuxiao/spine_opt_v2_hw_150_20260728/temp/partitioned_split_e2e_link/link/vivado/vpl/prj/prj.gen/my_rm/bd/ulp/ip/ulp_hmss_0_0/bd_3/ip/ip_1/bd_ba7c_psr0_0.xdc:50]
Finished Parsing XDC File [/data/tmp/chuxiao/spine_opt_v2_hw_150_20260728/temp/partitioned_split_e2e_link/link/vivado/vpl/prj/prj.gen/my_rm/bd/ulp/ip/ulp_hmss_0_0/bd_3/ip/ip_1/bd_ba7c_psr0_0.xdc] for cell 'level0_i/ulp/hmss_0/inst/path_2/interconnect3_2/inst/clk_map/psr0/U0'
Parsing XDC File [/data/tmp/chuxiao/spine_opt_v2_hw_150_20260728/temp/partitioned_split_e2e_link/link/vivado/vpl/prj/prj.gen/my_rm/bd/ulp/ip/ulp_hmss_0_0/bd_3/ip/ip_2/bd_ba7c_psr_aclk_0_board.xdc] for cell 'level0_i/ulp/hmss_0/inst/path_2/interconnect3_2/inst/clk_map/psr_aclk/U0'
Finished Parsing XDC File [/data/tmp/chuxiao/spine_opt_v2_hw_150_20260728/temp/partitioned_split_e2e_link/link/vivado/vpl/prj/prj.gen/my_rm/bd/ulp/ip/ulp_hmss_0_0/bd_3/ip/ip_2/bd_ba7c_psr_aclk_0_board.xdc] for cell 'level0_i/ulp/hmss_0/inst/path_2/interconnect3_2/inst/clk_map/psr_aclk/U0'
Parsing XDC File [/data/tmp/chuxiao/spine_opt_v2_hw_150_20260728/temp/partitioned_split_e2e_link/link/vivado/vpl/prj/prj.gen/my_rm/bd/ulp/ip/ulp_hmss_0_0/bd_3/ip/ip_2/bd_ba7c_psr_aclk_0.xdc] for cell 'level0_i/ulp/hmss_0/inst/path_2/interconnect3_2/inst/clk_map/psr_aclk/U0'
WARNING: [Vivado_Tcl 4-935] Waiver ID 'CDC-11' is a duplicate and will not be added again. [/data/tmp/chuxiao/spine_opt_v2_hw_150_20260728/temp/partitioned_split_e2e_link/link/vivado/vpl/prj/prj.gen/my_rm/bd/ulp/ip/ulp_hmss_0_0/bd_3/ip/ip_2/bd_ba7c_psr_aclk_0.xdc:50]
Finished Parsing XDC File [/data/tmp/chuxiao/spine_opt_v2_hw_150_20260728/temp/partitioned_split_e2e_link/link/vivado/vpl/prj/prj.gen/my_rm/bd/ulp/ip/ulp_hmss_0_0/bd_3/ip/ip_2/bd_ba7c_psr_aclk_0.xdc] for cell 'level0_i/ulp/hmss_0/inst/path_2/interconnect3_2/inst/clk_map/psr_aclk/U0'
Parsing XDC File [/data/tmp/chuxiao/spine_opt_v2_hw_150_20260728/temp/partitioned_split_e2e_link/link/vivado/vpl/prj/prj.gen/my_rm/bd/ulp/ip/ulp_hmss_0_0/bd_3/ip/ip_3/bd_ba7c_psr_aclk1_0_board.xdc] for cell 'level0_i/ulp/hmss_0/inst/path_2/interconnect3_2/inst/clk_map/psr_aclk1/U0'
Finished Parsing XDC File [/data/tmp/chuxiao/spine_opt_v2_hw_150_20260728/temp/partitioned_split_e2e_link/link/vivado/vpl/prj/prj.gen/my_rm/bd/ulp/ip/ulp_hmss_0_0/bd_3/ip/ip_3/bd_ba7c_psr_aclk1_0_board.xdc] for cell 'level0_i/ulp/hmss_0/inst/path_2/interconnect3_2/inst/clk_map/psr_aclk1/U0'
Parsing XDC File [/data/tmp/chuxiao/spine_opt_v2_hw_150_20260728/temp/partitioned_split_e2e_link/link/vivado/vpl/prj/prj.gen/my_rm/bd/ulp/ip/ulp_hmss_0_0/bd_3/ip/ip_3/bd_ba7c_psr_aclk1_0.xdc] for cell 'level0_i/ulp/hmss_0/inst/path_2/interconnect3_2/inst/clk_map/psr_aclk1/U0'
WARNING: [Vivado_Tcl 4-935] Waiver ID 'CDC-11' is a duplicate and will not be added again. [/data/tmp/chuxiao/spine_opt_v2_hw_150_20260728/temp/partitioned_split_e2e_link/link/vivado/vpl/prj/prj.gen/my_rm/bd/ulp/ip/ulp_hmss_0_0/bd_3/ip/ip_3/bd_ba7c_psr_aclk1_0.xdc:50]
Finished Parsing XDC File [/data/tmp/chuxiao/spine_opt_v2_hw_150_20260728/temp/partitioned_split_e2e_link/link/vivado/vpl/prj/prj.gen/my_rm/bd/ulp/ip/ulp_hmss_0_0/bd_3/ip/ip_3/bd_ba7c_psr_aclk1_0.xdc] for cell 'level0_i/ulp/hmss_0/inst/path_2/interconnect3_2/inst/clk_map/psr_aclk1/U0'
Parsing XDC File [/data/tmp/chuxiao/spine_opt_v2_hw_150_20260728/temp/partitioned_split_e2e_link/link/vivado/vpl/prj/prj.gen/my_rm/bd/ulp/ip/ulp_hmss_0_0/bd_3/ip/ip_8/bd_ba7c_sarn_0_clocks.xdc] for cell 'level0_i/ulp/hmss_0/inst/path_2/interconnect3_2/inst/s00_nodes/s00_ar_node/inst'
Finished Parsing XDC File [/data/tmp/chuxiao/spine_opt_v2_hw_150_20260728/temp/partitioned_split_e2e_link/link/vivado/vpl/prj/prj.gen/my_rm/bd/ulp/ip/ulp_hmss_0_0/bd_3/ip/ip_8/bd_ba7c_sarn_0_clocks.xdc] for cell 'level0_i/ulp/hmss_0/inst/path_2/interconnect3_2/inst/s00_nodes/s00_ar_node/inst'
Parsing XDC File [/data/tmp/chuxiao/spine_opt_v2_hw_150_20260728/temp/partitioned_split_e2e_link/link/vivado/vpl/prj/prj.gen/my_rm/bd/ulp/ip/ulp_hmss_0_0/bd_0/ip/ip_3/bd_85ad_hbm_reset_sync_SLR2_0_board.xdc] for cell 'level0_i/ulp/hmss_0/inst/hbm_reset_sync_SLR2/U0'
Finished Parsing XDC File [/data/tmp/chuxiao/spine_opt_v2_hw_150_20260728/temp/partitioned_split_e2e_link/link/vivado/vpl/prj/prj.gen/my_rm/bd/ulp/ip/ulp_hmss_0_0/bd_0/ip/ip_3/bd_85ad_hbm_reset_sync_SLR2_0_board.xdc] for cell 'level0_i/ulp/hmss_0/inst/hbm_reset_sync_SLR2/U0'
Parsing XDC File [/data/tmp/chuxiao/spine_opt_v2_hw_150_20260728/temp/partitioned_split_e2e_link/link/vivado/vpl/prj/prj.gen/my_rm/bd/ulp/ip/ulp_axi_gpio_null_0/ulp_axi_gpio_null_0.xdc] for cell 'level0_i/ulp/SLR0/axi_gpio_null/U0'
Finished Parsing XDC File [/data/tmp/chuxiao/spine_opt_v2_hw_150_20260728/temp/partitioned_split_e2e_link/link/vivado/vpl/prj/prj.gen/my_rm/bd/ulp/ip/ulp_axi_gpio_null_0/ulp_axi_gpio_null_0.xdc] for cell 'level0_i/ulp/SLR0/axi_gpio_null/U0'
Parsing XDC File [/data/tmp/chuxiao/spine_opt_v2_hw_150_20260728/temp/partitioned_split_e2e_link/link/vivado/vpl/prj/prj.gen/my_rm/bd/ulp/ip/ulp_axi_gpio_null_1/ulp_axi_gpio_null_1_board.xdc] for cell 'level0_i/ulp/SLR1/axi_gpio_null/U0'
Finished Parsing XDC File [/data/tmp/chuxiao/spine_opt_v2_hw_150_20260728/temp/partitioned_split_e2e_link/link/vivado/vpl/prj/prj.gen/my_rm/bd/ulp/ip/ulp_axi_gpio_null_1/ulp_axi_gpio_null_1_board.xdc] for cell 'level0_i/ulp/SLR1/axi_gpio_null/U0'
Parsing XDC File [/data/tmp/chuxiao/spine_opt_v2_hw_150_20260728/temp/partitioned_split_e2e_link/link/vivado/vpl/prj/prj.gen/my_rm/bd/ulp/ip/ulp_axi_gpio_null_1/ulp_axi_gpio_null_1.xdc] for cell 'level0_i/ulp/SLR1/axi_gpio_null/U0'
Finished Parsing XDC File [/data/tmp/chuxiao/spine_opt_v2_hw_150_20260728/temp/partitioned_split_e2e_link/link/vivado/vpl/prj/prj.gen/my_rm/bd/ulp/ip/ulp_axi_gpio_null_1/ulp_axi_gpio_null_1.xdc] for cell 'level0_i/ulp/SLR1/axi_gpio_null/U0'
Parsing XDC File [/data/tmp/chuxiao/spine_opt_v2_hw_150_20260728/temp/partitioned_split_e2e_link/link/vivado/vpl/prj/prj.gen/my_rm/bd/ulp/ip/ulp_axi_gpio_null_2/ulp_axi_gpio_null_2_board.xdc] for cell 'level0_i/ulp/SLR2/axi_gpio_null/U0'
Finished Parsing XDC File [/data/tmp/chuxiao/spine_opt_v2_hw_150_20260728/temp/partitioned_split_e2e_link/link/vivado/vpl/prj/prj.gen/my_rm/bd/ulp/ip/ulp_axi_gpio_null_2/ulp_axi_gpio_null_2_board.xdc] for cell 'level0_i/ulp/SLR2/axi_gpio_null/U0'
Parsing XDC File [/data/tmp/chuxiao/spine_opt_v2_hw_150_20260728/temp/partitioned_split_e2e_link/link/vivado/vpl/prj/prj.gen/my_rm/bd/ulp/ip/ulp_axi_gpio_null_2/ulp_axi_gpio_null_2.xdc] for cell 'level0_i/ulp/SLR2/axi_gpio_null/U0'
Finished Parsing XDC File [/data/tmp/chuxiao/spine_opt_v2_hw_150_20260728/temp/partitioned_split_e2e_link/link/vivado/vpl/prj/prj.gen/my_rm/bd/ulp/ip/ulp_axi_gpio_null_2/ulp_axi_gpio_null_2.xdc] for cell 'level0_i/ulp/SLR2/axi_gpio_null/U0'
Parsing XDC File [/data/tmp/chuxiao/spine_opt_v2_hw_150_20260728/temp/partitioned_split_e2e_link/link/vivado/vpl/prj/prj.gen/my_rm/bd/ulp/ip/ulp_hmss_0_0/bd_0/ip/ip_0/hdl/par/hbm_ip.xdc] for cell 'level0_i/ulp/hmss_0/inst/hbm_inst/inst'
Finished Parsing XDC File [/data/tmp/chuxiao/spine_opt_v2_hw_150_20260728/temp/partitioned_split_e2e_link/link/vivado/vpl/prj/prj.gen/my_rm/bd/ulp/ip/ulp_hmss_0_0/bd_0/ip/ip_0/hdl/par/hbm_ip.xdc] for cell 'level0_i/ulp/hmss_0/inst/hbm_inst/inst'
Parsing XDC File [/data/tmp/chuxiao/spine_opt_v2_hw_150_20260728/temp/partitioned_split_e2e_link/link/vivado/vpl/prj/prj.gen/my_rm/bd/ulp/ip/ulp_hmss_0_0/bd_0/ip/ip_1/bd_85ad_hbm_reset_sync_SLR0_0_board.xdc] for cell 'level0_i/ulp/hmss_0/inst/hbm_reset_sync_SLR0/U0'
Finished Parsing XDC File [/data/tmp/chuxiao/spine_opt_v2_hw_150_20260728/temp/partitioned_split_e2e_link/link/vivado/vpl/prj/prj.gen/my_rm/bd/ulp/ip/ulp_hmss_0_0/bd_0/ip/ip_1/bd_85ad_hbm_reset_sync_SLR0_0_board.xdc] for cell 'level0_i/ulp/hmss_0/inst/hbm_reset_sync_SLR0/U0'
Parsing XDC File [/data/tmp/chuxiao/spine_opt_v2_hw_150_20260728/temp/partitioned_split_e2e_link/link/vivado/vpl/prj/prj.gen/my_rm/bd/ulp/ip/ulp_hmss_0_0/bd_0/ip/ip_1/bd_85ad_hbm_reset_sync_SLR0_0.xdc] for cell 'level0_i/ulp/hmss_0/inst/hbm_reset_sync_SLR0/U0'
Finished Parsing XDC File [/data/tmp/chuxiao/spine_opt_v2_hw_150_20260728/temp/partitioned_split_e2e_link/link/vivado/vpl/prj/prj.gen/my_rm/bd/ulp/ip/ulp_hmss_0_0/bd_0/ip/ip_1/bd_85ad_hbm_reset_sync_SLR0_0.xdc] for cell 'level0_i/ulp/hmss_0/inst/hbm_reset_sync_SLR0/U0'
Parsing XDC File [/data/tmp/chuxiao/spine_opt_v2_hw_150_20260728/temp/partitioned_split_e2e_link/link/vivado/vpl/prj/prj.gen/my_rm/bd/ulp/ip/ulp_hmss_0_0/bd_0/ip/ip_2/bd_85ad_hbm_reset_sync_SLR1_0_board.xdc] for cell 'level0_i/ulp/hmss_0/inst/hbm_reset_sync_SLR1/U0'
Finished Parsing XDC File [/data/tmp/chuxiao/spine_opt_v2_hw_150_20260728/temp/partitioned_split_e2e_link/link/vivado/vpl/prj/prj.gen/my_rm/bd/ulp/ip/ulp_hmss_0_0/bd_0/ip/ip_2/bd_85ad_hbm_reset_sync_SLR1_0_board.xdc] for cell 'level0_i/ulp/hmss_0/inst/hbm_reset_sync_SLR1/U0'
Parsing XDC File [/data/tmp/chuxiao/spine_opt_v2_hw_150_20260728/temp/partitioned_split_e2e_link/link/vivado/vpl/prj/prj.gen/my_rm/bd/ulp/ip/ulp_hmss_0_0/bd_0/ip/ip_2/bd_85ad_hbm_reset_sync_SLR1_0.xdc] for cell 'level0_i/ulp/hmss_0/inst/hbm_reset_sync_SLR1/U0'
Finished Parsing XDC File [/data/tmp/chuxiao/spine_opt_v2_hw_150_20260728/temp/partitioned_split_e2e_link/link/vivado/vpl/prj/prj.gen/my_rm/bd/ulp/ip/ulp_hmss_0_0/bd_0/ip/ip_2/bd_85ad_hbm_reset_sync_SLR1_0.xdc] for cell 'level0_i/ulp/hmss_0/inst/hbm_reset_sync_SLR1/U0'
Parsing XDC File [/data/tmp/chuxiao/spine_opt_v2_hw_150_20260728/temp/partitioned_split_e2e_link/link/vivado/vpl/prj/prj.gen/my_rm/bd/ulp/ip/ulp_hmss_0_0/bd_3/ip/ip_9/bd_ba7c_srn_0_clocks.xdc] for cell 'level0_i/ulp/hmss_0/inst/path_2/interconnect3_2/inst/s00_nodes/s00_r_node/inst'
WARNING: [Vivado_Tcl 4-935] Waiver ID 'CDC-1' is a duplicate and will not be added again. [/data/tmp/chuxiao/spine_opt_v2_hw_150_20260728/temp/partitioned_split_e2e_link/link/vivado/vpl/prj/prj.gen/my_rm/bd/ulp/ip/ulp_hmss_0_0/bd_3/ip/ip_9/bd_ba7c_srn_0_clocks.xdc:140]
WARNING: [Vivado_Tcl 4-935] Waiver ID 'CDC-1' is a duplicate and will not be added again. [/data/tmp/chuxiao/spine_opt_v2_hw_150_20260728/temp/partitioned_split_e2e_link/link/vivado/vpl/prj/prj.gen/my_rm/bd/ulp/ip/ulp_hmss_0_0/bd_3/ip/ip_9/bd_ba7c_srn_0_clocks.xdc:143]
WARNING: [Vivado_Tcl 4-935] Waiver ID 'CDC-1' is a duplicate and will not be added again. [/data/tmp/chuxiao/spine_opt_v2_hw_150_20260728/temp/partitioned_split_e2e_link/link/vivado/vpl/prj/prj.gen/my_rm/bd/ulp/ip/ulp_hmss_0_0/bd_3/ip/ip_9/bd_ba7c_srn_0_clocks.xdc:146]
WARNING: [Vivado_Tcl 4-935] Waiver ID 'CDC-1' is a duplicate and will not be added again. [/data/tmp/chuxiao/spine_opt_v2_hw_150_20260728/temp/partitioned_split_e2e_link/link/vivado/vpl/prj/prj.gen/my_rm/bd/ulp/ip/ulp_hmss_0_0/bd_3/ip/ip_9/bd_ba7c_srn_0_clocks.xdc:152]
WARNING: [Vivado_Tcl 4-935] Waiver ID 'CDC-1' is a duplicate and will not be added again. [/data/tmp/chuxiao/spine_opt_v2_hw_150_20260728/temp/partitioned_split_e2e_link/link/vivado/vpl/prj/prj.gen/my_rm/bd/ulp/ip/ulp_hmss_0_0/bd_3/ip/ip_9/bd_ba7c_srn_0_clocks.xdc:155]
Finished Parsing XDC File [/data/tmp/chuxiao/spine_opt_v2_hw_150_20260728/temp/partitioned_split_e2e_link/link/vivado/vpl/prj/prj.gen/my_rm/bd/ulp/ip/ulp_hmss_0_0/bd_3/ip/ip_9/bd_ba7c_srn_0_clocks.xdc] for cell 'level0_i/ulp/hmss_0/inst/path_2/interconnect3_2/inst/s00_nodes/s00_r_node/inst'
Parsing XDC File [/data/tmp/chuxiao/spine_opt_v2_hw_150_20260728/temp/partitioned_split_e2e_link/link/vivado/vpl/prj/prj.gen/my_rm/bd/ulp/ip/ulp_hmss_0_0/bd_0/ip/ip_3/bd_85ad_hbm_reset_sync_SLR2_0.xdc] for cell 'level0_i/ulp/hmss_0/inst/hbm_reset_sync_SLR2/U0'
Finished Parsing XDC File [/data/tmp/chuxiao/spine_opt_v2_hw_150_20260728/temp/partitioned_split_e2e_link/link/vivado/vpl/prj/prj.gen/my_rm/bd/ulp/ip/ulp_hmss_0_0/bd_0/ip/ip_3/bd_85ad_hbm_reset_sync_SLR2_0.xdc] for cell 'level0_i/ulp/hmss_0/inst/hbm_reset_sync_SLR2/U0'
Parsing XDC File [/data/tmp/chuxiao/spine_opt_v2_hw_150_20260728/temp/partitioned_split_e2e_link/link/vivado/vpl/prj/prj.gen/my_rm/bd/ulp/ip/ulp_hmss_0_0/bd_1/ip/ip_1/bd_baa4_psr0_0_board.xdc] for cell 'level0_i/ulp/hmss_0/inst/path_0/interconnect1_0/inst/clk_map/psr0/U0'
Finished Parsing XDC File [/data/tmp/chuxiao/spine_opt_v2_hw_150_20260728/temp/partitioned_split_e2e_link/link/vivado/vpl/prj/prj.gen/my_rm/bd/ulp/ip/ulp_hmss_0_0/bd_1/ip/ip_1/bd_baa4_psr0_0_board.xdc] for cell 'level0_i/ulp/hmss_0/inst/path_0/interconnect1_0/inst/clk_map/psr0/U0'
Parsing XDC File [/data/tmp/chuxiao/spine_opt_v2_hw_150_20260728/temp/partitioned_split_e2e_link/link/vivado/vpl/prj/prj.gen/my_rm/bd/ulp/ip/ulp_hmss_0_0/bd_1/ip/ip_1/bd_baa4_psr0_0.xdc] for cell 'level0_i/ulp/hmss_0/inst/path_0/interconnect1_0/inst/clk_map/psr0/U0'
WARNING: [Vivado_Tcl 4-935] Waiver ID 'CDC-11' is a duplicate and will not be added again. [/data/tmp/chuxiao/spine_opt_v2_hw_150_20260728/temp/partitioned_split_e2e_link/link/vivado/vpl/prj/prj.gen/my_rm/bd/ulp/ip/ulp_hmss_0_0/bd_1/ip/ip_1/bd_baa4_psr0_0.xdc:50]
Finished Parsing XDC File [/data/tmp/chuxiao/spine_opt_v2_hw_150_20260728/temp/partitioned_split_e2e_link/link/vivado/vpl/prj/prj.gen/my_rm/bd/ulp/ip/ulp_hmss_0_0/bd_1/ip/ip_1/bd_baa4_psr0_0.xdc] for cell 'level0_i/ulp/hmss_0/inst/path_0/interconnect1_0/inst/clk_map/psr0/U0'
Parsing XDC File [/data/tmp/chuxiao/spine_opt_v2_hw_150_20260728/temp/partitioned_split_e2e_link/link/vivado/vpl/prj/prj.gen/my_rm/bd/ulp/ip/ulp_hmss_0_0/bd_1/ip/ip_2/bd_baa4_psr_aclk_0_board.xdc] for cell 'level0_i/ulp/hmss_0/inst/path_0/interconnect1_0/inst/clk_map/psr_aclk/U0'
Finished Parsing XDC File [/data/tmp/chuxiao/spine_opt_v2_hw_150_20260728/temp/partitioned_split_e2e_link/link/vivado/vpl/prj/prj.gen/my_rm/bd/ulp/ip/ulp_hmss_0_0/bd_1/ip/ip_2/bd_baa4_psr_aclk_0_board.xdc] for cell 'level0_i/ulp/hmss_0/inst/path_0/interconnect1_0/inst/clk_map/psr_aclk/U0'
Parsing XDC File [/data/tmp/chuxiao/spine_opt_v2_hw_150_20260728/temp/partitioned_split_e2e_link/link/vivado/vpl/prj/prj.gen/my_rm/bd/ulp/ip/ulp_hmss_0_0/bd_1/ip/ip_2/bd_baa4_psr_aclk_0.xdc] for cell 'level0_i/ulp/hmss_0/inst/path_0/interconnect1_0/inst/clk_map/psr_aclk/U0'
WARNING: [Vivado_Tcl 4-935] Waiver ID 'CDC-11' is a duplicate and will not be added again. [/data/tmp/chuxiao/spine_opt_v2_hw_150_20260728/temp/partitioned_split_e2e_link/link/vivado/vpl/prj/prj.gen/my_rm/bd/ulp/ip/ulp_hmss_0_0/bd_1/ip/ip_2/bd_baa4_psr_aclk_0.xdc:50]
Finished Parsing XDC File [/data/tmp/chuxiao/spine_opt_v2_hw_150_20260728/temp/partitioned_split_e2e_link/link/vivado/vpl/prj/prj.gen/my_rm/bd/ulp/ip/ulp_hmss_0_0/bd_1/ip/ip_2/bd_baa4_psr_aclk_0.xdc] for cell 'level0_i/ulp/hmss_0/inst/path_0/interconnect1_0/inst/clk_map/psr_aclk/U0'
Parsing XDC File [/data/tmp/chuxiao/spine_opt_v2_hw_150_20260728/temp/partitioned_split_e2e_link/link/vivado/vpl/prj/prj.gen/my_rm/bd/ulp/ip/ulp_hmss_0_0/bd_1/ip/ip_3/bd_baa4_psr_aclk1_0_board.xdc] for cell 'level0_i/ulp/hmss_0/inst/path_0/interconnect1_0/inst/clk_map/psr_aclk1/U0'
Finished Parsing XDC File [/data/tmp/chuxiao/spine_opt_v2_hw_150_20260728/temp/partitioned_split_e2e_link/link/vivado/vpl/prj/prj.gen/my_rm/bd/ulp/ip/ulp_hmss_0_0/bd_1/ip/ip_3/bd_baa4_psr_aclk1_0_board.xdc] for cell 'level0_i/ulp/hmss_0/inst/path_0/interconnect1_0/inst/clk_map/psr_aclk1/U0'
Parsing XDC File [/data/tmp/chuxiao/spine_opt_v2_hw_150_20260728/temp/partitioned_split_e2e_link/link/vivado/vpl/prj/prj.gen/my_rm/bd/ulp/ip/ulp_hmss_0_0/bd_1/ip/ip_3/bd_baa4_psr_aclk1_0.xdc] for cell 'level0_i/ulp/hmss_0/inst/path_0/interconnect1_0/inst/clk_map/psr_aclk1/U0'
WARNING: [Vivado_Tcl 4-935] Waiver ID 'CDC-11' is a duplicate and will not be added again. [/data/tmp/chuxiao/spine_opt_v2_hw_150_20260728/temp/partitioned_split_e2e_link/link/vivado/vpl/prj/prj.gen/my_rm/bd/ulp/ip/ulp_hmss_0_0/bd_1/ip/ip_3/bd_baa4_psr_aclk1_0.xdc:50]
Finished Parsing XDC File [/data/tmp/chuxiao/spine_opt_v2_hw_150_20260728/temp/partitioned_split_e2e_link/link/vivado/vpl/prj/prj.gen/my_rm/bd/ulp/ip/ulp_hmss_0_0/bd_1/ip/ip_3/bd_baa4_psr_aclk1_0.xdc] for cell 'level0_i/ulp/hmss_0/inst/path_0/interconnect1_0/inst/clk_map/psr_aclk1/U0'
Parsing XDC File [/data/tmp/chuxiao/spine_opt_v2_hw_150_20260728/temp/partitioned_split_e2e_link/link/vivado/vpl/prj/prj.gen/my_rm/bd/ulp/ip/ulp_hmss_0_0/bd_1/ip/ip_8/bd_baa4_sarn_0_clocks.xdc] for cell 'level0_i/ulp/hmss_0/inst/path_0/interconnect1_0/inst/s00_nodes/s00_ar_node/inst'
Finished Parsing XDC File [/data/tmp/chuxiao/spine_opt_v2_hw_150_20260728/temp/partitioned_split_e2e_link/link/vivado/vpl/prj/prj.gen/my_rm/bd/ulp/ip/ulp_hmss_0_0/bd_1/ip/ip_8/bd_baa4_sarn_0_clocks.xdc] for cell 'level0_i/ulp/hmss_0/inst/path_0/interconnect1_0/inst/s00_nodes/s00_ar_node/inst'
Parsing XDC File [/data/tmp/chuxiao/spine_opt_v2_hw_150_20260728/temp/partitioned_split_e2e_link/link/vivado/vpl/prj/prj.gen/my_rm/bd/ulp/ip/ulp_hmss_0_0/bd_1/ip/ip_9/bd_baa4_srn_0_clocks.xdc] for cell 'level0_i/ulp/hmss_0/inst/path_0/interconnect1_0/inst/s00_nodes/s00_r_node/inst'
WARNING: [Vivado_Tcl 4-935] Waiver ID 'CDC-1' is a duplicate and will not be added again. [/data/tmp/chuxiao/spine_opt_v2_hw_150_20260728/temp/partitioned_split_e2e_link/link/vivado/vpl/prj/prj.gen/my_rm/bd/ulp/ip/ulp_hmss_0_0/bd_1/ip/ip_9/bd_baa4_srn_0_clocks.xdc:140]
WARNING: [Vivado_Tcl 4-935] Waiver ID 'CDC-1' is a duplicate and will not be added again. [/data/tmp/chuxiao/spine_opt_v2_hw_150_20260728/temp/partitioned_split_e2e_link/link/vivado/vpl/prj/prj.gen/my_rm/bd/ulp/ip/ulp_hmss_0_0/bd_1/ip/ip_9/bd_baa4_srn_0_clocks.xdc:143]
WARNING: [Vivado_Tcl 4-935] Waiver ID 'CDC-1' is a duplicate and will not be added again. [/data/tmp/chuxiao/spine_opt_v2_hw_150_20260728/temp/partitioned_split_e2e_link/link/vivado/vpl/prj/prj.gen/my_rm/bd/ulp/ip/ulp_hmss_0_0/bd_1/ip/ip_9/bd_baa4_srn_0_clocks.xdc:146]
WARNING: [Vivado_Tcl 4-935] Waiver ID 'CDC-1' is a duplicate and will not be added again. [/data/tmp/chuxiao/spine_opt_v2_hw_150_20260728/temp/partitioned_split_e2e_link/link/vivado/vpl/prj/prj.gen/my_rm/bd/ulp/ip/ulp_hmss_0_0/bd_1/ip/ip_9/bd_baa4_srn_0_clocks.xdc:152]
WARNING: [Vivado_Tcl 4-935] Waiver ID 'CDC-1' is a duplicate and will not be added again. [/data/tmp/chuxiao/spine_opt_v2_hw_150_20260728/temp/partitioned_split_e2e_link/link/vivado/vpl/prj/prj.gen/my_rm/bd/ulp/ip/ulp_hmss_0_0/bd_1/ip/ip_9/bd_baa4_srn_0_clocks.xdc:155]
Finished Parsing XDC File [/data/tmp/chuxiao/spine_opt_v2_hw_150_20260728/temp/partitioned_split_e2e_link/link/vivado/vpl/prj/prj.gen/my_rm/bd/ulp/ip/ulp_hmss_0_0/bd_1/ip/ip_9/bd_baa4_srn_0_clocks.xdc] for cell 'level0_i/ulp/hmss_0/inst/path_0/interconnect1_0/inst/s00_nodes/s00_r_node/inst'
Parsing XDC File [/data/tmp/chuxiao/spine_opt_v2_hw_150_20260728/temp/partitioned_split_e2e_link/link/vivado/vpl/prj/prj.gen/my_rm/bd/ulp/ip/ulp_hmss_0_0/bd_1/ip/ip_10/bd_baa4_sawn_0_clocks.xdc] for cell 'level0_i/ulp/hmss_0/inst/path_0/interconnect1_0/inst/s00_nodes/s00_aw_node/inst'
Finished Parsing XDC File [/data/tmp/chuxiao/spine_opt_v2_hw_150_20260728/temp/partitioned_split_e2e_link/link/vivado/vpl/prj/prj.gen/my_rm/bd/ulp/ip/ulp_hmss_0_0/bd_1/ip/ip_10/bd_baa4_sawn_0_clocks.xdc] for cell 'level0_i/ulp/hmss_0/inst/path_0/interconnect1_0/inst/s00_nodes/s00_aw_node/inst'
Parsing XDC File [/data/tmp/chuxiao/spine_opt_v2_hw_150_20260728/temp/partitioned_split_e2e_link/link/vivado/vpl/prj/prj.gen/my_rm/bd/ulp/ip/ulp_hmss_0_0/bd_6/ip/ip_2/bd_7b01_psr_aclk_0.xdc] for cell 'level0_i/ulp/hmss_0/inst/path_5/interconnect6_5/inst/clk_map/psr_aclk/U0'
WARNING: [Vivado_Tcl 4-935] Waiver ID 'CDC-11' is a duplicate and will not be added again. [/data/tmp/chuxiao/spine_opt_v2_hw_150_20260728/temp/partitioned_split_e2e_link/link/vivado/vpl/prj/prj.gen/my_rm/bd/ulp/ip/ulp_hmss_0_0/bd_6/ip/ip_2/bd_7b01_psr_aclk_0.xdc:50]
Finished Parsing XDC File [/data/tmp/chuxiao/spine_opt_v2_hw_150_20260728/temp/partitioned_split_e2e_link/link/vivado/vpl/prj/prj.gen/my_rm/bd/ulp/ip/ulp_hmss_0_0/bd_6/ip/ip_2/bd_7b01_psr_aclk_0.xdc] for cell 'level0_i/ulp/hmss_0/inst/path_5/interconnect6_5/inst/clk_map/psr_aclk/U0'
Parsing XDC File [/data/tmp/chuxiao/spine_opt_v2_hw_150_20260728/temp/partitioned_split_e2e_link/link/vivado/vpl/prj/prj.gen/my_rm/bd/ulp/ip/ulp_hmss_0_0/bd_5/ip/ip_3/bd_bb14_psr_aclk1_0.xdc] for cell 'level0_i/ulp/hmss_0/inst/path_4/interconnect5_4/inst/clk_map/psr_aclk1/U0'
WARNING: [Vivado_Tcl 4-935] Waiver ID 'CDC-11' is a duplicate and will not be added again. [/data/tmp/chuxiao/spine_opt_v2_hw_150_20260728/temp/partitioned_split_e2e_link/link/vivado/vpl/prj/prj.gen/my_rm/bd/ulp/ip/ulp_hmss_0_0/bd_5/ip/ip_3/bd_bb14_psr_aclk1_0.xdc:50]
Finished Parsing XDC File [/data/tmp/chuxiao/spine_opt_v2_hw_150_20260728/temp/partitioned_split_e2e_link/link/vivado/vpl/prj/prj.gen/my_rm/bd/ulp/ip/ulp_hmss_0_0/bd_5/ip/ip_3/bd_bb14_psr_aclk1_0.xdc] for cell 'level0_i/ulp/hmss_0/inst/path_4/interconnect5_4/inst/clk_map/psr_aclk1/U0'
Parsing XDC File [/data/tmp/chuxiao/spine_opt_v2_hw_150_20260728/temp/partitioned_split_e2e_link/link/vivado/vpl/prj/prj.gen/my_rm/bd/ulp/ip/ulp_hmss_0_0/bd_5/ip/ip_8/bd_bb14_sarn_0_clocks.xdc] for cell 'level0_i/ulp/hmss_0/inst/path_4/interconnect5_4/inst/s00_nodes/s00_ar_node/inst'
Finished Parsing XDC File [/data/tmp/chuxiao/spine_opt_v2_hw_150_20260728/temp/partitioned_split_e2e_link/link/vivado/vpl/prj/prj.gen/my_rm/bd/ulp/ip/ulp_hmss_0_0/bd_5/ip/ip_8/bd_bb14_sarn_0_clocks.xdc] for cell 'level0_i/ulp/hmss_0/inst/path_4/interconnect5_4/inst/s00_nodes/s00_ar_node/inst'
Parsing XDC File [/data/tmp/chuxiao/spine_opt_v2_hw_150_20260728/temp/partitioned_split_e2e_link/link/vivado/vpl/prj/prj.gen/my_rm/bd/ulp/ip/ulp_hmss_0_0/bd_5/ip/ip_9/bd_bb14_srn_0_clocks.xdc] for cell 'level0_i/ulp/hmss_0/inst/path_4/interconnect5_4/inst/s00_nodes/s00_r_node/inst'
WARNING: [Vivado_Tcl 4-935] Waiver ID 'CDC-1' is a duplicate and will not be added again. [/data/tmp/chuxiao/spine_opt_v2_hw_150_20260728/temp/partitioned_split_e2e_link/link/vivado/vpl/prj/prj.gen/my_rm/bd/ulp/ip/ulp_hmss_0_0/bd_5/ip/ip_9/bd_bb14_srn_0_clocks.xdc:140]
WARNING: [Vivado_Tcl 4-935] Waiver ID 'CDC-1' is a duplicate and will not be added again. [/data/tmp/chuxiao/spine_opt_v2_hw_150_20260728/temp/partitioned_split_e2e_link/link/vivado/vpl/prj/prj.gen/my_rm/bd/ulp/ip/ulp_hmss_0_0/bd_5/ip/ip_9/bd_bb14_srn_0_clocks.xdc:143]
WARNING: [Vivado_Tcl 4-935] Waiver ID 'CDC-1' is a duplicate and will not be added again. [/data/tmp/chuxiao/spine_opt_v2_hw_150_20260728/temp/partitioned_split_e2e_link/link/vivado/vpl/prj/prj.gen/my_rm/bd/ulp/ip/ulp_hmss_0_0/bd_5/ip/ip_9/bd_bb14_srn_0_clocks.xdc:146]
WARNING: [Vivado_Tcl 4-935] Waiver ID 'CDC-1' is a duplicate and will not be added again. [/data/tmp/chuxiao/spine_opt_v2_hw_150_20260728/temp/partitioned_split_e2e_link/link/vivado/vpl/prj/prj.gen/my_rm/bd/ulp/ip/ulp_hmss_0_0/bd_5/ip/ip_9/bd_bb14_srn_0_clocks.xdc:152]
WARNING: [Vivado_Tcl 4-935] Waiver ID 'CDC-1' is a duplicate and will not be added again. [/data/tmp/chuxiao/spine_opt_v2_hw_150_20260728/temp/partitioned_split_e2e_link/link/vivado/vpl/prj/prj.gen/my_rm/bd/ulp/ip/ulp_hmss_0_0/bd_5/ip/ip_9/bd_bb14_srn_0_clocks.xdc:155]
Finished Parsing XDC File [/data/tmp/chuxiao/spine_opt_v2_hw_150_20260728/temp/partitioned_split_e2e_link/link/vivado/vpl/prj/prj.gen/my_rm/bd/ulp/ip/ulp_hmss_0_0/bd_5/ip/ip_9/bd_bb14_srn_0_clocks.xdc] for cell 'level0_i/ulp/hmss_0/inst/path_4/interconnect5_4/inst/s00_nodes/s00_r_node/inst'
Parsing XDC File [/data/tmp/chuxiao/spine_opt_v2_hw_150_20260728/temp/partitioned_split_e2e_link/link/vivado/vpl/prj/prj.gen/my_rm/bd/ulp/ip/ulp_hmss_0_0/bd_5/ip/ip_10/bd_bb14_sawn_0_clocks.xdc] for cell 'level0_i/ulp/hmss_0/inst/path_4/interconnect5_4/inst/s00_nodes/s00_aw_node/inst'
Finished Parsing XDC File [/data/tmp/chuxiao/spine_opt_v2_hw_150_20260728/temp/partitioned_split_e2e_link/link/vivado/vpl/prj/prj.gen/my_rm/bd/ulp/ip/ulp_hmss_0_0/bd_5/ip/ip_10/bd_bb14_sawn_0_clocks.xdc] for cell 'level0_i/ulp/hmss_0/inst/path_4/interconnect5_4/inst/s00_nodes/s00_aw_node/inst'
Parsing XDC File [/data/tmp/chuxiao/spine_opt_v2_hw_150_20260728/temp/partitioned_split_e2e_link/link/vivado/vpl/prj/prj.gen/my_rm/bd/ulp/ip/ulp_hmss_0_0/bd_5/ip/ip_11/bd_bb14_swn_0_clocks.xdc] for cell 'level0_i/ulp/hmss_0/inst/path_4/interconnect5_4/inst/s00_nodes/s00_w_node/inst'
Finished Parsing XDC File [/data/tmp/chuxiao/spine_opt_v2_hw_150_20260728/temp/partitioned_split_e2e_link/link/vivado/vpl/prj/prj.gen/my_rm/bd/ulp/ip/ulp_hmss_0_0/bd_5/ip/ip_11/bd_bb14_swn_0_clocks.xdc] for cell 'level0_i/ulp/hmss_0/inst/path_4/interconnect5_4/inst/s00_nodes/s00_w_node/inst'
Parsing XDC File [/data/tmp/chuxiao/spine_opt_v2_hw_150_20260728/temp/partitioned_split_e2e_link/link/vivado/vpl/prj/prj.gen/my_rm/bd/ulp/ip/ulp_hmss_0_0/bd_5/ip/ip_12/bd_bb14_sbn_0_clocks.xdc] for cell 'level0_i/ulp/hmss_0/inst/path_4/interconnect5_4/inst/s00_nodes/s00_b_node/inst'
Finished Parsing XDC File [/data/tmp/chuxiao/spine_opt_v2_hw_150_20260728/temp/partitioned_split_e2e_link/link/vivado/vpl/prj/prj.gen/my_rm/bd/ulp/ip/ulp_hmss_0_0/bd_5/ip/ip_12/bd_bb14_sbn_0_clocks.xdc] for cell 'level0_i/ulp/hmss_0/inst/path_4/interconnect5_4/inst/s00_nodes/s00_b_node/inst'
Parsing XDC File [/data/tmp/chuxiao/spine_opt_v2_hw_150_20260728/temp/partitioned_split_e2e_link/link/vivado/vpl/prj/prj.gen/my_rm/bd/ulp/ip/ulp_hmss_0_0/bd_0/ip/ip_16/smartconnect.xdc] for cell 'level0_i/ulp/hmss_0/inst/path_4/interconnect5_4/inst'
WARNING: [Vivado_Tcl 4-919] Waiver ID 'CDC-1' -from list should not be empty. [/data/tmp/chuxiao/spine_opt_v2_hw_150_20260728/temp/partitioned_split_e2e_link/link/vivado/vpl/prj/prj.gen/my_rm/bd/ulp/ip/ulp_hmss_0_0/bd_0/ip/ip_16/smartconnect.xdc:1]
Finished Parsing XDC File [/data/tmp/chuxiao/spine_opt_v2_hw_150_20260728/temp/partitioned_split_e2e_link/link/vivado/vpl/prj/prj.gen/my_rm/bd/ulp/ip/ulp_hmss_0_0/bd_0/ip/ip_16/smartconnect.xdc] for cell 'level0_i/ulp/hmss_0/inst/path_4/interconnect5_4/inst'
Parsing XDC File [/data/tmp/chuxiao/spine_opt_v2_hw_150_20260728/temp/partitioned_split_e2e_link/link/vivado/vpl/prj/prj.gen/my_rm/bd/ulp/ip/ulp_hmss_0_0/bd_6/ip/ip_1/bd_7b01_psr0_0_board.xdc] for cell 'level0_i/ulp/hmss_0/inst/path_5/interconnect6_5/inst/clk_map/psr0/U0'
Finished Parsing XDC File [/data/tmp/chuxiao/spine_opt_v2_hw_150_20260728/temp/partitioned_split_e2e_link/link/vivado/vpl/prj/prj.gen/my_rm/bd/ulp/ip/ulp_hmss_0_0/bd_6/ip/ip_1/bd_7b01_psr0_0_board.xdc] for cell 'level0_i/ulp/hmss_0/inst/path_5/interconnect6_5/inst/clk_map/psr0/U0'
Parsing XDC File [/data/tmp/chuxiao/spine_opt_v2_hw_150_20260728/temp/partitioned_split_e2e_link/link/vivado/vpl/prj/prj.gen/my_rm/bd/ulp/ip/ulp_hmss_0_0/bd_6/ip/ip_1/bd_7b01_psr0_0.xdc] for cell 'level0_i/ulp/hmss_0/inst/path_5/interconnect6_5/inst/clk_map/psr0/U0'
WARNING: [Vivado_Tcl 4-935] Waiver ID 'CDC-11' is a duplicate and will not be added again. [/data/tmp/chuxiao/spine_opt_v2_hw_150_20260728/temp/partitioned_split_e2e_link/link/vivado/vpl/prj/prj.gen/my_rm/bd/ulp/ip/ulp_hmss_0_0/bd_6/ip/ip_1/bd_7b01_psr0_0.xdc:50]
Finished Parsing XDC File [/data/tmp/chuxiao/spine_opt_v2_hw_150_20260728/temp/partitioned_split_e2e_link/link/vivado/vpl/prj/prj.gen/my_rm/bd/ulp/ip/ulp_hmss_0_0/bd_6/ip/ip_1/bd_7b01_psr0_0.xdc] for cell 'level0_i/ulp/hmss_0/inst/path_5/interconnect6_5/inst/clk_map/psr0/U0'
Parsing XDC File [/data/tmp/chuxiao/spine_opt_v2_hw_150_20260728/temp/partitioned_split_e2e_link/link/vivado/vpl/prj/prj.gen/my_rm/bd/ulp/ip/ulp_hmss_0_0/bd_6/ip/ip_2/bd_7b01_psr_aclk_0_board.xdc] for cell 'level0_i/ulp/hmss_0/inst/path_5/interconnect6_5/inst/clk_map/psr_aclk/U0'
Finished Parsing XDC File [/data/tmp/chuxiao/spine_opt_v2_hw_150_20260728/temp/partitioned_split_e2e_link/link/vivado/vpl/prj/prj.gen/my_rm/bd/ulp/ip/ulp_hmss_0_0/bd_6/ip/ip_2/bd_7b01_psr_aclk_0_board.xdc] for cell 'level0_i/ulp/hmss_0/inst/path_5/interconnect6_5/inst/clk_map/psr_aclk/U0'
Parsing XDC File [/data/tmp/chuxiao/spine_opt_v2_hw_150_20260728/temp/partitioned_split_e2e_link/link/vivado/vpl/prj/prj.gen/my_rm/bd/ulp/ip/ulp_hmss_0_0/bd_5/ip/ip_3/bd_bb14_psr_aclk1_0_board.xdc] for cell 'level0_i/ulp/hmss_0/inst/path_4/interconnect5_4/inst/clk_map/psr_aclk1/U0'
Finished Parsing XDC File [/data/tmp/chuxiao/spine_opt_v2_hw_150_20260728/temp/partitioned_split_e2e_link/link/vivado/vpl/prj/prj.gen/my_rm/bd/ulp/ip/ulp_hmss_0_0/bd_5/ip/ip_3/bd_bb14_psr_aclk1_0_board.xdc] for cell 'level0_i/ulp/hmss_0/inst/path_4/interconnect5_4/inst/clk_map/psr_aclk1/U0'
Parsing XDC File [/data/tmp/chuxiao/spine_opt_v2_hw_150_20260728/temp/partitioned_split_e2e_link/link/vivado/vpl/prj/prj.gen/my_rm/bd/ulp/ip/ulp_hmss_0_0/bd_6/ip/ip_3/bd_7b01_psr_aclk1_0_board.xdc] for cell 'level0_i/ulp/hmss_0/inst/path_5/interconnect6_5/inst/clk_map/psr_aclk1/U0'
Finished Parsing XDC File [/data/tmp/chuxiao/spine_opt_v2_hw_150_20260728/temp/partitioned_split_e2e_link/link/vivado/vpl/prj/prj.gen/my_rm/bd/ulp/ip/ulp_hmss_0_0/bd_6/ip/ip_3/bd_7b01_psr_aclk1_0_board.xdc] for cell 'level0_i/ulp/hmss_0/inst/path_5/interconnect6_5/inst/clk_map/psr_aclk1/U0'
Parsing XDC File [/data/tmp/chuxiao/spine_opt_v2_hw_150_20260728/temp/partitioned_split_e2e_link/link/vivado/vpl/prj/prj.gen/my_rm/bd/ulp/ip/ulp_hmss_0_0/bd_6/ip/ip_3/bd_7b01_psr_aclk1_0.xdc] for cell 'level0_i/ulp/hmss_0/inst/path_5/interconnect6_5/inst/clk_map/psr_aclk1/U0'
WARNING: [Vivado_Tcl 4-935] Waiver ID 'CDC-11' is a duplicate and will not be added again. [/data/tmp/chuxiao/spine_opt_v2_hw_150_20260728/temp/partitioned_split_e2e_link/link/vivado/vpl/prj/prj.gen/my_rm/bd/ulp/ip/ulp_hmss_0_0/bd_6/ip/ip_3/bd_7b01_psr_aclk1_0.xdc:50]
Finished Parsing XDC File [/data/tmp/chuxiao/spine_opt_v2_hw_150_20260728/temp/partitioned_split_e2e_link/link/vivado/vpl/prj/prj.gen/my_rm/bd/ulp/ip/ulp_hmss_0_0/bd_6/ip/ip_3/bd_7b01_psr_aclk1_0.xdc] for cell 'level0_i/ulp/hmss_0/inst/path_5/interconnect6_5/inst/clk_map/psr_aclk1/U0'
Parsing XDC File [/data/tmp/chuxiao/spine_opt_v2_hw_150_20260728/temp/partitioned_split_e2e_link/link/vivado/vpl/prj/prj.gen/my_rm/bd/ulp/ip/ulp_hmss_0_0/bd_6/ip/ip_8/bd_7b01_sarn_0_clocks.xdc] for cell 'level0_i/ulp/hmss_0/inst/path_5/interconnect6_5/inst/s00_nodes/s00_ar_node/inst'
Finished Parsing XDC File [/data/tmp/chuxiao/spine_opt_v2_hw_150_20260728/temp/partitioned_split_e2e_link/link/vivado/vpl/prj/prj.gen/my_rm/bd/ulp/ip/ulp_hmss_0_0/bd_6/ip/ip_8/bd_7b01_sarn_0_clocks.xdc] for cell 'level0_i/ulp/hmss_0/inst/path_5/interconnect6_5/inst/s00_nodes/s00_ar_node/inst'
Parsing XDC File [/data/tmp/chuxiao/spine_opt_v2_hw_150_20260728/temp/partitioned_split_e2e_link/link/vivado/vpl/prj/prj.gen/my_rm/bd/ulp/ip/ulp_hmss_0_0/bd_6/ip/ip_9/bd_7b01_srn_0_clocks.xdc] for cell 'level0_i/ulp/hmss_0/inst/path_5/interconnect6_5/inst/s00_nodes/s00_r_node/inst'
WARNING: [Vivado_Tcl 4-935] Waiver ID 'CDC-1' is a duplicate and will not be added again. [/data/tmp/chuxiao/spine_opt_v2_hw_150_20260728/temp/partitioned_split_e2e_link/link/vivado/vpl/prj/prj.gen/my_rm/bd/ulp/ip/ulp_hmss_0_0/bd_6/ip/ip_9/bd_7b01_srn_0_clocks.xdc:140]
WARNING: [Vivado_Tcl 4-935] Waiver ID 'CDC-1' is a duplicate and will not be added again. [/data/tmp/chuxiao/spine_opt_v2_hw_150_20260728/temp/partitioned_split_e2e_link/link/vivado/vpl/prj/prj.gen/my_rm/bd/ulp/ip/ulp_hmss_0_0/bd_6/ip/ip_9/bd_7b01_srn_0_clocks.xdc:143]
WARNING: [Vivado_Tcl 4-935] Waiver ID 'CDC-1' is a duplicate and will not be added again. [/data/tmp/chuxiao/spine_opt_v2_hw_150_20260728/temp/partitioned_split_e2e_link/link/vivado/vpl/prj/prj.gen/my_rm/bd/ulp/ip/ulp_hmss_0_0/bd_6/ip/ip_9/bd_7b01_srn_0_clocks.xdc:146]
WARNING: [Vivado_Tcl 4-935] Waiver ID 'CDC-1' is a duplicate and will not be added again. [/data/tmp/chuxiao/spine_opt_v2_hw_150_20260728/temp/partitioned_split_e2e_link/link/vivado/vpl/prj/prj.gen/my_rm/bd/ulp/ip/ulp_hmss_0_0/bd_6/ip/ip_9/bd_7b01_srn_0_clocks.xdc:152]
WARNING: [Vivado_Tcl 4-935] Waiver ID 'CDC-1' is a duplicate and will not be added again. [/data/tmp/chuxiao/spine_opt_v2_hw_150_20260728/temp/partitioned_split_e2e_link/link/vivado/vpl/prj/prj.gen/my_rm/bd/ulp/ip/ulp_hmss_0_0/bd_6/ip/ip_9/bd_7b01_srn_0_clocks.xdc:155]
Finished Parsing XDC File [/data/tmp/chuxiao/spine_opt_v2_hw_150_20260728/temp/partitioned_split_e2e_link/link/vivado/vpl/prj/prj.gen/my_rm/bd/ulp/ip/ulp_hmss_0_0/bd_6/ip/ip_9/bd_7b01_srn_0_clocks.xdc] for cell 'level0_i/ulp/hmss_0/inst/path_5/interconnect6_5/inst/s00_nodes/s00_r_node/inst'
Parsing XDC File [/data/tmp/chuxiao/spine_opt_v2_hw_150_20260728/temp/partitioned_split_e2e_link/link/vivado/vpl/prj/prj.gen/my_rm/bd/ulp/ip/ulp_hmss_0_0/bd_6/ip/ip_10/bd_7b01_sawn_0_clocks.xdc] for cell 'level0_i/ulp/hmss_0/inst/path_5/interconnect6_5/inst/s00_nodes/s00_aw_node/inst'
Finished Parsing XDC File [/data/tmp/chuxiao/spine_opt_v2_hw_150_20260728/temp/partitioned_split_e2e_link/link/vivado/vpl/prj/prj.gen/my_rm/bd/ulp/ip/ulp_hmss_0_0/bd_6/ip/ip_10/bd_7b01_sawn_0_clocks.xdc] for cell 'level0_i/ulp/hmss_0/inst/path_5/interconnect6_5/inst/s00_nodes/s00_aw_node/inst'
Parsing XDC File [/data/tmp/chuxiao/spine_opt_v2_hw_150_20260728/temp/partitioned_split_e2e_link/link/vivado/vpl/prj/prj.gen/my_rm/bd/ulp/ip/ulp_hmss_0_0/bd_6/ip/ip_11/bd_7b01_swn_0_clocks.xdc] for cell 'level0_i/ulp/hmss_0/inst/path_5/interconnect6_5/inst/s00_nodes/s00_w_node/inst'
Finished Parsing XDC File [/data/tmp/chuxiao/spine_opt_v2_hw_150_20260728/temp/partitioned_split_e2e_link/link/vivado/vpl/prj/prj.gen/my_rm/bd/ulp/ip/ulp_hmss_0_0/bd_6/ip/ip_11/bd_7b01_swn_0_clocks.xdc] for cell 'level0_i/ulp/hmss_0/inst/path_5/interconnect6_5/inst/s00_nodes/s00_w_node/inst'
Parsing XDC File [/data/tmp/chuxiao/spine_opt_v2_hw_150_20260728/temp/partitioned_split_e2e_link/link/vivado/vpl/prj/prj.gen/my_rm/bd/ulp/ip/ulp_hmss_0_0/bd_6/ip/ip_12/bd_7b01_sbn_0_clocks.xdc] for cell 'level0_i/ulp/hmss_0/inst/path_5/interconnect6_5/inst/s00_nodes/s00_b_node/inst'
Finished Parsing XDC File [/data/tmp/chuxiao/spine_opt_v2_hw_150_20260728/temp/partitioned_split_e2e_link/link/vivado/vpl/prj/prj.gen/my_rm/bd/ulp/ip/ulp_hmss_0_0/bd_6/ip/ip_12/bd_7b01_sbn_0_clocks.xdc] for cell 'level0_i/ulp/hmss_0/inst/path_5/interconnect6_5/inst/s00_nodes/s00_b_node/inst'
Parsing XDC File [/data/tmp/chuxiao/spine_opt_v2_hw_150_20260728/temp/partitioned_split_e2e_link/link/vivado/vpl/prj/prj.gen/my_rm/bd/ulp/ip/ulp_hmss_0_0/bd_0/ip/ip_19/smartconnect.xdc] for cell 'level0_i/ulp/hmss_0/inst/path_5/interconnect6_5/inst'
WARNING: [Vivado_Tcl 4-919] Waiver ID 'CDC-1' -from list should not be empty. [/data/tmp/chuxiao/spine_opt_v2_hw_150_20260728/temp/partitioned_split_e2e_link/link/vivado/vpl/prj/prj.gen/my_rm/bd/ulp/ip/ulp_hmss_0_0/bd_0/ip/ip_19/smartconnect.xdc:1]
Finished Parsing XDC File [/data/tmp/chuxiao/spine_opt_v2_hw_150_20260728/temp/partitioned_split_e2e_link/link/vivado/vpl/prj/prj.gen/my_rm/bd/ulp/ip/ulp_hmss_0_0/bd_0/ip/ip_19/smartconnect.xdc] for cell 'level0_i/ulp/hmss_0/inst/path_5/interconnect6_5/inst'
Parsing XDC File [/data/tmp/chuxiao/spine_opt_v2_hw_150_20260728/temp/partitioned_split_e2e_link/link/vivado/vpl/prj/prj.gen/my_rm/bd/ulp/ip/ulp_hmss_0_0/bd_7/ip/ip_1/bd_bbcc_psr0_0_board.xdc] for cell 'level0_i/ulp/hmss_0/inst/path_6/interconnect7_6/inst/clk_map/psr0/U0'
Finished Parsing XDC File [/data/tmp/chuxiao/spine_opt_v2_hw_150_20260728/temp/partitioned_split_e2e_link/link/vivado/vpl/prj/prj.gen/my_rm/bd/ulp/ip/ulp_hmss_0_0/bd_7/ip/ip_1/bd_bbcc_psr0_0_board.xdc] for cell 'level0_i/ulp/hmss_0/inst/path_6/interconnect7_6/inst/clk_map/psr0/U0'
Parsing XDC File [/data/tmp/chuxiao/spine_opt_v2_hw_150_20260728/temp/partitioned_split_e2e_link/link/vivado/vpl/prj/prj.gen/my_rm/bd/ulp/ip/ulp_hmss_0_0/bd_7/ip/ip_1/bd_bbcc_psr0_0.xdc] for cell 'level0_i/ulp/hmss_0/inst/path_6/interconnect7_6/inst/clk_map/psr0/U0'
WARNING: [Vivado_Tcl 4-935] Waiver ID 'CDC-11' is a duplicate and will not be added again. [/data/tmp/chuxiao/spine_opt_v2_hw_150_20260728/temp/partitioned_split_e2e_link/link/vivado/vpl/prj/prj.gen/my_rm/bd/ulp/ip/ulp_hmss_0_0/bd_7/ip/ip_1/bd_bbcc_psr0_0.xdc:50]
Finished Parsing XDC File [/data/tmp/chuxiao/spine_opt_v2_hw_150_20260728/temp/partitioned_split_e2e_link/link/vivado/vpl/prj/prj.gen/my_rm/bd/ulp/ip/ulp_hmss_0_0/bd_7/ip/ip_1/bd_bbcc_psr0_0.xdc] for cell 'level0_i/ulp/hmss_0/inst/path_6/interconnect7_6/inst/clk_map/psr0/U0'
Parsing XDC File [/data/tmp/chuxiao/spine_opt_v2_hw_150_20260728/temp/partitioned_split_e2e_link/link/vivado/vpl/prj/prj.gen/my_rm/bd/ulp/ip/ulp_hmss_0_0/bd_4/ip/ip_8/bd_ba98_sarn_0_clocks.xdc] for cell 'level0_i/ulp/hmss_0/inst/path_3/interconnect4_3/inst/s00_nodes/s00_ar_node/inst'
Finished Parsing XDC File [/data/tmp/chuxiao/spine_opt_v2_hw_150_20260728/temp/partitioned_split_e2e_link/link/vivado/vpl/prj/prj.gen/my_rm/bd/ulp/ip/ulp_hmss_0_0/bd_4/ip/ip_8/bd_ba98_sarn_0_clocks.xdc] for cell 'level0_i/ulp/hmss_0/inst/path_3/interconnect4_3/inst/s00_nodes/s00_ar_node/inst'
Parsing XDC File [/data/tmp/chuxiao/spine_opt_v2_hw_150_20260728/temp/partitioned_split_e2e_link/link/vivado/vpl/prj/prj.gen/my_rm/bd/ulp/ip/ulp_hmss_0_0/bd_3/ip/ip_10/bd_ba7c_sawn_0_clocks.xdc] for cell 'level0_i/ulp/hmss_0/inst/path_2/interconnect3_2/inst/s00_nodes/s00_aw_node/inst'
Finished Parsing XDC File [/data/tmp/chuxiao/spine_opt_v2_hw_150_20260728/temp/partitioned_split_e2e_link/link/vivado/vpl/prj/prj.gen/my_rm/bd/ulp/ip/ulp_hmss_0_0/bd_3/ip/ip_10/bd_ba7c_sawn_0_clocks.xdc] for cell 'level0_i/ulp/hmss_0/inst/path_2/interconnect3_2/inst/s00_nodes/s00_aw_node/inst'
Parsing XDC File [/data/tmp/chuxiao/spine_opt_v2_hw_150_20260728/temp/partitioned_split_e2e_link/link/vivado/vpl/prj/prj.gen/my_rm/bd/ulp/ip/ulp_hmss_0_0/bd_3/ip/ip_11/bd_ba7c_swn_0_clocks.xdc] for cell 'level0_i/ulp/hmss_0/inst/path_2/interconnect3_2/inst/s00_nodes/s00_w_node/inst'
Finished Parsing XDC File [/data/tmp/chuxiao/spine_opt_v2_hw_150_20260728/temp/partitioned_split_e2e_link/link/vivado/vpl/prj/prj.gen/my_rm/bd/ulp/ip/ulp_hmss_0_0/bd_3/ip/ip_11/bd_ba7c_swn_0_clocks.xdc] for cell 'level0_i/ulp/hmss_0/inst/path_2/interconnect3_2/inst/s00_nodes/s00_w_node/inst'
Parsing XDC File [/data/tmp/chuxiao/spine_opt_v2_hw_150_20260728/temp/partitioned_split_e2e_link/link/vivado/vpl/prj/prj.gen/my_rm/bd/ulp/ip/ulp_hmss_0_0/bd_3/ip/ip_12/bd_ba7c_sbn_0_clocks.xdc] for cell 'level0_i/ulp/hmss_0/inst/path_2/interconnect3_2/inst/s00_nodes/s00_b_node/inst'
Finished Parsing XDC File [/data/tmp/chuxiao/spine_opt_v2_hw_150_20260728/temp/partitioned_split_e2e_link/link/vivado/vpl/prj/prj.gen/my_rm/bd/ulp/ip/ulp_hmss_0_0/bd_3/ip/ip_12/bd_ba7c_sbn_0_clocks.xdc] for cell 'level0_i/ulp/hmss_0/inst/path_2/interconnect3_2/inst/s00_nodes/s00_b_node/inst'
Parsing XDC File [/data/tmp/chuxiao/spine_opt_v2_hw_150_20260728/temp/partitioned_split_e2e_link/link/vivado/vpl/prj/prj.gen/my_rm/bd/ulp/ip/ulp_hmss_0_0/bd_0/ip/ip_10/smartconnect.xdc] for cell 'level0_i/ulp/hmss_0/inst/path_2/interconnect3_2/inst'
WARNING: [Vivado_Tcl 4-919] Waiver ID 'CDC-1' -from list should not be empty. [/data/tmp/chuxiao/spine_opt_v2_hw_150_20260728/temp/partitioned_split_e2e_link/link/vivado/vpl/prj/prj.gen/my_rm/bd/ulp/ip/ulp_hmss_0_0/bd_0/ip/ip_10/smartconnect.xdc:1]
Finished Parsing XDC File [/data/tmp/chuxiao/spine_opt_v2_hw_150_20260728/temp/partitioned_split_e2e_link/link/vivado/vpl/prj/prj.gen/my_rm/bd/ulp/ip/ulp_hmss_0_0/bd_0/ip/ip_10/smartconnect.xdc] for cell 'level0_i/ulp/hmss_0/inst/path_2/interconnect3_2/inst'
Parsing XDC File [/data/tmp/chuxiao/spine_opt_v2_hw_150_20260728/temp/partitioned_split_e2e_link/link/vivado/vpl/prj/prj.gen/my_rm/bd/ulp/ip/ulp_hmss_0_0/bd_4/ip/ip_1/bd_ba98_psr0_0_board.xdc] for cell 'level0_i/ulp/hmss_0/inst/path_3/interconnect4_3/inst/clk_map/psr0/U0'
Finished Parsing XDC File [/data/tmp/chuxiao/spine_opt_v2_hw_150_20260728/temp/partitioned_split_e2e_link/link/vivado/vpl/prj/prj.gen/my_rm/bd/ulp/ip/ulp_hmss_0_0/bd_4/ip/ip_1/bd_ba98_psr0_0_board.xdc] for cell 'level0_i/ulp/hmss_0/inst/path_3/interconnect4_3/inst/clk_map/psr0/U0'
Parsing XDC File [/data/tmp/chuxiao/spine_opt_v2_hw_150_20260728/temp/partitioned_split_e2e_link/link/vivado/vpl/prj/prj.gen/my_rm/bd/ulp/ip/ulp_hmss_0_0/bd_4/ip/ip_1/bd_ba98_psr0_0.xdc] for cell 'level0_i/ulp/hmss_0/inst/path_3/interconnect4_3/inst/clk_map/psr0/U0'
WARNING: [Vivado_Tcl 4-935] Waiver ID 'CDC-11' is a duplicate and will not be added again. [/data/tmp/chuxiao/spine_opt_v2_hw_150_20260728/temp/partitioned_split_e2e_link/link/vivado/vpl/prj/prj.gen/my_rm/bd/ulp/ip/ulp_hmss_0_0/bd_4/ip/ip_1/bd_ba98_psr0_0.xdc:50]
Finished Parsing XDC File [/data/tmp/chuxiao/spine_opt_v2_hw_150_20260728/temp/partitioned_split_e2e_link/link/vivado/vpl/prj/prj.gen/my_rm/bd/ulp/ip/ulp_hmss_0_0/bd_4/ip/ip_1/bd_ba98_psr0_0.xdc] for cell 'level0_i/ulp/hmss_0/inst/path_3/interconnect4_3/inst/clk_map/psr0/U0'
Parsing XDC File [/data/tmp/chuxiao/spine_opt_v2_hw_150_20260728/temp/partitioned_split_e2e_link/link/vivado/vpl/prj/prj.gen/my_rm/bd/ulp/ip/ulp_hmss_0_0/bd_4/ip/ip_2/bd_ba98_psr_aclk_0_board.xdc] for cell 'level0_i/ulp/hmss_0/inst/path_3/interconnect4_3/inst/clk_map/psr_aclk/U0'
Finished Parsing XDC File [/data/tmp/chuxiao/spine_opt_v2_hw_150_20260728/temp/partitioned_split_e2e_link/link/vivado/vpl/prj/prj.gen/my_rm/bd/ulp/ip/ulp_hmss_0_0/bd_4/ip/ip_2/bd_ba98_psr_aclk_0_board.xdc] for cell 'level0_i/ulp/hmss_0/inst/path_3/interconnect4_3/inst/clk_map/psr_aclk/U0'
Parsing XDC File [/data/tmp/chuxiao/spine_opt_v2_hw_150_20260728/temp/partitioned_split_e2e_link/link/vivado/vpl/prj/prj.gen/my_rm/bd/ulp/ip/ulp_hmss_0_0/bd_4/ip/ip_2/bd_ba98_psr_aclk_0.xdc] for cell 'level0_i/ulp/hmss_0/inst/path_3/interconnect4_3/inst/clk_map/psr_aclk/U0'
WARNING: [Vivado_Tcl 4-935] Waiver ID 'CDC-11' is a duplicate and will not be added again. [/data/tmp/chuxiao/spine_opt_v2_hw_150_20260728/temp/partitioned_split_e2e_link/link/vivado/vpl/prj/prj.gen/my_rm/bd/ulp/ip/ulp_hmss_0_0/bd_4/ip/ip_2/bd_ba98_psr_aclk_0.xdc:50]
Finished Parsing XDC File [/data/tmp/chuxiao/spine_opt_v2_hw_150_20260728/temp/partitioned_split_e2e_link/link/vivado/vpl/prj/prj.gen/my_rm/bd/ulp/ip/ulp_hmss_0_0/bd_4/ip/ip_2/bd_ba98_psr_aclk_0.xdc] for cell 'level0_i/ulp/hmss_0/inst/path_3/interconnect4_3/inst/clk_map/psr_aclk/U0'
Parsing XDC File [/data/tmp/chuxiao/spine_opt_v2_hw_150_20260728/temp/partitioned_split_e2e_link/link/vivado/vpl/prj/prj.gen/my_rm/bd/ulp/ip/ulp_hmss_0_0/bd_4/ip/ip_3/bd_ba98_psr_aclk1_0_board.xdc] for cell 'level0_i/ulp/hmss_0/inst/path_3/interconnect4_3/inst/clk_map/psr_aclk1/U0'
Finished Parsing XDC File [/data/tmp/chuxiao/spine_opt_v2_hw_150_20260728/temp/partitioned_split_e2e_link/link/vivado/vpl/prj/prj.gen/my_rm/bd/ulp/ip/ulp_hmss_0_0/bd_4/ip/ip_3/bd_ba98_psr_aclk1_0_board.xdc] for cell 'level0_i/ulp/hmss_0/inst/path_3/interconnect4_3/inst/clk_map/psr_aclk1/U0'
Parsing XDC File [/data/tmp/chuxiao/spine_opt_v2_hw_150_20260728/temp/partitioned_split_e2e_link/link/vivado/vpl/prj/prj.gen/my_rm/bd/ulp/ip/ulp_hmss_0_0/bd_4/ip/ip_3/bd_ba98_psr_aclk1_0.xdc] for cell 'level0_i/ulp/hmss_0/inst/path_3/interconnect4_3/inst/clk_map/psr_aclk1/U0'
WARNING: [Vivado_Tcl 4-935] Waiver ID 'CDC-11' is a duplicate and will not be added again. [/data/tmp/chuxiao/spine_opt_v2_hw_150_20260728/temp/partitioned_split_e2e_link/link/vivado/vpl/prj/prj.gen/my_rm/bd/ulp/ip/ulp_hmss_0_0/bd_4/ip/ip_3/bd_ba98_psr_aclk1_0.xdc:50]
INFO: [Common 17-14] Message 'Vivado_Tcl 4-935' appears 100 times and further instances of the messages will be disabled. Use the Tcl command set_msg_config to change the current settings. [/data/tmp/chuxiao/spine_opt_v2_hw_150_20260728/temp/partitioned_split_e2e_link/link/vivado/vpl/prj/prj.gen/my_rm/bd/ulp/ip/ulp_hmss_0_0/bd_4/ip/ip_3/bd_ba98_psr_aclk1_0.xdc:50]
Finished Parsing XDC File [/data/tmp/chuxiao/spine_opt_v2_hw_150_20260728/temp/partitioned_split_e2e_link/link/vivado/vpl/prj/prj.gen/my_rm/bd/ulp/ip/ulp_hmss_0_0/bd_4/ip/ip_3/bd_ba98_psr_aclk1_0.xdc] for cell 'level0_i/ulp/hmss_0/inst/path_3/interconnect4_3/inst/clk_map/psr_aclk1/U0'
Parsing XDC File [/data/tmp/chuxiao/spine_opt_v2_hw_150_20260728/temp/partitioned_split_e2e_link/link/vivado/vpl/prj/prj.gen/my_rm/bd/ulp/ip/ulp_hmss_0_0/bd_14/ip/ip_8/bd_adf2_sarn_0_clocks.xdc] for cell 'level0_i/ulp/hmss_0/inst/path_13/interconnect14_13/inst/s00_nodes/s00_ar_node/inst'
Finished Parsing XDC File [/data/tmp/chuxiao/spine_opt_v2_hw_150_20260728/temp/partitioned_split_e2e_link/link/vivado/vpl/prj/prj.gen/my_rm/bd/ulp/ip/ulp_hmss_0_0/bd_14/ip/ip_8/bd_adf2_sarn_0_clocks.xdc] for cell 'level0_i/ulp/hmss_0/inst/path_13/interconnect14_13/inst/s00_nodes/s00_ar_node/inst'
Parsing XDC File [/data/tmp/chuxiao/spine_opt_v2_hw_150_20260728/temp/partitioned_split_e2e_link/link/vivado/vpl/prj/prj.gen/my_rm/bd/ulp/ip/ulp_hmss_0_0/bd_4/ip/ip_9/bd_ba98_srn_0_clocks.xdc] for cell 'level0_i/ulp/hmss_0/inst/path_3/interconnect4_3/inst/s00_nodes/s00_r_node/inst'
Finished Parsing XDC File [/data/tmp/chuxiao/spine_opt_v2_hw_150_20260728/temp/partitioned_split_e2e_link/link/vivado/vpl/prj/prj.gen/my_rm/bd/ulp/ip/ulp_hmss_0_0/bd_4/ip/ip_9/bd_ba98_srn_0_clocks.xdc] for cell 'level0_i/ulp/hmss_0/inst/path_3/interconnect4_3/inst/s00_nodes/s00_r_node/inst'
Parsing XDC File [/data/tmp/chuxiao/spine_opt_v2_hw_150_20260728/temp/partitioned_split_e2e_link/link/vivado/vpl/prj/prj.gen/my_rm/bd/ulp/ip/ulp_hmss_0_0/bd_4/ip/ip_10/bd_ba98_sawn_0_clocks.xdc] for cell 'level0_i/ulp/hmss_0/inst/path_3/interconnect4_3/inst/s00_nodes/s00_aw_node/inst'
Finished Parsing XDC File [/data/tmp/chuxiao/spine_opt_v2_hw_150_20260728/temp/partitioned_split_e2e_link/link/vivado/vpl/prj/prj.gen/my_rm/bd/ulp/ip/ulp_hmss_0_0/bd_4/ip/ip_10/bd_ba98_sawn_0_clocks.xdc] for cell 'level0_i/ulp/hmss_0/inst/path_3/interconnect4_3/inst/s00_nodes/s00_aw_node/inst'
Parsing XDC File [/data/tmp/chuxiao/spine_opt_v2_hw_150_20260728/temp/partitioned_split_e2e_link/link/vivado/vpl/prj/prj.gen/my_rm/bd/ulp/ip/ulp_hmss_0_0/bd_4/ip/ip_11/bd_ba98_swn_0_clocks.xdc] for cell 'level0_i/ulp/hmss_0/inst/path_3/interconnect4_3/inst/s00_nodes/s00_w_node/inst'
Finished Parsing XDC File [/data/tmp/chuxiao/spine_opt_v2_hw_150_20260728/temp/partitioned_split_e2e_link/link/vivado/vpl/prj/prj.gen/my_rm/bd/ulp/ip/ulp_hmss_0_0/bd_4/ip/ip_11/bd_ba98_swn_0_clocks.xdc] for cell 'level0_i/ulp/hmss_0/inst/path_3/interconnect4_3/inst/s00_nodes/s00_w_node/inst'
Parsing XDC File [/data/tmp/chuxiao/spine_opt_v2_hw_150_20260728/temp/partitioned_split_e2e_link/link/vivado/vpl/prj/prj.gen/my_rm/bd/ulp/ip/ulp_hmss_0_0/bd_4/ip/ip_12/bd_ba98_sbn_0_clocks.xdc] for cell 'level0_i/ulp/hmss_0/inst/path_3/interconnect4_3/inst/s00_nodes/s00_b_node/inst'
Finished Parsing XDC File [/data/tmp/chuxiao/spine_opt_v2_hw_150_20260728/temp/partitioned_split_e2e_link/link/vivado/vpl/prj/prj.gen/my_rm/bd/ulp/ip/ulp_hmss_0_0/bd_4/ip/ip_12/bd_ba98_sbn_0_clocks.xdc] for cell 'level0_i/ulp/hmss_0/inst/path_3/interconnect4_3/inst/s00_nodes/s00_b_node/inst'
Parsing XDC File [/data/tmp/chuxiao/spine_opt_v2_hw_150_20260728/temp/partitioned_split_e2e_link/link/vivado/vpl/prj/prj.gen/my_rm/bd/ulp/ip/ulp_hmss_0_0/bd_0/ip/ip_13/smartconnect.xdc] for cell 'level0_i/ulp/hmss_0/inst/path_3/interconnect4_3/inst'
WARNING: [Vivado_Tcl 4-919] Waiver ID 'CDC-1' -from list should not be empty. [/data/tmp/chuxiao/spine_opt_v2_hw_150_20260728/temp/partitioned_split_e2e_link/link/vivado/vpl/prj/prj.gen/my_rm/bd/ulp/ip/ulp_hmss_0_0/bd_0/ip/ip_13/smartconnect.xdc:1]
Finished Parsing XDC File [/data/tmp/chuxiao/spine_opt_v2_hw_150_20260728/temp/partitioned_split_e2e_link/link/vivado/vpl/prj/prj.gen/my_rm/bd/ulp/ip/ulp_hmss_0_0/bd_0/ip/ip_13/smartconnect.xdc] for cell 'level0_i/ulp/hmss_0/inst/path_3/interconnect4_3/inst'
Parsing XDC File [/data/tmp/chuxiao/spine_opt_v2_hw_150_20260728/temp/partitioned_split_e2e_link/link/vivado/vpl/prj/prj.gen/my_rm/bd/ulp/ip/ulp_hmss_0_0/bd_5/ip/ip_1/bd_bb14_psr0_0_board.xdc] for cell 'level0_i/ulp/hmss_0/inst/path_4/interconnect5_4/inst/clk_map/psr0/U0'
Finished Parsing XDC File [/data/tmp/chuxiao/spine_opt_v2_hw_150_20260728/temp/partitioned_split_e2e_link/link/vivado/vpl/prj/prj.gen/my_rm/bd/ulp/ip/ulp_hmss_0_0/bd_5/ip/ip_1/bd_bb14_psr0_0_board.xdc] for cell 'level0_i/ulp/hmss_0/inst/path_4/interconnect5_4/inst/clk_map/psr0/U0'
Parsing XDC File [/data/tmp/chuxiao/spine_opt_v2_hw_150_20260728/temp/partitioned_split_e2e_link/link/vivado/vpl/prj/prj.gen/my_rm/bd/ulp/ip/ulp_hmss_0_0/bd_5/ip/ip_1/bd_bb14_psr0_0.xdc] for cell 'level0_i/ulp/hmss_0/inst/path_4/interconnect5_4/inst/clk_map/psr0/U0'
Finished Parsing XDC File [/data/tmp/chuxiao/spine_opt_v2_hw_150_20260728/temp/partitioned_split_e2e_link/link/vivado/vpl/prj/prj.gen/my_rm/bd/ulp/ip/ulp_hmss_0_0/bd_5/ip/ip_1/bd_bb14_psr0_0.xdc] for cell 'level0_i/ulp/hmss_0/inst/path_4/interconnect5_4/inst/clk_map/psr0/U0'
Parsing XDC File [/data/tmp/chuxiao/spine_opt_v2_hw_150_20260728/temp/partitioned_split_e2e_link/link/vivado/vpl/prj/prj.gen/my_rm/bd/ulp/ip/ulp_hmss_0_0/bd_5/ip/ip_2/bd_bb14_psr_aclk_0_board.xdc] for cell 'level0_i/ulp/hmss_0/inst/path_4/interconnect5_4/inst/clk_map/psr_aclk/U0'
Finished Parsing XDC File [/data/tmp/chuxiao/spine_opt_v2_hw_150_20260728/temp/partitioned_split_e2e_link/link/vivado/vpl/prj/prj.gen/my_rm/bd/ulp/ip/ulp_hmss_0_0/bd_5/ip/ip_2/bd_bb14_psr_aclk_0_board.xdc] for cell 'level0_i/ulp/hmss_0/inst/path_4/interconnect5_4/inst/clk_map/psr_aclk/U0'
Parsing XDC File [/data/tmp/chuxiao/spine_opt_v2_hw_150_20260728/temp/partitioned_split_e2e_link/link/vivado/vpl/prj/prj.gen/my_rm/bd/ulp/ip/ulp_hmss_0_0/bd_5/ip/ip_2/bd_bb14_psr_aclk_0.xdc] for cell 'level0_i/ulp/hmss_0/inst/path_4/interconnect5_4/inst/clk_map/psr_aclk/U0'
Finished Parsing XDC File [/data/tmp/chuxiao/spine_opt_v2_hw_150_20260728/temp/partitioned_split_e2e_link/link/vivado/vpl/prj/prj.gen/my_rm/bd/ulp/ip/ulp_hmss_0_0/bd_5/ip/ip_2/bd_bb14_psr_aclk_0.xdc] for cell 'level0_i/ulp/hmss_0/inst/path_4/interconnect5_4/inst/clk_map/psr_aclk/U0'
Parsing XDC File [/data/tmp/chuxiao/spine_opt_v2_hw_150_20260728/temp/partitioned_split_e2e_link/link/vivado/vpl/prj/prj.gen/my_rm/bd/ulp/ip/ulp_hmss_0_0/bd_25/ip/ip_2/bd_eae7_psr_aclk_0.xdc] for cell 'level0_i/ulp/hmss_0/inst/path_24/interconnect0_24/inst/clk_map/psr_aclk/U0'
Finished Parsing XDC File [/data/tmp/chuxiao/spine_opt_v2_hw_150_20260728/temp/partitioned_split_e2e_link/link/vivado/vpl/prj/prj.gen/my_rm/bd/ulp/ip/ulp_hmss_0_0/bd_25/ip/ip_2/bd_eae7_psr_aclk_0.xdc] for cell 'level0_i/ulp/hmss_0/inst/path_24/interconnect0_24/inst/clk_map/psr_aclk/U0'
Parsing XDC File [/data/tmp/chuxiao/spine_opt_v2_hw_150_20260728/temp/partitioned_split_e2e_link/link/vivado/vpl/prj/prj.gen/my_rm/bd/ulp/ip/ulp_hmss_0_0/bd_24/ip/ip_2/bd_e9c1_psr_aclk_0.xdc] for cell 'level0_i/ulp/hmss_0/inst/path_23/interconnect24_23/inst/clk_map/psr_aclk/U0'
Finished Parsing XDC File [/data/tmp/chuxiao/spine_opt_v2_hw_150_20260728/temp/partitioned_split_e2e_link/link/vivado/vpl/prj/prj.gen/my_rm/bd/ulp/ip/ulp_hmss_0_0/bd_24/ip/ip_2/bd_e9c1_psr_aclk_0.xdc] for cell 'level0_i/ulp/hmss_0/inst/path_23/interconnect24_23/inst/clk_map/psr_aclk/U0'
Parsing XDC File [/data/tmp/chuxiao/spine_opt_v2_hw_150_20260728/temp/partitioned_split_e2e_link/link/vivado/vpl/prj/prj.gen/my_rm/bd/ulp/ip/ulp_hmss_0_0/bd_24/ip/ip_3/bd_e9c1_psr_aclk1_0_board.xdc] for cell 'level0_i/ulp/hmss_0/inst/path_23/interconnect24_23/inst/clk_map/psr_aclk1/U0'
Finished Parsing XDC File [/data/tmp/chuxiao/spine_opt_v2_hw_150_20260728/temp/partitioned_split_e2e_link/link/vivado/vpl/prj/prj.gen/my_rm/bd/ulp/ip/ulp_hmss_0_0/bd_24/ip/ip_3/bd_e9c1_psr_aclk1_0_board.xdc] for cell 'level0_i/ulp/hmss_0/inst/path_23/interconnect24_23/inst/clk_map/psr_aclk1/U0'
Parsing XDC File [/data/tmp/chuxiao/spine_opt_v2_hw_150_20260728/temp/partitioned_split_e2e_link/link/vivado/vpl/prj/prj.gen/my_rm/bd/ulp/ip/ulp_hmss_0_0/bd_24/ip/ip_3/bd_e9c1_psr_aclk1_0.xdc] for cell 'level0_i/ulp/hmss_0/inst/path_23/interconnect24_23/inst/clk_map/psr_aclk1/U0'
Finished Parsing XDC File [/data/tmp/chuxiao/spine_opt_v2_hw_150_20260728/temp/partitioned_split_e2e_link/link/vivado/vpl/prj/prj.gen/my_rm/bd/ulp/ip/ulp_hmss_0_0/bd_24/ip/ip_3/bd_e9c1_psr_aclk1_0.xdc] for cell 'level0_i/ulp/hmss_0/inst/path_23/interconnect24_23/inst/clk_map/psr_aclk1/U0'
Parsing XDC File [/data/tmp/chuxiao/spine_opt_v2_hw_150_20260728/temp/partitioned_split_e2e_link/link/vivado/vpl/prj/prj.gen/my_rm/bd/ulp/ip/ulp_hmss_0_0/bd_24/ip/ip_8/bd_e9c1_sawn_0_clocks.xdc] for cell 'level0_i/ulp/hmss_0/inst/path_23/interconnect24_23/inst/s00_nodes/s00_aw_node/inst'
Finished Parsing XDC File [/data/tmp/chuxiao/spine_opt_v2_hw_150_20260728/temp/partitioned_split_e2e_link/link/vivado/vpl/prj/prj.gen/my_rm/bd/ulp/ip/ulp_hmss_0_0/bd_24/ip/ip_8/bd_e9c1_sawn_0_clocks.xdc] for cell 'level0_i/ulp/hmss_0/inst/path_23/interconnect24_23/inst/s00_nodes/s00_aw_node/inst'
Parsing XDC File [/data/tmp/chuxiao/spine_opt_v2_hw_150_20260728/temp/partitioned_split_e2e_link/link/vivado/vpl/prj/prj.gen/my_rm/bd/ulp/ip/ulp_hmss_0_0/bd_24/ip/ip_9/bd_e9c1_swn_0_clocks.xdc] for cell 'level0_i/ulp/hmss_0/inst/path_23/interconnect24_23/inst/s00_nodes/s00_w_node/inst'
Finished Parsing XDC File [/data/tmp/chuxiao/spine_opt_v2_hw_150_20260728/temp/partitioned_split_e2e_link/link/vivado/vpl/prj/prj.gen/my_rm/bd/ulp/ip/ulp_hmss_0_0/bd_24/ip/ip_9/bd_e9c1_swn_0_clocks.xdc] for cell 'level0_i/ulp/hmss_0/inst/path_23/interconnect24_23/inst/s00_nodes/s00_w_node/inst'
Parsing XDC File [/data/tmp/chuxiao/spine_opt_v2_hw_150_20260728/temp/partitioned_split_e2e_link/link/vivado/vpl/prj/prj.gen/my_rm/bd/ulp/ip/ulp_hmss_0_0/bd_24/ip/ip_10/bd_e9c1_sbn_0_clocks.xdc] for cell 'level0_i/ulp/hmss_0/inst/path_23/interconnect24_23/inst/s00_nodes/s00_b_node/inst'
Finished Parsing XDC File [/data/tmp/chuxiao/spine_opt_v2_hw_150_20260728/temp/partitioned_split_e2e_link/link/vivado/vpl/prj/prj.gen/my_rm/bd/ulp/ip/ulp_hmss_0_0/bd_24/ip/ip_10/bd_e9c1_sbn_0_clocks.xdc] for cell 'level0_i/ulp/hmss_0/inst/path_23/interconnect24_23/inst/s00_nodes/s00_b_node/inst'
Parsing XDC File [/data/tmp/chuxiao/spine_opt_v2_hw_150_20260728/temp/partitioned_split_e2e_link/link/vivado/vpl/prj/prj.gen/my_rm/bd/ulp/ip/ulp_hmss_0_0/bd_0/ip/ip_73/smartconnect.xdc] for cell 'level0_i/ulp/hmss_0/inst/path_23/interconnect24_23/inst'
WARNING: [Vivado_Tcl 4-919] Waiver ID 'CDC-1' -from list should not be empty. [/data/tmp/chuxiao/spine_opt_v2_hw_150_20260728/temp/partitioned_split_e2e_link/link/vivado/vpl/prj/prj.gen/my_rm/bd/ulp/ip/ulp_hmss_0_0/bd_0/ip/ip_73/smartconnect.xdc:1]
Finished Parsing XDC File [/data/tmp/chuxiao/spine_opt_v2_hw_150_20260728/temp/partitioned_split_e2e_link/link/vivado/vpl/prj/prj.gen/my_rm/bd/ulp/ip/ulp_hmss_0_0/bd_0/ip/ip_73/smartconnect.xdc] for cell 'level0_i/ulp/hmss_0/inst/path_23/interconnect24_23/inst'
Parsing XDC File [/data/tmp/chuxiao/spine_opt_v2_hw_150_20260728/temp/partitioned_split_e2e_link/link/vivado/vpl/prj/prj.gen/my_rm/bd/ulp/ip/ulp_hmss_0_0/bd_25/ip/ip_1/bd_eae7_psr0_0_board.xdc] for cell 'level0_i/ulp/hmss_0/inst/path_24/interconnect0_24/inst/clk_map/psr0/U0'
Finished Parsing XDC File [/data/tmp/chuxiao/spine_opt_v2_hw_150_20260728/temp/partitioned_split_e2e_link/link/vivado/vpl/prj/prj.gen/my_rm/bd/ulp/ip/ulp_hmss_0_0/bd_25/ip/ip_1/bd_eae7_psr0_0_board.xdc] for cell 'level0_i/ulp/hmss_0/inst/path_24/interconnect0_24/inst/clk_map/psr0/U0'
Parsing XDC File [/data/tmp/chuxiao/spine_opt_v2_hw_150_20260728/temp/partitioned_split_e2e_link/link/vivado/vpl/prj/prj.gen/my_rm/bd/ulp/ip/ulp_hmss_0_0/bd_25/ip/ip_1/bd_eae7_psr0_0.xdc] for cell 'level0_i/ulp/hmss_0/inst/path_24/interconnect0_24/inst/clk_map/psr0/U0'
Finished Parsing XDC File [/data/tmp/chuxiao/spine_opt_v2_hw_150_20260728/temp/partitioned_split_e2e_link/link/vivado/vpl/prj/prj.gen/my_rm/bd/ulp/ip/ulp_hmss_0_0/bd_25/ip/ip_1/bd_eae7_psr0_0.xdc] for cell 'level0_i/ulp/hmss_0/inst/path_24/interconnect0_24/inst/clk_map/psr0/U0'
Parsing XDC File [/data/tmp/chuxiao/spine_opt_v2_hw_150_20260728/temp/partitioned_split_e2e_link/link/vivado/vpl/prj/prj.gen/my_rm/bd/ulp/ip/ulp_hmss_0_0/bd_25/ip/ip_2/bd_eae7_psr_aclk_0_board.xdc] for cell 'level0_i/ulp/hmss_0/inst/path_24/interconnect0_24/inst/clk_map/psr_aclk/U0'
Finished Parsing XDC File [/data/tmp/chuxiao/spine_opt_v2_hw_150_20260728/temp/partitioned_split_e2e_link/link/vivado/vpl/prj/prj.gen/my_rm/bd/ulp/ip/ulp_hmss_0_0/bd_25/ip/ip_2/bd_eae7_psr_aclk_0_board.xdc] for cell 'level0_i/ulp/hmss_0/inst/path_24/interconnect0_24/inst/clk_map/psr_aclk/U0'
Parsing XDC File [/data/tmp/chuxiao/spine_opt_v2_hw_150_20260728/temp/partitioned_split_e2e_link/link/vivado/vpl/prj/prj.gen/my_rm/bd/ulp/ip/ulp_hmss_0_0/bd_24/ip/ip_2/bd_e9c1_psr_aclk_0_board.xdc] for cell 'level0_i/ulp/hmss_0/inst/path_23/interconnect24_23/inst/clk_map/psr_aclk/U0'
Finished Parsing XDC File [/data/tmp/chuxiao/spine_opt_v2_hw_150_20260728/temp/partitioned_split_e2e_link/link/vivado/vpl/prj/prj.gen/my_rm/bd/ulp/ip/ulp_hmss_0_0/bd_24/ip/ip_2/bd_e9c1_psr_aclk_0_board.xdc] for cell 'level0_i/ulp/hmss_0/inst/path_23/interconnect24_23/inst/clk_map/psr_aclk/U0'
Parsing XDC File [/data/tmp/chuxiao/spine_opt_v2_hw_150_20260728/temp/partitioned_split_e2e_link/link/vivado/vpl/prj/prj.gen/my_rm/bd/ulp/ip/ulp_hmss_0_0/bd_25/ip/ip_3/bd_eae7_psr_aclk1_0_board.xdc] for cell 'level0_i/ulp/hmss_0/inst/path_24/interconnect0_24/inst/clk_map/psr_aclk1/U0'
Finished Parsing XDC File [/data/tmp/chuxiao/spine_opt_v2_hw_150_20260728/temp/partitioned_split_e2e_link/link/vivado/vpl/prj/prj.gen/my_rm/bd/ulp/ip/ulp_hmss_0_0/bd_25/ip/ip_3/bd_eae7_psr_aclk1_0_board.xdc] for cell 'level0_i/ulp/hmss_0/inst/path_24/interconnect0_24/inst/clk_map/psr_aclk1/U0'
Parsing XDC File [/data/tmp/chuxiao/spine_opt_v2_hw_150_20260728/temp/partitioned_split_e2e_link/link/vivado/vpl/prj/prj.gen/my_rm/bd/ulp/ip/ulp_hmss_0_0/bd_25/ip/ip_3/bd_eae7_psr_aclk1_0.xdc] for cell 'level0_i/ulp/hmss_0/inst/path_24/interconnect0_24/inst/clk_map/psr_aclk1/U0'
Finished Parsing XDC File [/data/tmp/chuxiao/spine_opt_v2_hw_150_20260728/temp/partitioned_split_e2e_link/link/vivado/vpl/prj/prj.gen/my_rm/bd/ulp/ip/ulp_hmss_0_0/bd_25/ip/ip_3/bd_eae7_psr_aclk1_0.xdc] for cell 'level0_i/ulp/hmss_0/inst/path_24/interconnect0_24/inst/clk_map/psr_aclk1/U0'
Parsing XDC File [/data/tmp/chuxiao/spine_opt_v2_hw_150_20260728/temp/partitioned_split_e2e_link/link/vivado/vpl/prj/prj.gen/my_rm/bd/ulp/ip/ulp_hmss_0_0/bd_25/ip/ip_8/bd_eae7_sarn_0_clocks.xdc] for cell 'level0_i/ulp/hmss_0/inst/path_24/interconnect0_24/inst/s00_nodes/s00_ar_node/inst'
Finished Parsing XDC File [/data/tmp/chuxiao/spine_opt_v2_hw_150_20260728/temp/partitioned_split_e2e_link/link/vivado/vpl/prj/prj.gen/my_rm/bd/ulp/ip/ulp_hmss_0_0/bd_25/ip/ip_8/bd_eae7_sarn_0_clocks.xdc] for cell 'level0_i/ulp/hmss_0/inst/path_24/interconnect0_24/inst/s00_nodes/s00_ar_node/inst'
Parsing XDC File [/data/tmp/chuxiao/spine_opt_v2_hw_150_20260728/temp/partitioned_split_e2e_link/link/vivado/vpl/prj/prj.gen/my_rm/bd/ulp/ip/ulp_hmss_0_0/bd_25/ip/ip_9/bd_eae7_srn_0_clocks.xdc] for cell 'level0_i/ulp/hmss_0/inst/path_24/interconnect0_24/inst/s00_nodes/s00_r_node/inst'
Finished Parsing XDC File [/data/tmp/chuxiao/spine_opt_v2_hw_150_20260728/temp/partitioned_split_e2e_link/link/vivado/vpl/prj/prj.gen/my_rm/bd/ulp/ip/ulp_hmss_0_0/bd_25/ip/ip_9/bd_eae7_srn_0_clocks.xdc] for cell 'level0_i/ulp/hmss_0/inst/path_24/interconnect0_24/inst/s00_nodes/s00_r_node/inst'
Parsing XDC File [/data/tmp/chuxiao/spine_opt_v2_hw_150_20260728/temp/partitioned_split_e2e_link/link/vivado/vpl/prj/prj.gen/my_rm/bd/ulp/ip/ulp_hmss_0_0/bd_25/ip/ip_10/bd_eae7_sawn_0_clocks.xdc] for cell 'level0_i/ulp/hmss_0/inst/path_24/interconnect0_24/inst/s00_nodes/s00_aw_node/inst'
Finished Parsing XDC File [/data/tmp/chuxiao/spine_opt_v2_hw_150_20260728/temp/partitioned_split_e2e_link/link/vivado/vpl/prj/prj.gen/my_rm/bd/ulp/ip/ulp_hmss_0_0/bd_25/ip/ip_10/bd_eae7_sawn_0_clocks.xdc] for cell 'level0_i/ulp/hmss_0/inst/path_24/interconnect0_24/inst/s00_nodes/s00_aw_node/inst'
Parsing XDC File [/data/tmp/chuxiao/spine_opt_v2_hw_150_20260728/temp/partitioned_split_e2e_link/link/vivado/vpl/prj/prj.gen/my_rm/bd/ulp/ip/ulp_hmss_0_0/bd_25/ip/ip_11/bd_eae7_swn_0_clocks.xdc] for cell 'level0_i/ulp/hmss_0/inst/path_24/interconnect0_24/inst/s00_nodes/s00_w_node/inst'
Finished Parsing XDC File [/data/tmp/chuxiao/spine_opt_v2_hw_150_20260728/temp/partitioned_split_e2e_link/link/vivado/vpl/prj/prj.gen/my_rm/bd/ulp/ip/ulp_hmss_0_0/bd_25/ip/ip_11/bd_eae7_swn_0_clocks.xdc] for cell 'level0_i/ulp/hmss_0/inst/path_24/interconnect0_24/inst/s00_nodes/s00_w_node/inst'
Parsing XDC File [/data/tmp/chuxiao/spine_opt_v2_hw_150_20260728/temp/partitioned_split_e2e_link/link/vivado/vpl/prj/prj.gen/my_rm/bd/ulp/ip/ulp_hmss_0_0/bd_25/ip/ip_12/bd_eae7_sbn_0_clocks.xdc] for cell 'level0_i/ulp/hmss_0/inst/path_24/interconnect0_24/inst/s00_nodes/s00_b_node/inst'
Finished Parsing XDC File [/data/tmp/chuxiao/spine_opt_v2_hw_150_20260728/temp/partitioned_split_e2e_link/link/vivado/vpl/prj/prj.gen/my_rm/bd/ulp/ip/ulp_hmss_0_0/bd_25/ip/ip_12/bd_eae7_sbn_0_clocks.xdc] for cell 'level0_i/ulp/hmss_0/inst/path_24/interconnect0_24/inst/s00_nodes/s00_b_node/inst'
Parsing XDC File [/data/tmp/chuxiao/spine_opt_v2_hw_150_20260728/temp/partitioned_split_e2e_link/link/vivado/vpl/prj/prj.gen/my_rm/bd/ulp/ip/ulp_hmss_0_0/bd_0/ip/ip_76/smartconnect.xdc] for cell 'level0_i/ulp/hmss_0/inst/path_24/interconnect0_24/inst'
WARNING: [Vivado_Tcl 4-919] Waiver ID 'CDC-1' -from list should not be empty. [/data/tmp/chuxiao/spine_opt_v2_hw_150_20260728/temp/partitioned_split_e2e_link/link/vivado/vpl/prj/prj.gen/my_rm/bd/ulp/ip/ulp_hmss_0_0/bd_0/ip/ip_76/smartconnect.xdc:1]
Finished Parsing XDC File [/data/tmp/chuxiao/spine_opt_v2_hw_150_20260728/temp/partitioned_split_e2e_link/link/vivado/vpl/prj/prj.gen/my_rm/bd/ulp/ip/ulp_hmss_0_0/bd_0/ip/ip_76/smartconnect.xdc] for cell 'level0_i/ulp/hmss_0/inst/path_24/interconnect0_24/inst'
Parsing XDC File [/data/tmp/chuxiao/spine_opt_v2_hw_150_20260728/temp/partitioned_split_e2e_link/link/vivado/vpl/prj/prj.gen/my_rm/bd/ulp/ip/ulp_ii_level0_wire_0/uuid_stamp.xdc] for cell 'level0_i/ulp/ii_level0_wire/inst'
Finished Parsing XDC File [/data/tmp/chuxiao/spine_opt_v2_hw_150_20260728/temp/partitioned_split_e2e_link/link/vivado/vpl/prj/prj.gen/my_rm/bd/ulp/ip/ulp_ii_level0_wire_0/uuid_stamp.xdc] for cell 'level0_i/ulp/ii_level0_wire/inst'
Parsing XDC File [/data/tmp/chuxiao/spine_opt_v2_hw_150_20260728/temp/partitioned_split_e2e_link/link/vivado/vpl/prj/prj.gen/my_rm/bd/ulp/ip/ulp_proc_sys_reset_ctrl_slr0_0/ulp_proc_sys_reset_ctrl_slr0_0_board.xdc] for cell 'level0_i/ulp/proc_sys_reset_ctrl_slr0/U0'
Finished Parsing XDC File [/data/tmp/chuxiao/spine_opt_v2_hw_150_20260728/temp/partitioned_split_e2e_link/link/vivado/vpl/prj/prj.gen/my_rm/bd/ulp/ip/ulp_proc_sys_reset_ctrl_slr0_0/ulp_proc_sys_reset_ctrl_slr0_0_board.xdc] for cell 'level0_i/ulp/proc_sys_reset_ctrl_slr0/U0'
Parsing XDC File [/data/tmp/chuxiao/spine_opt_v2_hw_150_20260728/temp/partitioned_split_e2e_link/link/vivado/vpl/prj/prj.gen/my_rm/bd/ulp/ip/ulp_hmss_0_0/bd_23/ip/ip_2/bd_9e91_psr_aclk_0.xdc] for cell 'level0_i/ulp/hmss_0/inst/path_22/interconnect23_22/inst/clk_map/psr_aclk/U0'
Finished Parsing XDC File [/data/tmp/chuxiao/spine_opt_v2_hw_150_20260728/temp/partitioned_split_e2e_link/link/vivado/vpl/prj/prj.gen/my_rm/bd/ulp/ip/ulp_hmss_0_0/bd_23/ip/ip_2/bd_9e91_psr_aclk_0.xdc] for cell 'level0_i/ulp/hmss_0/inst/path_22/interconnect23_22/inst/clk_map/psr_aclk/U0'
Parsing XDC File [/data/tmp/chuxiao/spine_opt_v2_hw_150_20260728/temp/partitioned_split_e2e_link/link/vivado/vpl/prj/prj.gen/my_rm/bd/ulp/ip/ulp_hmss_0_0/bd_22/ip/ip_2/bd_ad61_psr_aclk_0.xdc] for cell 'level0_i/ulp/hmss_0/inst/path_21/interconnect20_21/inst/clk_map/psr_aclk/U0'
Finished Parsing XDC File [/data/tmp/chuxiao/spine_opt_v2_hw_150_20260728/temp/partitioned_split_e2e_link/link/vivado/vpl/prj/prj.gen/my_rm/bd/ulp/ip/ulp_hmss_0_0/bd_22/ip/ip_2/bd_ad61_psr_aclk_0.xdc] for cell 'level0_i/ulp/hmss_0/inst/path_21/interconnect20_21/inst/clk_map/psr_aclk/U0'
Parsing XDC File [/data/tmp/chuxiao/spine_opt_v2_hw_150_20260728/temp/partitioned_split_e2e_link/link/vivado/vpl/prj/prj.gen/my_rm/bd/ulp/ip/ulp_hmss_0_0/bd_22/ip/ip_3/bd_ad61_psr_aclk1_0_board.xdc] for cell 'level0_i/ulp/hmss_0/inst/path_21/interconnect20_21/inst/clk_map/psr_aclk1/U0'
Finished Parsing XDC File [/data/tmp/chuxiao/spine_opt_v2_hw_150_20260728/temp/partitioned_split_e2e_link/link/vivado/vpl/prj/prj.gen/my_rm/bd/ulp/ip/ulp_hmss_0_0/bd_22/ip/ip_3/bd_ad61_psr_aclk1_0_board.xdc] for cell 'level0_i/ulp/hmss_0/inst/path_21/interconnect20_21/inst/clk_map/psr_aclk1/U0'
Parsing XDC File [/data/tmp/chuxiao/spine_opt_v2_hw_150_20260728/temp/partitioned_split_e2e_link/link/vivado/vpl/prj/prj.gen/my_rm/bd/ulp/ip/ulp_hmss_0_0/bd_22/ip/ip_3/bd_ad61_psr_aclk1_0.xdc] for cell 'level0_i/ulp/hmss_0/inst/path_21/interconnect20_21/inst/clk_map/psr_aclk1/U0'
Finished Parsing XDC File [/data/tmp/chuxiao/spine_opt_v2_hw_150_20260728/temp/partitioned_split_e2e_link/link/vivado/vpl/prj/prj.gen/my_rm/bd/ulp/ip/ulp_hmss_0_0/bd_22/ip/ip_3/bd_ad61_psr_aclk1_0.xdc] for cell 'level0_i/ulp/hmss_0/inst/path_21/interconnect20_21/inst/clk_map/psr_aclk1/U0'
Parsing XDC File [/data/tmp/chuxiao/spine_opt_v2_hw_150_20260728/temp/partitioned_split_e2e_link/link/vivado/vpl/prj/prj.gen/my_rm/bd/ulp/ip/ulp_hmss_0_0/bd_22/ip/ip_8/bd_ad61_sawn_0_clocks.xdc] for cell 'level0_i/ulp/hmss_0/inst/path_21/interconnect20_21/inst/s00_nodes/s00_aw_node/inst'
Finished Parsing XDC File [/data/tmp/chuxiao/spine_opt_v2_hw_150_20260728/temp/partitioned_split_e2e_link/link/vivado/vpl/prj/prj.gen/my_rm/bd/ulp/ip/ulp_hmss_0_0/bd_22/ip/ip_8/bd_ad61_sawn_0_clocks.xdc] for cell 'level0_i/ulp/hmss_0/inst/path_21/interconnect20_21/inst/s00_nodes/s00_aw_node/inst'
Parsing XDC File [/data/tmp/chuxiao/spine_opt_v2_hw_150_20260728/temp/partitioned_split_e2e_link/link/vivado/vpl/prj/prj.gen/my_rm/bd/ulp/ip/ulp_hmss_0_0/bd_22/ip/ip_9/bd_ad61_swn_0_clocks.xdc] for cell 'level0_i/ulp/hmss_0/inst/path_21/interconnect20_21/inst/s00_nodes/s00_w_node/inst'
Finished Parsing XDC File [/data/tmp/chuxiao/spine_opt_v2_hw_150_20260728/temp/partitioned_split_e2e_link/link/vivado/vpl/prj/prj.gen/my_rm/bd/ulp/ip/ulp_hmss_0_0/bd_22/ip/ip_9/bd_ad61_swn_0_clocks.xdc] for cell 'level0_i/ulp/hmss_0/inst/path_21/interconnect20_21/inst/s00_nodes/s00_w_node/inst'
Parsing XDC File [/data/tmp/chuxiao/spine_opt_v2_hw_150_20260728/temp/partitioned_split_e2e_link/link/vivado/vpl/prj/prj.gen/my_rm/bd/ulp/ip/ulp_hmss_0_0/bd_22/ip/ip_10/bd_ad61_sbn_0_clocks.xdc] for cell 'level0_i/ulp/hmss_0/inst/path_21/interconnect20_21/inst/s00_nodes/s00_b_node/inst'
Finished Parsing XDC File [/data/tmp/chuxiao/spine_opt_v2_hw_150_20260728/temp/partitioned_split_e2e_link/link/vivado/vpl/prj/prj.gen/my_rm/bd/ulp/ip/ulp_hmss_0_0/bd_22/ip/ip_10/bd_ad61_sbn_0_clocks.xdc] for cell 'level0_i/ulp/hmss_0/inst/path_21/interconnect20_21/inst/s00_nodes/s00_b_node/inst'
Parsing XDC File [/data/tmp/chuxiao/spine_opt_v2_hw_150_20260728/temp/partitioned_split_e2e_link/link/vivado/vpl/prj/prj.gen/my_rm/bd/ulp/ip/ulp_hmss_0_0/bd_0/ip/ip_67/smartconnect.xdc] for cell 'level0_i/ulp/hmss_0/inst/path_21/interconnect20_21/inst'
WARNING: [Vivado_Tcl 4-919] Waiver ID 'CDC-1' -from list should not be empty. [/data/tmp/chuxiao/spine_opt_v2_hw_150_20260728/temp/partitioned_split_e2e_link/link/vivado/vpl/prj/prj.gen/my_rm/bd/ulp/ip/ulp_hmss_0_0/bd_0/ip/ip_67/smartconnect.xdc:1]
Finished Parsing XDC File [/data/tmp/chuxiao/spine_opt_v2_hw_150_20260728/temp/partitioned_split_e2e_link/link/vivado/vpl/prj/prj.gen/my_rm/bd/ulp/ip/ulp_hmss_0_0/bd_0/ip/ip_67/smartconnect.xdc] for cell 'level0_i/ulp/hmss_0/inst/path_21/interconnect20_21/inst'
Parsing XDC File [/data/tmp/chuxiao/spine_opt_v2_hw_150_20260728/temp/partitioned_split_e2e_link/link/vivado/vpl/prj/prj.gen/my_rm/bd/ulp/ip/ulp_hmss_0_0/bd_23/ip/ip_1/bd_9e91_psr0_0_board.xdc] for cell 'level0_i/ulp/hmss_0/inst/path_22/interconnect23_22/inst/clk_map/psr0/U0'
Finished Parsing XDC File [/data/tmp/chuxiao/spine_opt_v2_hw_150_20260728/temp/partitioned_split_e2e_link/link/vivado/vpl/prj/prj.gen/my_rm/bd/ulp/ip/ulp_hmss_0_0/bd_23/ip/ip_1/bd_9e91_psr0_0_board.xdc] for cell 'level0_i/ulp/hmss_0/inst/path_22/interconnect23_22/inst/clk_map/psr0/U0'
Parsing XDC File [/data/tmp/chuxiao/spine_opt_v2_hw_150_20260728/temp/partitioned_split_e2e_link/link/vivado/vpl/prj/prj.gen/my_rm/bd/ulp/ip/ulp_hmss_0_0/bd_23/ip/ip_1/bd_9e91_psr0_0.xdc] for cell 'level0_i/ulp/hmss_0/inst/path_22/interconnect23_22/inst/clk_map/psr0/U0'
Finished Parsing XDC File [/data/tmp/chuxiao/spine_opt_v2_hw_150_20260728/temp/partitioned_split_e2e_link/link/vivado/vpl/prj/prj.gen/my_rm/bd/ulp/ip/ulp_hmss_0_0/bd_23/ip/ip_1/bd_9e91_psr0_0.xdc] for cell 'level0_i/ulp/hmss_0/inst/path_22/interconnect23_22/inst/clk_map/psr0/U0'
Parsing XDC File [/data/tmp/chuxiao/spine_opt_v2_hw_150_20260728/temp/partitioned_split_e2e_link/link/vivado/vpl/prj/prj.gen/my_rm/bd/ulp/ip/ulp_hmss_0_0/bd_23/ip/ip_2/bd_9e91_psr_aclk_0_board.xdc] for cell 'level0_i/ulp/hmss_0/inst/path_22/interconnect23_22/inst/clk_map/psr_aclk/U0'
Finished Parsing XDC File [/data/tmp/chuxiao/spine_opt_v2_hw_150_20260728/temp/partitioned_split_e2e_link/link/vivado/vpl/prj/prj.gen/my_rm/bd/ulp/ip/ulp_hmss_0_0/bd_23/ip/ip_2/bd_9e91_psr_aclk_0_board.xdc] for cell 'level0_i/ulp/hmss_0/inst/path_22/interconnect23_22/inst/clk_map/psr_aclk/U0'
Parsing XDC File [/data/tmp/chuxiao/spine_opt_v2_hw_150_20260728/temp/partitioned_split_e2e_link/link/vivado/vpl/prj/prj.gen/my_rm/bd/ulp/ip/ulp_proc_sys_reset_ctrl_slr0_0/ulp_proc_sys_reset_ctrl_slr0_0.xdc] for cell 'level0_i/ulp/proc_sys_reset_ctrl_slr0/U0'
Finished Parsing XDC File [/data/tmp/chuxiao/spine_opt_v2_hw_150_20260728/temp/partitioned_split_e2e_link/link/vivado/vpl/prj/prj.gen/my_rm/bd/ulp/ip/ulp_proc_sys_reset_ctrl_slr0_0/ulp_proc_sys_reset_ctrl_slr0_0.xdc] for cell 'level0_i/ulp/proc_sys_reset_ctrl_slr0/U0'
Parsing XDC File [/data/tmp/chuxiao/spine_opt_v2_hw_150_20260728/temp/partitioned_split_e2e_link/link/vivado/vpl/prj/prj.gen/my_rm/bd/ulp/ip/ulp_hmss_0_0/bd_23/ip/ip_3/bd_9e91_psr_aclk1_0_board.xdc] for cell 'level0_i/ulp/hmss_0/inst/path_22/interconnect23_22/inst/clk_map/psr_aclk1/U0'
Finished Parsing XDC File [/data/tmp/chuxiao/spine_opt_v2_hw_150_20260728/temp/partitioned_split_e2e_link/link/vivado/vpl/prj/prj.gen/my_rm/bd/ulp/ip/ulp_hmss_0_0/bd_23/ip/ip_3/bd_9e91_psr_aclk1_0_board.xdc] for cell 'level0_i/ulp/hmss_0/inst/path_22/interconnect23_22/inst/clk_map/psr_aclk1/U0'
Parsing XDC File [/data/tmp/chuxiao/spine_opt_v2_hw_150_20260728/temp/partitioned_split_e2e_link/link/vivado/vpl/prj/prj.gen/my_rm/bd/ulp/ip/ulp_hmss_0_0/bd_23/ip/ip_3/bd_9e91_psr_aclk1_0.xdc] for cell 'level0_i/ulp/hmss_0/inst/path_22/interconnect23_22/inst/clk_map/psr_aclk1/U0'
Finished Parsing XDC File [/data/tmp/chuxiao/spine_opt_v2_hw_150_20260728/temp/partitioned_split_e2e_link/link/vivado/vpl/prj/prj.gen/my_rm/bd/ulp/ip/ulp_hmss_0_0/bd_23/ip/ip_3/bd_9e91_psr_aclk1_0.xdc] for cell 'level0_i/ulp/hmss_0/inst/path_22/interconnect23_22/inst/clk_map/psr_aclk1/U0'
Parsing XDC File [/data/tmp/chuxiao/spine_opt_v2_hw_150_20260728/temp/partitioned_split_e2e_link/link/vivado/vpl/prj/prj.gen/my_rm/bd/ulp/ip/ulp_hmss_0_0/bd_23/ip/ip_8/bd_9e91_sarn_0_clocks.xdc] for cell 'level0_i/ulp/hmss_0/inst/path_22/interconnect23_22/inst/s00_nodes/s00_ar_node/inst'
Finished Parsing XDC File [/data/tmp/chuxiao/spine_opt_v2_hw_150_20260728/temp/partitioned_split_e2e_link/link/vivado/vpl/prj/prj.gen/my_rm/bd/ulp/ip/ulp_hmss_0_0/bd_23/ip/ip_8/bd_9e91_sarn_0_clocks.xdc] for cell 'level0_i/ulp/hmss_0/inst/path_22/interconnect23_22/inst/s00_nodes/s00_ar_node/inst'
Parsing XDC File [/data/tmp/chuxiao/spine_opt_v2_hw_150_20260728/temp/partitioned_split_e2e_link/link/vivado/vpl/prj/prj.gen/my_rm/bd/ulp/ip/ulp_hmss_0_0/bd_23/ip/ip_9/bd_9e91_srn_0_clocks.xdc] for cell 'level0_i/ulp/hmss_0/inst/path_22/interconnect23_22/inst/s00_nodes/s00_r_node/inst'
Finished Parsing XDC File [/data/tmp/chuxiao/spine_opt_v2_hw_150_20260728/temp/partitioned_split_e2e_link/link/vivado/vpl/prj/prj.gen/my_rm/bd/ulp/ip/ulp_hmss_0_0/bd_23/ip/ip_9/bd_9e91_srn_0_clocks.xdc] for cell 'level0_i/ulp/hmss_0/inst/path_22/interconnect23_22/inst/s00_nodes/s00_r_node/inst'
Parsing XDC File [/data/tmp/chuxiao/spine_opt_v2_hw_150_20260728/temp/partitioned_split_e2e_link/link/vivado/vpl/prj/prj.gen/my_rm/bd/ulp/ip/ulp_hmss_0_0/bd_23/ip/ip_10/bd_9e91_sawn_0_clocks.xdc] for cell 'level0_i/ulp/hmss_0/inst/path_22/interconnect23_22/inst/s00_nodes/s00_aw_node/inst'
Finished Parsing XDC File [/data/tmp/chuxiao/spine_opt_v2_hw_150_20260728/temp/partitioned_split_e2e_link/link/vivado/vpl/prj/prj.gen/my_rm/bd/ulp/ip/ulp_hmss_0_0/bd_23/ip/ip_10/bd_9e91_sawn_0_clocks.xdc] for cell 'level0_i/ulp/hmss_0/inst/path_22/interconnect23_22/inst/s00_nodes/s00_aw_node/inst'
Parsing XDC File [/data/tmp/chuxiao/spine_opt_v2_hw_150_20260728/temp/partitioned_split_e2e_link/link/vivado/vpl/prj/prj.gen/my_rm/bd/ulp/ip/ulp_hmss_0_0/bd_23/ip/ip_11/bd_9e91_swn_0_clocks.xdc] for cell 'level0_i/ulp/hmss_0/inst/path_22/interconnect23_22/inst/s00_nodes/s00_w_node/inst'
Finished Parsing XDC File [/data/tmp/chuxiao/spine_opt_v2_hw_150_20260728/temp/partitioned_split_e2e_link/link/vivado/vpl/prj/prj.gen/my_rm/bd/ulp/ip/ulp_hmss_0_0/bd_23/ip/ip_11/bd_9e91_swn_0_clocks.xdc] for cell 'level0_i/ulp/hmss_0/inst/path_22/interconnect23_22/inst/s00_nodes/s00_w_node/inst'
Parsing XDC File [/data/tmp/chuxiao/spine_opt_v2_hw_150_20260728/temp/partitioned_split_e2e_link/link/vivado/vpl/prj/prj.gen/my_rm/bd/ulp/ip/ulp_hmss_0_0/bd_23/ip/ip_12/bd_9e91_sbn_0_clocks.xdc] for cell 'level0_i/ulp/hmss_0/inst/path_22/interconnect23_22/inst/s00_nodes/s00_b_node/inst'
Finished Parsing XDC File [/data/tmp/chuxiao/spine_opt_v2_hw_150_20260728/temp/partitioned_split_e2e_link/link/vivado/vpl/prj/prj.gen/my_rm/bd/ulp/ip/ulp_hmss_0_0/bd_23/ip/ip_12/bd_9e91_sbn_0_clocks.xdc] for cell 'level0_i/ulp/hmss_0/inst/path_22/interconnect23_22/inst/s00_nodes/s00_b_node/inst'
Parsing XDC File [/data/tmp/chuxiao/spine_opt_v2_hw_150_20260728/temp/partitioned_split_e2e_link/link/vivado/vpl/prj/prj.gen/my_rm/bd/ulp/ip/ulp_hmss_0_0/bd_0/ip/ip_70/smartconnect.xdc] for cell 'level0_i/ulp/hmss_0/inst/path_22/interconnect23_22/inst'
WARNING: [Vivado_Tcl 4-919] Waiver ID 'CDC-1' -from list should not be empty. [/data/tmp/chuxiao/spine_opt_v2_hw_150_20260728/temp/partitioned_split_e2e_link/link/vivado/vpl/prj/prj.gen/my_rm/bd/ulp/ip/ulp_hmss_0_0/bd_0/ip/ip_70/smartconnect.xdc:1]
Finished Parsing XDC File [/data/tmp/chuxiao/spine_opt_v2_hw_150_20260728/temp/partitioned_split_e2e_link/link/vivado/vpl/prj/prj.gen/my_rm/bd/ulp/ip/ulp_hmss_0_0/bd_0/ip/ip_70/smartconnect.xdc] for cell 'level0_i/ulp/hmss_0/inst/path_22/interconnect23_22/inst'
Parsing XDC File [/data/tmp/chuxiao/spine_opt_v2_hw_150_20260728/temp/partitioned_split_e2e_link/link/vivado/vpl/prj/prj.gen/my_rm/bd/ulp/ip/ulp_hmss_0_0/bd_24/ip/ip_1/bd_e9c1_psr0_0_board.xdc] for cell 'level0_i/ulp/hmss_0/inst/path_23/interconnect24_23/inst/clk_map/psr0/U0'
Finished Parsing XDC File [/data/tmp/chuxiao/spine_opt_v2_hw_150_20260728/temp/partitioned_split_e2e_link/link/vivado/vpl/prj/prj.gen/my_rm/bd/ulp/ip/ulp_hmss_0_0/bd_24/ip/ip_1/bd_e9c1_psr0_0_board.xdc] for cell 'level0_i/ulp/hmss_0/inst/path_23/interconnect24_23/inst/clk_map/psr0/U0'
Parsing XDC File [/data/tmp/chuxiao/spine_opt_v2_hw_150_20260728/temp/partitioned_split_e2e_link/link/vivado/vpl/prj/prj.gen/my_rm/bd/ulp/ip/ulp_hmss_0_0/bd_24/ip/ip_1/bd_e9c1_psr0_0.xdc] for cell 'level0_i/ulp/hmss_0/inst/path_23/interconnect24_23/inst/clk_map/psr0/U0'
Finished Parsing XDC File [/data/tmp/chuxiao/spine_opt_v2_hw_150_20260728/temp/partitioned_split_e2e_link/link/vivado/vpl/prj/prj.gen/my_rm/bd/ulp/ip/ulp_hmss_0_0/bd_24/ip/ip_1/bd_e9c1_psr0_0.xdc] for cell 'level0_i/ulp/hmss_0/inst/path_23/interconnect24_23/inst/clk_map/psr0/U0'
Parsing XDC File [/data/tmp/chuxiao/spine_opt_v2_hw_150_20260728/temp/partitioned_split_e2e_link/link/vivado/vpl/prj/prj.gen/my_rm/bd/ulp/ip/ulp_ulp_ucs_0/bd_0/ip/ip_48/bd_22c0_psreset_hbm_0.xdc] for cell 'level0_i/ulp/ulp_ucs/inst/aclk_hbm_hierarchy/psreset_hbm/U0'
Finished Parsing XDC File [/data/tmp/chuxiao/spine_opt_v2_hw_150_20260728/temp/partitioned_split_e2e_link/link/vivado/vpl/prj/prj.gen/my_rm/bd/ulp/ip/ulp_ulp_ucs_0/bd_0/ip/ip_48/bd_22c0_psreset_hbm_0.xdc] for cell 'level0_i/ulp/ulp_ucs/inst/aclk_hbm_hierarchy/psreset_hbm/U0'
Parsing XDC File [/data/tmp/chuxiao/spine_opt_v2_hw_150_20260728/temp/partitioned_split_e2e_link/link/vivado/vpl/prj/prj.gen/my_rm/bd/ulp/ip/ulp_proc_sys_reset_kernel_slr2_0/ulp_proc_sys_reset_kernel_slr2_0.xdc] for cell 'level0_i/ulp/proc_sys_reset_kernel_slr2/U0'
Finished Parsing XDC File [/data/tmp/chuxiao/spine_opt_v2_hw_150_20260728/temp/partitioned_split_e2e_link/link/vivado/vpl/prj/prj.gen/my_rm/bd/ulp/ip/ulp_proc_sys_reset_kernel_slr2_0/ulp_proc_sys_reset_kernel_slr2_0.xdc] for cell 'level0_i/ulp/proc_sys_reset_kernel_slr2/U0'
Parsing XDC File [/data/tmp/chuxiao/spine_opt_v2_hw_150_20260728/temp/partitioned_split_e2e_link/link/vivado/vpl/prj/prj.gen/my_rm/bd/ulp/ip/ulp_ulp_cmp_0/bd_1/ip/ip_2/constraints/bs_switch.xdc] for cell 'level0_i/ulp/ulp_cmp/inst/user_debug_bridge/inst/bs_switch_1/inst'
Finished Parsing XDC File [/data/tmp/chuxiao/spine_opt_v2_hw_150_20260728/temp/partitioned_split_e2e_link/link/vivado/vpl/prj/prj.gen/my_rm/bd/ulp/ip/ulp_ulp_cmp_0/bd_1/ip/ip_2/constraints/bs_switch.xdc] for cell 'level0_i/ulp/ulp_cmp/inst/user_debug_bridge/inst/bs_switch_1/inst'
Parsing XDC File [/data/tmp/chuxiao/spine_opt_v2_hw_150_20260728/temp/partitioned_split_e2e_link/link/vivado/vpl/prj/prj.gen/my_rm/bd/ulp/ip/ulp_ulp_cmp_0/bd_2/ip/ip_0/constraints/xsdbm_cc_early.xdc] for cell 'level0_i/ulp/ulp_cmp/inst/user_debug_hub/inst/xsdbm/inst'
Finished Parsing XDC File [/data/tmp/chuxiao/spine_opt_v2_hw_150_20260728/temp/partitioned_split_e2e_link/link/vivado/vpl/prj/prj.gen/my_rm/bd/ulp/ip/ulp_ulp_cmp_0/bd_2/ip/ip_0/constraints/xsdbm_cc_early.xdc] for cell 'level0_i/ulp/ulp_cmp/inst/user_debug_hub/inst/xsdbm/inst'
Parsing XDC File [/data/tmp/chuxiao/spine_opt_v2_hw_150_20260728/temp/partitioned_split_e2e_link/link/vivado/vpl/prj/prj.gen/my_rm/bd/ulp/ip/ulp_ulp_ucs_0/bd_0/ip/ip_6/bd_22c0_gpio_gapping_demand_0_board.xdc] for cell 'level0_i/ulp/ulp_ucs/inst/gapping_demand/gpio_gapping_demand/U0'
Finished Parsing XDC File [/data/tmp/chuxiao/spine_opt_v2_hw_150_20260728/temp/partitioned_split_e2e_link/link/vivado/vpl/prj/prj.gen/my_rm/bd/ulp/ip/ulp_ulp_ucs_0/bd_0/ip/ip_6/bd_22c0_gpio_gapping_demand_0_board.xdc] for cell 'level0_i/ulp/ulp_ucs/inst/gapping_demand/gpio_gapping_demand/U0'
Parsing XDC File [/data/tmp/chuxiao/spine_opt_v2_hw_150_20260728/temp/partitioned_split_e2e_link/link/vivado/vpl/prj/prj.gen/my_rm/bd/ulp/ip/ulp_ulp_ucs_0/bd_0/ip/ip_6/bd_22c0_gpio_gapping_demand_0.xdc] for cell 'level0_i/ulp/ulp_ucs/inst/gapping_demand/gpio_gapping_demand/U0'
Finished Parsing XDC File [/data/tmp/chuxiao/spine_opt_v2_hw_150_20260728/temp/partitioned_split_e2e_link/link/vivado/vpl/prj/prj.gen/my_rm/bd/ulp/ip/ulp_ulp_ucs_0/bd_0/ip/ip_6/bd_22c0_gpio_gapping_demand_0.xdc] for cell 'level0_i/ulp/ulp_ucs/inst/gapping_demand/gpio_gapping_demand/U0'
Parsing XDC File [/data/tmp/chuxiao/spine_opt_v2_hw_150_20260728/temp/partitioned_split_e2e_link/link/vivado/vpl/prj/prj.gen/my_rm/bd/ulp/ip/ulp_ulp_ucs_0/bd_0/ip/ip_14/bd_22c0_gpio_ucs_control_status_0_board.xdc] for cell 'level0_i/ulp/ulp_ucs/inst/ucs_control_status/gpio_ucs_control_status/U0'
Finished Parsing XDC File [/data/tmp/chuxiao/spine_opt_v2_hw_150_20260728/temp/partitioned_split_e2e_link/link/vivado/vpl/prj/prj.gen/my_rm/bd/ulp/ip/ulp_ulp_ucs_0/bd_0/ip/ip_14/bd_22c0_gpio_ucs_control_status_0_board.xdc] for cell 'level0_i/ulp/ulp_ucs/inst/ucs_control_status/gpio_ucs_control_status/U0'
Parsing XDC File [/data/tmp/chuxiao/spine_opt_v2_hw_150_20260728/temp/partitioned_split_e2e_link/link/vivado/vpl/prj/prj.gen/my_rm/bd/ulp/ip/ulp_ulp_ucs_0/bd_0/ip/ip_14/bd_22c0_gpio_ucs_control_status_0.xdc] for cell 'level0_i/ulp/ulp_ucs/inst/ucs_control_status/gpio_ucs_control_status/U0'
Finished Parsing XDC File [/data/tmp/chuxiao/spine_opt_v2_hw_150_20260728/temp/partitioned_split_e2e_link/link/vivado/vpl/prj/prj.gen/my_rm/bd/ulp/ip/ulp_ulp_ucs_0/bd_0/ip/ip_14/bd_22c0_gpio_ucs_control_status_0.xdc] for cell 'level0_i/ulp/ulp_ucs/inst/ucs_control_status/gpio_ucs_control_status/U0'
Parsing XDC File [/data/tmp/chuxiao/spine_opt_v2_hw_150_20260728/temp/partitioned_split_e2e_link/link/vivado/vpl/prj/prj.gen/my_rm/bd/ulp/ip/ulp_ulp_ucs_0/bd_0/ip/ip_46/bd_22c0_clkwiz_hbm_0_board.xdc] for cell 'level0_i/ulp/ulp_ucs/inst/aclk_hbm_hierarchy/clkwiz_hbm/inst'
Finished Parsing XDC File [/data/tmp/chuxiao/spine_opt_v2_hw_150_20260728/temp/partitioned_split_e2e_link/link/vivado/vpl/prj/prj.gen/my_rm/bd/ulp/ip/ulp_ulp_ucs_0/bd_0/ip/ip_46/bd_22c0_clkwiz_hbm_0_board.xdc] for cell 'level0_i/ulp/ulp_ucs/inst/aclk_hbm_hierarchy/clkwiz_hbm/inst'
Parsing XDC File [/data/tmp/chuxiao/spine_opt_v2_hw_150_20260728/temp/partitioned_split_e2e_link/link/vivado/vpl/prj/prj.gen/my_rm/bd/ulp/ip/ulp_ulp_ucs_0/bd_0/ip/ip_46/bd_22c0_clkwiz_hbm_0.xdc] for cell 'level0_i/ulp/ulp_ucs/inst/aclk_hbm_hierarchy/clkwiz_hbm/inst'
Finished Parsing XDC File [/data/tmp/chuxiao/spine_opt_v2_hw_150_20260728/temp/partitioned_split_e2e_link/link/vivado/vpl/prj/prj.gen/my_rm/bd/ulp/ip/ulp_ulp_ucs_0/bd_0/ip/ip_46/bd_22c0_clkwiz_hbm_0.xdc] for cell 'level0_i/ulp/ulp_ucs/inst/aclk_hbm_hierarchy/clkwiz_hbm/inst'
Parsing XDC File [/data/tmp/chuxiao/spine_opt_v2_hw_150_20260728/temp/partitioned_split_e2e_link/link/vivado/vpl/prj/prj.gen/my_rm/bd/ulp/ip/ulp_ulp_ucs_0/bd_0/ip/ip_48/bd_22c0_psreset_hbm_0_board.xdc] for cell 'level0_i/ulp/ulp_ucs/inst/aclk_hbm_hierarchy/psreset_hbm/U0'
Finished Parsing XDC File [/data/tmp/chuxiao/spine_opt_v2_hw_150_20260728/temp/partitioned_split_e2e_link/link/vivado/vpl/prj/prj.gen/my_rm/bd/ulp/ip/ulp_ulp_ucs_0/bd_0/ip/ip_48/bd_22c0_psreset_hbm_0_board.xdc] for cell 'level0_i/ulp/ulp_ucs/inst/aclk_hbm_hierarchy/psreset_hbm/U0'
Parsing XDC File [/data/tmp/chuxiao/spine_opt_v2_hw_150_20260728/temp/partitioned_split_e2e_link/link/vivado/vpl/prj/prj.gen/my_rm/bd/ulp/ip/ulp_proc_sys_reset_kernel_slr2_0/ulp_proc_sys_reset_kernel_slr2_0_board.xdc] for cell 'level0_i/ulp/proc_sys_reset_kernel_slr2/U0'
Finished Parsing XDC File [/data/tmp/chuxiao/spine_opt_v2_hw_150_20260728/temp/partitioned_split_e2e_link/link/vivado/vpl/prj/prj.gen/my_rm/bd/ulp/ip/ulp_proc_sys_reset_kernel_slr2_0/ulp_proc_sys_reset_kernel_slr2_0_board.xdc] for cell 'level0_i/ulp/proc_sys_reset_kernel_slr2/U0'
Parsing XDC File [/data/tmp/chuxiao/spine_opt_v2_hw_150_20260728/temp/partitioned_split_e2e_link/link/vivado/vpl/prj/prj.gen/my_rm/bd/ulp/ip/ulp_ulp_ucs_0/bd_0/ip/ip_56/bd_22c0_psreset_aclk_freerun_0_board.xdc] for cell 'level0_i/ulp/ulp_ucs/inst/frequency_counters/psreset_aclk_freerun/U0'
Finished Parsing XDC File [/data/tmp/chuxiao/spine_opt_v2_hw_150_20260728/temp/partitioned_split_e2e_link/link/vivado/vpl/prj/prj.gen/my_rm/bd/ulp/ip/ulp_ulp_ucs_0/bd_0/ip/ip_56/bd_22c0_psreset_aclk_freerun_0_board.xdc] for cell 'level0_i/ulp/ulp_ucs/inst/frequency_counters/psreset_aclk_freerun/U0'
Parsing XDC File [/data/tmp/chuxiao/spine_opt_v2_hw_150_20260728/temp/partitioned_split_e2e_link/link/vivado/vpl/prj/prj.gen/my_rm/bd/ulp/ip/ulp_ulp_ucs_0/bd_0/ip/ip_56/bd_22c0_psreset_aclk_freerun_0.xdc] for cell 'level0_i/ulp/ulp_ucs/inst/frequency_counters/psreset_aclk_freerun/U0'
Finished Parsing XDC File [/data/tmp/chuxiao/spine_opt_v2_hw_150_20260728/temp/partitioned_split_e2e_link/link/vivado/vpl/prj/prj.gen/my_rm/bd/ulp/ip/ulp_ulp_ucs_0/bd_0/ip/ip_56/bd_22c0_psreset_aclk_freerun_0.xdc] for cell 'level0_i/ulp/ulp_ucs/inst/frequency_counters/psreset_aclk_freerun/U0'
Parsing XDC File [/data/tmp/chuxiao/spine_opt_v2_hw_150_20260728/temp/partitioned_split_e2e_link/link/vivado/vpl/prj/prj.gen/my_rm/bd/ulp/ip/ulp_ulp_ucs_0/bd_0/ip/ip_59/bd_22c0_clkwiz_aclk_kernel_00_0_board.xdc] for cell 'level0_i/ulp/ulp_ucs/inst/aclk_kernel_00_hierarchy/clkwiz_aclk_kernel_00/inst'
Finished Parsing XDC File [/data/tmp/chuxiao/spine_opt_v2_hw_150_20260728/temp/partitioned_split_e2e_link/link/vivado/vpl/prj/prj.gen/my_rm/bd/ulp/ip/ulp_ulp_ucs_0/bd_0/ip/ip_59/bd_22c0_clkwiz_aclk_kernel_00_0_board.xdc] for cell 'level0_i/ulp/ulp_ucs/inst/aclk_kernel_00_hierarchy/clkwiz_aclk_kernel_00/inst'
Parsing XDC File [/data/tmp/chuxiao/spine_opt_v2_hw_150_20260728/temp/partitioned_split_e2e_link/link/vivado/vpl/prj/prj.gen/my_rm/bd/ulp/ip/ulp_ulp_ucs_0/bd_0/ip/ip_59/bd_22c0_clkwiz_aclk_kernel_00_0.xdc] for cell 'level0_i/ulp/ulp_ucs/inst/aclk_kernel_00_hierarchy/clkwiz_aclk_kernel_00/inst'
Finished Parsing XDC File [/data/tmp/chuxiao/spine_opt_v2_hw_150_20260728/temp/partitioned_split_e2e_link/link/vivado/vpl/prj/prj.gen/my_rm/bd/ulp/ip/ulp_ulp_ucs_0/bd_0/ip/ip_59/bd_22c0_clkwiz_aclk_kernel_00_0.xdc] for cell 'level0_i/ulp/ulp_ucs/inst/aclk_kernel_00_hierarchy/clkwiz_aclk_kernel_00/inst'
Parsing XDC File [/data/tmp/chuxiao/spine_opt_v2_hw_150_20260728/temp/partitioned_split_e2e_link/link/vivado/vpl/prj/prj.gen/my_rm/bd/ulp/ip/ulp_ulp_ucs_0/bd_0/ip/ip_74/bd_22c0_psreset_kernel_00_0_board.xdc] for cell 'level0_i/ulp/ulp_ucs/inst/aclk_kernel_00_hierarchy/psreset_kernel_00/U0'
Finished Parsing XDC File [/data/tmp/chuxiao/spine_opt_v2_hw_150_20260728/temp/partitioned_split_e2e_link/link/vivado/vpl/prj/prj.gen/my_rm/bd/ulp/ip/ulp_ulp_ucs_0/bd_0/ip/ip_74/bd_22c0_psreset_kernel_00_0_board.xdc] for cell 'level0_i/ulp/ulp_ucs/inst/aclk_kernel_00_hierarchy/psreset_kernel_00/U0'
Parsing XDC File [/data/tmp/chuxiao/spine_opt_v2_hw_150_20260728/temp/partitioned_split_e2e_link/link/vivado/vpl/prj/prj.gen/my_rm/bd/ulp/ip/ulp_ulp_ucs_0/bd_0/ip/ip_74/bd_22c0_psreset_kernel_00_0.xdc] for cell 'level0_i/ulp/ulp_ucs/inst/aclk_kernel_00_hierarchy/psreset_kernel_00/U0'
Finished Parsing XDC File [/data/tmp/chuxiao/spine_opt_v2_hw_150_20260728/temp/partitioned_split_e2e_link/link/vivado/vpl/prj/prj.gen/my_rm/bd/ulp/ip/ulp_ulp_ucs_0/bd_0/ip/ip_74/bd_22c0_psreset_kernel_00_0.xdc] for cell 'level0_i/ulp/ulp_ucs/inst/aclk_kernel_00_hierarchy/psreset_kernel_00/U0'
Parsing XDC File [/data/tmp/chuxiao/spine_opt_v2_hw_150_20260728/temp/partitioned_split_e2e_link/link/vivado/vpl/prj/prj.gen/my_rm/bd/ulp/ip/ulp_ulp_ucs_0/bd_0/ip/ip_77/bd_22c0_clkwiz_aclk_kernel_01_0_board.xdc] for cell 'level0_i/ulp/ulp_ucs/inst/aclk_kernel_01_hierarchy/clkwiz_aclk_kernel_01/inst'
Finished Parsing XDC File [/data/tmp/chuxiao/spine_opt_v2_hw_150_20260728/temp/partitioned_split_e2e_link/link/vivado/vpl/prj/prj.gen/my_rm/bd/ulp/ip/ulp_ulp_ucs_0/bd_0/ip/ip_77/bd_22c0_clkwiz_aclk_kernel_01_0_board.xdc] for cell 'level0_i/ulp/ulp_ucs/inst/aclk_kernel_01_hierarchy/clkwiz_aclk_kernel_01/inst'
Parsing XDC File [/data/tmp/chuxiao/spine_opt_v2_hw_150_20260728/temp/partitioned_split_e2e_link/link/vivado/vpl/prj/prj.gen/my_rm/bd/ulp/ip/ulp_ulp_ucs_0/bd_0/ip/ip_77/bd_22c0_clkwiz_aclk_kernel_01_0.xdc] for cell 'level0_i/ulp/ulp_ucs/inst/aclk_kernel_01_hierarchy/clkwiz_aclk_kernel_01/inst'
Finished Parsing XDC File [/data/tmp/chuxiao/spine_opt_v2_hw_150_20260728/temp/partitioned_split_e2e_link/link/vivado/vpl/prj/prj.gen/my_rm/bd/ulp/ip/ulp_ulp_ucs_0/bd_0/ip/ip_77/bd_22c0_clkwiz_aclk_kernel_01_0.xdc] for cell 'level0_i/ulp/ulp_ucs/inst/aclk_kernel_01_hierarchy/clkwiz_aclk_kernel_01/inst'
Parsing XDC File [/data/tmp/chuxiao/spine_opt_v2_hw_150_20260728/temp/partitioned_split_e2e_link/link/vivado/vpl/prj/prj.gen/my_rm/bd/ulp/ip/ulp_ulp_ucs_0/bd_0/ip/ip_92/bd_22c0_psreset_kernel_01_0_board.xdc] for cell 'level0_i/ulp/ulp_ucs/inst/aclk_kernel_01_hierarchy/psreset_kernel_01/U0'
Finished Parsing XDC File [/data/tmp/chuxiao/spine_opt_v2_hw_150_20260728/temp/partitioned_split_e2e_link/link/vivado/vpl/prj/prj.gen/my_rm/bd/ulp/ip/ulp_ulp_ucs_0/bd_0/ip/ip_92/bd_22c0_psreset_kernel_01_0_board.xdc] for cell 'level0_i/ulp/ulp_ucs/inst/aclk_kernel_01_hierarchy/psreset_kernel_01/U0'
Parsing XDC File [/data/tmp/chuxiao/spine_opt_v2_hw_150_20260728/temp/partitioned_split_e2e_link/link/vivado/vpl/prj/prj.gen/my_rm/bd/ulp/ip/ulp_ulp_ucs_0/bd_0/ip/ip_92/bd_22c0_psreset_kernel_01_0.xdc] for cell 'level0_i/ulp/ulp_ucs/inst/aclk_kernel_01_hierarchy/psreset_kernel_01/U0'
Finished Parsing XDC File [/data/tmp/chuxiao/spine_opt_v2_hw_150_20260728/temp/partitioned_split_e2e_link/link/vivado/vpl/prj/prj.gen/my_rm/bd/ulp/ip/ulp_ulp_ucs_0/bd_0/ip/ip_92/bd_22c0_psreset_kernel_01_0.xdc] for cell 'level0_i/ulp/ulp_ucs/inst/aclk_kernel_01_hierarchy/psreset_kernel_01/U0'
Parsing XDC File [/data/tmp/chuxiao/spine_opt_v2_hw_150_20260728/temp/partitioned_split_e2e_link/link/vivado/vpl/prj/prj.gen/my_rm/bd/ulp/ip/ulp_proc_sys_reset_kernel2_slr0_0/ulp_proc_sys_reset_kernel2_slr0_0_board.xdc] for cell 'level0_i/ulp/proc_sys_reset_kernel2_slr0/U0'
Finished Parsing XDC File [/data/tmp/chuxiao/spine_opt_v2_hw_150_20260728/temp/partitioned_split_e2e_link/link/vivado/vpl/prj/prj.gen/my_rm/bd/ulp/ip/ulp_proc_sys_reset_kernel2_slr0_0/ulp_proc_sys_reset_kernel2_slr0_0_board.xdc] for cell 'level0_i/ulp/proc_sys_reset_kernel2_slr0/U0'
Parsing XDC File [/data/tmp/chuxiao/spine_opt_v2_hw_150_20260728/temp/partitioned_split_e2e_link/link/vivado/vpl/prj/prj.gen/my_rm/bd/ulp/ip/ulp_proc_sys_reset_ctrl_slr1_0/ulp_proc_sys_reset_ctrl_slr1_0_board.xdc] for cell 'level0_i/ulp/proc_sys_reset_ctrl_slr1/U0'
Finished Parsing XDC File [/data/tmp/chuxiao/spine_opt_v2_hw_150_20260728/temp/partitioned_split_e2e_link/link/vivado/vpl/prj/prj.gen/my_rm/bd/ulp/ip/ulp_proc_sys_reset_ctrl_slr1_0/ulp_proc_sys_reset_ctrl_slr1_0_board.xdc] for cell 'level0_i/ulp/proc_sys_reset_ctrl_slr1/U0'
Parsing XDC File [/data/tmp/chuxiao/spine_opt_v2_hw_150_20260728/temp/partitioned_split_e2e_link/link/vivado/vpl/prj/prj.gen/my_rm/bd/ulp/ip/ulp_proc_sys_reset_ctrl_slr1_0/ulp_proc_sys_reset_ctrl_slr1_0.xdc] for cell 'level0_i/ulp/proc_sys_reset_ctrl_slr1/U0'
Finished Parsing XDC File [/data/tmp/chuxiao/spine_opt_v2_hw_150_20260728/temp/partitioned_split_e2e_link/link/vivado/vpl/prj/prj.gen/my_rm/bd/ulp/ip/ulp_proc_sys_reset_ctrl_slr1_0/ulp_proc_sys_reset_ctrl_slr1_0.xdc] for cell 'level0_i/ulp/proc_sys_reset_ctrl_slr1/U0'
Parsing XDC File [/data/tmp/chuxiao/spine_opt_v2_hw_150_20260728/temp/partitioned_split_e2e_link/link/vivado/vpl/prj/prj.gen/my_rm/bd/ulp/ip/ulp_proc_sys_reset_ctrl_slr2_0/ulp_proc_sys_reset_ctrl_slr2_0_board.xdc] for cell 'level0_i/ulp/proc_sys_reset_ctrl_slr2/U0'
Finished Parsing XDC File [/data/tmp/chuxiao/spine_opt_v2_hw_150_20260728/temp/partitioned_split_e2e_link/link/vivado/vpl/prj/prj.gen/my_rm/bd/ulp/ip/ulp_proc_sys_reset_ctrl_slr2_0/ulp_proc_sys_reset_ctrl_slr2_0_board.xdc] for cell 'level0_i/ulp/proc_sys_reset_ctrl_slr2/U0'
Parsing XDC File [/data/tmp/chuxiao/spine_opt_v2_hw_150_20260728/temp/partitioned_split_e2e_link/link/vivado/vpl/prj/prj.gen/my_rm/bd/ulp/ip/ulp_proc_sys_reset_ctrl_slr2_0/ulp_proc_sys_reset_ctrl_slr2_0.xdc] for cell 'level0_i/ulp/proc_sys_reset_ctrl_slr2/U0'
Finished Parsing XDC File [/data/tmp/chuxiao/spine_opt_v2_hw_150_20260728/temp/partitioned_split_e2e_link/link/vivado/vpl/prj/prj.gen/my_rm/bd/ulp/ip/ulp_proc_sys_reset_ctrl_slr2_0/ulp_proc_sys_reset_ctrl_slr2_0.xdc] for cell 'level0_i/ulp/proc_sys_reset_ctrl_slr2/U0'
Parsing XDC File [/data/tmp/chuxiao/spine_opt_v2_hw_150_20260728/temp/partitioned_split_e2e_link/link/vivado/vpl/prj/prj.gen/my_rm/bd/ulp/ip/ulp_proc_sys_reset_freerun_slr0_0/ulp_proc_sys_reset_freerun_slr0_0_board.xdc] for cell 'level0_i/ulp/proc_sys_reset_freerun_slr0/U0'
Finished Parsing XDC File [/data/tmp/chuxiao/spine_opt_v2_hw_150_20260728/temp/partitioned_split_e2e_link/link/vivado/vpl/prj/prj.gen/my_rm/bd/ulp/ip/ulp_proc_sys_reset_freerun_slr0_0/ulp_proc_sys_reset_freerun_slr0_0_board.xdc] for cell 'level0_i/ulp/proc_sys_reset_freerun_slr0/U0'
Parsing XDC File [/data/tmp/chuxiao/spine_opt_v2_hw_150_20260728/temp/partitioned_split_e2e_link/link/vivado/vpl/prj/prj.gen/my_rm/bd/ulp/ip/ulp_proc_sys_reset_freerun_slr0_0/ulp_proc_sys_reset_freerun_slr0_0.xdc] for cell 'level0_i/ulp/proc_sys_reset_freerun_slr0/U0'
Finished Parsing XDC File [/data/tmp/chuxiao/spine_opt_v2_hw_150_20260728/temp/partitioned_split_e2e_link/link/vivado/vpl/prj/prj.gen/my_rm/bd/ulp/ip/ulp_proc_sys_reset_freerun_slr0_0/ulp_proc_sys_reset_freerun_slr0_0.xdc] for cell 'level0_i/ulp/proc_sys_reset_freerun_slr0/U0'
Parsing XDC File [/data/tmp/chuxiao/spine_opt_v2_hw_150_20260728/temp/partitioned_split_e2e_link/link/vivado/vpl/prj/prj.gen/my_rm/bd/ulp/ip/ulp_proc_sys_reset_freerun_slr1_0/ulp_proc_sys_reset_freerun_slr1_0_board.xdc] for cell 'level0_i/ulp/proc_sys_reset_freerun_slr1/U0'
Finished Parsing XDC File [/data/tmp/chuxiao/spine_opt_v2_hw_150_20260728/temp/partitioned_split_e2e_link/link/vivado/vpl/prj/prj.gen/my_rm/bd/ulp/ip/ulp_proc_sys_reset_freerun_slr1_0/ulp_proc_sys_reset_freerun_slr1_0_board.xdc] for cell 'level0_i/ulp/proc_sys_reset_freerun_slr1/U0'
Parsing XDC File [/data/tmp/chuxiao/spine_opt_v2_hw_150_20260728/temp/partitioned_split_e2e_link/link/vivado/vpl/prj/prj.gen/my_rm/bd/ulp/ip/ulp_proc_sys_reset_freerun_slr1_0/ulp_proc_sys_reset_freerun_slr1_0.xdc] for cell 'level0_i/ulp/proc_sys_reset_freerun_slr1/U0'
Finished Parsing XDC File [/data/tmp/chuxiao/spine_opt_v2_hw_150_20260728/temp/partitioned_split_e2e_link/link/vivado/vpl/prj/prj.gen/my_rm/bd/ulp/ip/ulp_proc_sys_reset_freerun_slr1_0/ulp_proc_sys_reset_freerun_slr1_0.xdc] for cell 'level0_i/ulp/proc_sys_reset_freerun_slr1/U0'
Parsing XDC File [/data/tmp/chuxiao/spine_opt_v2_hw_150_20260728/temp/partitioned_split_e2e_link/link/vivado/vpl/prj/prj.gen/my_rm/bd/ulp/ip/ulp_proc_sys_reset_freerun_slr2_0/ulp_proc_sys_reset_freerun_slr2_0_board.xdc] for cell 'level0_i/ulp/proc_sys_reset_freerun_slr2/U0'
Finished Parsing XDC File [/data/tmp/chuxiao/spine_opt_v2_hw_150_20260728/temp/partitioned_split_e2e_link/link/vivado/vpl/prj/prj.gen/my_rm/bd/ulp/ip/ulp_proc_sys_reset_freerun_slr2_0/ulp_proc_sys_reset_freerun_slr2_0_board.xdc] for cell 'level0_i/ulp/proc_sys_reset_freerun_slr2/U0'
Parsing XDC File [/data/tmp/chuxiao/spine_opt_v2_hw_150_20260728/temp/partitioned_split_e2e_link/link/vivado/vpl/prj/prj.gen/my_rm/bd/ulp/ip/ulp_proc_sys_reset_freerun_slr2_0/ulp_proc_sys_reset_freerun_slr2_0.xdc] for cell 'level0_i/ulp/proc_sys_reset_freerun_slr2/U0'
Finished Parsing XDC File [/data/tmp/chuxiao/spine_opt_v2_hw_150_20260728/temp/partitioned_split_e2e_link/link/vivado/vpl/prj/prj.gen/my_rm/bd/ulp/ip/ulp_proc_sys_reset_freerun_slr2_0/ulp_proc_sys_reset_freerun_slr2_0.xdc] for cell 'level0_i/ulp/proc_sys_reset_freerun_slr2/U0'
Parsing XDC File [/data/tmp/chuxiao/spine_opt_v2_hw_150_20260728/temp/partitioned_split_e2e_link/link/vivado/vpl/prj/prj.gen/my_rm/bd/ulp/ip/ulp_hmss_0_0/bd_22/ip/ip_2/bd_ad61_psr_aclk_0_board.xdc] for cell 'level0_i/ulp/hmss_0/inst/path_21/interconnect20_21/inst/clk_map/psr_aclk/U0'
Finished Parsing XDC File [/data/tmp/chuxiao/spine_opt_v2_hw_150_20260728/temp/partitioned_split_e2e_link/link/vivado/vpl/prj/prj.gen/my_rm/bd/ulp/ip/ulp_hmss_0_0/bd_22/ip/ip_2/bd_ad61_psr_aclk_0_board.xdc] for cell 'level0_i/ulp/hmss_0/inst/path_21/interconnect20_21/inst/clk_map/psr_aclk/U0'
Parsing XDC File [/data/tmp/chuxiao/spine_opt_v2_hw_150_20260728/temp/partitioned_split_e2e_link/link/vivado/vpl/prj/prj.gen/my_rm/bd/ulp/ip/ulp_proc_sys_reset_kernel2_slr0_0/ulp_proc_sys_reset_kernel2_slr0_0.xdc] for cell 'level0_i/ulp/proc_sys_reset_kernel2_slr0/U0'
Finished Parsing XDC File [/data/tmp/chuxiao/spine_opt_v2_hw_150_20260728/temp/partitioned_split_e2e_link/link/vivado/vpl/prj/prj.gen/my_rm/bd/ulp/ip/ulp_proc_sys_reset_kernel2_slr0_0/ulp_proc_sys_reset_kernel2_slr0_0.xdc] for cell 'level0_i/ulp/proc_sys_reset_kernel2_slr0/U0'
Parsing XDC File [/data/tmp/chuxiao/spine_opt_v2_hw_150_20260728/temp/partitioned_split_e2e_link/link/vivado/vpl/prj/prj.gen/my_rm/bd/ulp/ip/ulp_proc_sys_reset_kernel2_slr1_0/ulp_proc_sys_reset_kernel2_slr1_0_board.xdc] for cell 'level0_i/ulp/proc_sys_reset_kernel2_slr1/U0'
Finished Parsing XDC File [/data/tmp/chuxiao/spine_opt_v2_hw_150_20260728/temp/partitioned_split_e2e_link/link/vivado/vpl/prj/prj.gen/my_rm/bd/ulp/ip/ulp_proc_sys_reset_kernel2_slr1_0/ulp_proc_sys_reset_kernel2_slr1_0_board.xdc] for cell 'level0_i/ulp/proc_sys_reset_kernel2_slr1/U0'
Parsing XDC File [/data/tmp/chuxiao/spine_opt_v2_hw_150_20260728/temp/partitioned_split_e2e_link/link/vivado/vpl/prj/prj.gen/my_rm/bd/ulp/ip/ulp_proc_sys_reset_kernel2_slr1_0/ulp_proc_sys_reset_kernel2_slr1_0.xdc] for cell 'level0_i/ulp/proc_sys_reset_kernel2_slr1/U0'
Finished Parsing XDC File [/data/tmp/chuxiao/spine_opt_v2_hw_150_20260728/temp/partitioned_split_e2e_link/link/vivado/vpl/prj/prj.gen/my_rm/bd/ulp/ip/ulp_proc_sys_reset_kernel2_slr1_0/ulp_proc_sys_reset_kernel2_slr1_0.xdc] for cell 'level0_i/ulp/proc_sys_reset_kernel2_slr1/U0'
Parsing XDC File [/data/tmp/chuxiao/spine_opt_v2_hw_150_20260728/temp/partitioned_split_e2e_link/link/vivado/vpl/prj/prj.gen/my_rm/bd/ulp/ip/ulp_proc_sys_reset_kernel2_slr2_0/ulp_proc_sys_reset_kernel2_slr2_0_board.xdc] for cell 'level0_i/ulp/proc_sys_reset_kernel2_slr2/U0'
Finished Parsing XDC File [/data/tmp/chuxiao/spine_opt_v2_hw_150_20260728/temp/partitioned_split_e2e_link/link/vivado/vpl/prj/prj.gen/my_rm/bd/ulp/ip/ulp_proc_sys_reset_kernel2_slr2_0/ulp_proc_sys_reset_kernel2_slr2_0_board.xdc] for cell 'level0_i/ulp/proc_sys_reset_kernel2_slr2/U0'
Parsing XDC File [/data/tmp/chuxiao/spine_opt_v2_hw_150_20260728/temp/partitioned_split_e2e_link/link/vivado/vpl/prj/prj.gen/my_rm/bd/ulp/ip/ulp_proc_sys_reset_kernel2_slr2_0/ulp_proc_sys_reset_kernel2_slr2_0.xdc] for cell 'level0_i/ulp/proc_sys_reset_kernel2_slr2/U0'
Finished Parsing XDC File [/data/tmp/chuxiao/spine_opt_v2_hw_150_20260728/temp/partitioned_split_e2e_link/link/vivado/vpl/prj/prj.gen/my_rm/bd/ulp/ip/ulp_proc_sys_reset_kernel2_slr2_0/ulp_proc_sys_reset_kernel2_slr2_0.xdc] for cell 'level0_i/ulp/proc_sys_reset_kernel2_slr2/U0'
Parsing XDC File [/data/tmp/chuxiao/spine_opt_v2_hw_150_20260728/temp/partitioned_split_e2e_link/link/vivado/vpl/prj/prj.gen/my_rm/bd/ulp/ip/ulp_proc_sys_reset_kernel_slr0_0/ulp_proc_sys_reset_kernel_slr0_0_board.xdc] for cell 'level0_i/ulp/proc_sys_reset_kernel_slr0/U0'
Finished Parsing XDC File [/data/tmp/chuxiao/spine_opt_v2_hw_150_20260728/temp/partitioned_split_e2e_link/link/vivado/vpl/prj/prj.gen/my_rm/bd/ulp/ip/ulp_proc_sys_reset_kernel_slr0_0/ulp_proc_sys_reset_kernel_slr0_0_board.xdc] for cell 'level0_i/ulp/proc_sys_reset_kernel_slr0/U0'
Parsing XDC File [/data/tmp/chuxiao/spine_opt_v2_hw_150_20260728/temp/partitioned_split_e2e_link/link/vivado/vpl/prj/prj.gen/my_rm/bd/ulp/ip/ulp_proc_sys_reset_kernel_slr0_0/ulp_proc_sys_reset_kernel_slr0_0.xdc] for cell 'level0_i/ulp/proc_sys_reset_kernel_slr0/U0'
Finished Parsing XDC File [/data/tmp/chuxiao/spine_opt_v2_hw_150_20260728/temp/partitioned_split_e2e_link/link/vivado/vpl/prj/prj.gen/my_rm/bd/ulp/ip/ulp_proc_sys_reset_kernel_slr0_0/ulp_proc_sys_reset_kernel_slr0_0.xdc] for cell 'level0_i/ulp/proc_sys_reset_kernel_slr0/U0'
Parsing XDC File [/data/tmp/chuxiao/spine_opt_v2_hw_150_20260728/temp/partitioned_split_e2e_link/link/vivado/vpl/prj/prj.gen/my_rm/bd/ulp/ip/ulp_proc_sys_reset_kernel_slr1_0/ulp_proc_sys_reset_kernel_slr1_0_board.xdc] for cell 'level0_i/ulp/proc_sys_reset_kernel_slr1/U0'
Finished Parsing XDC File [/data/tmp/chuxiao/spine_opt_v2_hw_150_20260728/temp/partitioned_split_e2e_link/link/vivado/vpl/prj/prj.gen/my_rm/bd/ulp/ip/ulp_proc_sys_reset_kernel_slr1_0/ulp_proc_sys_reset_kernel_slr1_0_board.xdc] for cell 'level0_i/ulp/proc_sys_reset_kernel_slr1/U0'
Parsing XDC File [/data/tmp/chuxiao/spine_opt_v2_hw_150_20260728/temp/partitioned_split_e2e_link/link/vivado/vpl/prj/prj.gen/my_rm/bd/ulp/ip/ulp_proc_sys_reset_kernel_slr1_0/ulp_proc_sys_reset_kernel_slr1_0.xdc] for cell 'level0_i/ulp/proc_sys_reset_kernel_slr1/U0'
Finished Parsing XDC File [/data/tmp/chuxiao/spine_opt_v2_hw_150_20260728/temp/partitioned_split_e2e_link/link/vivado/vpl/prj/prj.gen/my_rm/bd/ulp/ip/ulp_proc_sys_reset_kernel_slr1_0/ulp_proc_sys_reset_kernel_slr1_0.xdc] for cell 'level0_i/ulp/proc_sys_reset_kernel_slr1/U0'
Parsing XDC File [/data/tmp/chuxiao/spine_opt_v2_hw_150_20260728/temp/partitioned_split_e2e_link/link/vivado/vpl/prj/prj.gen/my_rm/bd/ulp/ip/ulp_hmss_0_0/bd_17/ip/ip_2/bd_9fe2_psr_aclk_0.xdc] for cell 'level0_i/ulp/hmss_0/inst/path_16/interconnect17_16/inst/clk_map/psr_aclk/U0'
Finished Parsing XDC File [/data/tmp/chuxiao/spine_opt_v2_hw_150_20260728/temp/partitioned_split_e2e_link/link/vivado/vpl/prj/prj.gen/my_rm/bd/ulp/ip/ulp_hmss_0_0/bd_17/ip/ip_2/bd_9fe2_psr_aclk_0.xdc] for cell 'level0_i/ulp/hmss_0/inst/path_16/interconnect17_16/inst/clk_map/psr_aclk/U0'
Parsing XDC File [/data/tmp/chuxiao/spine_opt_v2_hw_150_20260728/temp/partitioned_split_e2e_link/link/vivado/vpl/prj/prj.gen/my_rm/bd/ulp/ip/ulp_hmss_0_0/bd_16/ip/ip_3/bd_4e13_psr_aclk1_0.xdc] for cell 'level0_i/ulp/hmss_0/inst/path_15/interconnect16_15/inst/clk_map/psr_aclk1/U0'
Finished Parsing XDC File [/data/tmp/chuxiao/spine_opt_v2_hw_150_20260728/temp/partitioned_split_e2e_link/link/vivado/vpl/prj/prj.gen/my_rm/bd/ulp/ip/ulp_hmss_0_0/bd_16/ip/ip_3/bd_4e13_psr_aclk1_0.xdc] for cell 'level0_i/ulp/hmss_0/inst/path_15/interconnect16_15/inst/clk_map/psr_aclk1/U0'
Parsing XDC File [/data/tmp/chuxiao/spine_opt_v2_hw_150_20260728/temp/partitioned_split_e2e_link/link/vivado/vpl/prj/prj.gen/my_rm/bd/ulp/ip/ulp_hmss_0_0/bd_16/ip/ip_8/bd_4e13_sarn_0_clocks.xdc] for cell 'level0_i/ulp/hmss_0/inst/path_15/interconnect16_15/inst/s00_nodes/s00_ar_node/inst'
Finished Parsing XDC File [/data/tmp/chuxiao/spine_opt_v2_hw_150_20260728/temp/partitioned_split_e2e_link/link/vivado/vpl/prj/prj.gen/my_rm/bd/ulp/ip/ulp_hmss_0_0/bd_16/ip/ip_8/bd_4e13_sarn_0_clocks.xdc] for cell 'level0_i/ulp/hmss_0/inst/path_15/interconnect16_15/inst/s00_nodes/s00_ar_node/inst'
Parsing XDC File [/data/tmp/chuxiao/spine_opt_v2_hw_150_20260728/temp/partitioned_split_e2e_link/link/vivado/vpl/prj/prj.gen/my_rm/bd/ulp/ip/ulp_hmss_0_0/bd_16/ip/ip_9/bd_4e13_srn_0_clocks.xdc] for cell 'level0_i/ulp/hmss_0/inst/path_15/interconnect16_15/inst/s00_nodes/s00_r_node/inst'
Finished Parsing XDC File [/data/tmp/chuxiao/spine_opt_v2_hw_150_20260728/temp/partitioned_split_e2e_link/link/vivado/vpl/prj/prj.gen/my_rm/bd/ulp/ip/ulp_hmss_0_0/bd_16/ip/ip_9/bd_4e13_srn_0_clocks.xdc] for cell 'level0_i/ulp/hmss_0/inst/path_15/interconnect16_15/inst/s00_nodes/s00_r_node/inst'
Parsing XDC File [/data/tmp/chuxiao/spine_opt_v2_hw_150_20260728/temp/partitioned_split_e2e_link/link/vivado/vpl/prj/prj.gen/my_rm/bd/ulp/ip/ulp_hmss_0_0/bd_16/ip/ip_10/bd_4e13_sawn_0_clocks.xdc] for cell 'level0_i/ulp/hmss_0/inst/path_15/interconnect16_15/inst/s00_nodes/s00_aw_node/inst'
Finished Parsing XDC File [/data/tmp/chuxiao/spine_opt_v2_hw_150_20260728/temp/partitioned_split_e2e_link/link/vivado/vpl/prj/prj.gen/my_rm/bd/ulp/ip/ulp_hmss_0_0/bd_16/ip/ip_10/bd_4e13_sawn_0_clocks.xdc] for cell 'level0_i/ulp/hmss_0/inst/path_15/interconnect16_15/inst/s00_nodes/s00_aw_node/inst'
Parsing XDC File [/data/tmp/chuxiao/spine_opt_v2_hw_150_20260728/temp/partitioned_split_e2e_link/link/vivado/vpl/prj/prj.gen/my_rm/bd/ulp/ip/ulp_hmss_0_0/bd_16/ip/ip_11/bd_4e13_swn_0_clocks.xdc] for cell 'level0_i/ulp/hmss_0/inst/path_15/interconnect16_15/inst/s00_nodes/s00_w_node/inst'
Finished Parsing XDC File [/data/tmp/chuxiao/spine_opt_v2_hw_150_20260728/temp/partitioned_split_e2e_link/link/vivado/vpl/prj/prj.gen/my_rm/bd/ulp/ip/ulp_hmss_0_0/bd_16/ip/ip_11/bd_4e13_swn_0_clocks.xdc] for cell 'level0_i/ulp/hmss_0/inst/path_15/interconnect16_15/inst/s00_nodes/s00_w_node/inst'
Parsing XDC File [/data/tmp/chuxiao/spine_opt_v2_hw_150_20260728/temp/partitioned_split_e2e_link/link/vivado/vpl/prj/prj.gen/my_rm/bd/ulp/ip/ulp_hmss_0_0/bd_16/ip/ip_12/bd_4e13_sbn_0_clocks.xdc] for cell 'level0_i/ulp/hmss_0/inst/path_15/interconnect16_15/inst/s00_nodes/s00_b_node/inst'
Finished Parsing XDC File [/data/tmp/chuxiao/spine_opt_v2_hw_150_20260728/temp/partitioned_split_e2e_link/link/vivado/vpl/prj/prj.gen/my_rm/bd/ulp/ip/ulp_hmss_0_0/bd_16/ip/ip_12/bd_4e13_sbn_0_clocks.xdc] for cell 'level0_i/ulp/hmss_0/inst/path_15/interconnect16_15/inst/s00_nodes/s00_b_node/inst'
Parsing XDC File [/data/tmp/chuxiao/spine_opt_v2_hw_150_20260728/temp/partitioned_split_e2e_link/link/vivado/vpl/prj/prj.gen/my_rm/bd/ulp/ip/ulp_hmss_0_0/bd_0/ip/ip_49/smartconnect.xdc] for cell 'level0_i/ulp/hmss_0/inst/path_15/interconnect16_15/inst'
WARNING: [Vivado_Tcl 4-919] Waiver ID 'CDC-1' -from list should not be empty. [/data/tmp/chuxiao/spine_opt_v2_hw_150_20260728/temp/partitioned_split_e2e_link/link/vivado/vpl/prj/prj.gen/my_rm/bd/ulp/ip/ulp_hmss_0_0/bd_0/ip/ip_49/smartconnect.xdc:1]
Finished Parsing XDC File [/data/tmp/chuxiao/spine_opt_v2_hw_150_20260728/temp/partitioned_split_e2e_link/link/vivado/vpl/prj/prj.gen/my_rm/bd/ulp/ip/ulp_hmss_0_0/bd_0/ip/ip_49/smartconnect.xdc] for cell 'level0_i/ulp/hmss_0/inst/path_15/interconnect16_15/inst'
Parsing XDC File [/data/tmp/chuxiao/spine_opt_v2_hw_150_20260728/temp/partitioned_split_e2e_link/link/vivado/vpl/prj/prj.gen/my_rm/bd/ulp/ip/ulp_hmss_0_0/bd_17/ip/ip_1/bd_9fe2_psr0_0_board.xdc] for cell 'level0_i/ulp/hmss_0/inst/path_16/interconnect17_16/inst/clk_map/psr0/U0'
Finished Parsing XDC File [/data/tmp/chuxiao/spine_opt_v2_hw_150_20260728/temp/partitioned_split_e2e_link/link/vivado/vpl/prj/prj.gen/my_rm/bd/ulp/ip/ulp_hmss_0_0/bd_17/ip/ip_1/bd_9fe2_psr0_0_board.xdc] for cell 'level0_i/ulp/hmss_0/inst/path_16/interconnect17_16/inst/clk_map/psr0/U0'
Parsing XDC File [/data/tmp/chuxiao/spine_opt_v2_hw_150_20260728/temp/partitioned_split_e2e_link/link/vivado/vpl/prj/prj.gen/my_rm/bd/ulp/ip/ulp_hmss_0_0/bd_17/ip/ip_1/bd_9fe2_psr0_0.xdc] for cell 'level0_i/ulp/hmss_0/inst/path_16/interconnect17_16/inst/clk_map/psr0/U0'
Finished Parsing XDC File [/data/tmp/chuxiao/spine_opt_v2_hw_150_20260728/temp/partitioned_split_e2e_link/link/vivado/vpl/prj/prj.gen/my_rm/bd/ulp/ip/ulp_hmss_0_0/bd_17/ip/ip_1/bd_9fe2_psr0_0.xdc] for cell 'level0_i/ulp/hmss_0/inst/path_16/interconnect17_16/inst/clk_map/psr0/U0'
Parsing XDC File [/data/tmp/chuxiao/spine_opt_v2_hw_150_20260728/temp/partitioned_split_e2e_link/link/vivado/vpl/prj/prj.gen/my_rm/bd/ulp/ip/ulp_hmss_0_0/bd_17/ip/ip_2/bd_9fe2_psr_aclk_0_board.xdc] for cell 'level0_i/ulp/hmss_0/inst/path_16/interconnect17_16/inst/clk_map/psr_aclk/U0'
Finished Parsing XDC File [/data/tmp/chuxiao/spine_opt_v2_hw_150_20260728/temp/partitioned_split_e2e_link/link/vivado/vpl/prj/prj.gen/my_rm/bd/ulp/ip/ulp_hmss_0_0/bd_17/ip/ip_2/bd_9fe2_psr_aclk_0_board.xdc] for cell 'level0_i/ulp/hmss_0/inst/path_16/interconnect17_16/inst/clk_map/psr_aclk/U0'
Parsing XDC File [/data/tmp/chuxiao/spine_opt_v2_hw_150_20260728/temp/partitioned_split_e2e_link/link/vivado/vpl/prj/prj.gen/my_rm/bd/ulp/ip/ulp_hmss_0_0/bd_16/ip/ip_3/bd_4e13_psr_aclk1_0_board.xdc] for cell 'level0_i/ulp/hmss_0/inst/path_15/interconnect16_15/inst/clk_map/psr_aclk1/U0'
Finished Parsing XDC File [/data/tmp/chuxiao/spine_opt_v2_hw_150_20260728/temp/partitioned_split_e2e_link/link/vivado/vpl/prj/prj.gen/my_rm/bd/ulp/ip/ulp_hmss_0_0/bd_16/ip/ip_3/bd_4e13_psr_aclk1_0_board.xdc] for cell 'level0_i/ulp/hmss_0/inst/path_15/interconnect16_15/inst/clk_map/psr_aclk1/U0'
Parsing XDC File [/data/tmp/chuxiao/spine_opt_v2_hw_150_20260728/temp/partitioned_split_e2e_link/link/vivado/vpl/prj/prj.gen/my_rm/bd/ulp/ip/ulp_hmss_0_0/bd_17/ip/ip_3/bd_9fe2_psr_aclk1_0_board.xdc] for cell 'level0_i/ulp/hmss_0/inst/path_16/interconnect17_16/inst/clk_map/psr_aclk1/U0'
Finished Parsing XDC File [/data/tmp/chuxiao/spine_opt_v2_hw_150_20260728/temp/partitioned_split_e2e_link/link/vivado/vpl/prj/prj.gen/my_rm/bd/ulp/ip/ulp_hmss_0_0/bd_17/ip/ip_3/bd_9fe2_psr_aclk1_0_board.xdc] for cell 'level0_i/ulp/hmss_0/inst/path_16/interconnect17_16/inst/clk_map/psr_aclk1/U0'
Parsing XDC File [/data/tmp/chuxiao/spine_opt_v2_hw_150_20260728/temp/partitioned_split_e2e_link/link/vivado/vpl/prj/prj.gen/my_rm/bd/ulp/ip/ulp_hmss_0_0/bd_17/ip/ip_3/bd_9fe2_psr_aclk1_0.xdc] for cell 'level0_i/ulp/hmss_0/inst/path_16/interconnect17_16/inst/clk_map/psr_aclk1/U0'
Finished Parsing XDC File [/data/tmp/chuxiao/spine_opt_v2_hw_150_20260728/temp/partitioned_split_e2e_link/link/vivado/vpl/prj/prj.gen/my_rm/bd/ulp/ip/ulp_hmss_0_0/bd_17/ip/ip_3/bd_9fe2_psr_aclk1_0.xdc] for cell 'level0_i/ulp/hmss_0/inst/path_16/interconnect17_16/inst/clk_map/psr_aclk1/U0'
Parsing XDC File [/data/tmp/chuxiao/spine_opt_v2_hw_150_20260728/temp/partitioned_split_e2e_link/link/vivado/vpl/prj/prj.gen/my_rm/bd/ulp/ip/ulp_hmss_0_0/bd_17/ip/ip_8/bd_9fe2_sarn_0_clocks.xdc] for cell 'level0_i/ulp/hmss_0/inst/path_16/interconnect17_16/inst/s00_nodes/s00_ar_node/inst'
Finished Parsing XDC File [/data/tmp/chuxiao/spine_opt_v2_hw_150_20260728/temp/partitioned_split_e2e_link/link/vivado/vpl/prj/prj.gen/my_rm/bd/ulp/ip/ulp_hmss_0_0/bd_17/ip/ip_8/bd_9fe2_sarn_0_clocks.xdc] for cell 'level0_i/ulp/hmss_0/inst/path_16/interconnect17_16/inst/s00_nodes/s00_ar_node/inst'
Parsing XDC File [/data/tmp/chuxiao/spine_opt_v2_hw_150_20260728/temp/partitioned_split_e2e_link/link/vivado/vpl/prj/prj.gen/my_rm/bd/ulp/ip/ulp_hmss_0_0/bd_17/ip/ip_9/bd_9fe2_srn_0_clocks.xdc] for cell 'level0_i/ulp/hmss_0/inst/path_16/interconnect17_16/inst/s00_nodes/s00_r_node/inst'
Finished Parsing XDC File [/data/tmp/chuxiao/spine_opt_v2_hw_150_20260728/temp/partitioned_split_e2e_link/link/vivado/vpl/prj/prj.gen/my_rm/bd/ulp/ip/ulp_hmss_0_0/bd_17/ip/ip_9/bd_9fe2_srn_0_clocks.xdc] for cell 'level0_i/ulp/hmss_0/inst/path_16/interconnect17_16/inst/s00_nodes/s00_r_node/inst'
Parsing XDC File [/data/tmp/chuxiao/spine_opt_v2_hw_150_20260728/temp/partitioned_split_e2e_link/link/vivado/vpl/prj/prj.gen/my_rm/bd/ulp/ip/ulp_hmss_0_0/bd_17/ip/ip_10/bd_9fe2_sawn_0_clocks.xdc] for cell 'level0_i/ulp/hmss_0/inst/path_16/interconnect17_16/inst/s00_nodes/s00_aw_node/inst'
Finished Parsing XDC File [/data/tmp/chuxiao/spine_opt_v2_hw_150_20260728/temp/partitioned_split_e2e_link/link/vivado/vpl/prj/prj.gen/my_rm/bd/ulp/ip/ulp_hmss_0_0/bd_17/ip/ip_10/bd_9fe2_sawn_0_clocks.xdc] for cell 'level0_i/ulp/hmss_0/inst/path_16/interconnect17_16/inst/s00_nodes/s00_aw_node/inst'
Parsing XDC File [/data/tmp/chuxiao/spine_opt_v2_hw_150_20260728/temp/partitioned_split_e2e_link/link/vivado/vpl/prj/prj.gen/my_rm/bd/ulp/ip/ulp_hmss_0_0/bd_17/ip/ip_11/bd_9fe2_swn_0_clocks.xdc] for cell 'level0_i/ulp/hmss_0/inst/path_16/interconnect17_16/inst/s00_nodes/s00_w_node/inst'
Finished Parsing XDC File [/data/tmp/chuxiao/spine_opt_v2_hw_150_20260728/temp/partitioned_split_e2e_link/link/vivado/vpl/prj/prj.gen/my_rm/bd/ulp/ip/ulp_hmss_0_0/bd_17/ip/ip_11/bd_9fe2_swn_0_clocks.xdc] for cell 'level0_i/ulp/hmss_0/inst/path_16/interconnect17_16/inst/s00_nodes/s00_w_node/inst'
Parsing XDC File [/data/tmp/chuxiao/spine_opt_v2_hw_150_20260728/temp/partitioned_split_e2e_link/link/vivado/vpl/prj/prj.gen/my_rm/bd/ulp/ip/ulp_hmss_0_0/bd_17/ip/ip_12/bd_9fe2_sbn_0_clocks.xdc] for cell 'level0_i/ulp/hmss_0/inst/path_16/interconnect17_16/inst/s00_nodes/s00_b_node/inst'
Finished Parsing XDC File [/data/tmp/chuxiao/spine_opt_v2_hw_150_20260728/temp/partitioned_split_e2e_link/link/vivado/vpl/prj/prj.gen/my_rm/bd/ulp/ip/ulp_hmss_0_0/bd_17/ip/ip_12/bd_9fe2_sbn_0_clocks.xdc] for cell 'level0_i/ulp/hmss_0/inst/path_16/interconnect17_16/inst/s00_nodes/s00_b_node/inst'
Parsing XDC File [/data/tmp/chuxiao/spine_opt_v2_hw_150_20260728/temp/partitioned_split_e2e_link/link/vivado/vpl/prj/prj.gen/my_rm/bd/ulp/ip/ulp_hmss_0_0/bd_0/ip/ip_52/smartconnect.xdc] for cell 'level0_i/ulp/hmss_0/inst/path_16/interconnect17_16/inst'
WARNING: [Vivado_Tcl 4-919] Waiver ID 'CDC-1' -from list should not be empty. [/data/tmp/chuxiao/spine_opt_v2_hw_150_20260728/temp/partitioned_split_e2e_link/link/vivado/vpl/prj/prj.gen/my_rm/bd/ulp/ip/ulp_hmss_0_0/bd_0/ip/ip_52/smartconnect.xdc:1]
Finished Parsing XDC File [/data/tmp/chuxiao/spine_opt_v2_hw_150_20260728/temp/partitioned_split_e2e_link/link/vivado/vpl/prj/prj.gen/my_rm/bd/ulp/ip/ulp_hmss_0_0/bd_0/ip/ip_52/smartconnect.xdc] for cell 'level0_i/ulp/hmss_0/inst/path_16/interconnect17_16/inst'
Parsing XDC File [/data/tmp/chuxiao/spine_opt_v2_hw_150_20260728/temp/partitioned_split_e2e_link/link/vivado/vpl/prj/prj.gen/my_rm/bd/ulp/ip/ulp_hmss_0_0/bd_18/ip/ip_1/bd_a0b3_psr0_0_board.xdc] for cell 'level0_i/ulp/hmss_0/inst/path_17/interconnect18_17/inst/clk_map/psr0/U0'
Finished Parsing XDC File [/data/tmp/chuxiao/spine_opt_v2_hw_150_20260728/temp/partitioned_split_e2e_link/link/vivado/vpl/prj/prj.gen/my_rm/bd/ulp/ip/ulp_hmss_0_0/bd_18/ip/ip_1/bd_a0b3_psr0_0_board.xdc] for cell 'level0_i/ulp/hmss_0/inst/path_17/interconnect18_17/inst/clk_map/psr0/U0'
Parsing XDC File [/data/tmp/chuxiao/spine_opt_v2_hw_150_20260728/temp/partitioned_split_e2e_link/link/vivado/vpl/prj/prj.gen/my_rm/bd/ulp/ip/ulp_hmss_0_0/bd_18/ip/ip_1/bd_a0b3_psr0_0.xdc] for cell 'level0_i/ulp/hmss_0/inst/path_17/interconnect18_17/inst/clk_map/psr0/U0'
Finished Parsing XDC File [/data/tmp/chuxiao/spine_opt_v2_hw_150_20260728/temp/partitioned_split_e2e_link/link/vivado/vpl/prj/prj.gen/my_rm/bd/ulp/ip/ulp_hmss_0_0/bd_18/ip/ip_1/bd_a0b3_psr0_0.xdc] for cell 'level0_i/ulp/hmss_0/inst/path_17/interconnect18_17/inst/clk_map/psr0/U0'
Parsing XDC File [/data/tmp/chuxiao/spine_opt_v2_hw_150_20260728/temp/partitioned_split_e2e_link/link/vivado/vpl/prj/prj.gen/my_rm/bd/ulp/ip/ulp_hmss_0_0/bd_15/ip/ip_3/bd_bd42_psr_aclk1_0.xdc] for cell 'level0_i/ulp/hmss_0/inst/path_14/interconnect15_14/inst/clk_map/psr_aclk1/U0'
Finished Parsing XDC File [/data/tmp/chuxiao/spine_opt_v2_hw_150_20260728/temp/partitioned_split_e2e_link/link/vivado/vpl/prj/prj.gen/my_rm/bd/ulp/ip/ulp_hmss_0_0/bd_15/ip/ip_3/bd_bd42_psr_aclk1_0.xdc] for cell 'level0_i/ulp/hmss_0/inst/path_14/interconnect15_14/inst/clk_map/psr_aclk1/U0'
Parsing XDC File [/data/tmp/chuxiao/spine_opt_v2_hw_150_20260728/temp/partitioned_split_e2e_link/link/vivado/vpl/prj/prj.gen/my_rm/bd/ulp/ip/ulp_hmss_0_0/bd_14/ip/ip_9/bd_adf2_srn_0_clocks.xdc] for cell 'level0_i/ulp/hmss_0/inst/path_13/interconnect14_13/inst/s00_nodes/s00_r_node/inst'
Finished Parsing XDC File [/data/tmp/chuxiao/spine_opt_v2_hw_150_20260728/temp/partitioned_split_e2e_link/link/vivado/vpl/prj/prj.gen/my_rm/bd/ulp/ip/ulp_hmss_0_0/bd_14/ip/ip_9/bd_adf2_srn_0_clocks.xdc] for cell 'level0_i/ulp/hmss_0/inst/path_13/interconnect14_13/inst/s00_nodes/s00_r_node/inst'
Parsing XDC File [/data/tmp/chuxiao/spine_opt_v2_hw_150_20260728/temp/partitioned_split_e2e_link/link/vivado/vpl/prj/prj.gen/my_rm/bd/ulp/ip/ulp_hmss_0_0/bd_14/ip/ip_10/bd_adf2_sawn_0_clocks.xdc] for cell 'level0_i/ulp/hmss_0/inst/path_13/interconnect14_13/inst/s00_nodes/s00_aw_node/inst'
Finished Parsing XDC File [/data/tmp/chuxiao/spine_opt_v2_hw_150_20260728/temp/partitioned_split_e2e_link/link/vivado/vpl/prj/prj.gen/my_rm/bd/ulp/ip/ulp_hmss_0_0/bd_14/ip/ip_10/bd_adf2_sawn_0_clocks.xdc] for cell 'level0_i/ulp/hmss_0/inst/path_13/interconnect14_13/inst/s00_nodes/s00_aw_node/inst'
Parsing XDC File [/data/tmp/chuxiao/spine_opt_v2_hw_150_20260728/temp/partitioned_split_e2e_link/link/vivado/vpl/prj/prj.gen/my_rm/bd/ulp/ip/ulp_hmss_0_0/bd_14/ip/ip_11/bd_adf2_swn_0_clocks.xdc] for cell 'level0_i/ulp/hmss_0/inst/path_13/interconnect14_13/inst/s00_nodes/s00_w_node/inst'
Finished Parsing XDC File [/data/tmp/chuxiao/spine_opt_v2_hw_150_20260728/temp/partitioned_split_e2e_link/link/vivado/vpl/prj/prj.gen/my_rm/bd/ulp/ip/ulp_hmss_0_0/bd_14/ip/ip_11/bd_adf2_swn_0_clocks.xdc] for cell 'level0_i/ulp/hmss_0/inst/path_13/interconnect14_13/inst/s00_nodes/s00_w_node/inst'
Parsing XDC File [/data/tmp/chuxiao/spine_opt_v2_hw_150_20260728/temp/partitioned_split_e2e_link/link/vivado/vpl/prj/prj.gen/my_rm/bd/ulp/ip/ulp_hmss_0_0/bd_14/ip/ip_12/bd_adf2_sbn_0_clocks.xdc] for cell 'level0_i/ulp/hmss_0/inst/path_13/interconnect14_13/inst/s00_nodes/s00_b_node/inst'
Finished Parsing XDC File [/data/tmp/chuxiao/spine_opt_v2_hw_150_20260728/temp/partitioned_split_e2e_link/link/vivado/vpl/prj/prj.gen/my_rm/bd/ulp/ip/ulp_hmss_0_0/bd_14/ip/ip_12/bd_adf2_sbn_0_clocks.xdc] for cell 'level0_i/ulp/hmss_0/inst/path_13/interconnect14_13/inst/s00_nodes/s00_b_node/inst'
Parsing XDC File [/data/tmp/chuxiao/spine_opt_v2_hw_150_20260728/temp/partitioned_split_e2e_link/link/vivado/vpl/prj/prj.gen/my_rm/bd/ulp/ip/ulp_hmss_0_0/bd_0/ip/ip_43/smartconnect.xdc] for cell 'level0_i/ulp/hmss_0/inst/path_13/interconnect14_13/inst'
WARNING: [Vivado_Tcl 4-919] Waiver ID 'CDC-1' -from list should not be empty. [/data/tmp/chuxiao/spine_opt_v2_hw_150_20260728/temp/partitioned_split_e2e_link/link/vivado/vpl/prj/prj.gen/my_rm/bd/ulp/ip/ulp_hmss_0_0/bd_0/ip/ip_43/smartconnect.xdc:1]
Finished Parsing XDC File [/data/tmp/chuxiao/spine_opt_v2_hw_150_20260728/temp/partitioned_split_e2e_link/link/vivado/vpl/prj/prj.gen/my_rm/bd/ulp/ip/ulp_hmss_0_0/bd_0/ip/ip_43/smartconnect.xdc] for cell 'level0_i/ulp/hmss_0/inst/path_13/interconnect14_13/inst'
Parsing XDC File [/data/tmp/chuxiao/spine_opt_v2_hw_150_20260728/temp/partitioned_split_e2e_link/link/vivado/vpl/prj/prj.gen/my_rm/bd/ulp/ip/ulp_hmss_0_0/bd_15/ip/ip_1/bd_bd42_psr0_0_board.xdc] for cell 'level0_i/ulp/hmss_0/inst/path_14/interconnect15_14/inst/clk_map/psr0/U0'
Finished Parsing XDC File [/data/tmp/chuxiao/spine_opt_v2_hw_150_20260728/temp/partitioned_split_e2e_link/link/vivado/vpl/prj/prj.gen/my_rm/bd/ulp/ip/ulp_hmss_0_0/bd_15/ip/ip_1/bd_bd42_psr0_0_board.xdc] for cell 'level0_i/ulp/hmss_0/inst/path_14/interconnect15_14/inst/clk_map/psr0/U0'
Parsing XDC File [/data/tmp/chuxiao/spine_opt_v2_hw_150_20260728/temp/partitioned_split_e2e_link/link/vivado/vpl/prj/prj.gen/my_rm/bd/ulp/ip/ulp_hmss_0_0/bd_15/ip/ip_1/bd_bd42_psr0_0.xdc] for cell 'level0_i/ulp/hmss_0/inst/path_14/interconnect15_14/inst/clk_map/psr0/U0'
Finished Parsing XDC File [/data/tmp/chuxiao/spine_opt_v2_hw_150_20260728/temp/partitioned_split_e2e_link/link/vivado/vpl/prj/prj.gen/my_rm/bd/ulp/ip/ulp_hmss_0_0/bd_15/ip/ip_1/bd_bd42_psr0_0.xdc] for cell 'level0_i/ulp/hmss_0/inst/path_14/interconnect15_14/inst/clk_map/psr0/U0'
Parsing XDC File [/data/tmp/chuxiao/spine_opt_v2_hw_150_20260728/temp/partitioned_split_e2e_link/link/vivado/vpl/prj/prj.gen/my_rm/bd/ulp/ip/ulp_hmss_0_0/bd_15/ip/ip_2/bd_bd42_psr_aclk_0_board.xdc] for cell 'level0_i/ulp/hmss_0/inst/path_14/interconnect15_14/inst/clk_map/psr_aclk/U0'
Finished Parsing XDC File [/data/tmp/chuxiao/spine_opt_v2_hw_150_20260728/temp/partitioned_split_e2e_link/link/vivado/vpl/prj/prj.gen/my_rm/bd/ulp/ip/ulp_hmss_0_0/bd_15/ip/ip_2/bd_bd42_psr_aclk_0_board.xdc] for cell 'level0_i/ulp/hmss_0/inst/path_14/interconnect15_14/inst/clk_map/psr_aclk/U0'
Parsing XDC File [/data/tmp/chuxiao/spine_opt_v2_hw_150_20260728/temp/partitioned_split_e2e_link/link/vivado/vpl/prj/prj.gen/my_rm/bd/ulp/ip/ulp_hmss_0_0/bd_15/ip/ip_2/bd_bd42_psr_aclk_0.xdc] for cell 'level0_i/ulp/hmss_0/inst/path_14/interconnect15_14/inst/clk_map/psr_aclk/U0'
Finished Parsing XDC File [/data/tmp/chuxiao/spine_opt_v2_hw_150_20260728/temp/partitioned_split_e2e_link/link/vivado/vpl/prj/prj.gen/my_rm/bd/ulp/ip/ulp_hmss_0_0/bd_15/ip/ip_2/bd_bd42_psr_aclk_0.xdc] for cell 'level0_i/ulp/hmss_0/inst/path_14/interconnect15_14/inst/clk_map/psr_aclk/U0'
Parsing XDC File [/data/tmp/chuxiao/spine_opt_v2_hw_150_20260728/temp/partitioned_split_e2e_link/link/vivado/vpl/prj/prj.gen/my_rm/bd/ulp/ip/ulp_hmss_0_0/bd_15/ip/ip_3/bd_bd42_psr_aclk1_0_board.xdc] for cell 'level0_i/ulp/hmss_0/inst/path_14/interconnect15_14/inst/clk_map/psr_aclk1/U0'
Finished Parsing XDC File [/data/tmp/chuxiao/spine_opt_v2_hw_150_20260728/temp/partitioned_split_e2e_link/link/vivado/vpl/prj/prj.gen/my_rm/bd/ulp/ip/ulp_hmss_0_0/bd_15/ip/ip_3/bd_bd42_psr_aclk1_0_board.xdc] for cell 'level0_i/ulp/hmss_0/inst/path_14/interconnect15_14/inst/clk_map/psr_aclk1/U0'
Parsing XDC File [/data/tmp/chuxiao/spine_opt_v2_hw_150_20260728/temp/partitioned_split_e2e_link/link/vivado/vpl/prj/prj.gen/my_rm/bd/ulp/ip/ulp_hmss_0_0/bd_18/ip/ip_2/bd_a0b3_psr_aclk_0_board.xdc] for cell 'level0_i/ulp/hmss_0/inst/path_17/interconnect18_17/inst/clk_map/psr_aclk/U0'
Finished Parsing XDC File [/data/tmp/chuxiao/spine_opt_v2_hw_150_20260728/temp/partitioned_split_e2e_link/link/vivado/vpl/prj/prj.gen/my_rm/bd/ulp/ip/ulp_hmss_0_0/bd_18/ip/ip_2/bd_a0b3_psr_aclk_0_board.xdc] for cell 'level0_i/ulp/hmss_0/inst/path_17/interconnect18_17/inst/clk_map/psr_aclk/U0'
Parsing XDC File [/data/tmp/chuxiao/spine_opt_v2_hw_150_20260728/temp/partitioned_split_e2e_link/link/vivado/vpl/prj/prj.gen/my_rm/bd/ulp/ip/ulp_hmss_0_0/bd_15/ip/ip_8/bd_bd42_sarn_0_clocks.xdc] for cell 'level0_i/ulp/hmss_0/inst/path_14/interconnect15_14/inst/s00_nodes/s00_ar_node/inst'
Finished Parsing XDC File [/data/tmp/chuxiao/spine_opt_v2_hw_150_20260728/temp/partitioned_split_e2e_link/link/vivado/vpl/prj/prj.gen/my_rm/bd/ulp/ip/ulp_hmss_0_0/bd_15/ip/ip_8/bd_bd42_sarn_0_clocks.xdc] for cell 'level0_i/ulp/hmss_0/inst/path_14/interconnect15_14/inst/s00_nodes/s00_ar_node/inst'
Parsing XDC File [/data/tmp/chuxiao/spine_opt_v2_hw_150_20260728/temp/partitioned_split_e2e_link/link/vivado/vpl/prj/prj.gen/my_rm/bd/ulp/ip/ulp_hmss_0_0/bd_15/ip/ip_9/bd_bd42_srn_0_clocks.xdc] for cell 'level0_i/ulp/hmss_0/inst/path_14/interconnect15_14/inst/s00_nodes/s00_r_node/inst'
Finished Parsing XDC File [/data/tmp/chuxiao/spine_opt_v2_hw_150_20260728/temp/partitioned_split_e2e_link/link/vivado/vpl/prj/prj.gen/my_rm/bd/ulp/ip/ulp_hmss_0_0/bd_15/ip/ip_9/bd_bd42_srn_0_clocks.xdc] for cell 'level0_i/ulp/hmss_0/inst/path_14/interconnect15_14/inst/s00_nodes/s00_r_node/inst'
Parsing XDC File [/data/tmp/chuxiao/spine_opt_v2_hw_150_20260728/temp/partitioned_split_e2e_link/link/vivado/vpl/prj/prj.gen/my_rm/bd/ulp/ip/ulp_hmss_0_0/bd_15/ip/ip_10/bd_bd42_sawn_0_clocks.xdc] for cell 'level0_i/ulp/hmss_0/inst/path_14/interconnect15_14/inst/s00_nodes/s00_aw_node/inst'
Finished Parsing XDC File [/data/tmp/chuxiao/spine_opt_v2_hw_150_20260728/temp/partitioned_split_e2e_link/link/vivado/vpl/prj/prj.gen/my_rm/bd/ulp/ip/ulp_hmss_0_0/bd_15/ip/ip_10/bd_bd42_sawn_0_clocks.xdc] for cell 'level0_i/ulp/hmss_0/inst/path_14/interconnect15_14/inst/s00_nodes/s00_aw_node/inst'
Parsing XDC File [/data/tmp/chuxiao/spine_opt_v2_hw_150_20260728/temp/partitioned_split_e2e_link/link/vivado/vpl/prj/prj.gen/my_rm/bd/ulp/ip/ulp_hmss_0_0/bd_15/ip/ip_11/bd_bd42_swn_0_clocks.xdc] for cell 'level0_i/ulp/hmss_0/inst/path_14/interconnect15_14/inst/s00_nodes/s00_w_node/inst'
Finished Parsing XDC File [/data/tmp/chuxiao/spine_opt_v2_hw_150_20260728/temp/partitioned_split_e2e_link/link/vivado/vpl/prj/prj.gen/my_rm/bd/ulp/ip/ulp_hmss_0_0/bd_15/ip/ip_11/bd_bd42_swn_0_clocks.xdc] for cell 'level0_i/ulp/hmss_0/inst/path_14/interconnect15_14/inst/s00_nodes/s00_w_node/inst'
Parsing XDC File [/data/tmp/chuxiao/spine_opt_v2_hw_150_20260728/temp/partitioned_split_e2e_link/link/vivado/vpl/prj/prj.gen/my_rm/bd/ulp/ip/ulp_hmss_0_0/bd_15/ip/ip_12/bd_bd42_sbn_0_clocks.xdc] for cell 'level0_i/ulp/hmss_0/inst/path_14/interconnect15_14/inst/s00_nodes/s00_b_node/inst'
Finished Parsing XDC File [/data/tmp/chuxiao/spine_opt_v2_hw_150_20260728/temp/partitioned_split_e2e_link/link/vivado/vpl/prj/prj.gen/my_rm/bd/ulp/ip/ulp_hmss_0_0/bd_15/ip/ip_12/bd_bd42_sbn_0_clocks.xdc] for cell 'level0_i/ulp/hmss_0/inst/path_14/interconnect15_14/inst/s00_nodes/s00_b_node/inst'
Parsing XDC File [/data/tmp/chuxiao/spine_opt_v2_hw_150_20260728/temp/partitioned_split_e2e_link/link/vivado/vpl/prj/prj.gen/my_rm/bd/ulp/ip/ulp_hmss_0_0/bd_0/ip/ip_46/smartconnect.xdc] for cell 'level0_i/ulp/hmss_0/inst/path_14/interconnect15_14/inst'
WARNING: [Vivado_Tcl 4-919] Waiver ID 'CDC-1' -from list should not be empty. [/data/tmp/chuxiao/spine_opt_v2_hw_150_20260728/temp/partitioned_split_e2e_link/link/vivado/vpl/prj/prj.gen/my_rm/bd/ulp/ip/ulp_hmss_0_0/bd_0/ip/ip_46/smartconnect.xdc:1]
Finished Parsing XDC File [/data/tmp/chuxiao/spine_opt_v2_hw_150_20260728/temp/partitioned_split_e2e_link/link/vivado/vpl/prj/prj.gen/my_rm/bd/ulp/ip/ulp_hmss_0_0/bd_0/ip/ip_46/smartconnect.xdc] for cell 'level0_i/ulp/hmss_0/inst/path_14/interconnect15_14/inst'
Parsing XDC File [/data/tmp/chuxiao/spine_opt_v2_hw_150_20260728/temp/partitioned_split_e2e_link/link/vivado/vpl/prj/prj.gen/my_rm/bd/ulp/ip/ulp_hmss_0_0/bd_16/ip/ip_1/bd_4e13_psr0_0_board.xdc] for cell 'level0_i/ulp/hmss_0/inst/path_15/interconnect16_15/inst/clk_map/psr0/U0'
Finished Parsing XDC File [/data/tmp/chuxiao/spine_opt_v2_hw_150_20260728/temp/partitioned_split_e2e_link/link/vivado/vpl/prj/prj.gen/my_rm/bd/ulp/ip/ulp_hmss_0_0/bd_16/ip/ip_1/bd_4e13_psr0_0_board.xdc] for cell 'level0_i/ulp/hmss_0/inst/path_15/interconnect16_15/inst/clk_map/psr0/U0'
Parsing XDC File [/data/tmp/chuxiao/spine_opt_v2_hw_150_20260728/temp/partitioned_split_e2e_link/link/vivado/vpl/prj/prj.gen/my_rm/bd/ulp/ip/ulp_hmss_0_0/bd_16/ip/ip_1/bd_4e13_psr0_0.xdc] for cell 'level0_i/ulp/hmss_0/inst/path_15/interconnect16_15/inst/clk_map/psr0/U0'
Finished Parsing XDC File [/data/tmp/chuxiao/spine_opt_v2_hw_150_20260728/temp/partitioned_split_e2e_link/link/vivado/vpl/prj/prj.gen/my_rm/bd/ulp/ip/ulp_hmss_0_0/bd_16/ip/ip_1/bd_4e13_psr0_0.xdc] for cell 'level0_i/ulp/hmss_0/inst/path_15/interconnect16_15/inst/clk_map/psr0/U0'
Parsing XDC File [/data/tmp/chuxiao/spine_opt_v2_hw_150_20260728/temp/partitioned_split_e2e_link/link/vivado/vpl/prj/prj.gen/my_rm/bd/ulp/ip/ulp_hmss_0_0/bd_16/ip/ip_2/bd_4e13_psr_aclk_0_board.xdc] for cell 'level0_i/ulp/hmss_0/inst/path_15/interconnect16_15/inst/clk_map/psr_aclk/U0'
Finished Parsing XDC File [/data/tmp/chuxiao/spine_opt_v2_hw_150_20260728/temp/partitioned_split_e2e_link/link/vivado/vpl/prj/prj.gen/my_rm/bd/ulp/ip/ulp_hmss_0_0/bd_16/ip/ip_2/bd_4e13_psr_aclk_0_board.xdc] for cell 'level0_i/ulp/hmss_0/inst/path_15/interconnect16_15/inst/clk_map/psr_aclk/U0'
Parsing XDC File [/data/tmp/chuxiao/spine_opt_v2_hw_150_20260728/temp/partitioned_split_e2e_link/link/vivado/vpl/prj/prj.gen/my_rm/bd/ulp/ip/ulp_hmss_0_0/bd_16/ip/ip_2/bd_4e13_psr_aclk_0.xdc] for cell 'level0_i/ulp/hmss_0/inst/path_15/interconnect16_15/inst/clk_map/psr_aclk/U0'
Finished Parsing XDC File [/data/tmp/chuxiao/spine_opt_v2_hw_150_20260728/temp/partitioned_split_e2e_link/link/vivado/vpl/prj/prj.gen/my_rm/bd/ulp/ip/ulp_hmss_0_0/bd_16/ip/ip_2/bd_4e13_psr_aclk_0.xdc] for cell 'level0_i/ulp/hmss_0/inst/path_15/interconnect16_15/inst/clk_map/psr_aclk/U0'
Parsing XDC File [/data/tmp/chuxiao/spine_opt_v2_hw_150_20260728/temp/partitioned_split_e2e_link/link/vivado/vpl/prj/prj.gen/my_rm/bd/ulp/ip/ulp_hmss_0_0/bd_21/ip/ip_2/bd_f403_psr_aclk_0.xdc] for cell 'level0_i/ulp/hmss_0/inst/path_20/interconnect19_20/inst/clk_map/psr_aclk/U0'
Finished Parsing XDC File [/data/tmp/chuxiao/spine_opt_v2_hw_150_20260728/temp/partitioned_split_e2e_link/link/vivado/vpl/prj/prj.gen/my_rm/bd/ulp/ip/ulp_hmss_0_0/bd_21/ip/ip_2/bd_f403_psr_aclk_0.xdc] for cell 'level0_i/ulp/hmss_0/inst/path_20/interconnect19_20/inst/clk_map/psr_aclk/U0'
Parsing XDC File [/data/tmp/chuxiao/spine_opt_v2_hw_150_20260728/temp/partitioned_split_e2e_link/link/vivado/vpl/prj/prj.gen/my_rm/bd/ulp/ip/ulp_hmss_0_0/bd_20/ip/ip_2/bd_c9e1_psr_aclk_0.xdc] for cell 'level0_i/ulp/hmss_0/inst/path_19/interconnect22_19/inst/clk_map/psr_aclk/U0'
Finished Parsing XDC File [/data/tmp/chuxiao/spine_opt_v2_hw_150_20260728/temp/partitioned_split_e2e_link/link/vivado/vpl/prj/prj.gen/my_rm/bd/ulp/ip/ulp_hmss_0_0/bd_20/ip/ip_2/bd_c9e1_psr_aclk_0.xdc] for cell 'level0_i/ulp/hmss_0/inst/path_19/interconnect22_19/inst/clk_map/psr_aclk/U0'
Parsing XDC File [/data/tmp/chuxiao/spine_opt_v2_hw_150_20260728/temp/partitioned_split_e2e_link/link/vivado/vpl/prj/prj.gen/my_rm/bd/ulp/ip/ulp_hmss_0_0/bd_20/ip/ip_3/bd_c9e1_psr_aclk1_0_board.xdc] for cell 'level0_i/ulp/hmss_0/inst/path_19/interconnect22_19/inst/clk_map/psr_aclk1/U0'
Finished Parsing XDC File [/data/tmp/chuxiao/spine_opt_v2_hw_150_20260728/temp/partitioned_split_e2e_link/link/vivado/vpl/prj/prj.gen/my_rm/bd/ulp/ip/ulp_hmss_0_0/bd_20/ip/ip_3/bd_c9e1_psr_aclk1_0_board.xdc] for cell 'level0_i/ulp/hmss_0/inst/path_19/interconnect22_19/inst/clk_map/psr_aclk1/U0'
Parsing XDC File [/data/tmp/chuxiao/spine_opt_v2_hw_150_20260728/temp/partitioned_split_e2e_link/link/vivado/vpl/prj/prj.gen/my_rm/bd/ulp/ip/ulp_hmss_0_0/bd_20/ip/ip_3/bd_c9e1_psr_aclk1_0.xdc] for cell 'level0_i/ulp/hmss_0/inst/path_19/interconnect22_19/inst/clk_map/psr_aclk1/U0'
Finished Parsing XDC File [/data/tmp/chuxiao/spine_opt_v2_hw_150_20260728/temp/partitioned_split_e2e_link/link/vivado/vpl/prj/prj.gen/my_rm/bd/ulp/ip/ulp_hmss_0_0/bd_20/ip/ip_3/bd_c9e1_psr_aclk1_0.xdc] for cell 'level0_i/ulp/hmss_0/inst/path_19/interconnect22_19/inst/clk_map/psr_aclk1/U0'
Parsing XDC File [/data/tmp/chuxiao/spine_opt_v2_hw_150_20260728/temp/partitioned_split_e2e_link/link/vivado/vpl/prj/prj.gen/my_rm/bd/ulp/ip/ulp_hmss_0_0/bd_20/ip/ip_8/bd_c9e1_sawn_0_clocks.xdc] for cell 'level0_i/ulp/hmss_0/inst/path_19/interconnect22_19/inst/s00_nodes/s00_aw_node/inst'
Finished Parsing XDC File [/data/tmp/chuxiao/spine_opt_v2_hw_150_20260728/temp/partitioned_split_e2e_link/link/vivado/vpl/prj/prj.gen/my_rm/bd/ulp/ip/ulp_hmss_0_0/bd_20/ip/ip_8/bd_c9e1_sawn_0_clocks.xdc] for cell 'level0_i/ulp/hmss_0/inst/path_19/interconnect22_19/inst/s00_nodes/s00_aw_node/inst'
Parsing XDC File [/data/tmp/chuxiao/spine_opt_v2_hw_150_20260728/temp/partitioned_split_e2e_link/link/vivado/vpl/prj/prj.gen/my_rm/bd/ulp/ip/ulp_hmss_0_0/bd_20/ip/ip_9/bd_c9e1_swn_0_clocks.xdc] for cell 'level0_i/ulp/hmss_0/inst/path_19/interconnect22_19/inst/s00_nodes/s00_w_node/inst'
Finished Parsing XDC File [/data/tmp/chuxiao/spine_opt_v2_hw_150_20260728/temp/partitioned_split_e2e_link/link/vivado/vpl/prj/prj.gen/my_rm/bd/ulp/ip/ulp_hmss_0_0/bd_20/ip/ip_9/bd_c9e1_swn_0_clocks.xdc] for cell 'level0_i/ulp/hmss_0/inst/path_19/interconnect22_19/inst/s00_nodes/s00_w_node/inst'
Parsing XDC File [/data/tmp/chuxiao/spine_opt_v2_hw_150_20260728/temp/partitioned_split_e2e_link/link/vivado/vpl/prj/prj.gen/my_rm/bd/ulp/ip/ulp_hmss_0_0/bd_20/ip/ip_10/bd_c9e1_sbn_0_clocks.xdc] for cell 'level0_i/ulp/hmss_0/inst/path_19/interconnect22_19/inst/s00_nodes/s00_b_node/inst'
Finished Parsing XDC File [/data/tmp/chuxiao/spine_opt_v2_hw_150_20260728/temp/partitioned_split_e2e_link/link/vivado/vpl/prj/prj.gen/my_rm/bd/ulp/ip/ulp_hmss_0_0/bd_20/ip/ip_10/bd_c9e1_sbn_0_clocks.xdc] for cell 'level0_i/ulp/hmss_0/inst/path_19/interconnect22_19/inst/s00_nodes/s00_b_node/inst'
Parsing XDC File [/data/tmp/chuxiao/spine_opt_v2_hw_150_20260728/temp/partitioned_split_e2e_link/link/vivado/vpl/prj/prj.gen/my_rm/bd/ulp/ip/ulp_hmss_0_0/bd_0/ip/ip_61/smartconnect.xdc] for cell 'level0_i/ulp/hmss_0/inst/path_19/interconnect22_19/inst'
WARNING: [Vivado_Tcl 4-919] Waiver ID 'CDC-1' -from list should not be empty. [/data/tmp/chuxiao/spine_opt_v2_hw_150_20260728/temp/partitioned_split_e2e_link/link/vivado/vpl/prj/prj.gen/my_rm/bd/ulp/ip/ulp_hmss_0_0/bd_0/ip/ip_61/smartconnect.xdc:1]
Finished Parsing XDC File [/data/tmp/chuxiao/spine_opt_v2_hw_150_20260728/temp/partitioned_split_e2e_link/link/vivado/vpl/prj/prj.gen/my_rm/bd/ulp/ip/ulp_hmss_0_0/bd_0/ip/ip_61/smartconnect.xdc] for cell 'level0_i/ulp/hmss_0/inst/path_19/interconnect22_19/inst'
Parsing XDC File [/data/tmp/chuxiao/spine_opt_v2_hw_150_20260728/temp/partitioned_split_e2e_link/link/vivado/vpl/prj/prj.gen/my_rm/bd/ulp/ip/ulp_hmss_0_0/bd_21/ip/ip_1/bd_f403_psr0_0_board.xdc] for cell 'level0_i/ulp/hmss_0/inst/path_20/interconnect19_20/inst/clk_map/psr0/U0'
Finished Parsing XDC File [/data/tmp/chuxiao/spine_opt_v2_hw_150_20260728/temp/partitioned_split_e2e_link/link/vivado/vpl/prj/prj.gen/my_rm/bd/ulp/ip/ulp_hmss_0_0/bd_21/ip/ip_1/bd_f403_psr0_0_board.xdc] for cell 'level0_i/ulp/hmss_0/inst/path_20/interconnect19_20/inst/clk_map/psr0/U0'
Parsing XDC File [/data/tmp/chuxiao/spine_opt_v2_hw_150_20260728/temp/partitioned_split_e2e_link/link/vivado/vpl/prj/prj.gen/my_rm/bd/ulp/ip/ulp_hmss_0_0/bd_21/ip/ip_1/bd_f403_psr0_0.xdc] for cell 'level0_i/ulp/hmss_0/inst/path_20/interconnect19_20/inst/clk_map/psr0/U0'
Finished Parsing XDC File [/data/tmp/chuxiao/spine_opt_v2_hw_150_20260728/temp/partitioned_split_e2e_link/link/vivado/vpl/prj/prj.gen/my_rm/bd/ulp/ip/ulp_hmss_0_0/bd_21/ip/ip_1/bd_f403_psr0_0.xdc] for cell 'level0_i/ulp/hmss_0/inst/path_20/interconnect19_20/inst/clk_map/psr0/U0'
Parsing XDC File [/data/tmp/chuxiao/spine_opt_v2_hw_150_20260728/temp/partitioned_split_e2e_link/link/vivado/vpl/prj/prj.gen/my_rm/bd/ulp/ip/ulp_hmss_0_0/bd_21/ip/ip_2/bd_f403_psr_aclk_0_board.xdc] for cell 'level0_i/ulp/hmss_0/inst/path_20/interconnect19_20/inst/clk_map/psr_aclk/U0'
Finished Parsing XDC File [/data/tmp/chuxiao/spine_opt_v2_hw_150_20260728/temp/partitioned_split_e2e_link/link/vivado/vpl/prj/prj.gen/my_rm/bd/ulp/ip/ulp_hmss_0_0/bd_21/ip/ip_2/bd_f403_psr_aclk_0_board.xdc] for cell 'level0_i/ulp/hmss_0/inst/path_20/interconnect19_20/inst/clk_map/psr_aclk/U0'
Parsing XDC File [/data/tmp/chuxiao/spine_opt_v2_hw_150_20260728/temp/partitioned_split_e2e_link/link/vivado/vpl/prj/prj.gen/my_rm/bd/ulp/ip/ulp_hmss_0_0/bd_20/ip/ip_2/bd_c9e1_psr_aclk_0_board.xdc] for cell 'level0_i/ulp/hmss_0/inst/path_19/interconnect22_19/inst/clk_map/psr_aclk/U0'
Finished Parsing XDC File [/data/tmp/chuxiao/spine_opt_v2_hw_150_20260728/temp/partitioned_split_e2e_link/link/vivado/vpl/prj/prj.gen/my_rm/bd/ulp/ip/ulp_hmss_0_0/bd_20/ip/ip_2/bd_c9e1_psr_aclk_0_board.xdc] for cell 'level0_i/ulp/hmss_0/inst/path_19/interconnect22_19/inst/clk_map/psr_aclk/U0'
Parsing XDC File [/data/tmp/chuxiao/spine_opt_v2_hw_150_20260728/temp/partitioned_split_e2e_link/link/vivado/vpl/prj/prj.gen/my_rm/bd/ulp/ip/ulp_hmss_0_0/bd_21/ip/ip_3/bd_f403_psr_aclk1_0_board.xdc] for cell 'level0_i/ulp/hmss_0/inst/path_20/interconnect19_20/inst/clk_map/psr_aclk1/U0'
Finished Parsing XDC File [/data/tmp/chuxiao/spine_opt_v2_hw_150_20260728/temp/partitioned_split_e2e_link/link/vivado/vpl/prj/prj.gen/my_rm/bd/ulp/ip/ulp_hmss_0_0/bd_21/ip/ip_3/bd_f403_psr_aclk1_0_board.xdc] for cell 'level0_i/ulp/hmss_0/inst/path_20/interconnect19_20/inst/clk_map/psr_aclk1/U0'
Parsing XDC File [/data/tmp/chuxiao/spine_opt_v2_hw_150_20260728/temp/partitioned_split_e2e_link/link/vivado/vpl/prj/prj.gen/my_rm/bd/ulp/ip/ulp_hmss_0_0/bd_21/ip/ip_3/bd_f403_psr_aclk1_0.xdc] for cell 'level0_i/ulp/hmss_0/inst/path_20/interconnect19_20/inst/clk_map/psr_aclk1/U0'
Finished Parsing XDC File [/data/tmp/chuxiao/spine_opt_v2_hw_150_20260728/temp/partitioned_split_e2e_link/link/vivado/vpl/prj/prj.gen/my_rm/bd/ulp/ip/ulp_hmss_0_0/bd_21/ip/ip_3/bd_f403_psr_aclk1_0.xdc] for cell 'level0_i/ulp/hmss_0/inst/path_20/interconnect19_20/inst/clk_map/psr_aclk1/U0'
Parsing XDC File [/data/tmp/chuxiao/spine_opt_v2_hw_150_20260728/temp/partitioned_split_e2e_link/link/vivado/vpl/prj/prj.gen/my_rm/bd/ulp/ip/ulp_hmss_0_0/bd_21/ip/ip_8/bd_f403_sarn_0_clocks.xdc] for cell 'level0_i/ulp/hmss_0/inst/path_20/interconnect19_20/inst/s00_nodes/s00_ar_node/inst'
Finished Parsing XDC File [/data/tmp/chuxiao/spine_opt_v2_hw_150_20260728/temp/partitioned_split_e2e_link/link/vivado/vpl/prj/prj.gen/my_rm/bd/ulp/ip/ulp_hmss_0_0/bd_21/ip/ip_8/bd_f403_sarn_0_clocks.xdc] for cell 'level0_i/ulp/hmss_0/inst/path_20/interconnect19_20/inst/s00_nodes/s00_ar_node/inst'
Parsing XDC File [/data/tmp/chuxiao/spine_opt_v2_hw_150_20260728/temp/partitioned_split_e2e_link/link/vivado/vpl/prj/prj.gen/my_rm/bd/ulp/ip/ulp_hmss_0_0/bd_21/ip/ip_9/bd_f403_srn_0_clocks.xdc] for cell 'level0_i/ulp/hmss_0/inst/path_20/interconnect19_20/inst/s00_nodes/s00_r_node/inst'
Finished Parsing XDC File [/data/tmp/chuxiao/spine_opt_v2_hw_150_20260728/temp/partitioned_split_e2e_link/link/vivado/vpl/prj/prj.gen/my_rm/bd/ulp/ip/ulp_hmss_0_0/bd_21/ip/ip_9/bd_f403_srn_0_clocks.xdc] for cell 'level0_i/ulp/hmss_0/inst/path_20/interconnect19_20/inst/s00_nodes/s00_r_node/inst'
Parsing XDC File [/data/tmp/chuxiao/spine_opt_v2_hw_150_20260728/temp/partitioned_split_e2e_link/link/vivado/vpl/prj/prj.gen/my_rm/bd/ulp/ip/ulp_hmss_0_0/bd_21/ip/ip_10/bd_f403_sawn_0_clocks.xdc] for cell 'level0_i/ulp/hmss_0/inst/path_20/interconnect19_20/inst/s00_nodes/s00_aw_node/inst'
Finished Parsing XDC File [/data/tmp/chuxiao/spine_opt_v2_hw_150_20260728/temp/partitioned_split_e2e_link/link/vivado/vpl/prj/prj.gen/my_rm/bd/ulp/ip/ulp_hmss_0_0/bd_21/ip/ip_10/bd_f403_sawn_0_clocks.xdc] for cell 'level0_i/ulp/hmss_0/inst/path_20/interconnect19_20/inst/s00_nodes/s00_aw_node/inst'
Parsing XDC File [/data/tmp/chuxiao/spine_opt_v2_hw_150_20260728/temp/partitioned_split_e2e_link/link/vivado/vpl/prj/prj.gen/my_rm/bd/ulp/ip/ulp_hmss_0_0/bd_21/ip/ip_11/bd_f403_swn_0_clocks.xdc] for cell 'level0_i/ulp/hmss_0/inst/path_20/interconnect19_20/inst/s00_nodes/s00_w_node/inst'
Finished Parsing XDC File [/data/tmp/chuxiao/spine_opt_v2_hw_150_20260728/temp/partitioned_split_e2e_link/link/vivado/vpl/prj/prj.gen/my_rm/bd/ulp/ip/ulp_hmss_0_0/bd_21/ip/ip_11/bd_f403_swn_0_clocks.xdc] for cell 'level0_i/ulp/hmss_0/inst/path_20/interconnect19_20/inst/s00_nodes/s00_w_node/inst'
Parsing XDC File [/data/tmp/chuxiao/spine_opt_v2_hw_150_20260728/temp/partitioned_split_e2e_link/link/vivado/vpl/prj/prj.gen/my_rm/bd/ulp/ip/ulp_hmss_0_0/bd_21/ip/ip_12/bd_f403_sbn_0_clocks.xdc] for cell 'level0_i/ulp/hmss_0/inst/path_20/interconnect19_20/inst/s00_nodes/s00_b_node/inst'
Finished Parsing XDC File [/data/tmp/chuxiao/spine_opt_v2_hw_150_20260728/temp/partitioned_split_e2e_link/link/vivado/vpl/prj/prj.gen/my_rm/bd/ulp/ip/ulp_hmss_0_0/bd_21/ip/ip_12/bd_f403_sbn_0_clocks.xdc] for cell 'level0_i/ulp/hmss_0/inst/path_20/interconnect19_20/inst/s00_nodes/s00_b_node/inst'
Parsing XDC File [/data/tmp/chuxiao/spine_opt_v2_hw_150_20260728/temp/partitioned_split_e2e_link/link/vivado/vpl/prj/prj.gen/my_rm/bd/ulp/ip/ulp_hmss_0_0/bd_0/ip/ip_64/smartconnect.xdc] for cell 'level0_i/ulp/hmss_0/inst/path_20/interconnect19_20/inst'
WARNING: [Vivado_Tcl 4-919] Waiver ID 'CDC-1' -from list should not be empty. [/data/tmp/chuxiao/spine_opt_v2_hw_150_20260728/temp/partitioned_split_e2e_link/link/vivado/vpl/prj/prj.gen/my_rm/bd/ulp/ip/ulp_hmss_0_0/bd_0/ip/ip_64/smartconnect.xdc:1]
Finished Parsing XDC File [/data/tmp/chuxiao/spine_opt_v2_hw_150_20260728/temp/partitioned_split_e2e_link/link/vivado/vpl/prj/prj.gen/my_rm/bd/ulp/ip/ulp_hmss_0_0/bd_0/ip/ip_64/smartconnect.xdc] for cell 'level0_i/ulp/hmss_0/inst/path_20/interconnect19_20/inst'
Parsing XDC File [/data/tmp/chuxiao/spine_opt_v2_hw_150_20260728/temp/partitioned_split_e2e_link/link/vivado/vpl/prj/prj.gen/my_rm/bd/ulp/ip/ulp_hmss_0_0/bd_22/ip/ip_1/bd_ad61_psr0_0_board.xdc] for cell 'level0_i/ulp/hmss_0/inst/path_21/interconnect20_21/inst/clk_map/psr0/U0'
Finished Parsing XDC File [/data/tmp/chuxiao/spine_opt_v2_hw_150_20260728/temp/partitioned_split_e2e_link/link/vivado/vpl/prj/prj.gen/my_rm/bd/ulp/ip/ulp_hmss_0_0/bd_22/ip/ip_1/bd_ad61_psr0_0_board.xdc] for cell 'level0_i/ulp/hmss_0/inst/path_21/interconnect20_21/inst/clk_map/psr0/U0'
Parsing XDC File [/data/tmp/chuxiao/spine_opt_v2_hw_150_20260728/temp/partitioned_split_e2e_link/link/vivado/vpl/prj/prj.gen/my_rm/bd/ulp/ip/ulp_hmss_0_0/bd_22/ip/ip_1/bd_ad61_psr0_0.xdc] for cell 'level0_i/ulp/hmss_0/inst/path_21/interconnect20_21/inst/clk_map/psr0/U0'
Finished Parsing XDC File [/data/tmp/chuxiao/spine_opt_v2_hw_150_20260728/temp/partitioned_split_e2e_link/link/vivado/vpl/prj/prj.gen/my_rm/bd/ulp/ip/ulp_hmss_0_0/bd_22/ip/ip_1/bd_ad61_psr0_0.xdc] for cell 'level0_i/ulp/hmss_0/inst/path_21/interconnect20_21/inst/clk_map/psr0/U0'
Parsing XDC File [/data/tmp/chuxiao/spine_opt_v2_hw_150_20260728/temp/partitioned_split_e2e_link/link/vivado/vpl/prj/prj.gen/my_rm/bd/ulp/ip/ulp_hmss_0_0/bd_19/ip/ip_3/bd_3ab0_psr_aclk1_0_board.xdc] for cell 'level0_i/ulp/hmss_0/inst/path_18/interconnect21_18/inst/clk_map/psr_aclk1/U0'
Finished Parsing XDC File [/data/tmp/chuxiao/spine_opt_v2_hw_150_20260728/temp/partitioned_split_e2e_link/link/vivado/vpl/prj/prj.gen/my_rm/bd/ulp/ip/ulp_hmss_0_0/bd_19/ip/ip_3/bd_3ab0_psr_aclk1_0_board.xdc] for cell 'level0_i/ulp/hmss_0/inst/path_18/interconnect21_18/inst/clk_map/psr_aclk1/U0'
Parsing XDC File [/data/tmp/chuxiao/spine_opt_v2_hw_150_20260728/temp/partitioned_split_e2e_link/link/vivado/vpl/prj/prj.gen/my_rm/bd/ulp/ip/ulp_hmss_0_0/bd_18/ip/ip_2/bd_a0b3_psr_aclk_0.xdc] for cell 'level0_i/ulp/hmss_0/inst/path_17/interconnect18_17/inst/clk_map/psr_aclk/U0'
Finished Parsing XDC File [/data/tmp/chuxiao/spine_opt_v2_hw_150_20260728/temp/partitioned_split_e2e_link/link/vivado/vpl/prj/prj.gen/my_rm/bd/ulp/ip/ulp_hmss_0_0/bd_18/ip/ip_2/bd_a0b3_psr_aclk_0.xdc] for cell 'level0_i/ulp/hmss_0/inst/path_17/interconnect18_17/inst/clk_map/psr_aclk/U0'
Parsing XDC File [/data/tmp/chuxiao/spine_opt_v2_hw_150_20260728/temp/partitioned_split_e2e_link/link/vivado/vpl/prj/prj.gen/my_rm/bd/ulp/ip/ulp_hmss_0_0/bd_18/ip/ip_3/bd_a0b3_psr_aclk1_0_board.xdc] for cell 'level0_i/ulp/hmss_0/inst/path_17/interconnect18_17/inst/clk_map/psr_aclk1/U0'
Finished Parsing XDC File [/data/tmp/chuxiao/spine_opt_v2_hw_150_20260728/temp/partitioned_split_e2e_link/link/vivado/vpl/prj/prj.gen/my_rm/bd/ulp/ip/ulp_hmss_0_0/bd_18/ip/ip_3/bd_a0b3_psr_aclk1_0_board.xdc] for cell 'level0_i/ulp/hmss_0/inst/path_17/interconnect18_17/inst/clk_map/psr_aclk1/U0'
Parsing XDC File [/data/tmp/chuxiao/spine_opt_v2_hw_150_20260728/temp/partitioned_split_e2e_link/link/vivado/vpl/prj/prj.gen/my_rm/bd/ulp/ip/ulp_hmss_0_0/bd_18/ip/ip_3/bd_a0b3_psr_aclk1_0.xdc] for cell 'level0_i/ulp/hmss_0/inst/path_17/interconnect18_17/inst/clk_map/psr_aclk1/U0'
Finished Parsing XDC File [/data/tmp/chuxiao/spine_opt_v2_hw_150_20260728/temp/partitioned_split_e2e_link/link/vivado/vpl/prj/prj.gen/my_rm/bd/ulp/ip/ulp_hmss_0_0/bd_18/ip/ip_3/bd_a0b3_psr_aclk1_0.xdc] for cell 'level0_i/ulp/hmss_0/inst/path_17/interconnect18_17/inst/clk_map/psr_aclk1/U0'
Parsing XDC File [/data/tmp/chuxiao/spine_opt_v2_hw_150_20260728/temp/partitioned_split_e2e_link/link/vivado/vpl/prj/prj.gen/my_rm/bd/ulp/ip/ulp_hmss_0_0/bd_18/ip/ip_8/bd_a0b3_sarn_0_clocks.xdc] for cell 'level0_i/ulp/hmss_0/inst/path_17/interconnect18_17/inst/s00_nodes/s00_ar_node/inst'
Finished Parsing XDC File [/data/tmp/chuxiao/spine_opt_v2_hw_150_20260728/temp/partitioned_split_e2e_link/link/vivado/vpl/prj/prj.gen/my_rm/bd/ulp/ip/ulp_hmss_0_0/bd_18/ip/ip_8/bd_a0b3_sarn_0_clocks.xdc] for cell 'level0_i/ulp/hmss_0/inst/path_17/interconnect18_17/inst/s00_nodes/s00_ar_node/inst'
Parsing XDC File [/data/tmp/chuxiao/spine_opt_v2_hw_150_20260728/temp/partitioned_split_e2e_link/link/vivado/vpl/prj/prj.gen/my_rm/bd/ulp/ip/ulp_hmss_0_0/bd_18/ip/ip_9/bd_a0b3_srn_0_clocks.xdc] for cell 'level0_i/ulp/hmss_0/inst/path_17/interconnect18_17/inst/s00_nodes/s00_r_node/inst'
Finished Parsing XDC File [/data/tmp/chuxiao/spine_opt_v2_hw_150_20260728/temp/partitioned_split_e2e_link/link/vivado/vpl/prj/prj.gen/my_rm/bd/ulp/ip/ulp_hmss_0_0/bd_18/ip/ip_9/bd_a0b3_srn_0_clocks.xdc] for cell 'level0_i/ulp/hmss_0/inst/path_17/interconnect18_17/inst/s00_nodes/s00_r_node/inst'
Parsing XDC File [/data/tmp/chuxiao/spine_opt_v2_hw_150_20260728/temp/partitioned_split_e2e_link/link/vivado/vpl/prj/prj.gen/my_rm/bd/ulp/ip/ulp_hmss_0_0/bd_0/ip/ip_55/smartconnect.xdc] for cell 'level0_i/ulp/hmss_0/inst/path_17/interconnect18_17/inst'
WARNING: [Vivado_Tcl 4-919] Waiver ID 'CDC-1' -from list should not be empty. [/data/tmp/chuxiao/spine_opt_v2_hw_150_20260728/temp/partitioned_split_e2e_link/link/vivado/vpl/prj/prj.gen/my_rm/bd/ulp/ip/ulp_hmss_0_0/bd_0/ip/ip_55/smartconnect.xdc:1]
Finished Parsing XDC File [/data/tmp/chuxiao/spine_opt_v2_hw_150_20260728/temp/partitioned_split_e2e_link/link/vivado/vpl/prj/prj.gen/my_rm/bd/ulp/ip/ulp_hmss_0_0/bd_0/ip/ip_55/smartconnect.xdc] for cell 'level0_i/ulp/hmss_0/inst/path_17/interconnect18_17/inst'
Parsing XDC File [/data/tmp/chuxiao/spine_opt_v2_hw_150_20260728/temp/partitioned_split_e2e_link/link/vivado/vpl/prj/prj.gen/my_rm/bd/ulp/ip/ulp_hmss_0_0/bd_19/ip/ip_1/bd_3ab0_psr0_0_board.xdc] for cell 'level0_i/ulp/hmss_0/inst/path_18/interconnect21_18/inst/clk_map/psr0/U0'
Finished Parsing XDC File [/data/tmp/chuxiao/spine_opt_v2_hw_150_20260728/temp/partitioned_split_e2e_link/link/vivado/vpl/prj/prj.gen/my_rm/bd/ulp/ip/ulp_hmss_0_0/bd_19/ip/ip_1/bd_3ab0_psr0_0_board.xdc] for cell 'level0_i/ulp/hmss_0/inst/path_18/interconnect21_18/inst/clk_map/psr0/U0'
Parsing XDC File [/data/tmp/chuxiao/spine_opt_v2_hw_150_20260728/temp/partitioned_split_e2e_link/link/vivado/vpl/prj/prj.gen/my_rm/bd/ulp/ip/ulp_hmss_0_0/bd_19/ip/ip_1/bd_3ab0_psr0_0.xdc] for cell 'level0_i/ulp/hmss_0/inst/path_18/interconnect21_18/inst/clk_map/psr0/U0'
Finished Parsing XDC File [/data/tmp/chuxiao/spine_opt_v2_hw_150_20260728/temp/partitioned_split_e2e_link/link/vivado/vpl/prj/prj.gen/my_rm/bd/ulp/ip/ulp_hmss_0_0/bd_19/ip/ip_1/bd_3ab0_psr0_0.xdc] for cell 'level0_i/ulp/hmss_0/inst/path_18/interconnect21_18/inst/clk_map/psr0/U0'
Parsing XDC File [/data/tmp/chuxiao/spine_opt_v2_hw_150_20260728/temp/partitioned_split_e2e_link/link/vivado/vpl/prj/prj.gen/my_rm/bd/ulp/ip/ulp_hmss_0_0/bd_19/ip/ip_2/bd_3ab0_psr_aclk_0_board.xdc] for cell 'level0_i/ulp/hmss_0/inst/path_18/interconnect21_18/inst/clk_map/psr_aclk/U0'
Finished Parsing XDC File [/data/tmp/chuxiao/spine_opt_v2_hw_150_20260728/temp/partitioned_split_e2e_link/link/vivado/vpl/prj/prj.gen/my_rm/bd/ulp/ip/ulp_hmss_0_0/bd_19/ip/ip_2/bd_3ab0_psr_aclk_0_board.xdc] for cell 'level0_i/ulp/hmss_0/inst/path_18/interconnect21_18/inst/clk_map/psr_aclk/U0'
Parsing XDC File [/data/tmp/chuxiao/spine_opt_v2_hw_150_20260728/temp/partitioned_split_e2e_link/link/vivado/vpl/prj/prj.gen/my_rm/bd/ulp/ip/ulp_hmss_0_0/bd_19/ip/ip_2/bd_3ab0_psr_aclk_0.xdc] for cell 'level0_i/ulp/hmss_0/inst/path_18/interconnect21_18/inst/clk_map/psr_aclk/U0'
Finished Parsing XDC File [/data/tmp/chuxiao/spine_opt_v2_hw_150_20260728/temp/partitioned_split_e2e_link/link/vivado/vpl/prj/prj.gen/my_rm/bd/ulp/ip/ulp_hmss_0_0/bd_19/ip/ip_2/bd_3ab0_psr_aclk_0.xdc] for cell 'level0_i/ulp/hmss_0/inst/path_18/interconnect21_18/inst/clk_map/psr_aclk/U0'
Parsing XDC File [/data/tmp/chuxiao/spine_opt_v2_hw_150_20260728/temp/partitioned_split_e2e_link/link/vivado/vpl/prj/prj.gen/my_rm/bd/ulp/ip/ulp_axi_gpio_null_0/ulp_axi_gpio_null_0_board.xdc] for cell 'level0_i/ulp/SLR0/axi_gpio_null/U0'
Finished Parsing XDC File [/data/tmp/chuxiao/spine_opt_v2_hw_150_20260728/temp/partitioned_split_e2e_link/link/vivado/vpl/prj/prj.gen/my_rm/bd/ulp/ip/ulp_axi_gpio_null_0/ulp_axi_gpio_null_0_board.xdc] for cell 'level0_i/ulp/SLR0/axi_gpio_null/U0'
Parsing XDC File [/data/tmp/chuxiao/spine_opt_v2_hw_150_20260728/temp/partitioned_split_e2e_link/link/vivado/vpl/prj/prj.gen/my_rm/bd/ulp/ip/ulp_hmss_0_0/bd_19/ip/ip_3/bd_3ab0_psr_aclk1_0.xdc] for cell 'level0_i/ulp/hmss_0/inst/path_18/interconnect21_18/inst/clk_map/psr_aclk1/U0'
Finished Parsing XDC File [/data/tmp/chuxiao/spine_opt_v2_hw_150_20260728/temp/partitioned_split_e2e_link/link/vivado/vpl/prj/prj.gen/my_rm/bd/ulp/ip/ulp_hmss_0_0/bd_19/ip/ip_3/bd_3ab0_psr_aclk1_0.xdc] for cell 'level0_i/ulp/hmss_0/inst/path_18/interconnect21_18/inst/clk_map/psr_aclk1/U0'
Parsing XDC File [/data/tmp/chuxiao/spine_opt_v2_hw_150_20260728/temp/partitioned_split_e2e_link/link/vivado/vpl/prj/prj.gen/my_rm/bd/ulp/ip/ulp_hmss_0_0/bd_19/ip/ip_8/bd_3ab0_sarn_0_clocks.xdc] for cell 'level0_i/ulp/hmss_0/inst/path_18/interconnect21_18/inst/s00_nodes/s00_ar_node/inst'
Finished Parsing XDC File [/data/tmp/chuxiao/spine_opt_v2_hw_150_20260728/temp/partitioned_split_e2e_link/link/vivado/vpl/prj/prj.gen/my_rm/bd/ulp/ip/ulp_hmss_0_0/bd_19/ip/ip_8/bd_3ab0_sarn_0_clocks.xdc] for cell 'level0_i/ulp/hmss_0/inst/path_18/interconnect21_18/inst/s00_nodes/s00_ar_node/inst'
Parsing XDC File [/data/tmp/chuxiao/spine_opt_v2_hw_150_20260728/temp/partitioned_split_e2e_link/link/vivado/vpl/prj/prj.gen/my_rm/bd/ulp/ip/ulp_hmss_0_0/bd_19/ip/ip_9/bd_3ab0_srn_0_clocks.xdc] for cell 'level0_i/ulp/hmss_0/inst/path_18/interconnect21_18/inst/s00_nodes/s00_r_node/inst'
Finished Parsing XDC File [/data/tmp/chuxiao/spine_opt_v2_hw_150_20260728/temp/partitioned_split_e2e_link/link/vivado/vpl/prj/prj.gen/my_rm/bd/ulp/ip/ulp_hmss_0_0/bd_19/ip/ip_9/bd_3ab0_srn_0_clocks.xdc] for cell 'level0_i/ulp/hmss_0/inst/path_18/interconnect21_18/inst/s00_nodes/s00_r_node/inst'
Parsing XDC File [/data/tmp/chuxiao/spine_opt_v2_hw_150_20260728/temp/partitioned_split_e2e_link/link/vivado/vpl/prj/prj.gen/my_rm/bd/ulp/ip/ulp_hmss_0_0/bd_19/ip/ip_10/bd_3ab0_sawn_0_clocks.xdc] for cell 'level0_i/ulp/hmss_0/inst/path_18/interconnect21_18/inst/s00_nodes/s00_aw_node/inst'
Finished Parsing XDC File [/data/tmp/chuxiao/spine_opt_v2_hw_150_20260728/temp/partitioned_split_e2e_link/link/vivado/vpl/prj/prj.gen/my_rm/bd/ulp/ip/ulp_hmss_0_0/bd_19/ip/ip_10/bd_3ab0_sawn_0_clocks.xdc] for cell 'level0_i/ulp/hmss_0/inst/path_18/interconnect21_18/inst/s00_nodes/s00_aw_node/inst'
Parsing XDC File [/data/tmp/chuxiao/spine_opt_v2_hw_150_20260728/temp/partitioned_split_e2e_link/link/vivado/vpl/prj/prj.gen/my_rm/bd/ulp/ip/ulp_hmss_0_0/bd_19/ip/ip_11/bd_3ab0_swn_0_clocks.xdc] for cell 'level0_i/ulp/hmss_0/inst/path_18/interconnect21_18/inst/s00_nodes/s00_w_node/inst'
Finished Parsing XDC File [/data/tmp/chuxiao/spine_opt_v2_hw_150_20260728/temp/partitioned_split_e2e_link/link/vivado/vpl/prj/prj.gen/my_rm/bd/ulp/ip/ulp_hmss_0_0/bd_19/ip/ip_11/bd_3ab0_swn_0_clocks.xdc] for cell 'level0_i/ulp/hmss_0/inst/path_18/interconnect21_18/inst/s00_nodes/s00_w_node/inst'
Parsing XDC File [/data/tmp/chuxiao/spine_opt_v2_hw_150_20260728/temp/partitioned_split_e2e_link/link/vivado/vpl/prj/prj.gen/my_rm/bd/ulp/ip/ulp_hmss_0_0/bd_19/ip/ip_12/bd_3ab0_sbn_0_clocks.xdc] for cell 'level0_i/ulp/hmss_0/inst/path_18/interconnect21_18/inst/s00_nodes/s00_b_node/inst'
Finished Parsing XDC File [/data/tmp/chuxiao/spine_opt_v2_hw_150_20260728/temp/partitioned_split_e2e_link/link/vivado/vpl/prj/prj.gen/my_rm/bd/ulp/ip/ulp_hmss_0_0/bd_19/ip/ip_12/bd_3ab0_sbn_0_clocks.xdc] for cell 'level0_i/ulp/hmss_0/inst/path_18/interconnect21_18/inst/s00_nodes/s00_b_node/inst'
Parsing XDC File [/data/tmp/chuxiao/spine_opt_v2_hw_150_20260728/temp/partitioned_split_e2e_link/link/vivado/vpl/prj/prj.gen/my_rm/bd/ulp/ip/ulp_hmss_0_0/bd_0/ip/ip_58/smartconnect.xdc] for cell 'level0_i/ulp/hmss_0/inst/path_18/interconnect21_18/inst'
WARNING: [Vivado_Tcl 4-919] Waiver ID 'CDC-1' -from list should not be empty. [/data/tmp/chuxiao/spine_opt_v2_hw_150_20260728/temp/partitioned_split_e2e_link/link/vivado/vpl/prj/prj.gen/my_rm/bd/ulp/ip/ulp_hmss_0_0/bd_0/ip/ip_58/smartconnect.xdc:1]
Finished Parsing XDC File [/data/tmp/chuxiao/spine_opt_v2_hw_150_20260728/temp/partitioned_split_e2e_link/link/vivado/vpl/prj/prj.gen/my_rm/bd/ulp/ip/ulp_hmss_0_0/bd_0/ip/ip_58/smartconnect.xdc] for cell 'level0_i/ulp/hmss_0/inst/path_18/interconnect21_18/inst'
Parsing XDC File [/data/tmp/chuxiao/spine_opt_v2_hw_150_20260728/temp/partitioned_split_e2e_link/link/vivado/vpl/prj/prj.gen/my_rm/bd/ulp/ip/ulp_hmss_0_0/bd_20/ip/ip_1/bd_c9e1_psr0_0_board.xdc] for cell 'level0_i/ulp/hmss_0/inst/path_19/interconnect22_19/inst/clk_map/psr0/U0'
Finished Parsing XDC File [/data/tmp/chuxiao/spine_opt_v2_hw_150_20260728/temp/partitioned_split_e2e_link/link/vivado/vpl/prj/prj.gen/my_rm/bd/ulp/ip/ulp_hmss_0_0/bd_20/ip/ip_1/bd_c9e1_psr0_0_board.xdc] for cell 'level0_i/ulp/hmss_0/inst/path_19/interconnect22_19/inst/clk_map/psr0/U0'
Parsing XDC File [/data/tmp/chuxiao/spine_opt_v2_hw_150_20260728/temp/partitioned_split_e2e_link/link/vivado/vpl/prj/prj.gen/my_rm/bd/ulp/ip/ulp_hmss_0_0/bd_20/ip/ip_1/bd_c9e1_psr0_0.xdc] for cell 'level0_i/ulp/hmss_0/inst/path_19/interconnect22_19/inst/clk_map/psr0/U0'
Finished Parsing XDC File [/data/tmp/chuxiao/spine_opt_v2_hw_150_20260728/temp/partitioned_split_e2e_link/link/vivado/vpl/prj/prj.gen/my_rm/bd/ulp/ip/ulp_hmss_0_0/bd_20/ip/ip_1/bd_c9e1_psr0_0.xdc] for cell 'level0_i/ulp/hmss_0/inst/path_19/interconnect22_19/inst/clk_map/psr0/U0'
Parsing XDC File [/data/tmp/chuxiao/spine_opt_v2_hw_150_20260728/temp/partitioned_split_e2e_link/link/vivado/vpl/.local/hw_platform/hw_bb_locked/level0_wrapper_board.xdc]
Finished Parsing XDC File [/data/tmp/chuxiao/spine_opt_v2_hw_150_20260728/temp/partitioned_split_e2e_link/link/vivado/vpl/.local/hw_platform/hw_bb_locked/level0_wrapper_board.xdc]
Parsing XDC File [/data/tmp/chuxiao/spine_opt_v2_hw_150_20260728/temp/partitioned_split_e2e_link/link/vivado/vpl/.local/hw_platform/hw_bb_locked/level0_wrapper_early.xdc]
INFO: [Constraints 18-4422] SNAPPING_MODE is set so implementation will use the DERIVED_RANGES which may be different then the GRID_RANGES. [impl.alt.pblocks.xdc:174]
INFO: [Constraints 18-4421] A LAGUNA range, without usable sites, was added to DERIVED_RANGES for purposes of keeping the Programmable Unit together within the reconfigurable pblock. [impl.alt.pblocks.xdc:174]
0V85_VCCINT { VCCINT }  -supply_current_budget  100.000 A -voltage  0.850 V -direct
0V85_VCCINT_IO { VCCINT_IO VCCBRAM }  -supply_current_budget  30.000 A -voltage  0.850 V -direct
0V9_AVCC { MGTYAVCC }  -supply_current_budget  0.000 A -voltage  0.900 V -direct
1V2_AVTT { MGTYAVTT }  -supply_current_budget  0.000 A -voltage  1.200 V -direct
1V2_HBM { VCC_HBM }  -supply_current_budget  0.000 A -voltage  1.200 V -direct
1V8 { VCCAUX VCCAUX_IO MGTYVCCAUX VCCO18 VCCADC }  -supply_current_budget  4.000 A -voltage  1.800 V -direct
2V5_VPP { VCCAUX_HBM }  -supply_current_budget  0.300 A -voltage  2.500 V -direct
WARNING: [Vivado 12-4417] Setting CLOCK_DELAY_GROUP on net 'level0_i/blp/blp_i/ss_hif/inst/pcie/inst/bd_39ab_pcie_0_gt_top_i/diablo_gt.diablo_gt_phy_wrapper/gt_wizard.gtwizard_top_i/bd_39ab_pcie_0_gt_i/inst/gen_gtwizard_gtye4_top.bd_39ab_pcie_0_gt_gtwizard_gtye4_inst/gen_gtwizard_gtye4.gen_channel_container[24].gen_enabled_channel.gtye4_channel_wrapper_inst/channel_inst/GTYE4_CHANNEL_TXOUTCLK[0]' which is not driven by a global clock buffer. The resulting constraint will not have the desired effect. [ip_pcie4c_uscale_plus_x1y0.xdc:196]
WARNING: [Vivado 12-4417] Setting CLOCK_DELAY_GROUP on net 'level0_i/blp/blp_i/ss_hif/inst/pcie/inst/bd_39ab_pcie_0_gt_top_i/diablo_gt.diablo_gt_phy_wrapper/gt_wizard.gtwizard_top_i/bd_39ab_pcie_0_gt_i/inst/gen_gtwizard_gtye4_top.bd_39ab_pcie_0_gt_gtwizard_gtye4_inst/gen_gtwizard_gtye4.gen_channel_container[24].gen_enabled_channel.gtye4_channel_wrapper_inst/channel_inst/GTYE4_CHANNEL_TXOUTCLK[1]' which is not driven by a global clock buffer. The resulting constraint will not have the desired effect. [ip_pcie4c_uscale_plus_x1y0.xdc:196]
WARNING: [Vivado 12-4417] Setting CLOCK_DELAY_GROUP on net 'level0_i/blp/blp_i/ss_hif/inst/pcie/inst/bd_39ab_pcie_0_gt_top_i/diablo_gt.diablo_gt_phy_wrapper/gt_wizard.gtwizard_top_i/bd_39ab_pcie_0_gt_i/inst/gen_gtwizard_gtye4_top.bd_39ab_pcie_0_gt_gtwizard_gtye4_inst/gen_gtwizard_gtye4.gen_channel_container[24].gen_enabled_channel.gtye4_channel_wrapper_inst/channel_inst/GTYE4_CHANNEL_TXOUTCLK[2]' which is not driven by a global clock buffer. The resulting constraint will not have the desired effect. [ip_pcie4c_uscale_plus_x1y0.xdc:196]
WARNING: [Vivado 12-4417] Setting CLOCK_DELAY_GROUP on net 'level0_i/blp/blp_i/ss_hif/inst/pcie/inst/bd_39ab_pcie_0_gt_top_i/diablo_gt.diablo_gt_phy_wrapper/gt_wizard.gtwizard_top_i/bd_39ab_pcie_0_gt_i/inst/gen_gtwizard_gtye4_top.bd_39ab_pcie_0_gt_gtwizard_gtye4_inst/gen_gtwizard_gtye4.gen_channel_container[24].gen_enabled_channel.gtye4_channel_wrapper_inst/channel_inst/GTYE4_CHANNEL_TXOUTCLK[3]' which is not driven by a global clock buffer. The resulting constraint will not have the desired effect. [ip_pcie4c_uscale_plus_x1y0.xdc:196]
WARNING: [Vivado 12-4417] Setting CLOCK_DELAY_GROUP on net 'level0_i/blp/blp_i/ss_hif/inst/pcie/inst/bd_39ab_pcie_0_gt_top_i/diablo_gt.diablo_gt_phy_wrapper/gt_wizard.gtwizard_top_i/bd_39ab_pcie_0_gt_i/inst/gen_gtwizard_gtye4_top.bd_39ab_pcie_0_gt_gtwizard_gtye4_inst/gen_gtwizard_gtye4.gen_channel_container[25].gen_enabled_channel.gtye4_channel_wrapper_inst/channel_inst/GTYE4_CHANNEL_TXOUTCLK[0]' which is not driven by a global clock buffer. The resulting constraint will not have the desired effect. [ip_pcie4c_uscale_plus_x1y0.xdc:196]
WARNING: [Vivado 12-4417] Setting CLOCK_DELAY_GROUP on net 'level0_i/blp/blp_i/ss_hif/inst/pcie/inst/bd_39ab_pcie_0_gt_top_i/diablo_gt.diablo_gt_phy_wrapper/gt_wizard.gtwizard_top_i/bd_39ab_pcie_0_gt_i/inst/gen_gtwizard_gtye4_top.bd_39ab_pcie_0_gt_gtwizard_gtye4_inst/gen_gtwizard_gtye4.gen_channel_container[25].gen_enabled_channel.gtye4_channel_wrapper_inst/channel_inst/GTYE4_CHANNEL_TXOUTCLK[1]' which is not driven by a global clock buffer. The resulting constraint will not have the desired effect. [ip_pcie4c_uscale_plus_x1y0.xdc:196]
WARNING: [Vivado 12-4417] Setting CLOCK_DELAY_GROUP on net 'level0_i/blp/blp_i/ss_hif/inst/pcie/inst/bd_39ab_pcie_0_gt_top_i/diablo_gt.diablo_gt_phy_wrapper/gt_wizard.gtwizard_top_i/bd_39ab_pcie_0_gt_i/inst/gen_gtwizard_gtye4_top.bd_39ab_pcie_0_gt_gtwizard_gtye4_inst/gen_gtwizard_gtye4.gen_channel_container[25].gen_enabled_channel.gtye4_channel_wrapper_inst/channel_inst/GTYE4_CHANNEL_TXOUTCLK[2]' which is not driven by a global clock buffer. The resulting constraint will not have the desired effect. [ip_pcie4c_uscale_plus_x1y0.xdc:196]
WARNING: [Vivado 12-4417] Setting CLOCK_DELAY_GROUP on net 'level0_i/blp/blp_i/ss_hif/inst/pcie/inst/bd_39ab_pcie_0_gt_top_i/diablo_gt.diablo_gt_phy_wrapper/gt_wizard.gtwizard_top_i/bd_39ab_pcie_0_gt_i/inst/gen_gtwizard_gtye4_top.bd_39ab_pcie_0_gt_gtwizard_gtye4_inst/gen_gtwizard_gtye4.gen_channel_container[25].gen_enabled_channel.gtye4_channel_wrapper_inst/channel_inst/GTYE4_CHANNEL_TXOUTCLK[3]' which is not driven by a global clock buffer. The resulting constraint will not have the desired effect. [ip_pcie4c_uscale_plus_x1y0.xdc:196]
WARNING: [Vivado 12-4417] Setting CLOCK_DELAY_GROUP on net 'level0_i/blp/blp_i/ss_hif/inst/pcie/inst/bd_39ab_pcie_0_gt_top_i/diablo_gt.diablo_gt_phy_wrapper/gt_wizard.gtwizard_top_i/bd_39ab_pcie_0_gt_i/inst/gen_gtwizard_gtye4_top.bd_39ab_pcie_0_gt_gtwizard_gtye4_inst/gen_gtwizard_gtye4.gen_channel_container[26].gen_enabled_channel.gtye4_channel_wrapper_inst/channel_inst/GTYE4_CHANNEL_TXOUTCLK[0]' which is not driven by a global clock buffer. The resulting constraint will not have the desired effect. [ip_pcie4c_uscale_plus_x1y0.xdc:196]
WARNING: [Vivado 12-4417] Setting CLOCK_DELAY_GROUP on net 'level0_i/blp/blp_i/ss_hif/inst/pcie/inst/bd_39ab_pcie_0_gt_top_i/diablo_gt.diablo_gt_phy_wrapper/gt_wizard.gtwizard_top_i/bd_39ab_pcie_0_gt_i/inst/gen_gtwizard_gtye4_top.bd_39ab_pcie_0_gt_gtwizard_gtye4_inst/gen_gtwizard_gtye4.gen_channel_container[26].gen_enabled_channel.gtye4_channel_wrapper_inst/channel_inst/GTYE4_CHANNEL_TXOUTCLK[1]' which is not driven by a global clock buffer. The resulting constraint will not have the desired effect. [ip_pcie4c_uscale_plus_x1y0.xdc:196]
WARNING: [Vivado 12-4417] Setting CLOCK_DELAY_GROUP on net 'level0_i/blp/blp_i/ss_hif/inst/pcie/inst/bd_39ab_pcie_0_gt_top_i/diablo_gt.diablo_gt_phy_wrapper/gt_wizard.gtwizard_top_i/bd_39ab_pcie_0_gt_i/inst/gen_gtwizard_gtye4_top.bd_39ab_pcie_0_gt_gtwizard_gtye4_inst/gen_gtwizard_gtye4.gen_channel_container[26].gen_enabled_channel.gtye4_channel_wrapper_inst/channel_inst/GTYE4_CHANNEL_TXOUTCLK[2]' which is not driven by a global clock buffer. The resulting constraint will not have the desired effect. [ip_pcie4c_uscale_plus_x1y0.xdc:196]
WARNING: [Vivado 12-4417] Setting CLOCK_DELAY_GROUP on net 'level0_i/blp/blp_i/ss_hif/inst/pcie/inst/bd_39ab_pcie_0_gt_top_i/diablo_gt.diablo_gt_phy_wrapper/gt_wizard.gtwizard_top_i/bd_39ab_pcie_0_gt_i/inst/gen_gtwizard_gtye4_top.bd_39ab_pcie_0_gt_gtwizard_gtye4_inst/gen_gtwizard_gtye4.gen_channel_container[26].gen_enabled_channel.gtye4_channel_wrapper_inst/channel_inst/GTYE4_CHANNEL_TXOUTCLK[3]' which is not driven by a global clock buffer. The resulting constraint will not have the desired effect. [ip_pcie4c_uscale_plus_x1y0.xdc:196]
WARNING: [Vivado 12-4417] Setting CLOCK_DELAY_GROUP on net 'level0_i/blp/blp_i/ss_hif/inst/pcie/inst/bd_39ab_pcie_0_gt_top_i/diablo_gt.diablo_gt_phy_wrapper/gt_wizard.gtwizard_top_i/bd_39ab_pcie_0_gt_i/inst/gen_gtwizard_gtye4_top.bd_39ab_pcie_0_gt_gtwizard_gtye4_inst/gen_gtwizard_gtye4.gen_channel_container[27].gen_enabled_channel.gtye4_channel_wrapper_inst/channel_inst/GTYE4_CHANNEL_TXOUTCLK[0]' which is not driven by a global clock buffer. The resulting constraint will not have the desired effect. [ip_pcie4c_uscale_plus_x1y0.xdc:196]
WARNING: [Vivado 12-4417] Setting CLOCK_DELAY_GROUP on net 'level0_i/blp/blp_i/ss_hif/inst/pcie/inst/bd_39ab_pcie_0_gt_top_i/diablo_gt.diablo_gt_phy_wrapper/gt_wizard.gtwizard_top_i/bd_39ab_pcie_0_gt_i/inst/gen_gtwizard_gtye4_top.bd_39ab_pcie_0_gt_gtwizard_gtye4_inst/gen_gtwizard_gtye4.gen_channel_container[27].gen_enabled_channel.gtye4_channel_wrapper_inst/channel_inst/GTYE4_CHANNEL_TXOUTCLK[1]' which is not driven by a global clock buffer. The resulting constraint will not have the desired effect. [ip_pcie4c_uscale_plus_x1y0.xdc:196]
WARNING: [Vivado 12-4417] Setting CLOCK_DELAY_GROUP on net 'level0_i/blp/blp_i/ss_hif/inst/pcie/inst/bd_39ab_pcie_0_gt_top_i/diablo_gt.diablo_gt_phy_wrapper/gt_wizard.gtwizard_top_i/bd_39ab_pcie_0_gt_i/inst/gen_gtwizard_gtye4_top.bd_39ab_pcie_0_gt_gtwizard_gtye4_inst/gen_gtwizard_gtye4.gen_channel_container[27].gen_enabled_channel.gtye4_channel_wrapper_inst/channel_inst/GTYE4_CHANNEL_TXOUTCLK[2]' which is not driven by a global clock buffer. The resulting constraint will not have the desired effect. [ip_pcie4c_uscale_plus_x1y0.xdc:196]
WARNING: [Vivado 12-4417] Setting CLOCK_DELAY_GROUP on net 'level0_i/blp/blp_i/ss_hif/inst/pcie/inst/bd_39ab_pcie_0_gt_top_i/diablo_gt.diablo_gt_phy_wrapper/gt_wizard.gtwizard_top_i/bd_39ab_pcie_0_gt_i/inst/gen_gtwizard_gtye4_top.bd_39ab_pcie_0_gt_gtwizard_gtye4_inst/gen_gtwizard_gtye4.gen_channel_container[27].gen_enabled_channel.gtye4_channel_wrapper_inst/channel_inst/GTYE4_CHANNEL_TXOUTCLK[3]' which is not driven by a global clock buffer. The resulting constraint will not have the desired effect. [ip_pcie4c_uscale_plus_x1y0.xdc:196]
INFO: [Power 33-23] Power model is not available for STARTUP_8SERIES_GEN.STARTUP3_8SERIES_inst [ip_pcie4c_uscale_plus_x1y0.xdc:225]
WARNING: [Timing 38-172] LUT was found on clock network. Both rising/falling clock edges are propagated from LUT output pin. Use set_clock_sense to specify if that clock should be inverted or not. e.g. set_clock_sense -positive/-negative level0_i/blp/blp_i/ss_cmp/inst/mgmt_debug_bridge/inst/bs_mux/inst/drck_INST_0/O [ip_pcie4c_uscale_plus_x1y0.xdc:225]
WARNING: [Timing 38-172] LUT was found on clock network. Both rising/falling clock edges are propagated from LUT output pin. Use set_clock_sense to specify if that clock should be inverted or not. e.g. set_clock_sense -positive/-negative level0_i/blp/blp_i/ss_cmp/inst/mgmt_debug_bridge/inst/bs_mux/inst/update_INST_0/O [ip_pcie4c_uscale_plus_x1y0.xdc:225]
set_switching_activity: Time (s): cpu = 00:03:02 ; elapsed = 00:00:53 . Memory (MB): peak = 10425.961 ; gain = 1867.023 ; free physical = 45306 ; free virtual = 62648
WARNING: [Vivado_Tcl 4-2057] Waiver ID 'DPIP-2' object list specifies likely unusable hierarchical instance 'level0_i/blp/blp_i/ss_cmc/inst/microblaze_cmc/U0/MicroBlaze_Core_I/Performance.Core/Data_Flow_I/MUL_Unit_I/Use_HW_MUL.Using_DSP48_Architectures.Doing_mul64.Virtex_MUL64.dsp_module_I2/Using_DSP48E1.DSP48E1_I1'. [bd_c91f_microblaze_cmc_0.xdc:8]
WARNING: [Vivado_Tcl 4-2057] Waiver ID 'DPIP-2' object list specifies likely unusable hierarchical instance 'level0_i/blp/blp_i/ss_cmc/inst/microblaze_cmc/U0/MicroBlaze_Core_I/Performance.Core/Data_Flow_I/MUL_Unit_I/Use_HW_MUL.Using_DSP48_Architectures.Doing_mul64.Virtex_MUL64.dsp_module_I3/Using_DSP48E1.DSP48E1_I1'. [bd_c91f_microblaze_cmc_0.xdc:8]
WARNING: [Vivado_Tcl 4-2057] Waiver ID 'DPIP-2' object list specifies likely unusable hierarchical instance 'level0_i/blp/blp_i/ss_cmc/inst/microblaze_cmc/U0/MicroBlaze_Core_I/Performance.Core/Data_Flow_I/MUL_Unit_I/Use_HW_MUL.Using_DSP48_Architectures.Doing_mul64.Virtex_MUL64.dsp_module_I4/Using_DSP48E1.DSP48E1_I1'. [bd_c91f_microblaze_cmc_0.xdc:8]
WARNING: [Vivado_Tcl 4-2057] Waiver ID 'DPIP-2' object list specifies likely unusable hierarchical instance 'level0_i/blp/blp_i/ss_cmc/inst/microblaze_cmc/U0/MicroBlaze_Core_I/Performance.Core/Data_Flow_I/MUL_Unit_I/Use_HW_MUL.Using_DSP48_Architectures.dsp_module_I1/Using_DSP48E1.DSP48E1_I1'. [bd_c91f_microblaze_cmc_0.xdc:8]
WARNING: [Vivado_Tcl 4-2057] Waiver ID 'DPIP-2' object list specifies likely unusable hierarchical instance 'level0_i/blp/blp_i/ss_cmc/inst/microblaze_cmc/U0/MicroBlaze_Core_I/Performance.Core/Data_Flow_I/MUL_Unit_I/Use_HW_MUL.Using_DSP48_Architectures.Doing_mul64.Virtex_MUL64.dsp_module_I2/Using_DSP48E1.DSP48E1_I1'. [bd_c91f_microblaze_cmc_0.xdc:11]
WARNING: [Vivado_Tcl 4-2057] Waiver ID 'DPIP-2' object list specifies likely unusable hierarchical instance 'level0_i/blp/blp_i/ss_cmc/inst/microblaze_cmc/U0/MicroBlaze_Core_I/Performance.Core/Data_Flow_I/MUL_Unit_I/Use_HW_MUL.Using_DSP48_Architectures.Doing_mul64.Virtex_MUL64.dsp_module_I3/Using_DSP48E1.DSP48E1_I1'. [bd_c91f_microblaze_cmc_0.xdc:11]
WARNING: [Vivado_Tcl 4-2057] Waiver ID 'DPIP-2' object list specifies likely unusable hierarchical instance 'level0_i/blp/blp_i/ss_cmc/inst/microblaze_cmc/U0/MicroBlaze_Core_I/Performance.Core/Data_Flow_I/MUL_Unit_I/Use_HW_MUL.Using_DSP48_Architectures.Doing_mul64.Virtex_MUL64.dsp_module_I4/Using_DSP48E1.DSP48E1_I1'. [bd_c91f_microblaze_cmc_0.xdc:11]
WARNING: [Vivado_Tcl 4-2057] Waiver ID 'DPIP-2' object list specifies likely unusable hierarchical instance 'level0_i/blp/blp_i/ss_cmc/inst/microblaze_cmc/U0/MicroBlaze_Core_I/Performance.Core/Data_Flow_I/MUL_Unit_I/Use_HW_MUL.Using_DSP48_Architectures.dsp_module_I1/Using_DSP48E1.DSP48E1_I1'. [bd_c91f_microblaze_cmc_0.xdc:11]
WARNING: [Vivado_Tcl 4-2057] Waiver ID 'DPOP-3' object list specifies likely unusable hierarchical instance 'level0_i/blp/blp_i/ss_cmc/inst/microblaze_cmc/U0/MicroBlaze_Core_I/Performance.Core/Data_Flow_I/MUL_Unit_I/Use_HW_MUL.Using_DSP48_Architectures.Doing_mul64.Virtex_MUL64.dsp_module_I2/Using_DSP48E1.DSP48E1_I1'. [bd_c91f_microblaze_cmc_0.xdc:14]
WARNING: [Vivado_Tcl 4-2057] Waiver ID 'DPOP-3' object list specifies likely unusable hierarchical instance 'level0_i/blp/blp_i/ss_cmc/inst/microblaze_cmc/U0/MicroBlaze_Core_I/Performance.Core/Data_Flow_I/MUL_Unit_I/Use_HW_MUL.Using_DSP48_Architectures.Doing_mul64.Virtex_MUL64.dsp_module_I3/Using_DSP48E1.DSP48E1_I1'. [bd_c91f_microblaze_cmc_0.xdc:14]
WARNING: [Vivado_Tcl 4-2057] Waiver ID 'DPOP-3' object list specifies likely unusable hierarchical instance 'level0_i/blp/blp_i/ss_cmc/inst/microblaze_cmc/U0/MicroBlaze_Core_I/Performance.Core/Data_Flow_I/MUL_Unit_I/Use_HW_MUL.Using_DSP48_Architectures.Doing_mul64.Virtex_MUL64.dsp_module_I4/Using_DSP48E1.DSP48E1_I1'. [bd_c91f_microblaze_cmc_0.xdc:14]
WARNING: [Vivado_Tcl 4-2057] Waiver ID 'DPOP-3' object list specifies likely unusable hierarchical instance 'level0_i/blp/blp_i/ss_cmc/inst/microblaze_cmc/U0/MicroBlaze_Core_I/Performance.Core/Data_Flow_I/MUL_Unit_I/Use_HW_MUL.Using_DSP48_Architectures.dsp_module_I1/Using_DSP48E1.DSP48E1_I1'. [bd_c91f_microblaze_cmc_0.xdc:14]
WARNING: [Vivado_Tcl 4-2057] Waiver ID 'DPOP-3' object list specifies likely unusable hierarchical instance 'level0_i/blp/blp_i/ss_cmc/inst/microblaze_cmc/U0/MicroBlaze_Core_I/Performance.Core/Data_Flow_I/MUL_Unit_I/Use_HW_MUL.Using_DSP48_Architectures.Doing_mul64.Virtex_MUL64.dsp_module_I2/Using_DSP48E1.DSP48E1_I1'. [bd_c91f_microblaze_cmc_0.xdc:20]
WARNING: [Vivado_Tcl 4-2057] Waiver ID 'DPOP-3' object list specifies likely unusable hierarchical instance 'level0_i/blp/blp_i/ss_cmc/inst/microblaze_cmc/U0/MicroBlaze_Core_I/Performance.Core/Data_Flow_I/MUL_Unit_I/Use_HW_MUL.Using_DSP48_Architectures.Doing_mul64.Virtex_MUL64.dsp_module_I3/Using_DSP48E1.DSP48E1_I1'. [bd_c91f_microblaze_cmc_0.xdc:20]
WARNING: [Vivado_Tcl 4-2057] Waiver ID 'DPOP-3' object list specifies likely unusable hierarchical instance 'level0_i/blp/blp_i/ss_cmc/inst/microblaze_cmc/U0/MicroBlaze_Core_I/Performance.Core/Data_Flow_I/MUL_Unit_I/Use_HW_MUL.Using_DSP48_Architectures.Doing_mul64.Virtex_MUL64.dsp_module_I4/Using_DSP48E1.DSP48E1_I1'. [bd_c91f_microblaze_cmc_0.xdc:20]
WARNING: [Vivado_Tcl 4-2057] Waiver ID 'DPOP-3' object list specifies likely unusable hierarchical instance 'level0_i/blp/blp_i/ss_cmc/inst/microblaze_cmc/U0/MicroBlaze_Core_I/Performance.Core/Data_Flow_I/MUL_Unit_I/Use_HW_MUL.Using_DSP48_Architectures.dsp_module_I1/Using_DSP48E1.DSP48E1_I1'. [bd_c91f_microblaze_cmc_0.xdc:20]
WARNING: [Vivado_Tcl 4-2057] Waiver ID 'DPOP-4' object list specifies likely unusable hierarchical instance 'level0_i/blp/blp_i/ss_cmc/inst/microblaze_cmc/U0/MicroBlaze_Core_I/Performance.Core/Data_Flow_I/MUL_Unit_I/Use_HW_MUL.Using_DSP48_Architectures.Doing_mul64.Virtex_MUL64.dsp_module_I2/Using_DSP48E1.DSP48E1_I1'. [bd_c91f_microblaze_cmc_0.xdc:23]
WARNING: [Vivado_Tcl 4-2057] Waiver ID 'DPOP-4' object list specifies likely unusable hierarchical instance 'level0_i/blp/blp_i/ss_cmc/inst/microblaze_cmc/U0/MicroBlaze_Core_I/Performance.Core/Data_Flow_I/MUL_Unit_I/Use_HW_MUL.Using_DSP48_Architectures.Doing_mul64.Virtex_MUL64.dsp_module_I3/Using_DSP48E1.DSP48E1_I1'. [bd_c91f_microblaze_cmc_0.xdc:23]
WARNING: [Vivado_Tcl 4-2057] Waiver ID 'DPOP-4' object list specifies likely unusable hierarchical instance 'level0_i/blp/blp_i/ss_cmc/inst/microblaze_cmc/U0/MicroBlaze_Core_I/Performance.Core/Data_Flow_I/MUL_Unit_I/Use_HW_MUL.Using_DSP48_Architectures.Doing_mul64.Virtex_MUL64.dsp_module_I4/Using_DSP48E1.DSP48E1_I1'. [bd_c91f_microblaze_cmc_0.xdc:23]
WARNING: [Vivado_Tcl 4-2057] Waiver ID 'DPOP-4' object list specifies likely unusable hierarchical instance 'level0_i/blp/blp_i/ss_cmc/inst/microblaze_cmc/U0/MicroBlaze_Core_I/Performance.Core/Data_Flow_I/MUL_Unit_I/Use_HW_MUL.Using_DSP48_Architectures.dsp_module_I1/Using_DSP48E1.DSP48E1_I1'. [bd_c91f_microblaze_cmc_0.xdc:23]
WARNING: [Vivado_Tcl 4-2057] Waiver ID 'DPOP-4' object list specifies likely unusable hierarchical instance 'level0_i/blp/blp_i/ss_cmc/inst/microblaze_cmc/U0/MicroBlaze_Core_I/Performance.Core/Data_Flow_I/MUL_Unit_I/Use_HW_MUL.Using_DSP48_Architectures.Doing_mul64.Virtex_MUL64.dsp_module_I2/Using_DSP48E1.DSP48E1_I1'. [bd_c91f_microblaze_cmc_0.xdc:26]
WARNING: [Vivado_Tcl 4-2057] Waiver ID 'DPOP-4' object list specifies likely unusable hierarchical instance 'level0_i/blp/blp_i/ss_cmc/inst/microblaze_cmc/U0/MicroBlaze_Core_I/Performance.Core/Data_Flow_I/MUL_Unit_I/Use_HW_MUL.Using_DSP48_Architectures.Doing_mul64.Virtex_MUL64.dsp_module_I3/Using_DSP48E1.DSP48E1_I1'. [bd_c91f_microblaze_cmc_0.xdc:26]
WARNING: [Vivado_Tcl 4-2057] Waiver ID 'DPOP-4' object list specifies likely unusable hierarchical instance 'level0_i/blp/blp_i/ss_cmc/inst/microblaze_cmc/U0/MicroBlaze_Core_I/Performance.Core/Data_Flow_I/MUL_Unit_I/Use_HW_MUL.Using_DSP48_Architectures.Doing_mul64.Virtex_MUL64.dsp_module_I4/Using_DSP48E1.DSP48E1_I1'. [bd_c91f_microblaze_cmc_0.xdc:26]
WARNING: [Vivado_Tcl 4-2057] Waiver ID 'DPOP-4' object list specifies likely unusable hierarchical instance 'level0_i/blp/blp_i/ss_cmc/inst/microblaze_cmc/U0/MicroBlaze_Core_I/Performance.Core/Data_Flow_I/MUL_Unit_I/Use_HW_MUL.Using_DSP48_Architectures.dsp_module_I1/Using_DSP48E1.DSP48E1_I1'. [bd_c91f_microblaze_cmc_0.xdc:26]
WARNING: [Vivado_Tcl 4-2057] Waiver ID 'DPOP-4' object list specifies likely unusable hierarchical instance 'level0_i/blp/blp_i/ss_cmc/inst/microblaze_cmc/U0/MicroBlaze_Core_I/Performance.Core/Data_Flow_I/MUL_Unit_I/Use_HW_MUL.Using_DSP48_Architectures.Doing_mul64.Virtex_MUL64.dsp_module_I2/Using_DSP48E1.DSP48E1_I1'. [bd_c91f_microblaze_cmc_0.xdc:29]
WARNING: [Vivado_Tcl 4-2057] Waiver ID 'DPOP-4' object list specifies likely unusable hierarchical instance 'level0_i/blp/blp_i/ss_cmc/inst/microblaze_cmc/U0/MicroBlaze_Core_I/Performance.Core/Data_Flow_I/MUL_Unit_I/Use_HW_MUL.Using_DSP48_Architectures.Doing_mul64.Virtex_MUL64.dsp_module_I3/Using_DSP48E1.DSP48E1_I1'. [bd_c91f_microblaze_cmc_0.xdc:29]
WARNING: [Vivado_Tcl 4-2057] Waiver ID 'DPOP-4' object list specifies likely unusable hierarchical instance 'level0_i/blp/blp_i/ss_cmc/inst/microblaze_cmc/U0/MicroBlaze_Core_I/Performance.Core/Data_Flow_I/MUL_Unit_I/Use_HW_MUL.Using_DSP48_Architectures.Doing_mul64.Virtex_MUL64.dsp_module_I4/Using_DSP48E1.DSP48E1_I1'. [bd_c91f_microblaze_cmc_0.xdc:29]
WARNING: [Vivado_Tcl 4-2057] Waiver ID 'DPOP-4' object list specifies likely unusable hierarchical instance 'level0_i/blp/blp_i/ss_cmc/inst/microblaze_cmc/U0/MicroBlaze_Core_I/Performance.Core/Data_Flow_I/MUL_Unit_I/Use_HW_MUL.Using_DSP48_Architectures.dsp_module_I1/Using_DSP48E1.DSP48E1_I1'. [bd_c91f_microblaze_cmc_0.xdc:29]
Finished Parsing XDC File [/data/tmp/chuxiao/spine_opt_v2_hw_150_20260728/temp/partitioned_split_e2e_link/link/vivado/vpl/.local/hw_platform/hw_bb_locked/level0_wrapper_early.xdc]
Parsing XDC File [/data/tmp/chuxiao/spine_opt_v2_hw_150_20260728/temp/partitioned_split_e2e_link/link/vivado/vpl/.local/hw_platform/tcl_hooks/impl.xdc]
resize_pblock: Time (s): cpu = 00:00:05 ; elapsed = 00:00:05 . Memory (MB): peak = 10425.961 ; gain = 0.000 ; free physical = 45349 ; free virtual = 62695
resize_pblock: Time (s): cpu = 00:00:05 ; elapsed = 00:00:05 . Memory (MB): peak = 10425.961 ; gain = 0.000 ; free physical = 45346 ; free virtual = 62693
resize_pblock: Time (s): cpu = 00:00:05 ; elapsed = 00:00:05 . Memory (MB): peak = 10425.961 ; gain = 0.000 ; free physical = 45312 ; free virtual = 62658
resize_pblock: Time (s): cpu = 00:00:05 ; elapsed = 00:00:05 . Memory (MB): peak = 10425.961 ; gain = 0.000 ; free physical = 45318 ; free virtual = 62665
resize_pblock: Time (s): cpu = 00:00:05 ; elapsed = 00:00:05 . Memory (MB): peak = 10425.961 ; gain = 0.000 ; free physical = 45313 ; free virtual = 62660
resize_pblock: Time (s): cpu = 00:00:05 ; elapsed = 00:00:05 . Memory (MB): peak = 10425.961 ; gain = 0.000 ; free physical = 45303 ; free virtual = 62652
resize_pblock: Time (s): cpu = 00:00:05 ; elapsed = 00:00:05 . Memory (MB): peak = 10425.961 ; gain = 0.000 ; free physical = 45284 ; free virtual = 62633
resize_pblock: Time (s): cpu = 00:00:05 ; elapsed = 00:00:05 . Memory (MB): peak = 10425.961 ; gain = 0.000 ; free physical = 45287 ; free virtual = 62637
resize_pblock: Time (s): cpu = 00:00:05 ; elapsed = 00:00:05 . Memory (MB): peak = 10425.961 ; gain = 0.000 ; free physical = 45274 ; free virtual = 62626
resize_pblock: Time (s): cpu = 00:00:05 ; elapsed = 00:00:05 . Memory (MB): peak = 10425.961 ; gain = 0.000 ; free physical = 45261 ; free virtual = 62614
get_pins: Time (s): cpu = 00:00:07 ; elapsed = 00:00:07 . Memory (MB): peak = 10425.961 ; gain = 0.000 ; free physical = 45251 ; free virtual = 62608
get_pins: Time (s): cpu = 00:00:11 ; elapsed = 00:00:11 . Memory (MB): peak = 10425.961 ; gain = 0.000 ; free physical = 45245 ; free virtual = 62602
Finished Parsing XDC File [/data/tmp/chuxiao/spine_opt_v2_hw_150_20260728/temp/partitioned_split_e2e_link/link/vivado/vpl/.local/hw_platform/tcl_hooks/impl.xdc]
Parsing XDC File [/data/tmp/chuxiao/spine_opt_v2_hw_150_20260728/temp/partitioned_split_e2e_link/link/vivado/vpl/output/dont_partition.xdc]
get_cells: Time (s): cpu = 00:00:11 ; elapsed = 00:00:11 . Memory (MB): peak = 10425.961 ; gain = 0.000 ; free physical = 45226 ; free virtual = 62585
Finished Parsing XDC File [/data/tmp/chuxiao/spine_opt_v2_hw_150_20260728/temp/partitioned_split_e2e_link/link/vivado/vpl/output/dont_partition.xdc]
Parsing XDC File [/data/tmp/chuxiao/spine_opt_v2_hw_150_20260728/temp/partitioned_split_e2e_link/link/vivado/vpl/.local/hw_platform/hw_bb_locked/level0_wrapper.xdc]
INFO: [Timing 38-2] Deriving generated clocks [xsdbm_gc_late_late.xdc:55]
all_fanout: Time (s): cpu = 00:01:08 ; elapsed = 00:00:13 . Memory (MB): peak = 10425.961 ; gain = 0.000 ; free physical = 45202 ; free virtual = 62561
Finished Parsing XDC File [/data/tmp/chuxiao/spine_opt_v2_hw_150_20260728/temp/partitioned_split_e2e_link/link/vivado/vpl/.local/hw_platform/hw_bb_locked/level0_wrapper.xdc]
Parsing XDC File [/data/tmp/chuxiao/spine_opt_v2_hw_150_20260728/temp/partitioned_split_e2e_link/link/vivado/vpl/.local/hw_platform/hw_bb_locked/level0_wrapper_late.xdc]
INFO: [Vivado 12-24630] Instance: 'level0_i/ulp' is a DFX HD.RECONFIGURABLE module.
get_clocks: Time (s): cpu = 00:00:31 ; elapsed = 00:00:06 . Memory (MB): peak = 10425.961 ; gain = 0.000 ; free physical = 45163 ; free virtual = 62523
get_clocks: Time (s): cpu = 00:00:39 ; elapsed = 00:00:10 . Memory (MB): peak = 10425.961 ; gain = 0.000 ; free physical = 45285 ; free virtual = 62639
INFO: [Vivado 12-2286] Implicit search of objects for pattern 'clk_sck' matched to 'clock' objects. [impl.clocks.xdc:32]
Resolution: To avoid ambiguous patterns, provide proper objects using get commands e.g. [get_nets xyz].
INFO: [Vivado 12-2286] Implicit search of objects for pattern 'clk_sck' matched to 'clock' objects. [impl.clocks.xdc:33]
Resolution: To avoid ambiguous patterns, provide proper objects using get commands e.g. [get_nets xyz].
INFO: [Vivado 12-2286] Implicit search of objects for pattern 'clk_sck' matched to 'clock' objects. [impl.clocks.xdc:36]
Resolution: To avoid ambiguous patterns, provide proper objects using get commands e.g. [get_nets xyz].
Finished Parsing XDC File [/data/tmp/chuxiao/spine_opt_v2_hw_150_20260728/temp/partitioned_split_e2e_link/link/vivado/vpl/.local/hw_platform/hw_bb_locked/level0_wrapper_late.xdc]
INFO: [Designutils 20-5722] Start Reading Physical Databases.
Reading placement.
Reading placer database...
Read Old Netlist Cache: Time (s): cpu = 00:00:00.26 ; elapsed = 00:00:00.26 . Memory (MB): peak = 10425.961 ; gain = 0.000 ; free physical = 45289 ; free virtual = 62643
Read Device Cache: Time (s): cpu = 00:00:00.04 ; elapsed = 00:00:00.04 . Memory (MB): peak = 10425.961 ; gain = 0.000 ; free physical = 45289 ; free virtual = 62643
Read PlaceDB: Time (s): cpu = 00:00:05 ; elapsed = 00:00:05 . Memory (MB): peak = 10425.961 ; gain = 0.000 ; free physical = 45269 ; free virtual = 62624
Read PulsedLatchDB: Time (s): cpu = 00:00:00 ; elapsed = 00:00:00 . Memory (MB): peak = 10425.961 ; gain = 0.000 ; free physical = 45269 ; free virtual = 62624
Reading routing.
Read RouteStorage: Time (s): cpu = 00:00:04 ; elapsed = 00:00:04 . Memory (MB): peak = 10425.961 ; gain = 0.000 ; free physical = 45248 ; free virtual = 62603
Read Physdb Files: Time (s): cpu = 00:00:10 ; elapsed = 00:00:10 . Memory (MB): peak = 10425.961 ; gain = 0.000 ; free physical = 45248 ; free virtual = 62603
Restored from archive | CPU: 9.890000 secs | Memory: 253.348671 MB |
Finished XDEF File Restore: Time (s): cpu = 00:00:10 ; elapsed = 00:00:10 . Memory (MB): peak = 10425.961 ; gain = 0.000 ; free physical = 45248 ; free virtual = 62603
WARNING: [Constraints 18-4434] Global Clock Buffer 'level0_i/blp/blp_i/freerun_clk/bufg_div/U0/USE_BUFGCE_DIV2.GEN_BUFGCE_DIV2[0].BUFGCE_DIV2_I' is LOCed to site 'BUFGCE_DIV_X0Y4'. Using a LOC constraint to assign the placement of a Global Clock Buffer can result in sub-optimal placement results.
Resolution: Remove the LOC constraint and use the CLOCK_REGION constraint to assign a Global Clock Buffer to a CLOCK_REGION.
WARNING: [Constraints 18-4434] Global Clock Buffer 'level0_i/blp/blp_i/ss_cmp/inst/jtag_fallback/inst/bs_switch/inst/BSCAN_SWITCH.N_EXT_BSCAN.u_bufg_icon_tck' is LOCed to site 'BUFGCE_X0Y30'. Using a LOC constraint to assign the placement of a Global Clock Buffer can result in sub-optimal placement results.
Resolution: Remove the LOC constraint and use the CLOCK_REGION constraint to assign a Global Clock Buffer to a CLOCK_REGION.
WARNING: [Constraints 18-4434] Global Clock Buffer 'level0_i/blp/blp_i/ss_cmp/inst/mdm_board_control/U0/No_Dbg_Reg_Access.BUFG_DRCK/Using_FPGA.Native' is LOCed to site 'BUFGCE_X0Y104'. Using a LOC constraint to assign the placement of a Global Clock Buffer can result in sub-optimal placement results.
Resolution: Remove the LOC constraint and use the CLOCK_REGION constraint to assign a Global Clock Buffer to a CLOCK_REGION.
WARNING: [Constraints 18-4434] Global Clock Buffer 'level0_i/blp/blp_i/ss_cmp/inst/mdm_board_control/U0/Use_External.Use_BSCANID.No_Dbg_Reg_Access.BUFG_UPDATE/Using_FPGA.Native' is LOCed to site 'BUFGCE_X0Y110'. Using a LOC constraint to assign the placement of a Global Clock Buffer can result in sub-optimal placement results.
Resolution: Remove the LOC constraint and use the CLOCK_REGION constraint to assign a Global Clock Buffer to a CLOCK_REGION.
WARNING: [Constraints 18-4434] Global Clock Buffer 'level0_i/blp/blp_i/ss_cmp/inst/mgmt_debug_bridge/inst/bs_mux/inst/u_bufg_mux' is LOCed to site 'BUFGCTRL_X0Y11'. Using a LOC constraint to assign the placement of a Global Clock Buffer can result in sub-optimal placement results.
Resolution: Remove the LOC constraint and use the CLOCK_REGION constraint to assign a Global Clock Buffer to a CLOCK_REGION.
WARNING: [Constraints 18-4434] Global Clock Buffer 'level0_i/blp/blp_i/ss_cmp/inst/mgmt_debug_bridge/inst/bsip/inst/USE_SOFTBSCAN.U_TAP_TCKBUFG' is LOCed to site 'BUFGCE_X0Y31'. Using a LOC constraint to assign the placement of a Global Clock Buffer can result in sub-optimal placement results.
Resolution: Remove the LOC constraint and use the CLOCK_REGION constraint to assign a Global Clock Buffer to a CLOCK_REGION.
WARNING: [Constraints 18-4434] Global Clock Buffer 'level0_i/blp/blp_i/ss_hif/inst/clkwiz_level0_periph/inst/clkout1_buf' is LOCed to site 'BUFGCE_X0Y28'. Using a LOC constraint to assign the placement of a Global Clock Buffer can result in sub-optimal placement results.
Resolution: Remove the LOC constraint and use the CLOCK_REGION constraint to assign a Global Clock Buffer to a CLOCK_REGION.
WARNING: [Constraints 18-4434] Global Clock Buffer 'level0_i/blp/blp_i/ss_hif/inst/clkwiz_level0_periph/inst/clkout2_buf' is LOCed to site 'BUFGCE_X0Y24'. Using a LOC constraint to assign the placement of a Global Clock Buffer can result in sub-optimal placement results.
Resolution: Remove the LOC constraint and use the CLOCK_REGION constraint to assign a Global Clock Buffer to a CLOCK_REGION.
WARNING: [Constraints 18-4434] Global Clock Buffer 'level0_i/blp/blp_i/ss_hif/inst/pcie/inst/bufg_gt_sysclk' is LOCed to site 'BUFG_GT_X1Y25'. Using a LOC constraint to assign the placement of a Global Clock Buffer can result in sub-optimal placement results.
Resolution: Remove the LOC constraint and use the CLOCK_REGION constraint to assign a Global Clock Buffer to a CLOCK_REGION.
WARNING: [Constraints 18-4434] Global Clock Buffer 'level0_i/blp/blp_i/ss_hif/inst/pcie/inst/bd_39ab_pcie_0_gt_top_i/diablo_gt.diablo_gt_phy_wrapper/gt_wizard.gtwizard_top_i/bd_39ab_pcie_0_gt_i/inst/gen_gtwizard_gtye4_top.bd_39ab_pcie_0_gt_gtwizard_gtye4_inst/gen_gtwizard_gtye4.gen_cpll_cal_gtye4.gen_cpll_cal_inst[0].gen_inst_cpll_cal.gtwizard_ultrascale_v1_7_10_gtye4_cpll_cal_inst/gtwizard_ultrascale_v1_7_10_gtye4_cpll_cal_tx_i/bufg_gt_txoutclkmon_inst' is LOCed to site 'BUFG_GT_X1Y17'. Using a LOC constraint to assign the placement of a Global Clock Buffer can result in sub-optimal placement results.
Resolution: Remove the LOC constraint and use the CLOCK_REGION constraint to assign a Global Clock Buffer to a CLOCK_REGION.
WARNING: [Constraints 18-4434] Global Clock Buffer 'level0_i/blp/blp_i/ss_hif/inst/pcie/inst/bd_39ab_pcie_0_gt_top_i/diablo_gt.diablo_gt_phy_wrapper/gt_wizard.gtwizard_top_i/bd_39ab_pcie_0_gt_i/inst/gen_gtwizard_gtye4_top.bd_39ab_pcie_0_gt_gtwizard_gtye4_inst/gen_gtwizard_gtye4.gen_cpll_cal_gtye4.gen_cpll_cal_inst[10].gen_inst_cpll_cal.gtwizard_ultrascale_v1_7_10_gtye4_cpll_cal_inst/gtwizard_ultrascale_v1_7_10_gtye4_cpll_cal_tx_i/bufg_gt_txoutclkmon_inst' is LOCed to site 'BUFG_GT_X1Y65'. Using a LOC constraint to assign the placement of a Global Clock Buffer can result in sub-optimal placement results.
Resolution: Remove the LOC constraint and use the CLOCK_REGION constraint to assign a Global Clock Buffer to a CLOCK_REGION.
WARNING: [Constraints 18-4434] Global Clock Buffer 'level0_i/blp/blp_i/ss_hif/inst/pcie/inst/bd_39ab_pcie_0_gt_top_i/diablo_gt.diablo_gt_phy_wrapper/gt_wizard.gtwizard_top_i/bd_39ab_pcie_0_gt_i/inst/gen_gtwizard_gtye4_top.bd_39ab_pcie_0_gt_gtwizard_gtye4_inst/gen_gtwizard_gtye4.gen_cpll_cal_gtye4.gen_cpll_cal_inst[11].gen_inst_cpll_cal.gtwizard_ultrascale_v1_7_10_gtye4_cpll_cal_inst/gtwizard_ultrascale_v1_7_10_gtye4_cpll_cal_tx_i/bufg_gt_txoutclkmon_inst' is LOCed to site 'BUFG_GT_X1Y50'. Using a LOC constraint to assign the placement of a Global Clock Buffer can result in sub-optimal placement results.
Resolution: Remove the LOC constraint and use the CLOCK_REGION constraint to assign a Global Clock Buffer to a CLOCK_REGION.
WARNING: [Constraints 18-4434] Global Clock Buffer 'level0_i/blp/blp_i/ss_hif/inst/pcie/inst/bd_39ab_pcie_0_gt_top_i/diablo_gt.diablo_gt_phy_wrapper/gt_wizard.gtwizard_top_i/bd_39ab_pcie_0_gt_i/inst/gen_gtwizard_gtye4_top.bd_39ab_pcie_0_gt_gtwizard_gtye4_inst/gen_gtwizard_gtye4.gen_cpll_cal_gtye4.gen_cpll_cal_inst[12].gen_inst_cpll_cal.gtwizard_ultrascale_v1_7_10_gtye4_cpll_cal_inst/gtwizard_ultrascale_v1_7_10_gtye4_cpll_cal_tx_i/bufg_gt_txoutclkmon_inst' is LOCed to site 'BUFG_GT_X1Y81'. Using a LOC constraint to assign the placement of a Global Clock Buffer can result in sub-optimal placement results.
Resolution: Remove the LOC constraint and use the CLOCK_REGION constraint to assign a Global Clock Buffer to a CLOCK_REGION.
WARNING: [Constraints 18-4434] Global Clock Buffer 'level0_i/blp/blp_i/ss_hif/inst/pcie/inst/bd_39ab_pcie_0_gt_top_i/diablo_gt.diablo_gt_phy_wrapper/gt_wizard.gtwizard_top_i/bd_39ab_pcie_0_gt_i/inst/gen_gtwizard_gtye4_top.bd_39ab_pcie_0_gt_gtwizard_gtye4_inst/gen_gtwizard_gtye4.gen_cpll_cal_gtye4.gen_cpll_cal_inst[13].gen_inst_cpll_cal.gtwizard_ultrascale_v1_7_10_gtye4_cpll_cal_inst/gtwizard_ultrascale_v1_7_10_gtye4_cpll_cal_tx_i/bufg_gt_txoutclkmon_inst' is LOCed to site 'BUFG_GT_X1Y89'. Using a LOC constraint to assign the placement of a Global Clock Buffer can result in sub-optimal placement results.
Resolution: Remove the LOC constraint and use the CLOCK_REGION constraint to assign a Global Clock Buffer to a CLOCK_REGION.
WARNING: [Constraints 18-4434] Global Clock Buffer 'level0_i/blp/blp_i/ss_hif/inst/pcie/inst/bd_39ab_pcie_0_gt_top_i/diablo_gt.diablo_gt_phy_wrapper/gt_wizard.gtwizard_top_i/bd_39ab_pcie_0_gt_i/inst/gen_gtwizard_gtye4_top.bd_39ab_pcie_0_gt_gtwizard_gtye4_inst/gen_gtwizard_gtye4.gen_cpll_cal_gtye4.gen_cpll_cal_inst[14].gen_inst_cpll_cal.gtwizard_ultrascale_v1_7_10_gtye4_cpll_cal_inst/gtwizard_ultrascale_v1_7_10_gtye4_cpll_cal_tx_i/bufg_gt_txoutclkmon_inst' is LOCed to site 'BUFG_GT_X1Y95'. Using a LOC constraint to assign the placement of a Global Clock Buffer can result in sub-optimal placement results.
Resolution: Remove the LOC constraint and use the CLOCK_REGION constraint to assign a Global Clock Buffer to a CLOCK_REGION.
WARNING: [Constraints 18-4434] Global Clock Buffer 'level0_i/blp/blp_i/ss_hif/inst/pcie/inst/bd_39ab_pcie_0_gt_top_i/diablo_gt.diablo_gt_phy_wrapper/gt_wizard.gtwizard_top_i/bd_39ab_pcie_0_gt_i/inst/gen_gtwizard_gtye4_top.bd_39ab_pcie_0_gt_gtwizard_gtye4_inst/gen_gtwizard_gtye4.gen_cpll_cal_gtye4.gen_cpll_cal_inst[15].gen_inst_cpll_cal.gtwizard_ultrascale_v1_7_10_gtye4_cpll_cal_inst/gtwizard_ultrascale_v1_7_10_gtye4_cpll_cal_tx_i/bufg_gt_txoutclkmon_inst' is LOCed to site 'BUFG_GT_X1Y87'. Using a LOC constraint to assign the placement of a Global Clock Buffer can result in sub-optimal placement results.
Resolution: Remove the LOC constraint and use the CLOCK_REGION constraint to assign a Global Clock Buffer to a CLOCK_REGION.
WARNING: [Constraints 18-4434] Global Clock Buffer 'level0_i/blp/blp_i/ss_hif/inst/pcie/inst/bd_39ab_pcie_0_gt_top_i/diablo_gt.diablo_gt_phy_wrapper/gt_wizard.gtwizard_top_i/bd_39ab_pcie_0_gt_i/inst/gen_gtwizard_gtye4_top.bd_39ab_pcie_0_gt_gtwizard_gtye4_inst/gen_gtwizard_gtye4.gen_cpll_cal_gtye4.gen_cpll_cal_inst[1].gen_inst_cpll_cal.gtwizard_ultrascale_v1_7_10_gtye4_cpll_cal_inst/gtwizard_ultrascale_v1_7_10_gtye4_cpll_cal_tx_i/bufg_gt_txoutclkmon_inst' is LOCed to site 'BUFG_GT_X1Y9'. Using a LOC constraint to assign the placement of a Global Clock Buffer can result in sub-optimal placement results.
Resolution: Remove the LOC constraint and use the CLOCK_REGION constraint to assign a Global Clock Buffer to a CLOCK_REGION.
WARNING: [Constraints 18-4434] Global Clock Buffer 'level0_i/blp/blp_i/ss_hif/inst/pcie/inst/bd_39ab_pcie_0_gt_top_i/diablo_gt.diablo_gt_phy_wrapper/gt_wizard.gtwizard_top_i/bd_39ab_pcie_0_gt_i/inst/gen_gtwizard_gtye4_top.bd_39ab_pcie_0_gt_gtwizard_gtye4_inst/gen_gtwizard_gtye4.gen_cpll_cal_gtye4.gen_cpll_cal_inst[2].gen_inst_cpll_cal.gtwizard_ultrascale_v1_7_10_gtye4_cpll_cal_inst/gtwizard_ultrascale_v1_7_10_gtye4_cpll_cal_tx_i/bufg_gt_txoutclkmon_inst' is LOCed to site 'BUFG_GT_X1Y23'. Using a LOC constraint to assign the placement of a Global Clock Buffer can result in sub-optimal placement results.
Resolution: Remove the LOC constraint and use the CLOCK_REGION constraint to assign a Global Clock Buffer to a CLOCK_REGION.
WARNING: [Constraints 18-4434] Global Clock Buffer 'level0_i/blp/blp_i/ss_hif/inst/pcie/inst/bd_39ab_pcie_0_gt_top_i/diablo_gt.diablo_gt_phy_wrapper/gt_wizard.gtwizard_top_i/bd_39ab_pcie_0_gt_i/inst/gen_gtwizard_gtye4_top.bd_39ab_pcie_0_gt_gtwizard_gtye4_inst/gen_gtwizard_gtye4.gen_cpll_cal_gtye4.gen_cpll_cal_inst[3].gen_inst_cpll_cal.gtwizard_ultrascale_v1_7_10_gtye4_cpll_cal_inst/gtwizard_ultrascale_v1_7_10_gtye4_cpll_cal_tx_i/bufg_gt_txoutclkmon_inst' is LOCed to site 'BUFG_GT_X1Y15'. Using a LOC constraint to assign the placement of a Global Clock Buffer can result in sub-optimal placement results.
Resolution: Remove the LOC constraint and use the CLOCK_REGION constraint to assign a Global Clock Buffer to a CLOCK_REGION.
WARNING: [Constraints 18-4434] Global Clock Buffer 'level0_i/blp/blp_i/ss_hif/inst/pcie/inst/bd_39ab_pcie_0_gt_top_i/diablo_gt.diablo_gt_phy_wrapper/gt_wizard.gtwizard_top_i/bd_39ab_pcie_0_gt_i/inst/gen_gtwizard_gtye4_top.bd_39ab_pcie_0_gt_gtwizard_gtye4_inst/gen_gtwizard_gtye4.gen_cpll_cal_gtye4.gen_cpll_cal_inst[4].gen_inst_cpll_cal.gtwizard_ultrascale_v1_7_10_gtye4_cpll_cal_inst/gtwizard_ultrascale_v1_7_10_gtye4_cpll_cal_tx_i/bufg_gt_txoutclkmon_inst' is LOCed to site 'BUFG_GT_X1Y26'. Using a LOC constraint to assign the placement of a Global Clock Buffer can result in sub-optimal placement results.
Resolution: Remove the LOC constraint and use the CLOCK_REGION constraint to assign a Global Clock Buffer to a CLOCK_REGION.
WARNING: [Constraints 18-4434] Global Clock Buffer 'level0_i/blp/blp_i/ss_hif/inst/pcie/inst/bd_39ab_pcie_0_gt_top_i/diablo_gt.diablo_gt_phy_wrapper/gt_wizard.gtwizard_top_i/bd_39ab_pcie_0_gt_i/inst/gen_gtwizard_gtye4_top.bd_39ab_pcie_0_gt_gtwizard_gtye4_inst/gen_gtwizard_gtye4.gen_cpll_cal_gtye4.gen_cpll_cal_inst[5].gen_inst_cpll_cal.gtwizard_ultrascale_v1_7_10_gtye4_cpll_cal_inst/gtwizard_ultrascale_v1_7_10_gtye4_cpll_cal_tx_i/bufg_gt_txoutclkmon_inst' is LOCed to site 'BUFG_GT_X1Y32'. Using a LOC constraint to assign the placement of a Global Clock Buffer can result in sub-optimal placement results.
Resolution: Remove the LOC constraint and use the CLOCK_REGION constraint to assign a Global Clock Buffer to a CLOCK_REGION.
WARNING: [Constraints 18-4434] Global Clock Buffer 'level0_i/blp/blp_i/ss_hif/inst/pcie/inst/bd_39ab_pcie_0_gt_top_i/diablo_gt.diablo_gt_phy_wrapper/gt_wizard.gtwizard_top_i/bd_39ab_pcie_0_gt_i/inst/gen_gtwizard_gtye4_top.bd_39ab_pcie_0_gt_gtwizard_gtye4_inst/gen_gtwizard_gtye4.gen_cpll_cal_gtye4.gen_cpll_cal_inst[6].gen_inst_cpll_cal.gtwizard_ultrascale_v1_7_10_gtye4_cpll_cal_inst/gtwizard_ultrascale_v1_7_10_gtye4_cpll_cal_tx_i/bufg_gt_txoutclkmon_inst' is LOCed to site 'BUFG_GT_X1Y31'. Using a LOC constraint to assign the placement of a Global Clock Buffer can result in sub-optimal placement results.
Resolution: Remove the LOC constraint and use the CLOCK_REGION constraint to assign a Global Clock Buffer to a CLOCK_REGION.
WARNING: [Constraints 18-4434] Global Clock Buffer 'level0_i/blp/blp_i/ss_hif/inst/pcie/inst/bd_39ab_pcie_0_gt_top_i/diablo_gt.diablo_gt_phy_wrapper/gt_wizard.gtwizard_top_i/bd_39ab_pcie_0_gt_i/inst/gen_gtwizard_gtye4_top.bd_39ab_pcie_0_gt_gtwizard_gtye4_inst/gen_gtwizard_gtye4.gen_cpll_cal_gtye4.gen_cpll_cal_inst[7].gen_inst_cpll_cal.gtwizard_ultrascale_v1_7_10_gtye4_cpll_cal_inst/gtwizard_ultrascale_v1_7_10_gtye4_cpll_cal_tx_i/bufg_gt_txoutclkmon_inst' is LOCed to site 'BUFG_GT_X1Y34'. Using a LOC constraint to assign the placement of a Global Clock Buffer can result in sub-optimal placement results.
Resolution: Remove the LOC constraint and use the CLOCK_REGION constraint to assign a Global Clock Buffer to a CLOCK_REGION.
WARNING: [Constraints 18-4434] Global Clock Buffer 'level0_i/blp/blp_i/ss_hif/inst/pcie/inst/bd_39ab_pcie_0_gt_top_i/diablo_gt.diablo_gt_phy_wrapper/gt_wizard.gtwizard_top_i/bd_39ab_pcie_0_gt_i/inst/gen_gtwizard_gtye4_top.bd_39ab_pcie_0_gt_gtwizard_gtye4_inst/gen_gtwizard_gtye4.gen_cpll_cal_gtye4.gen_cpll_cal_inst[8].gen_inst_cpll_cal.gtwizard_ultrascale_v1_7_10_gtye4_cpll_cal_inst/gtwizard_ultrascale_v1_7_10_gtye4_cpll_cal_tx_i/bufg_gt_txoutclkmon_inst' is LOCed to site 'BUFG_GT_X1Y60'. Using a LOC constraint to assign the placement of a Global Clock Buffer can result in sub-optimal placement results.
Resolution: Remove the LOC constraint and use the CLOCK_REGION constraint to assign a Global Clock Buffer to a CLOCK_REGION.
WARNING: [Constraints 18-4434] Global Clock Buffer 'level0_i/blp/blp_i/ss_hif/inst/pcie/inst/bd_39ab_pcie_0_gt_top_i/diablo_gt.diablo_gt_phy_wrapper/gt_wizard.gtwizard_top_i/bd_39ab_pcie_0_gt_i/inst/gen_gtwizard_gtye4_top.bd_39ab_pcie_0_gt_gtwizard_gtye4_inst/gen_gtwizard_gtye4.gen_cpll_cal_gtye4.gen_cpll_cal_inst[9].gen_inst_cpll_cal.gtwizard_ultrascale_v1_7_10_gtye4_cpll_cal_inst/gtwizard_ultrascale_v1_7_10_gtye4_cpll_cal_tx_i/bufg_gt_txoutclkmon_inst' is LOCed to site 'BUFG_GT_X1Y63'. Using a LOC constraint to assign the placement of a Global Clock Buffer can result in sub-optimal placement results.
Resolution: Remove the LOC constraint and use the CLOCK_REGION constraint to assign a Global Clock Buffer to a CLOCK_REGION.
WARNING: [Constraints 18-4434] Global Clock Buffer 'level0_i/blp/blp_i/ss_hif/inst/pcie/inst/bd_39ab_pcie_0_gt_top_i/diablo_gt.diablo_gt_phy_wrapper/phy_clk_i/bufg_gt_coreclk' is LOCed to site 'BUFG_GT_X1Y86'. Using a LOC constraint to assign the placement of a Global Clock Buffer can result in sub-optimal placement results.
Resolution: Remove the LOC constraint and use the CLOCK_REGION constraint to assign a Global Clock Buffer to a CLOCK_REGION.
WARNING: [Constraints 18-4434] Global Clock Buffer 'level0_i/blp/blp_i/ss_hif/inst/pcie/inst/bd_39ab_pcie_0_gt_top_i/diablo_gt.diablo_gt_phy_wrapper/phy_clk_i/bufg_gt_intclk' is LOCed to site 'BUFG_GT_X1Y85'. Using a LOC constraint to assign the placement of a Global Clock Buffer can result in sub-optimal placement results.
Resolution: Remove the LOC constraint and use the CLOCK_REGION constraint to assign a Global Clock Buffer to a CLOCK_REGION.
WARNING: [Constraints 18-4434] Global Clock Buffer 'level0_i/blp/blp_i/ss_hif/inst/pcie/inst/bd_39ab_pcie_0_gt_top_i/diablo_gt.diablo_gt_phy_wrapper/phy_clk_i/bufg_gt_mcapclk' is LOCed to site 'BUFG_GT_X1Y94'. Using a LOC constraint to assign the placement of a Global Clock Buffer can result in sub-optimal placement results.
Resolution: Remove the LOC constraint and use the CLOCK_REGION constraint to assign a Global Clock Buffer to a CLOCK_REGION.
WARNING: [Constraints 18-4434] Global Clock Buffer 'level0_i/blp/blp_i/ss_hif/inst/pcie/inst/bd_39ab_pcie_0_gt_top_i/diablo_gt.diablo_gt_phy_wrapper/phy_clk_i/bufg_gt_pclk' is LOCed to site 'BUFG_GT_X1Y93'. Using a LOC constraint to assign the placement of a Global Clock Buffer can result in sub-optimal placement results.
Resolution: Remove the LOC constraint and use the CLOCK_REGION constraint to assign a Global Clock Buffer to a CLOCK_REGION.
WARNING: [Constraints 18-4434] Global Clock Buffer 'level0_i/blp/blp_i/ss_hif/inst/pcie/inst/bd_39ab_pcie_0_gt_top_i/diablo_gt.diablo_gt_phy_wrapper/phy_clk_i/bufg_gt_userclk' is LOCed to site 'BUFG_GT_X1Y92'. Using a LOC constraint to assign the placement of a Global Clock Buffer can result in sub-optimal placement results.
Resolution: Remove the LOC constraint and use the CLOCK_REGION constraint to assign a Global Clock Buffer to a CLOCK_REGION.
Parsing XDC File [/data/tmp/chuxiao/spine_opt_v2_hw_150_20260728/temp/partitioned_split_e2e_link/link/vivado/vpl/prj/prj.gen/my_rm/bd/ulp/ip/ulp_auto_cc_0/ulp_auto_cc_0_clocks.xdc] for cell 'level0_i/ulp/SLR0/interconnect_axilite_user/m00_couplers/auto_cc/inst'
WARNING: [Vivado_Tcl 4-939] Waiver ID 'LUTAR-1' object list should not be empty (perhaps an invalid wildcard was used or only unsupported objects). [/data/tmp/chuxiao/spine_opt_v2_hw_150_20260728/temp/partitioned_split_e2e_link/link/vivado/vpl/prj/prj.gen/my_rm/bd/ulp/ip/ulp_auto_cc_0/ulp_auto_cc_0_clocks.xdc:17]
Finished Parsing XDC File [/data/tmp/chuxiao/spine_opt_v2_hw_150_20260728/temp/partitioned_split_e2e_link/link/vivado/vpl/prj/prj.gen/my_rm/bd/ulp/ip/ulp_auto_cc_0/ulp_auto_cc_0_clocks.xdc] for cell 'level0_i/ulp/SLR0/interconnect_axilite_user/m00_couplers/auto_cc/inst'
Parsing XDC File [/data/tmp/chuxiao/spine_opt_v2_hw_150_20260728/temp/partitioned_split_e2e_link/link/vivado/vpl/prj/prj.gen/my_rm/bd/ulp/ip/ulp_auto_cc_1/ulp_auto_cc_1_clocks.xdc] for cell 'level0_i/ulp/SLR0/interconnect_axilite_user/m01_couplers/auto_cc/inst'
WARNING: [Vivado_Tcl 4-939] Waiver ID 'LUTAR-1' object list should not be empty (perhaps an invalid wildcard was used or only unsupported objects). [/data/tmp/chuxiao/spine_opt_v2_hw_150_20260728/temp/partitioned_split_e2e_link/link/vivado/vpl/prj/prj.gen/my_rm/bd/ulp/ip/ulp_auto_cc_1/ulp_auto_cc_1_clocks.xdc:17]
Finished Parsing XDC File [/data/tmp/chuxiao/spine_opt_v2_hw_150_20260728/temp/partitioned_split_e2e_link/link/vivado/vpl/prj/prj.gen/my_rm/bd/ulp/ip/ulp_auto_cc_1/ulp_auto_cc_1_clocks.xdc] for cell 'level0_i/ulp/SLR0/interconnect_axilite_user/m01_couplers/auto_cc/inst'
Parsing XDC File [/data/tmp/chuxiao/spine_opt_v2_hw_150_20260728/temp/partitioned_split_e2e_link/link/vivado/vpl/prj/prj.gen/my_rm/bd/ulp/ip/ulp_auto_cc_2/ulp_auto_cc_2_clocks.xdc] for cell 'level0_i/ulp/SLR1/interconnect_axilite_user/m00_couplers/auto_cc/inst'
WARNING: [Vivado_Tcl 4-939] Waiver ID 'LUTAR-1' object list should not be empty (perhaps an invalid wildcard was used or only unsupported objects). [/data/tmp/chuxiao/spine_opt_v2_hw_150_20260728/temp/partitioned_split_e2e_link/link/vivado/vpl/prj/prj.gen/my_rm/bd/ulp/ip/ulp_auto_cc_2/ulp_auto_cc_2_clocks.xdc:17]
Finished Parsing XDC File [/data/tmp/chuxiao/spine_opt_v2_hw_150_20260728/temp/partitioned_split_e2e_link/link/vivado/vpl/prj/prj.gen/my_rm/bd/ulp/ip/ulp_auto_cc_2/ulp_auto_cc_2_clocks.xdc] for cell 'level0_i/ulp/SLR1/interconnect_axilite_user/m00_couplers/auto_cc/inst'
Parsing XDC File [/data/tmp/chuxiao/spine_opt_v2_hw_150_20260728/temp/partitioned_split_e2e_link/link/vivado/vpl/prj/prj.gen/my_rm/bd/ulp/ip/ulp_auto_cc_3/ulp_auto_cc_3_clocks.xdc] for cell 'level0_i/ulp/SLR1/interconnect_axilite_user/m01_couplers/auto_cc/inst'
WARNING: [Vivado_Tcl 4-939] Waiver ID 'LUTAR-1' object list should not be empty (perhaps an invalid wildcard was used or only unsupported objects). [/data/tmp/chuxiao/spine_opt_v2_hw_150_20260728/temp/partitioned_split_e2e_link/link/vivado/vpl/prj/prj.gen/my_rm/bd/ulp/ip/ulp_auto_cc_3/ulp_auto_cc_3_clocks.xdc:17]
Finished Parsing XDC File [/data/tmp/chuxiao/spine_opt_v2_hw_150_20260728/temp/partitioned_split_e2e_link/link/vivado/vpl/prj/prj.gen/my_rm/bd/ulp/ip/ulp_auto_cc_3/ulp_auto_cc_3_clocks.xdc] for cell 'level0_i/ulp/SLR1/interconnect_axilite_user/m01_couplers/auto_cc/inst'
Parsing XDC File [/data/tmp/chuxiao/spine_opt_v2_hw_150_20260728/temp/partitioned_split_e2e_link/link/vivado/vpl/prj/prj.gen/my_rm/bd/ulp/ip/ulp_auto_cc_4/ulp_auto_cc_4_clocks.xdc] for cell 'level0_i/ulp/SLR2/interconnect_axilite_user/s00_couplers/auto_cc/inst'
WARNING: [Vivado_Tcl 4-939] Waiver ID 'LUTAR-1' object list should not be empty (perhaps an invalid wildcard was used or only unsupported objects). [/data/tmp/chuxiao/spine_opt_v2_hw_150_20260728/temp/partitioned_split_e2e_link/link/vivado/vpl/prj/prj.gen/my_rm/bd/ulp/ip/ulp_auto_cc_4/ulp_auto_cc_4_clocks.xdc:17]
Finished Parsing XDC File [/data/tmp/chuxiao/spine_opt_v2_hw_150_20260728/temp/partitioned_split_e2e_link/link/vivado/vpl/prj/prj.gen/my_rm/bd/ulp/ip/ulp_auto_cc_4/ulp_auto_cc_4_clocks.xdc] for cell 'level0_i/ulp/SLR2/interconnect_axilite_user/s00_couplers/auto_cc/inst'
Parsing XDC File [/data/tmp/chuxiao/spine_opt_v2_hw_150_20260728/temp/partitioned_split_e2e_link/link/vivado/vpl/prj/prj.gen/my_rm/bd/ulp/ip/ulp_hmss_0_0/bd_0/ip/ip_5/bd_85ad_slice1_0_0_clocks.xdc] for cell 'level0_i/ulp/hmss_0/inst/path_0/slice1_0/inst'
Finished Parsing XDC File [/data/tmp/chuxiao/spine_opt_v2_hw_150_20260728/temp/partitioned_split_e2e_link/link/vivado/vpl/prj/prj.gen/my_rm/bd/ulp/ip/ulp_hmss_0_0/bd_0/ip/ip_5/bd_85ad_slice1_0_0_clocks.xdc] for cell 'level0_i/ulp/hmss_0/inst/path_0/slice1_0/inst'
Parsing XDC File [/data/tmp/chuxiao/spine_opt_v2_hw_150_20260728/temp/partitioned_split_e2e_link/link/vivado/vpl/prj/prj.gen/my_rm/bd/ulp/ip/ulp_hmss_0_0/bd_0/ip/ip_8/bd_85ad_slice2_1_0_clocks.xdc] for cell 'level0_i/ulp/hmss_0/inst/path_1/slice2_1/inst'
Finished Parsing XDC File [/data/tmp/chuxiao/spine_opt_v2_hw_150_20260728/temp/partitioned_split_e2e_link/link/vivado/vpl/prj/prj.gen/my_rm/bd/ulp/ip/ulp_hmss_0_0/bd_0/ip/ip_8/bd_85ad_slice2_1_0_clocks.xdc] for cell 'level0_i/ulp/hmss_0/inst/path_1/slice2_1/inst'
Parsing XDC File [/data/tmp/chuxiao/spine_opt_v2_hw_150_20260728/temp/partitioned_split_e2e_link/link/vivado/vpl/prj/prj.gen/my_rm/bd/ulp/ip/ulp_hmss_0_0/bd_0/ip/ip_11/bd_85ad_slice3_2_0_clocks.xdc] for cell 'level0_i/ulp/hmss_0/inst/path_2/slice3_2/inst'
Finished Parsing XDC File [/data/tmp/chuxiao/spine_opt_v2_hw_150_20260728/temp/partitioned_split_e2e_link/link/vivado/vpl/prj/prj.gen/my_rm/bd/ulp/ip/ulp_hmss_0_0/bd_0/ip/ip_11/bd_85ad_slice3_2_0_clocks.xdc] for cell 'level0_i/ulp/hmss_0/inst/path_2/slice3_2/inst'
Parsing XDC File [/data/tmp/chuxiao/spine_opt_v2_hw_150_20260728/temp/partitioned_split_e2e_link/link/vivado/vpl/prj/prj.gen/my_rm/bd/ulp/ip/ulp_hmss_0_0/bd_0/ip/ip_14/bd_85ad_slice4_3_0_clocks.xdc] for cell 'level0_i/ulp/hmss_0/inst/path_3/slice4_3/inst'
Finished Parsing XDC File [/data/tmp/chuxiao/spine_opt_v2_hw_150_20260728/temp/partitioned_split_e2e_link/link/vivado/vpl/prj/prj.gen/my_rm/bd/ulp/ip/ulp_hmss_0_0/bd_0/ip/ip_14/bd_85ad_slice4_3_0_clocks.xdc] for cell 'level0_i/ulp/hmss_0/inst/path_3/slice4_3/inst'
Parsing XDC File [/data/tmp/chuxiao/spine_opt_v2_hw_150_20260728/temp/partitioned_split_e2e_link/link/vivado/vpl/prj/prj.gen/my_rm/bd/ulp/ip/ulp_hmss_0_0/bd_0/ip/ip_17/bd_85ad_slice5_4_0_clocks.xdc] for cell 'level0_i/ulp/hmss_0/inst/path_4/slice5_4/inst'
Finished Parsing XDC File [/data/tmp/chuxiao/spine_opt_v2_hw_150_20260728/temp/partitioned_split_e2e_link/link/vivado/vpl/prj/prj.gen/my_rm/bd/ulp/ip/ulp_hmss_0_0/bd_0/ip/ip_17/bd_85ad_slice5_4_0_clocks.xdc] for cell 'level0_i/ulp/hmss_0/inst/path_4/slice5_4/inst'
Parsing XDC File [/data/tmp/chuxiao/spine_opt_v2_hw_150_20260728/temp/partitioned_split_e2e_link/link/vivado/vpl/prj/prj.gen/my_rm/bd/ulp/ip/ulp_hmss_0_0/bd_0/ip/ip_20/bd_85ad_slice6_5_0_clocks.xdc] for cell 'level0_i/ulp/hmss_0/inst/path_5/slice6_5/inst'
Finished Parsing XDC File [/data/tmp/chuxiao/spine_opt_v2_hw_150_20260728/temp/partitioned_split_e2e_link/link/vivado/vpl/prj/prj.gen/my_rm/bd/ulp/ip/ulp_hmss_0_0/bd_0/ip/ip_20/bd_85ad_slice6_5_0_clocks.xdc] for cell 'level0_i/ulp/hmss_0/inst/path_5/slice6_5/inst'
Parsing XDC File [/data/tmp/chuxiao/spine_opt_v2_hw_150_20260728/temp/partitioned_split_e2e_link/link/vivado/vpl/prj/prj.gen/my_rm/bd/ulp/ip/ulp_hmss_0_0/bd_0/ip/ip_23/bd_85ad_slice7_6_0_clocks.xdc] for cell 'level0_i/ulp/hmss_0/inst/path_6/slice7_6/inst'
Finished Parsing XDC File [/data/tmp/chuxiao/spine_opt_v2_hw_150_20260728/temp/partitioned_split_e2e_link/link/vivado/vpl/prj/prj.gen/my_rm/bd/ulp/ip/ulp_hmss_0_0/bd_0/ip/ip_23/bd_85ad_slice7_6_0_clocks.xdc] for cell 'level0_i/ulp/hmss_0/inst/path_6/slice7_6/inst'
Parsing XDC File [/data/tmp/chuxiao/spine_opt_v2_hw_150_20260728/temp/partitioned_split_e2e_link/link/vivado/vpl/prj/prj.gen/my_rm/bd/ulp/ip/ulp_hmss_0_0/bd_0/ip/ip_26/bd_85ad_slice8_7_0_clocks.xdc] for cell 'level0_i/ulp/hmss_0/inst/path_7/slice8_7/inst'
Finished Parsing XDC File [/data/tmp/chuxiao/spine_opt_v2_hw_150_20260728/temp/partitioned_split_e2e_link/link/vivado/vpl/prj/prj.gen/my_rm/bd/ulp/ip/ulp_hmss_0_0/bd_0/ip/ip_26/bd_85ad_slice8_7_0_clocks.xdc] for cell 'level0_i/ulp/hmss_0/inst/path_7/slice8_7/inst'
Parsing XDC File [/data/tmp/chuxiao/spine_opt_v2_hw_150_20260728/temp/partitioned_split_e2e_link/link/vivado/vpl/prj/prj.gen/my_rm/bd/ulp/ip/ulp_hmss_0_0/bd_0/ip/ip_29/bd_85ad_slice9_8_0_clocks.xdc] for cell 'level0_i/ulp/hmss_0/inst/path_8/slice9_8/inst'
Finished Parsing XDC File [/data/tmp/chuxiao/spine_opt_v2_hw_150_20260728/temp/partitioned_split_e2e_link/link/vivado/vpl/prj/prj.gen/my_rm/bd/ulp/ip/ulp_hmss_0_0/bd_0/ip/ip_29/bd_85ad_slice9_8_0_clocks.xdc] for cell 'level0_i/ulp/hmss_0/inst/path_8/slice9_8/inst'
Parsing XDC File [/data/tmp/chuxiao/spine_opt_v2_hw_150_20260728/temp/partitioned_split_e2e_link/link/vivado/vpl/prj/prj.gen/my_rm/bd/ulp/ip/ulp_hmss_0_0/bd_0/ip/ip_32/bd_85ad_slice10_9_0_clocks.xdc] for cell 'level0_i/ulp/hmss_0/inst/path_9/slice10_9/inst'
Finished Parsing XDC File [/data/tmp/chuxiao/spine_opt_v2_hw_150_20260728/temp/partitioned_split_e2e_link/link/vivado/vpl/prj/prj.gen/my_rm/bd/ulp/ip/ulp_hmss_0_0/bd_0/ip/ip_32/bd_85ad_slice10_9_0_clocks.xdc] for cell 'level0_i/ulp/hmss_0/inst/path_9/slice10_9/inst'
Parsing XDC File [/data/tmp/chuxiao/spine_opt_v2_hw_150_20260728/temp/partitioned_split_e2e_link/link/vivado/vpl/prj/prj.gen/my_rm/bd/ulp/ip/ulp_hmss_0_0/bd_0/ip/ip_35/bd_85ad_slice11_10_0_clocks.xdc] for cell 'level0_i/ulp/hmss_0/inst/path_10/slice11_10/inst'
Finished Parsing XDC File [/data/tmp/chuxiao/spine_opt_v2_hw_150_20260728/temp/partitioned_split_e2e_link/link/vivado/vpl/prj/prj.gen/my_rm/bd/ulp/ip/ulp_hmss_0_0/bd_0/ip/ip_35/bd_85ad_slice11_10_0_clocks.xdc] for cell 'level0_i/ulp/hmss_0/inst/path_10/slice11_10/inst'
Parsing XDC File [/data/tmp/chuxiao/spine_opt_v2_hw_150_20260728/temp/partitioned_split_e2e_link/link/vivado/vpl/prj/prj.gen/my_rm/bd/ulp/ip/ulp_hmss_0_0/bd_0/ip/ip_38/bd_85ad_slice12_11_0_clocks.xdc] for cell 'level0_i/ulp/hmss_0/inst/path_11/slice12_11/inst'
Finished Parsing XDC File [/data/tmp/chuxiao/spine_opt_v2_hw_150_20260728/temp/partitioned_split_e2e_link/link/vivado/vpl/prj/prj.gen/my_rm/bd/ulp/ip/ulp_hmss_0_0/bd_0/ip/ip_38/bd_85ad_slice12_11_0_clocks.xdc] for cell 'level0_i/ulp/hmss_0/inst/path_11/slice12_11/inst'
Parsing XDC File [/data/tmp/chuxiao/spine_opt_v2_hw_150_20260728/temp/partitioned_split_e2e_link/link/vivado/vpl/prj/prj.gen/my_rm/bd/ulp/ip/ulp_hmss_0_0/bd_0/ip/ip_41/bd_85ad_slice13_12_0_clocks.xdc] for cell 'level0_i/ulp/hmss_0/inst/path_12/slice13_12/inst'
Finished Parsing XDC File [/data/tmp/chuxiao/spine_opt_v2_hw_150_20260728/temp/partitioned_split_e2e_link/link/vivado/vpl/prj/prj.gen/my_rm/bd/ulp/ip/ulp_hmss_0_0/bd_0/ip/ip_41/bd_85ad_slice13_12_0_clocks.xdc] for cell 'level0_i/ulp/hmss_0/inst/path_12/slice13_12/inst'
Parsing XDC File [/data/tmp/chuxiao/spine_opt_v2_hw_150_20260728/temp/partitioned_split_e2e_link/link/vivado/vpl/prj/prj.gen/my_rm/bd/ulp/ip/ulp_hmss_0_0/bd_0/ip/ip_44/bd_85ad_slice14_13_0_clocks.xdc] for cell 'level0_i/ulp/hmss_0/inst/path_13/slice14_13/inst'
Finished Parsing XDC File [/data/tmp/chuxiao/spine_opt_v2_hw_150_20260728/temp/partitioned_split_e2e_link/link/vivado/vpl/prj/prj.gen/my_rm/bd/ulp/ip/ulp_hmss_0_0/bd_0/ip/ip_44/bd_85ad_slice14_13_0_clocks.xdc] for cell 'level0_i/ulp/hmss_0/inst/path_13/slice14_13/inst'
Parsing XDC File [/data/tmp/chuxiao/spine_opt_v2_hw_150_20260728/temp/partitioned_split_e2e_link/link/vivado/vpl/prj/prj.gen/my_rm/bd/ulp/ip/ulp_hmss_0_0/bd_0/ip/ip_47/bd_85ad_slice15_14_0_clocks.xdc] for cell 'level0_i/ulp/hmss_0/inst/path_14/slice15_14/inst'
Finished Parsing XDC File [/data/tmp/chuxiao/spine_opt_v2_hw_150_20260728/temp/partitioned_split_e2e_link/link/vivado/vpl/prj/prj.gen/my_rm/bd/ulp/ip/ulp_hmss_0_0/bd_0/ip/ip_47/bd_85ad_slice15_14_0_clocks.xdc] for cell 'level0_i/ulp/hmss_0/inst/path_14/slice15_14/inst'
Parsing XDC File [/data/tmp/chuxiao/spine_opt_v2_hw_150_20260728/temp/partitioned_split_e2e_link/link/vivado/vpl/prj/prj.gen/my_rm/bd/ulp/ip/ulp_hmss_0_0/bd_0/ip/ip_50/bd_85ad_slice16_15_0_clocks.xdc] for cell 'level0_i/ulp/hmss_0/inst/path_15/slice16_15/inst'
Finished Parsing XDC File [/data/tmp/chuxiao/spine_opt_v2_hw_150_20260728/temp/partitioned_split_e2e_link/link/vivado/vpl/prj/prj.gen/my_rm/bd/ulp/ip/ulp_hmss_0_0/bd_0/ip/ip_50/bd_85ad_slice16_15_0_clocks.xdc] for cell 'level0_i/ulp/hmss_0/inst/path_15/slice16_15/inst'
Parsing XDC File [/data/tmp/chuxiao/spine_opt_v2_hw_150_20260728/temp/partitioned_split_e2e_link/link/vivado/vpl/prj/prj.gen/my_rm/bd/ulp/ip/ulp_hmss_0_0/bd_0/ip/ip_53/bd_85ad_slice17_16_0_clocks.xdc] for cell 'level0_i/ulp/hmss_0/inst/path_16/slice17_16/inst'
Finished Parsing XDC File [/data/tmp/chuxiao/spine_opt_v2_hw_150_20260728/temp/partitioned_split_e2e_link/link/vivado/vpl/prj/prj.gen/my_rm/bd/ulp/ip/ulp_hmss_0_0/bd_0/ip/ip_53/bd_85ad_slice17_16_0_clocks.xdc] for cell 'level0_i/ulp/hmss_0/inst/path_16/slice17_16/inst'
Parsing XDC File [/data/tmp/chuxiao/spine_opt_v2_hw_150_20260728/temp/partitioned_split_e2e_link/link/vivado/vpl/prj/prj.gen/my_rm/bd/ulp/ip/ulp_hmss_0_0/bd_0/ip/ip_56/bd_85ad_slice18_17_0_clocks.xdc] for cell 'level0_i/ulp/hmss_0/inst/path_17/slice18_17/inst'
Finished Parsing XDC File [/data/tmp/chuxiao/spine_opt_v2_hw_150_20260728/temp/partitioned_split_e2e_link/link/vivado/vpl/prj/prj.gen/my_rm/bd/ulp/ip/ulp_hmss_0_0/bd_0/ip/ip_56/bd_85ad_slice18_17_0_clocks.xdc] for cell 'level0_i/ulp/hmss_0/inst/path_17/slice18_17/inst'
Parsing XDC File [/data/tmp/chuxiao/spine_opt_v2_hw_150_20260728/temp/partitioned_split_e2e_link/link/vivado/vpl/prj/prj.gen/my_rm/bd/ulp/ip/ulp_hmss_0_0/bd_0/ip/ip_59/bd_85ad_slice21_18_0_clocks.xdc] for cell 'level0_i/ulp/hmss_0/inst/path_18/slice21_18/inst'
Finished Parsing XDC File [/data/tmp/chuxiao/spine_opt_v2_hw_150_20260728/temp/partitioned_split_e2e_link/link/vivado/vpl/prj/prj.gen/my_rm/bd/ulp/ip/ulp_hmss_0_0/bd_0/ip/ip_59/bd_85ad_slice21_18_0_clocks.xdc] for cell 'level0_i/ulp/hmss_0/inst/path_18/slice21_18/inst'
Parsing XDC File [/data/tmp/chuxiao/spine_opt_v2_hw_150_20260728/temp/partitioned_split_e2e_link/link/vivado/vpl/prj/prj.gen/my_rm/bd/ulp/ip/ulp_hmss_0_0/bd_0/ip/ip_62/bd_85ad_slice22_19_0_clocks.xdc] for cell 'level0_i/ulp/hmss_0/inst/path_19/slice22_19/inst'
Finished Parsing XDC File [/data/tmp/chuxiao/spine_opt_v2_hw_150_20260728/temp/partitioned_split_e2e_link/link/vivado/vpl/prj/prj.gen/my_rm/bd/ulp/ip/ulp_hmss_0_0/bd_0/ip/ip_62/bd_85ad_slice22_19_0_clocks.xdc] for cell 'level0_i/ulp/hmss_0/inst/path_19/slice22_19/inst'
Parsing XDC File [/data/tmp/chuxiao/spine_opt_v2_hw_150_20260728/temp/partitioned_split_e2e_link/link/vivado/vpl/prj/prj.gen/my_rm/bd/ulp/ip/ulp_hmss_0_0/bd_0/ip/ip_65/bd_85ad_slice19_20_0_clocks.xdc] for cell 'level0_i/ulp/hmss_0/inst/path_20/slice19_20/inst'
Finished Parsing XDC File [/data/tmp/chuxiao/spine_opt_v2_hw_150_20260728/temp/partitioned_split_e2e_link/link/vivado/vpl/prj/prj.gen/my_rm/bd/ulp/ip/ulp_hmss_0_0/bd_0/ip/ip_65/bd_85ad_slice19_20_0_clocks.xdc] for cell 'level0_i/ulp/hmss_0/inst/path_20/slice19_20/inst'
Parsing XDC File [/data/tmp/chuxiao/spine_opt_v2_hw_150_20260728/temp/partitioned_split_e2e_link/link/vivado/vpl/prj/prj.gen/my_rm/bd/ulp/ip/ulp_hmss_0_0/bd_0/ip/ip_68/bd_85ad_slice20_21_0_clocks.xdc] for cell 'level0_i/ulp/hmss_0/inst/path_21/slice20_21/inst'
Finished Parsing XDC File [/data/tmp/chuxiao/spine_opt_v2_hw_150_20260728/temp/partitioned_split_e2e_link/link/vivado/vpl/prj/prj.gen/my_rm/bd/ulp/ip/ulp_hmss_0_0/bd_0/ip/ip_68/bd_85ad_slice20_21_0_clocks.xdc] for cell 'level0_i/ulp/hmss_0/inst/path_21/slice20_21/inst'
Parsing XDC File [/data/tmp/chuxiao/spine_opt_v2_hw_150_20260728/temp/partitioned_split_e2e_link/link/vivado/vpl/prj/prj.gen/my_rm/bd/ulp/ip/ulp_hmss_0_0/bd_0/ip/ip_71/bd_85ad_slice23_22_0_clocks.xdc] for cell 'level0_i/ulp/hmss_0/inst/path_22/slice23_22/inst'
Finished Parsing XDC File [/data/tmp/chuxiao/spine_opt_v2_hw_150_20260728/temp/partitioned_split_e2e_link/link/vivado/vpl/prj/prj.gen/my_rm/bd/ulp/ip/ulp_hmss_0_0/bd_0/ip/ip_71/bd_85ad_slice23_22_0_clocks.xdc] for cell 'level0_i/ulp/hmss_0/inst/path_22/slice23_22/inst'
Parsing XDC File [/data/tmp/chuxiao/spine_opt_v2_hw_150_20260728/temp/partitioned_split_e2e_link/link/vivado/vpl/prj/prj.gen/my_rm/bd/ulp/ip/ulp_hmss_0_0/bd_0/ip/ip_74/bd_85ad_slice24_23_0_clocks.xdc] for cell 'level0_i/ulp/hmss_0/inst/path_23/slice24_23/inst'
Finished Parsing XDC File [/data/tmp/chuxiao/spine_opt_v2_hw_150_20260728/temp/partitioned_split_e2e_link/link/vivado/vpl/prj/prj.gen/my_rm/bd/ulp/ip/ulp_hmss_0_0/bd_0/ip/ip_74/bd_85ad_slice24_23_0_clocks.xdc] for cell 'level0_i/ulp/hmss_0/inst/path_23/slice24_23/inst'
Parsing XDC File [/data/tmp/chuxiao/spine_opt_v2_hw_150_20260728/temp/partitioned_split_e2e_link/link/vivado/vpl/prj/prj.gen/my_rm/bd/ulp/ip/ulp_hmss_0_0/bd_0/ip/ip_77/bd_85ad_slice0_24_0_clocks.xdc] for cell 'level0_i/ulp/hmss_0/inst/path_24/slice0_24/inst'
Finished Parsing XDC File [/data/tmp/chuxiao/spine_opt_v2_hw_150_20260728/temp/partitioned_split_e2e_link/link/vivado/vpl/prj/prj.gen/my_rm/bd/ulp/ip/ulp_hmss_0_0/bd_0/ip/ip_77/bd_85ad_slice0_24_0_clocks.xdc] for cell 'level0_i/ulp/hmss_0/inst/path_24/slice0_24/inst'
Parsing XDC File [/data/tmp/chuxiao/spine_opt_v2_hw_150_20260728/temp/partitioned_split_e2e_link/link/vivado/vpl/prj/prj.gen/my_rm/bd/ulp/ip/ulp_hmss_0_0/ulp_hmss_0_0.xdc] for cell 'level0_i/ulp/hmss_0/inst'
INFO: [Vivado 12-3520] Assignment of 'interconnect1_0' to a pblock 'pblock_dynamic_SLR0' means that all children of 'path_0' are in the pblock. Changing the pblock assignment to 'path_0'. [/data/tmp/chuxiao/spine_opt_v2_hw_150_20260728/temp/partitioned_split_e2e_link/link/vivado/vpl/prj/prj.gen/my_rm/bd/ulp/ip/ulp_hmss_0_0/ulp_hmss_0_0.xdc:62]
INFO: [Vivado 12-3520] Assignment of 'interconnect2_1' to a pblock 'pblock_dynamic_SLR0' means that all children of 'path_1' are in the pblock. Changing the pblock assignment to 'path_1'. [/data/tmp/chuxiao/spine_opt_v2_hw_150_20260728/temp/partitioned_split_e2e_link/link/vivado/vpl/prj/prj.gen/my_rm/bd/ulp/ip/ulp_hmss_0_0/ulp_hmss_0_0.xdc:66]
INFO: [Vivado 12-3520] Assignment of 'interconnect3_2' to a pblock 'pblock_dynamic_SLR0' means that all children of 'path_2' are in the pblock. Changing the pblock assignment to 'path_2'. [/data/tmp/chuxiao/spine_opt_v2_hw_150_20260728/temp/partitioned_split_e2e_link/link/vivado/vpl/prj/prj.gen/my_rm/bd/ulp/ip/ulp_hmss_0_0/ulp_hmss_0_0.xdc:70]
INFO: [Vivado 12-3520] Assignment of 'interconnect4_3' to a pblock 'pblock_dynamic_SLR0' means that all children of 'path_3' are in the pblock. Changing the pblock assignment to 'path_3'. [/data/tmp/chuxiao/spine_opt_v2_hw_150_20260728/temp/partitioned_split_e2e_link/link/vivado/vpl/prj/prj.gen/my_rm/bd/ulp/ip/ulp_hmss_0_0/ulp_hmss_0_0.xdc:74]
INFO: [Vivado 12-3520] Assignment of 'interconnect5_4' to a pblock 'pblock_dynamic_SLR0' means that all children of 'path_4' are in the pblock. Changing the pblock assignment to 'path_4'. [/data/tmp/chuxiao/spine_opt_v2_hw_150_20260728/temp/partitioned_split_e2e_link/link/vivado/vpl/prj/prj.gen/my_rm/bd/ulp/ip/ulp_hmss_0_0/ulp_hmss_0_0.xdc:78]
INFO: [Vivado 12-3520] Assignment of 'interconnect6_5' to a pblock 'pblock_dynamic_SLR0' means that all children of 'path_5' are in the pblock. Changing the pblock assignment to 'path_5'. [/data/tmp/chuxiao/spine_opt_v2_hw_150_20260728/temp/partitioned_split_e2e_link/link/vivado/vpl/prj/prj.gen/my_rm/bd/ulp/ip/ulp_hmss_0_0/ulp_hmss_0_0.xdc:82]
INFO: [Vivado 12-3520] Assignment of 'interconnect7_6' to a pblock 'pblock_dynamic_SLR0' means that all children of 'path_6' are in the pblock. Changing the pblock assignment to 'path_6'. [/data/tmp/chuxiao/spine_opt_v2_hw_150_20260728/temp/partitioned_split_e2e_link/link/vivado/vpl/prj/prj.gen/my_rm/bd/ulp/ip/ulp_hmss_0_0/ulp_hmss_0_0.xdc:86]
INFO: [Vivado 12-3520] Assignment of 'interconnect8_7' to a pblock 'pblock_dynamic_SLR0' means that all children of 'path_7' are in the pblock. Changing the pblock assignment to 'path_7'. [/data/tmp/chuxiao/spine_opt_v2_hw_150_20260728/temp/partitioned_split_e2e_link/link/vivado/vpl/prj/prj.gen/my_rm/bd/ulp/ip/ulp_hmss_0_0/ulp_hmss_0_0.xdc:90]
INFO: [Vivado 12-3520] Assignment of 'interconnect9_8' to a pblock 'pblock_dynamic_SLR0' means that all children of 'path_8' are in the pblock. Changing the pblock assignment to 'path_8'. [/data/tmp/chuxiao/spine_opt_v2_hw_150_20260728/temp/partitioned_split_e2e_link/link/vivado/vpl/prj/prj.gen/my_rm/bd/ulp/ip/ulp_hmss_0_0/ulp_hmss_0_0.xdc:94]
INFO: [Vivado 12-3520] Assignment of 'interconnect10_9' to a pblock 'pblock_dynamic_SLR0' means that all children of 'path_9' are in the pblock. Changing the pblock assignment to 'path_9'. [/data/tmp/chuxiao/spine_opt_v2_hw_150_20260728/temp/partitioned_split_e2e_link/link/vivado/vpl/prj/prj.gen/my_rm/bd/ulp/ip/ulp_hmss_0_0/ulp_hmss_0_0.xdc:98]
INFO: [Vivado 12-3520] Assignment of 'interconnect11_10' to a pblock 'pblock_dynamic_SLR0' means that all children of 'path_10' are in the pblock. Changing the pblock assignment to 'path_10'. [/data/tmp/chuxiao/spine_opt_v2_hw_150_20260728/temp/partitioned_split_e2e_link/link/vivado/vpl/prj/prj.gen/my_rm/bd/ulp/ip/ulp_hmss_0_0/ulp_hmss_0_0.xdc:102]
INFO: [Vivado 12-3520] Assignment of 'interconnect12_11' to a pblock 'pblock_dynamic_SLR0' means that all children of 'path_11' are in the pblock. Changing the pblock assignment to 'path_11'. [/data/tmp/chuxiao/spine_opt_v2_hw_150_20260728/temp/partitioned_split_e2e_link/link/vivado/vpl/prj/prj.gen/my_rm/bd/ulp/ip/ulp_hmss_0_0/ulp_hmss_0_0.xdc:106]
INFO: [Vivado 12-3520] Assignment of 'interconnect13_12' to a pblock 'pblock_dynamic_SLR0' means that all children of 'path_12' are in the pblock. Changing the pblock assignment to 'path_12'. [/data/tmp/chuxiao/spine_opt_v2_hw_150_20260728/temp/partitioned_split_e2e_link/link/vivado/vpl/prj/prj.gen/my_rm/bd/ulp/ip/ulp_hmss_0_0/ulp_hmss_0_0.xdc:110]
INFO: [Vivado 12-3520] Assignment of 'interconnect14_13' to a pblock 'pblock_dynamic_SLR0' means that all children of 'path_13' are in the pblock. Changing the pblock assignment to 'path_13'. [/data/tmp/chuxiao/spine_opt_v2_hw_150_20260728/temp/partitioned_split_e2e_link/link/vivado/vpl/prj/prj.gen/my_rm/bd/ulp/ip/ulp_hmss_0_0/ulp_hmss_0_0.xdc:114]
INFO: [Vivado 12-3520] Assignment of 'interconnect15_14' to a pblock 'pblock_dynamic_SLR0' means that all children of 'path_14' are in the pblock. Changing the pblock assignment to 'path_14'. [/data/tmp/chuxiao/spine_opt_v2_hw_150_20260728/temp/partitioned_split_e2e_link/link/vivado/vpl/prj/prj.gen/my_rm/bd/ulp/ip/ulp_hmss_0_0/ulp_hmss_0_0.xdc:118]
INFO: [Vivado 12-3520] Assignment of 'interconnect16_15' to a pblock 'pblock_dynamic_SLR0' means that all children of 'path_15' are in the pblock. Changing the pblock assignment to 'path_15'. [/data/tmp/chuxiao/spine_opt_v2_hw_150_20260728/temp/partitioned_split_e2e_link/link/vivado/vpl/prj/prj.gen/my_rm/bd/ulp/ip/ulp_hmss_0_0/ulp_hmss_0_0.xdc:122]
INFO: [Vivado 12-3520] Assignment of 'interconnect17_16' to a pblock 'pblock_dynamic_SLR0' means that all children of 'path_16' are in the pblock. Changing the pblock assignment to 'path_16'. [/data/tmp/chuxiao/spine_opt_v2_hw_150_20260728/temp/partitioned_split_e2e_link/link/vivado/vpl/prj/prj.gen/my_rm/bd/ulp/ip/ulp_hmss_0_0/ulp_hmss_0_0.xdc:126]
INFO: [Vivado 12-3520] Assignment of 'interconnect19_20' to a pblock 'pblock_dynamic_SLR0' means that all children of 'path_20' are in the pblock. Changing the pblock assignment to 'path_20'. [/data/tmp/chuxiao/spine_opt_v2_hw_150_20260728/temp/partitioned_split_e2e_link/link/vivado/vpl/prj/prj.gen/my_rm/bd/ulp/ip/ulp_hmss_0_0/ulp_hmss_0_0.xdc:134]
Finished Parsing XDC File [/data/tmp/chuxiao/spine_opt_v2_hw_150_20260728/temp/partitioned_split_e2e_link/link/vivado/vpl/prj/prj.gen/my_rm/bd/ulp/ip/ulp_hmss_0_0/ulp_hmss_0_0.xdc] for cell 'level0_i/ulp/hmss_0/inst'
Parsing XDC File [/data/tmp/chuxiao/spine_opt_v2_hw_150_20260728/temp/partitioned_split_e2e_link/link/vivado/vpl/prj/prj.gen/my_rm/bd/ulp/ip/ulp_ii_level0_wire_0/bd_0/ip/ip_5/bd_5941_s_ip_axi_ctrl_mgmt_00_0_clocks.xdc] for cell 'level0_i/ulp/ii_level0_wire/inst/pxi_ii_core/inst/s_ip_axi_ctrl_mgmt_00/inst'
Finished Parsing XDC File [/data/tmp/chuxiao/spine_opt_v2_hw_150_20260728/temp/partitioned_split_e2e_link/link/vivado/vpl/prj/prj.gen/my_rm/bd/ulp/ip/ulp_ii_level0_wire_0/bd_0/ip/ip_5/bd_5941_s_ip_axi_ctrl_mgmt_00_0_clocks.xdc] for cell 'level0_i/ulp/ii_level0_wire/inst/pxi_ii_core/inst/s_ip_axi_ctrl_mgmt_00/inst'
Parsing XDC File [/data/tmp/chuxiao/spine_opt_v2_hw_150_20260728/temp/partitioned_split_e2e_link/link/vivado/vpl/prj/prj.gen/my_rm/bd/ulp/ip/ulp_ii_level0_wire_0/bd_0/ip/ip_6/bd_5941_m_ip_axi_ctrl_mgmt_00_0_clocks.xdc] for cell 'level0_i/ulp/ii_level0_wire/inst/pxi_ii_core/inst/m_ip_axi_ctrl_mgmt_00/inst'
Finished Parsing XDC File [/data/tmp/chuxiao/spine_opt_v2_hw_150_20260728/temp/partitioned_split_e2e_link/link/vivado/vpl/prj/prj.gen/my_rm/bd/ulp/ip/ulp_ii_level0_wire_0/bd_0/ip/ip_6/bd_5941_m_ip_axi_ctrl_mgmt_00_0_clocks.xdc] for cell 'level0_i/ulp/ii_level0_wire/inst/pxi_ii_core/inst/m_ip_axi_ctrl_mgmt_00/inst'
Parsing XDC File [/data/tmp/chuxiao/spine_opt_v2_hw_150_20260728/temp/partitioned_split_e2e_link/link/vivado/vpl/prj/prj.gen/my_rm/bd/ulp/ip/ulp_ii_level0_wire_0/bd_0/ip/ip_7/bd_5941_s_ip_axi_ctrl_mgmt_01_0_clocks.xdc] for cell 'level0_i/ulp/ii_level0_wire/inst/pxi_ii_core/inst/s_ip_axi_ctrl_mgmt_01/inst'
Finished Parsing XDC File [/data/tmp/chuxiao/spine_opt_v2_hw_150_20260728/temp/partitioned_split_e2e_link/link/vivado/vpl/prj/prj.gen/my_rm/bd/ulp/ip/ulp_ii_level0_wire_0/bd_0/ip/ip_7/bd_5941_s_ip_axi_ctrl_mgmt_01_0_clocks.xdc] for cell 'level0_i/ulp/ii_level0_wire/inst/pxi_ii_core/inst/s_ip_axi_ctrl_mgmt_01/inst'
Parsing XDC File [/data/tmp/chuxiao/spine_opt_v2_hw_150_20260728/temp/partitioned_split_e2e_link/link/vivado/vpl/prj/prj.gen/my_rm/bd/ulp/ip/ulp_ii_level0_wire_0/bd_0/ip/ip_8/bd_5941_m_ip_axi_ctrl_mgmt_01_0_clocks.xdc] for cell 'level0_i/ulp/ii_level0_wire/inst/pxi_ii_core/inst/m_ip_axi_ctrl_mgmt_01/inst'
Finished Parsing XDC File [/data/tmp/chuxiao/spine_opt_v2_hw_150_20260728/temp/partitioned_split_e2e_link/link/vivado/vpl/prj/prj.gen/my_rm/bd/ulp/ip/ulp_ii_level0_wire_0/bd_0/ip/ip_8/bd_5941_m_ip_axi_ctrl_mgmt_01_0_clocks.xdc] for cell 'level0_i/ulp/ii_level0_wire/inst/pxi_ii_core/inst/m_ip_axi_ctrl_mgmt_01/inst'
Parsing XDC File [/data/tmp/chuxiao/spine_opt_v2_hw_150_20260728/temp/partitioned_split_e2e_link/link/vivado/vpl/prj/prj.gen/my_rm/bd/ulp/ip/ulp_ii_level0_wire_0/bd_0/ip/ip_9/bd_5941_s_ip_axi_ctrl_user_00_0_clocks.xdc] for cell 'level0_i/ulp/ii_level0_wire/inst/pxi_ii_core/inst/s_ip_axi_ctrl_user_00/inst'
Finished Parsing XDC File [/data/tmp/chuxiao/spine_opt_v2_hw_150_20260728/temp/partitioned_split_e2e_link/link/vivado/vpl/prj/prj.gen/my_rm/bd/ulp/ip/ulp_ii_level0_wire_0/bd_0/ip/ip_9/bd_5941_s_ip_axi_ctrl_user_00_0_clocks.xdc] for cell 'level0_i/ulp/ii_level0_wire/inst/pxi_ii_core/inst/s_ip_axi_ctrl_user_00/inst'
Parsing XDC File [/data/tmp/chuxiao/spine_opt_v2_hw_150_20260728/temp/partitioned_split_e2e_link/link/vivado/vpl/prj/prj.gen/my_rm/bd/ulp/ip/ulp_ii_level0_wire_0/bd_0/ip/ip_10/bd_5941_m_ip_axi_ctrl_user_00_0_clocks.xdc] for cell 'level0_i/ulp/ii_level0_wire/inst/pxi_ii_core/inst/m_ip_axi_ctrl_user_00/inst'
Finished Parsing XDC File [/data/tmp/chuxiao/spine_opt_v2_hw_150_20260728/temp/partitioned_split_e2e_link/link/vivado/vpl/prj/prj.gen/my_rm/bd/ulp/ip/ulp_ii_level0_wire_0/bd_0/ip/ip_10/bd_5941_m_ip_axi_ctrl_user_00_0_clocks.xdc] for cell 'level0_i/ulp/ii_level0_wire/inst/pxi_ii_core/inst/m_ip_axi_ctrl_user_00/inst'
Parsing XDC File [/data/tmp/chuxiao/spine_opt_v2_hw_150_20260728/temp/partitioned_split_e2e_link/link/vivado/vpl/prj/prj.gen/my_rm/bd/ulp/ip/ulp_ii_level0_wire_0/bd_0/ip/ip_11/bd_5941_s_ip_axi_ctrl_user_01_0_clocks.xdc] for cell 'level0_i/ulp/ii_level0_wire/inst/pxi_ii_core/inst/s_ip_axi_ctrl_user_01/inst'
Finished Parsing XDC File [/data/tmp/chuxiao/spine_opt_v2_hw_150_20260728/temp/partitioned_split_e2e_link/link/vivado/vpl/prj/prj.gen/my_rm/bd/ulp/ip/ulp_ii_level0_wire_0/bd_0/ip/ip_11/bd_5941_s_ip_axi_ctrl_user_01_0_clocks.xdc] for cell 'level0_i/ulp/ii_level0_wire/inst/pxi_ii_core/inst/s_ip_axi_ctrl_user_01/inst'
Parsing XDC File [/data/tmp/chuxiao/spine_opt_v2_hw_150_20260728/temp/partitioned_split_e2e_link/link/vivado/vpl/prj/prj.gen/my_rm/bd/ulp/ip/ulp_ii_level0_wire_0/bd_0/ip/ip_12/bd_5941_m_ip_axi_ctrl_user_01_0_clocks.xdc] for cell 'level0_i/ulp/ii_level0_wire/inst/pxi_ii_core/inst/m_ip_axi_ctrl_user_01/inst'
Finished Parsing XDC File [/data/tmp/chuxiao/spine_opt_v2_hw_150_20260728/temp/partitioned_split_e2e_link/link/vivado/vpl/prj/prj.gen/my_rm/bd/ulp/ip/ulp_ii_level0_wire_0/bd_0/ip/ip_12/bd_5941_m_ip_axi_ctrl_user_01_0_clocks.xdc] for cell 'level0_i/ulp/ii_level0_wire/inst/pxi_ii_core/inst/m_ip_axi_ctrl_user_01/inst'
Parsing XDC File [/data/tmp/chuxiao/spine_opt_v2_hw_150_20260728/temp/partitioned_split_e2e_link/link/vivado/vpl/prj/prj.gen/my_rm/bd/ulp/ip/ulp_ii_level0_wire_0/bd_0/ip/ip_13/bd_5941_s_ip_axi_ctrl_user_02_0_clocks.xdc] for cell 'level0_i/ulp/ii_level0_wire/inst/pxi_ii_core/inst/s_ip_axi_ctrl_user_02/inst'
Finished Parsing XDC File [/data/tmp/chuxiao/spine_opt_v2_hw_150_20260728/temp/partitioned_split_e2e_link/link/vivado/vpl/prj/prj.gen/my_rm/bd/ulp/ip/ulp_ii_level0_wire_0/bd_0/ip/ip_13/bd_5941_s_ip_axi_ctrl_user_02_0_clocks.xdc] for cell 'level0_i/ulp/ii_level0_wire/inst/pxi_ii_core/inst/s_ip_axi_ctrl_user_02/inst'
Parsing XDC File [/data/tmp/chuxiao/spine_opt_v2_hw_150_20260728/temp/partitioned_split_e2e_link/link/vivado/vpl/prj/prj.gen/my_rm/bd/ulp/ip/ulp_ii_level0_wire_0/bd_0/ip/ip_14/bd_5941_m_ip_axi_ctrl_user_02_0_clocks.xdc] for cell 'level0_i/ulp/ii_level0_wire/inst/pxi_ii_core/inst/m_ip_axi_ctrl_user_02/inst'
Finished Parsing XDC File [/data/tmp/chuxiao/spine_opt_v2_hw_150_20260728/temp/partitioned_split_e2e_link/link/vivado/vpl/prj/prj.gen/my_rm/bd/ulp/ip/ulp_ii_level0_wire_0/bd_0/ip/ip_14/bd_5941_m_ip_axi_ctrl_user_02_0_clocks.xdc] for cell 'level0_i/ulp/ii_level0_wire/inst/pxi_ii_core/inst/m_ip_axi_ctrl_user_02/inst'
Parsing XDC File [/data/tmp/chuxiao/spine_opt_v2_hw_150_20260728/temp/partitioned_split_e2e_link/link/vivado/vpl/prj/prj.gen/my_rm/bd/ulp/ip/ulp_ii_level0_wire_0/bd_0/ip/ip_15/bd_5941_s_ip_axi_ctrl_user_03_0_clocks.xdc] for cell 'level0_i/ulp/ii_level0_wire/inst/pxi_ii_core/inst/s_ip_axi_ctrl_user_03/inst'
Finished Parsing XDC File [/data/tmp/chuxiao/spine_opt_v2_hw_150_20260728/temp/partitioned_split_e2e_link/link/vivado/vpl/prj/prj.gen/my_rm/bd/ulp/ip/ulp_ii_level0_wire_0/bd_0/ip/ip_15/bd_5941_s_ip_axi_ctrl_user_03_0_clocks.xdc] for cell 'level0_i/ulp/ii_level0_wire/inst/pxi_ii_core/inst/s_ip_axi_ctrl_user_03/inst'
Parsing XDC File [/data/tmp/chuxiao/spine_opt_v2_hw_150_20260728/temp/partitioned_split_e2e_link/link/vivado/vpl/prj/prj.gen/my_rm/bd/ulp/ip/ulp_ii_level0_wire_0/bd_0/ip/ip_16/bd_5941_m_ip_axi_ctrl_user_03_0_clocks.xdc] for cell 'level0_i/ulp/ii_level0_wire/inst/pxi_ii_core/inst/m_ip_axi_ctrl_user_03/inst'
Finished Parsing XDC File [/data/tmp/chuxiao/spine_opt_v2_hw_150_20260728/temp/partitioned_split_e2e_link/link/vivado/vpl/prj/prj.gen/my_rm/bd/ulp/ip/ulp_ii_level0_wire_0/bd_0/ip/ip_16/bd_5941_m_ip_axi_ctrl_user_03_0_clocks.xdc] for cell 'level0_i/ulp/ii_level0_wire/inst/pxi_ii_core/inst/m_ip_axi_ctrl_user_03/inst'
Parsing XDC File [/data/tmp/chuxiao/spine_opt_v2_hw_150_20260728/temp/partitioned_split_e2e_link/link/vivado/vpl/prj/prj.gen/my_rm/bd/ulp/ip/ulp_ii_level0_wire_0/bd_0/ip/ip_17/bd_5941_s_ip_axi_data_c2h_00_0_clocks.xdc] for cell 'level0_i/ulp/ii_level0_wire/inst/pxi_ii_core/inst/s_ip_axi_data_c2h_00/inst'
Finished Parsing XDC File [/data/tmp/chuxiao/spine_opt_v2_hw_150_20260728/temp/partitioned_split_e2e_link/link/vivado/vpl/prj/prj.gen/my_rm/bd/ulp/ip/ulp_ii_level0_wire_0/bd_0/ip/ip_17/bd_5941_s_ip_axi_data_c2h_00_0_clocks.xdc] for cell 'level0_i/ulp/ii_level0_wire/inst/pxi_ii_core/inst/s_ip_axi_data_c2h_00/inst'
Parsing XDC File [/data/tmp/chuxiao/spine_opt_v2_hw_150_20260728/temp/partitioned_split_e2e_link/link/vivado/vpl/prj/prj.gen/my_rm/bd/ulp/ip/ulp_ii_level0_wire_0/bd_0/ip/ip_18/bd_5941_m_ip_axi_data_c2h_00_0_clocks.xdc] for cell 'level0_i/ulp/ii_level0_wire/inst/pxi_ii_core/inst/m_ip_axi_data_c2h_00/inst'
Finished Parsing XDC File [/data/tmp/chuxiao/spine_opt_v2_hw_150_20260728/temp/partitioned_split_e2e_link/link/vivado/vpl/prj/prj.gen/my_rm/bd/ulp/ip/ulp_ii_level0_wire_0/bd_0/ip/ip_18/bd_5941_m_ip_axi_data_c2h_00_0_clocks.xdc] for cell 'level0_i/ulp/ii_level0_wire/inst/pxi_ii_core/inst/m_ip_axi_data_c2h_00/inst'
Parsing XDC File [/data/tmp/chuxiao/spine_opt_v2_hw_150_20260728/temp/partitioned_split_e2e_link/link/vivado/vpl/prj/prj.gen/my_rm/bd/ulp/ip/ulp_ii_level0_wire_0/bd_0/ip/ip_19/bd_5941_s_ip_axi_data_h2c_00_0_clocks.xdc] for cell 'level0_i/ulp/ii_level0_wire/inst/pxi_ii_core/inst/s_ip_axi_data_h2c_00/inst'
Finished Parsing XDC File [/data/tmp/chuxiao/spine_opt_v2_hw_150_20260728/temp/partitioned_split_e2e_link/link/vivado/vpl/prj/prj.gen/my_rm/bd/ulp/ip/ulp_ii_level0_wire_0/bd_0/ip/ip_19/bd_5941_s_ip_axi_data_h2c_00_0_clocks.xdc] for cell 'level0_i/ulp/ii_level0_wire/inst/pxi_ii_core/inst/s_ip_axi_data_h2c_00/inst'
Parsing XDC File [/data/tmp/chuxiao/spine_opt_v2_hw_150_20260728/temp/partitioned_split_e2e_link/link/vivado/vpl/prj/prj.gen/my_rm/bd/ulp/ip/ulp_ii_level0_wire_0/bd_0/ip/ip_20/bd_5941_m_ip_axi_data_h2c_00_0_clocks.xdc] for cell 'level0_i/ulp/ii_level0_wire/inst/pxi_ii_core/inst/m_ip_axi_data_h2c_00/inst'
Finished Parsing XDC File [/data/tmp/chuxiao/spine_opt_v2_hw_150_20260728/temp/partitioned_split_e2e_link/link/vivado/vpl/prj/prj.gen/my_rm/bd/ulp/ip/ulp_ii_level0_wire_0/bd_0/ip/ip_20/bd_5941_m_ip_axi_data_h2c_00_0_clocks.xdc] for cell 'level0_i/ulp/ii_level0_wire/inst/pxi_ii_core/inst/m_ip_axi_data_h2c_00/inst'
Parsing XDC File [/data/tmp/chuxiao/spine_opt_v2_hw_150_20260728/temp/partitioned_split_e2e_link/link/vivado/vpl/prj/prj.gen/my_rm/bd/ulp/ip/ulp_m00_regslice_4/ulp_m00_regslice_4_clocks.xdc] for cell 'level0_i/ulp/SLR0/interconnect_axilite_user/m00_couplers/m00_regslice/inst'
Finished Parsing XDC File [/data/tmp/chuxiao/spine_opt_v2_hw_150_20260728/temp/partitioned_split_e2e_link/link/vivado/vpl/prj/prj.gen/my_rm/bd/ulp/ip/ulp_m00_regslice_4/ulp_m00_regslice_4_clocks.xdc] for cell 'level0_i/ulp/SLR0/interconnect_axilite_user/m00_couplers/m00_regslice/inst'
Parsing XDC File [/data/tmp/chuxiao/spine_opt_v2_hw_150_20260728/temp/partitioned_split_e2e_link/link/vivado/vpl/prj/prj.gen/my_rm/bd/ulp/ip/ulp_m00_regslice_5/ulp_m00_regslice_5_clocks.xdc] for cell 'level0_i/ulp/SLR1/interconnect_axilite_user/m00_couplers/m00_regslice/inst'
Finished Parsing XDC File [/data/tmp/chuxiao/spine_opt_v2_hw_150_20260728/temp/partitioned_split_e2e_link/link/vivado/vpl/prj/prj.gen/my_rm/bd/ulp/ip/ulp_m00_regslice_5/ulp_m00_regslice_5_clocks.xdc] for cell 'level0_i/ulp/SLR1/interconnect_axilite_user/m00_couplers/m00_regslice/inst'
Parsing XDC File [/data/tmp/chuxiao/spine_opt_v2_hw_150_20260728/temp/partitioned_split_e2e_link/link/vivado/vpl/prj/prj.gen/my_rm/bd/ulp/ip/ulp_m01_regslice_4/ulp_m01_regslice_4_clocks.xdc] for cell 'level0_i/ulp/SLR0/interconnect_axilite_user/m01_couplers/m01_regslice/inst'
Finished Parsing XDC File [/data/tmp/chuxiao/spine_opt_v2_hw_150_20260728/temp/partitioned_split_e2e_link/link/vivado/vpl/prj/prj.gen/my_rm/bd/ulp/ip/ulp_m01_regslice_4/ulp_m01_regslice_4_clocks.xdc] for cell 'level0_i/ulp/SLR0/interconnect_axilite_user/m01_couplers/m01_regslice/inst'
Parsing XDC File [/data/tmp/chuxiao/spine_opt_v2_hw_150_20260728/temp/partitioned_split_e2e_link/link/vivado/vpl/prj/prj.gen/my_rm/bd/ulp/ip/ulp_m01_regslice_5/ulp_m01_regslice_5_clocks.xdc] for cell 'level0_i/ulp/SLR1/interconnect_axilite_user/m01_couplers/m01_regslice/inst'
Finished Parsing XDC File [/data/tmp/chuxiao/spine_opt_v2_hw_150_20260728/temp/partitioned_split_e2e_link/link/vivado/vpl/prj/prj.gen/my_rm/bd/ulp/ip/ulp_m01_regslice_5/ulp_m01_regslice_5_clocks.xdc] for cell 'level0_i/ulp/SLR1/interconnect_axilite_user/m01_couplers/m01_regslice/inst'
Parsing XDC File [/data/tmp/chuxiao/spine_opt_v2_hw_150_20260728/temp/partitioned_split_e2e_link/link/vivado/vpl/prj/prj.gen/my_rm/bd/ulp/ip/ulp_proc_sys_reset_ctrl_slr0_0/ulp_proc_sys_reset_ctrl_slr0_0_slr.xdc] for cell 'level0_i/ulp/proc_sys_reset_ctrl_slr0/U0'
INFO: [Vivado 12-3520] Assignment of 'BSR_OUT_DFF[0].FDRE_BSR, ACTIVE_LOW_BSR_OUT_DFF[0].FDRE_BSR_N, VCC, SEQ, PR_OUT_DFF[0].FDRE_PER, EXT_LPF, GND, FDRE_inst, and ACTIVE_LOW_PR_OUT_DFF[0].FDRE_PER_N' to a pblock 'pblock_dynamic_SLR0' means that all children of 'proc_sys_reset_ctrl_slr0' are in the pblock. Changing the pblock assignment to 'proc_sys_reset_ctrl_slr0'. [/data/tmp/chuxiao/spine_opt_v2_hw_150_20260728/temp/partitioned_split_e2e_link/link/vivado/vpl/prj/prj.gen/my_rm/bd/ulp/ip/ulp_proc_sys_reset_ctrl_slr0_0/ulp_proc_sys_reset_ctrl_slr0_0_slr.xdc:55]
Finished Parsing XDC File [/data/tmp/chuxiao/spine_opt_v2_hw_150_20260728/temp/partitioned_split_e2e_link/link/vivado/vpl/prj/prj.gen/my_rm/bd/ulp/ip/ulp_proc_sys_reset_ctrl_slr0_0/ulp_proc_sys_reset_ctrl_slr0_0_slr.xdc] for cell 'level0_i/ulp/proc_sys_reset_ctrl_slr0/U0'
Parsing XDC File [/data/tmp/chuxiao/spine_opt_v2_hw_150_20260728/temp/partitioned_split_e2e_link/link/vivado/vpl/prj/prj.gen/my_rm/bd/ulp/ip/ulp_proc_sys_reset_ctrl_slr1_0/ulp_proc_sys_reset_ctrl_slr1_0_slr.xdc] for cell 'level0_i/ulp/proc_sys_reset_ctrl_slr1/U0'
INFO: [Vivado 12-3520] Assignment of 'ACTIVE_LOW_BSR_OUT_DFF[0].FDRE_BSR_N, BSR_OUT_DFF[0].FDRE_BSR, ACTIVE_LOW_PR_OUT_DFF[0].FDRE_PER_N, EXT_LPF, FDRE_inst, GND, PR_OUT_DFF[0].FDRE_PER, SEQ, and VCC' to a pblock 'pblock_dynamic_SLR1' means that all children of 'proc_sys_reset_ctrl_slr1' are in the pblock. Changing the pblock assignment to 'proc_sys_reset_ctrl_slr1'. [/data/tmp/chuxiao/spine_opt_v2_hw_150_20260728/temp/partitioned_split_e2e_link/link/vivado/vpl/prj/prj.gen/my_rm/bd/ulp/ip/ulp_proc_sys_reset_ctrl_slr1_0/ulp_proc_sys_reset_ctrl_slr1_0_slr.xdc:55]
Finished Parsing XDC File [/data/tmp/chuxiao/spine_opt_v2_hw_150_20260728/temp/partitioned_split_e2e_link/link/vivado/vpl/prj/prj.gen/my_rm/bd/ulp/ip/ulp_proc_sys_reset_ctrl_slr1_0/ulp_proc_sys_reset_ctrl_slr1_0_slr.xdc] for cell 'level0_i/ulp/proc_sys_reset_ctrl_slr1/U0'
Parsing XDC File [/data/tmp/chuxiao/spine_opt_v2_hw_150_20260728/temp/partitioned_split_e2e_link/link/vivado/vpl/prj/prj.gen/my_rm/bd/ulp/ip/ulp_proc_sys_reset_ctrl_slr2_0/ulp_proc_sys_reset_ctrl_slr2_0_slr.xdc] for cell 'level0_i/ulp/proc_sys_reset_ctrl_slr2/U0'
INFO: [Vivado 12-3520] Assignment of 'ACTIVE_LOW_BSR_OUT_DFF[0].FDRE_BSR_N, BSR_OUT_DFF[0].FDRE_BSR, ACTIVE_LOW_PR_OUT_DFF[0].FDRE_PER_N, EXT_LPF, FDRE_inst, GND, PR_OUT_DFF[0].FDRE_PER, SEQ, and VCC' to a pblock 'pblock_dynamic_SLR2' means that all children of 'proc_sys_reset_ctrl_slr2' are in the pblock. Changing the pblock assignment to 'proc_sys_reset_ctrl_slr2'. [/data/tmp/chuxiao/spine_opt_v2_hw_150_20260728/temp/partitioned_split_e2e_link/link/vivado/vpl/prj/prj.gen/my_rm/bd/ulp/ip/ulp_proc_sys_reset_ctrl_slr2_0/ulp_proc_sys_reset_ctrl_slr2_0_slr.xdc:55]
Finished Parsing XDC File [/data/tmp/chuxiao/spine_opt_v2_hw_150_20260728/temp/partitioned_split_e2e_link/link/vivado/vpl/prj/prj.gen/my_rm/bd/ulp/ip/ulp_proc_sys_reset_ctrl_slr2_0/ulp_proc_sys_reset_ctrl_slr2_0_slr.xdc] for cell 'level0_i/ulp/proc_sys_reset_ctrl_slr2/U0'
Parsing XDC File [/data/tmp/chuxiao/spine_opt_v2_hw_150_20260728/temp/partitioned_split_e2e_link/link/vivado/vpl/prj/prj.gen/my_rm/bd/ulp/ip/ulp_proc_sys_reset_freerun_slr0_0/ulp_proc_sys_reset_freerun_slr0_0_slr.xdc] for cell 'level0_i/ulp/proc_sys_reset_freerun_slr0/U0'
INFO: [Vivado 12-3520] Assignment of 'BSR_OUT_DFF[0].FDRE_BSR, ACTIVE_LOW_BSR_OUT_DFF[0].FDRE_BSR_N, ACTIVE_LOW_PR_OUT_DFF[0].FDRE_PER_N, EXT_LPF, FDRE_inst, GND, PR_OUT_DFF[0].FDRE_PER, SEQ, and VCC' to a pblock 'pblock_dynamic_SLR0' means that all children of 'proc_sys_reset_freerun_slr0' are in the pblock. Changing the pblock assignment to 'proc_sys_reset_freerun_slr0'. [/data/tmp/chuxiao/spine_opt_v2_hw_150_20260728/temp/partitioned_split_e2e_link/link/vivado/vpl/prj/prj.gen/my_rm/bd/ulp/ip/ulp_proc_sys_reset_freerun_slr0_0/ulp_proc_sys_reset_freerun_slr0_0_slr.xdc:55]
Finished Parsing XDC File [/data/tmp/chuxiao/spine_opt_v2_hw_150_20260728/temp/partitioned_split_e2e_link/link/vivado/vpl/prj/prj.gen/my_rm/bd/ulp/ip/ulp_proc_sys_reset_freerun_slr0_0/ulp_proc_sys_reset_freerun_slr0_0_slr.xdc] for cell 'level0_i/ulp/proc_sys_reset_freerun_slr0/U0'
Parsing XDC File [/data/tmp/chuxiao/spine_opt_v2_hw_150_20260728/temp/partitioned_split_e2e_link/link/vivado/vpl/prj/prj.gen/my_rm/bd/ulp/ip/ulp_proc_sys_reset_freerun_slr1_0/ulp_proc_sys_reset_freerun_slr1_0_slr.xdc] for cell 'level0_i/ulp/proc_sys_reset_freerun_slr1/U0'
INFO: [Vivado 12-3520] Assignment of 'BSR_OUT_DFF[0].FDRE_BSR, ACTIVE_LOW_BSR_OUT_DFF[0].FDRE_BSR_N, ACTIVE_LOW_PR_OUT_DFF[0].FDRE_PER_N, EXT_LPF, FDRE_inst, GND, PR_OUT_DFF[0].FDRE_PER, SEQ, and VCC' to a pblock 'pblock_dynamic_SLR1' means that all children of 'proc_sys_reset_freerun_slr1' are in the pblock. Changing the pblock assignment to 'proc_sys_reset_freerun_slr1'. [/data/tmp/chuxiao/spine_opt_v2_hw_150_20260728/temp/partitioned_split_e2e_link/link/vivado/vpl/prj/prj.gen/my_rm/bd/ulp/ip/ulp_proc_sys_reset_freerun_slr1_0/ulp_proc_sys_reset_freerun_slr1_0_slr.xdc:55]
Finished Parsing XDC File [/data/tmp/chuxiao/spine_opt_v2_hw_150_20260728/temp/partitioned_split_e2e_link/link/vivado/vpl/prj/prj.gen/my_rm/bd/ulp/ip/ulp_proc_sys_reset_freerun_slr1_0/ulp_proc_sys_reset_freerun_slr1_0_slr.xdc] for cell 'level0_i/ulp/proc_sys_reset_freerun_slr1/U0'
Parsing XDC File [/data/tmp/chuxiao/spine_opt_v2_hw_150_20260728/temp/partitioned_split_e2e_link/link/vivado/vpl/prj/prj.gen/my_rm/bd/ulp/ip/ulp_proc_sys_reset_freerun_slr2_0/ulp_proc_sys_reset_freerun_slr2_0_slr.xdc] for cell 'level0_i/ulp/proc_sys_reset_freerun_slr2/U0'
INFO: [Vivado 12-3520] Assignment of 'BSR_OUT_DFF[0].FDRE_BSR, ACTIVE_LOW_BSR_OUT_DFF[0].FDRE_BSR_N, ACTIVE_LOW_PR_OUT_DFF[0].FDRE_PER_N, EXT_LPF, FDRE_inst, GND, PR_OUT_DFF[0].FDRE_PER, SEQ, and VCC' to a pblock 'pblock_dynamic_SLR2' means that all children of 'proc_sys_reset_freerun_slr2' are in the pblock. Changing the pblock assignment to 'proc_sys_reset_freerun_slr2'. [/data/tmp/chuxiao/spine_opt_v2_hw_150_20260728/temp/partitioned_split_e2e_link/link/vivado/vpl/prj/prj.gen/my_rm/bd/ulp/ip/ulp_proc_sys_reset_freerun_slr2_0/ulp_proc_sys_reset_freerun_slr2_0_slr.xdc:55]
Finished Parsing XDC File [/data/tmp/chuxiao/spine_opt_v2_hw_150_20260728/temp/partitioned_split_e2e_link/link/vivado/vpl/prj/prj.gen/my_rm/bd/ulp/ip/ulp_proc_sys_reset_freerun_slr2_0/ulp_proc_sys_reset_freerun_slr2_0_slr.xdc] for cell 'level0_i/ulp/proc_sys_reset_freerun_slr2/U0'
Parsing XDC File [/data/tmp/chuxiao/spine_opt_v2_hw_150_20260728/temp/partitioned_split_e2e_link/link/vivado/vpl/prj/prj.gen/my_rm/bd/ulp/ip/ulp_proc_sys_reset_kernel2_slr0_0/ulp_proc_sys_reset_kernel2_slr0_0_slr.xdc] for cell 'level0_i/ulp/proc_sys_reset_kernel2_slr0/U0'
INFO: [Vivado 12-3520] Assignment of 'BSR_OUT_DFF[0].FDRE_BSR, ACTIVE_LOW_BSR_OUT_DFF[0].FDRE_BSR_N, ACTIVE_LOW_PR_OUT_DFF[0].FDRE_PER_N, EXT_LPF, FDRE_inst, GND, PR_OUT_DFF[0].FDRE_PER, SEQ, and VCC' to a pblock 'pblock_dynamic_SLR0' means that all children of 'proc_sys_reset_kernel2_slr0' are in the pblock. Changing the pblock assignment to 'proc_sys_reset_kernel2_slr0'. [/data/tmp/chuxiao/spine_opt_v2_hw_150_20260728/temp/partitioned_split_e2e_link/link/vivado/vpl/prj/prj.gen/my_rm/bd/ulp/ip/ulp_proc_sys_reset_kernel2_slr0_0/ulp_proc_sys_reset_kernel2_slr0_0_slr.xdc:55]
Finished Parsing XDC File [/data/tmp/chuxiao/spine_opt_v2_hw_150_20260728/temp/partitioned_split_e2e_link/link/vivado/vpl/prj/prj.gen/my_rm/bd/ulp/ip/ulp_proc_sys_reset_kernel2_slr0_0/ulp_proc_sys_reset_kernel2_slr0_0_slr.xdc] for cell 'level0_i/ulp/proc_sys_reset_kernel2_slr0/U0'
Parsing XDC File [/data/tmp/chuxiao/spine_opt_v2_hw_150_20260728/temp/partitioned_split_e2e_link/link/vivado/vpl/prj/prj.gen/my_rm/bd/ulp/ip/ulp_proc_sys_reset_kernel2_slr1_0/ulp_proc_sys_reset_kernel2_slr1_0_slr.xdc] for cell 'level0_i/ulp/proc_sys_reset_kernel2_slr1/U0'
INFO: [Vivado 12-3520] Assignment of 'BSR_OUT_DFF[0].FDRE_BSR, ACTIVE_LOW_BSR_OUT_DFF[0].FDRE_BSR_N, ACTIVE_LOW_PR_OUT_DFF[0].FDRE_PER_N, EXT_LPF, FDRE_inst, GND, PR_OUT_DFF[0].FDRE_PER, SEQ, and VCC' to a pblock 'pblock_dynamic_SLR1' means that all children of 'proc_sys_reset_kernel2_slr1' are in the pblock. Changing the pblock assignment to 'proc_sys_reset_kernel2_slr1'. [/data/tmp/chuxiao/spine_opt_v2_hw_150_20260728/temp/partitioned_split_e2e_link/link/vivado/vpl/prj/prj.gen/my_rm/bd/ulp/ip/ulp_proc_sys_reset_kernel2_slr1_0/ulp_proc_sys_reset_kernel2_slr1_0_slr.xdc:55]
Finished Parsing XDC File [/data/tmp/chuxiao/spine_opt_v2_hw_150_20260728/temp/partitioned_split_e2e_link/link/vivado/vpl/prj/prj.gen/my_rm/bd/ulp/ip/ulp_proc_sys_reset_kernel2_slr1_0/ulp_proc_sys_reset_kernel2_slr1_0_slr.xdc] for cell 'level0_i/ulp/proc_sys_reset_kernel2_slr1/U0'
Parsing XDC File [/data/tmp/chuxiao/spine_opt_v2_hw_150_20260728/temp/partitioned_split_e2e_link/link/vivado/vpl/prj/prj.gen/my_rm/bd/ulp/ip/ulp_proc_sys_reset_kernel2_slr2_0/ulp_proc_sys_reset_kernel2_slr2_0_slr.xdc] for cell 'level0_i/ulp/proc_sys_reset_kernel2_slr2/U0'
INFO: [Vivado 12-3520] Assignment of 'BSR_OUT_DFF[0].FDRE_BSR, ACTIVE_LOW_BSR_OUT_DFF[0].FDRE_BSR_N, ACTIVE_LOW_PR_OUT_DFF[0].FDRE_PER_N, EXT_LPF, FDRE_inst, GND, PR_OUT_DFF[0].FDRE_PER, SEQ, and VCC' to a pblock 'pblock_dynamic_SLR2' means that all children of 'proc_sys_reset_kernel2_slr2' are in the pblock. Changing the pblock assignment to 'proc_sys_reset_kernel2_slr2'. [/data/tmp/chuxiao/spine_opt_v2_hw_150_20260728/temp/partitioned_split_e2e_link/link/vivado/vpl/prj/prj.gen/my_rm/bd/ulp/ip/ulp_proc_sys_reset_kernel2_slr2_0/ulp_proc_sys_reset_kernel2_slr2_0_slr.xdc:55]
Finished Parsing XDC File [/data/tmp/chuxiao/spine_opt_v2_hw_150_20260728/temp/partitioned_split_e2e_link/link/vivado/vpl/prj/prj.gen/my_rm/bd/ulp/ip/ulp_proc_sys_reset_kernel2_slr2_0/ulp_proc_sys_reset_kernel2_slr2_0_slr.xdc] for cell 'level0_i/ulp/proc_sys_reset_kernel2_slr2/U0'
Parsing XDC File [/data/tmp/chuxiao/spine_opt_v2_hw_150_20260728/temp/partitioned_split_e2e_link/link/vivado/vpl/prj/prj.gen/my_rm/bd/ulp/ip/ulp_proc_sys_reset_kernel_slr0_0/ulp_proc_sys_reset_kernel_slr0_0_slr.xdc] for cell 'level0_i/ulp/proc_sys_reset_kernel_slr0/U0'
INFO: [Vivado 12-3520] Assignment of 'ACTIVE_LOW_BSR_OUT_DFF[0].FDRE_BSR_N, BSR_OUT_DFF[0].FDRE_BSR, ACTIVE_LOW_PR_OUT_DFF[0].FDRE_PER_N, EXT_LPF, FDRE_inst, GND, PR_OUT_DFF[0].FDRE_PER, SEQ, and VCC' to a pblock 'pblock_dynamic_SLR0' means that all children of 'proc_sys_reset_kernel_slr0' are in the pblock. Changing the pblock assignment to 'proc_sys_reset_kernel_slr0'. [/data/tmp/chuxiao/spine_opt_v2_hw_150_20260728/temp/partitioned_split_e2e_link/link/vivado/vpl/prj/prj.gen/my_rm/bd/ulp/ip/ulp_proc_sys_reset_kernel_slr0_0/ulp_proc_sys_reset_kernel_slr0_0_slr.xdc:55]
Finished Parsing XDC File [/data/tmp/chuxiao/spine_opt_v2_hw_150_20260728/temp/partitioned_split_e2e_link/link/vivado/vpl/prj/prj.gen/my_rm/bd/ulp/ip/ulp_proc_sys_reset_kernel_slr0_0/ulp_proc_sys_reset_kernel_slr0_0_slr.xdc] for cell 'level0_i/ulp/proc_sys_reset_kernel_slr0/U0'
Parsing XDC File [/data/tmp/chuxiao/spine_opt_v2_hw_150_20260728/temp/partitioned_split_e2e_link/link/vivado/vpl/prj/prj.gen/my_rm/bd/ulp/ip/ulp_proc_sys_reset_kernel_slr1_0/ulp_proc_sys_reset_kernel_slr1_0_slr.xdc] for cell 'level0_i/ulp/proc_sys_reset_kernel_slr1/U0'
INFO: [Vivado 12-3520] Assignment of 'ACTIVE_LOW_BSR_OUT_DFF[0].FDRE_BSR_N, BSR_OUT_DFF[0].FDRE_BSR, ACTIVE_LOW_PR_OUT_DFF[0].FDRE_PER_N, EXT_LPF, FDRE_inst, GND, PR_OUT_DFF[0].FDRE_PER, SEQ, and VCC' to a pblock 'pblock_dynamic_SLR1' means that all children of 'proc_sys_reset_kernel_slr1' are in the pblock. Changing the pblock assignment to 'proc_sys_reset_kernel_slr1'. [/data/tmp/chuxiao/spine_opt_v2_hw_150_20260728/temp/partitioned_split_e2e_link/link/vivado/vpl/prj/prj.gen/my_rm/bd/ulp/ip/ulp_proc_sys_reset_kernel_slr1_0/ulp_proc_sys_reset_kernel_slr1_0_slr.xdc:55]
Finished Parsing XDC File [/data/tmp/chuxiao/spine_opt_v2_hw_150_20260728/temp/partitioned_split_e2e_link/link/vivado/vpl/prj/prj.gen/my_rm/bd/ulp/ip/ulp_proc_sys_reset_kernel_slr1_0/ulp_proc_sys_reset_kernel_slr1_0_slr.xdc] for cell 'level0_i/ulp/proc_sys_reset_kernel_slr1/U0'
Parsing XDC File [/data/tmp/chuxiao/spine_opt_v2_hw_150_20260728/temp/partitioned_split_e2e_link/link/vivado/vpl/prj/prj.gen/my_rm/bd/ulp/ip/ulp_proc_sys_reset_kernel_slr2_0/ulp_proc_sys_reset_kernel_slr2_0_slr.xdc] for cell 'level0_i/ulp/proc_sys_reset_kernel_slr2/U0'
INFO: [Vivado 12-3520] Assignment of 'ACTIVE_LOW_BSR_OUT_DFF[0].FDRE_BSR_N, BSR_OUT_DFF[0].FDRE_BSR, ACTIVE_LOW_PR_OUT_DFF[0].FDRE_PER_N, EXT_LPF, FDRE_inst, GND, PR_OUT_DFF[0].FDRE_PER, SEQ, and VCC' to a pblock 'pblock_dynamic_SLR2' means that all children of 'proc_sys_reset_kernel_slr2' are in the pblock. Changing the pblock assignment to 'proc_sys_reset_kernel_slr2'. [/data/tmp/chuxiao/spine_opt_v2_hw_150_20260728/temp/partitioned_split_e2e_link/link/vivado/vpl/prj/prj.gen/my_rm/bd/ulp/ip/ulp_proc_sys_reset_kernel_slr2_0/ulp_proc_sys_reset_kernel_slr2_0_slr.xdc:55]
Finished Parsing XDC File [/data/tmp/chuxiao/spine_opt_v2_hw_150_20260728/temp/partitioned_split_e2e_link/link/vivado/vpl/prj/prj.gen/my_rm/bd/ulp/ip/ulp_proc_sys_reset_kernel_slr2_0/ulp_proc_sys_reset_kernel_slr2_0_slr.xdc] for cell 'level0_i/ulp/proc_sys_reset_kernel_slr2/U0'
Parsing XDC File [/data/tmp/chuxiao/spine_opt_v2_hw_150_20260728/temp/partitioned_split_e2e_link/link/vivado/vpl/prj/prj.gen/my_rm/bd/ulp/ip/ulp_regslice_control_userpf_0/ulp_regslice_control_userpf_0_clocks.xdc] for cell 'level0_i/ulp/SLR0/regslice_control_userpf/inst'
Finished Parsing XDC File [/data/tmp/chuxiao/spine_opt_v2_hw_150_20260728/temp/partitioned_split_e2e_link/link/vivado/vpl/prj/prj.gen/my_rm/bd/ulp/ip/ulp_regslice_control_userpf_0/ulp_regslice_control_userpf_0_clocks.xdc] for cell 'level0_i/ulp/SLR0/regslice_control_userpf/inst'
Parsing XDC File [/data/tmp/chuxiao/spine_opt_v2_hw_150_20260728/temp/partitioned_split_e2e_link/link/vivado/vpl/prj/prj.gen/my_rm/bd/ulp/ip/ulp_regslice_control_userpf_0/ulp_regslice_control_userpf_0_slr.xdc] for cell 'level0_i/ulp/SLR0/regslice_control_userpf/inst'
Finished Parsing XDC File [/data/tmp/chuxiao/spine_opt_v2_hw_150_20260728/temp/partitioned_split_e2e_link/link/vivado/vpl/prj/prj.gen/my_rm/bd/ulp/ip/ulp_regslice_control_userpf_0/ulp_regslice_control_userpf_0_slr.xdc] for cell 'level0_i/ulp/SLR0/regslice_control_userpf/inst'
Parsing XDC File [/data/tmp/chuxiao/spine_opt_v2_hw_150_20260728/temp/partitioned_split_e2e_link/link/vivado/vpl/prj/prj.gen/my_rm/bd/ulp/ip/ulp_regslice_control_userpf_1/ulp_regslice_control_userpf_1_clocks.xdc] for cell 'level0_i/ulp/SLR1/regslice_control_userpf/inst'
Finished Parsing XDC File [/data/tmp/chuxiao/spine_opt_v2_hw_150_20260728/temp/partitioned_split_e2e_link/link/vivado/vpl/prj/prj.gen/my_rm/bd/ulp/ip/ulp_regslice_control_userpf_1/ulp_regslice_control_userpf_1_clocks.xdc] for cell 'level0_i/ulp/SLR1/regslice_control_userpf/inst'
Parsing XDC File [/data/tmp/chuxiao/spine_opt_v2_hw_150_20260728/temp/partitioned_split_e2e_link/link/vivado/vpl/prj/prj.gen/my_rm/bd/ulp/ip/ulp_regslice_control_userpf_1/ulp_regslice_control_userpf_1_slr.xdc] for cell 'level0_i/ulp/SLR1/regslice_control_userpf/inst'
Finished Parsing XDC File [/data/tmp/chuxiao/spine_opt_v2_hw_150_20260728/temp/partitioned_split_e2e_link/link/vivado/vpl/prj/prj.gen/my_rm/bd/ulp/ip/ulp_regslice_control_userpf_1/ulp_regslice_control_userpf_1_slr.xdc] for cell 'level0_i/ulp/SLR1/regslice_control_userpf/inst'
Parsing XDC File [/data/tmp/chuxiao/spine_opt_v2_hw_150_20260728/temp/partitioned_split_e2e_link/link/vivado/vpl/prj/prj.gen/my_rm/bd/ulp/ip/ulp_regslice_control_userpf_2/ulp_regslice_control_userpf_2_clocks.xdc] for cell 'level0_i/ulp/SLR2/regslice_control_userpf/inst'
Finished Parsing XDC File [/data/tmp/chuxiao/spine_opt_v2_hw_150_20260728/temp/partitioned_split_e2e_link/link/vivado/vpl/prj/prj.gen/my_rm/bd/ulp/ip/ulp_regslice_control_userpf_2/ulp_regslice_control_userpf_2_clocks.xdc] for cell 'level0_i/ulp/SLR2/regslice_control_userpf/inst'
Parsing XDC File [/data/tmp/chuxiao/spine_opt_v2_hw_150_20260728/temp/partitioned_split_e2e_link/link/vivado/vpl/prj/prj.gen/my_rm/bd/ulp/ip/ulp_regslice_control_userpf_2/ulp_regslice_control_userpf_2_slr.xdc] for cell 'level0_i/ulp/SLR2/regslice_control_userpf/inst'
Finished Parsing XDC File [/data/tmp/chuxiao/spine_opt_v2_hw_150_20260728/temp/partitioned_split_e2e_link/link/vivado/vpl/prj/prj.gen/my_rm/bd/ulp/ip/ulp_regslice_control_userpf_2/ulp_regslice_control_userpf_2_slr.xdc] for cell 'level0_i/ulp/SLR2/regslice_control_userpf/inst'
Parsing XDC File [/data/tmp/chuxiao/spine_opt_v2_hw_150_20260728/temp/partitioned_split_e2e_link/link/vivado/vpl/prj/prj.gen/my_rm/bd/ulp/ip/ulp_s00_regslice_18/ulp_s00_regslice_18_clocks.xdc] for cell 'level0_i/ulp/SLR0/interconnect_axilite_user/s00_couplers/s00_regslice/inst'
Finished Parsing XDC File [/data/tmp/chuxiao/spine_opt_v2_hw_150_20260728/temp/partitioned_split_e2e_link/link/vivado/vpl/prj/prj.gen/my_rm/bd/ulp/ip/ulp_s00_regslice_18/ulp_s00_regslice_18_clocks.xdc] for cell 'level0_i/ulp/SLR0/interconnect_axilite_user/s00_couplers/s00_regslice/inst'
Parsing XDC File [/data/tmp/chuxiao/spine_opt_v2_hw_150_20260728/temp/partitioned_split_e2e_link/link/vivado/vpl/prj/prj.gen/my_rm/bd/ulp/ip/ulp_s00_regslice_19/ulp_s00_regslice_19_clocks.xdc] for cell 'level0_i/ulp/SLR1/interconnect_axilite_user/s00_couplers/s00_regslice/inst'
Finished Parsing XDC File [/data/tmp/chuxiao/spine_opt_v2_hw_150_20260728/temp/partitioned_split_e2e_link/link/vivado/vpl/prj/prj.gen/my_rm/bd/ulp/ip/ulp_s00_regslice_19/ulp_s00_regslice_19_clocks.xdc] for cell 'level0_i/ulp/SLR1/interconnect_axilite_user/s00_couplers/s00_regslice/inst'
Parsing XDC File [/data/tmp/chuxiao/spine_opt_v2_hw_150_20260728/temp/partitioned_split_e2e_link/link/vivado/vpl/prj/prj.gen/my_rm/bd/ulp/ip/ulp_s00_regslice_20/ulp_s00_regslice_20_clocks.xdc] for cell 'level0_i/ulp/SLR2/interconnect_axilite_user/s00_couplers/s00_regslice/inst'
Finished Parsing XDC File [/data/tmp/chuxiao/spine_opt_v2_hw_150_20260728/temp/partitioned_split_e2e_link/link/vivado/vpl/prj/prj.gen/my_rm/bd/ulp/ip/ulp_s00_regslice_20/ulp_s00_regslice_20_clocks.xdc] for cell 'level0_i/ulp/SLR2/interconnect_axilite_user/s00_couplers/s00_regslice/inst'
Parsing XDC File [/data/tmp/chuxiao/spine_opt_v2_hw_150_20260728/temp/partitioned_split_e2e_link/link/vivado/vpl/prj/prj.gen/my_rm/bd/ulp/ip/ulp_spine_partconv_compute_kernel_1_0/ulp_spine_partconv_compute_kernel_1_0_slr.xdc] for cell 'level0_i/ulp/spine_partconv_compute_kernel_1/inst'
INFO: [Vivado 12-3520] Assignment of 'active_bitmap_hbm_read_reg_417_reg[22], active_bitmap_hbm_read_reg_417_reg[31], active_bitmap_hbm_read_reg_417_reg[20], active_bitmap_hbm_read_reg_417_reg[26], active_bitmap_hbm_read_reg_417_reg[19], active_bitmap_hbm_read_reg_417_reg[33], active_bitmap_hbm_read_reg_417_reg[27], active_bitmap_hbm_read_reg_417_reg[30], active_bitmap_hbm_read_reg_417_reg[25], active_bitmap_hbm_read_reg_417_reg[34], active_bitmap_hbm_read_reg_417_reg[18], active_bitmap_hbm_read_reg_417_reg[13], active_bitmap_hbm_read_reg_417_reg[23], active_bitmap_hbm_read_reg_417_reg[17], active_bitmap_hbm_read_reg_417_reg[24], active_bitmap_hbm_read_reg_417_reg[15], active_bitmap_hbm_read_reg_417_reg[11], active_bitmap_hbm_read_reg_417_reg[10], VCC, active_bitmap_hbm_read_reg_417_reg[32], active_bitmap_hbm_read_reg_417_reg[12], GND, active_bitmap_hbm_read_reg_417_reg[28], active_bitmap_hbm_read_reg_417_reg[35], active_bitmap_hbm_read_reg_417_reg[36], active_bitmap_hbm_read_reg_417_reg[38], active_bitmap_hbm_read_reg_417_reg[39], active_bitmap_hbm_read_reg_417_reg[14], active_bitmap_hbm_read_reg_417_reg[16], active_bitmap_hbm_read_reg_417_reg[21], active_bitmap_hbm_read_reg_417_reg[40], active_bitmap_hbm_read_reg_417_reg[41], active_bitmap_hbm_read_reg_417_reg[37], active_bitmap_hbm_read_reg_417_reg[29], active_bitmap_hbm_read_reg_417_reg[3], active_bitmap_hbm_read_reg_417_reg[42], active_bitmap_hbm_read_reg_417_reg[43], active_bitmap_hbm_read_reg_417_reg[44], active_bitmap_hbm_read_reg_417_reg[45], active_bitmap_hbm_read_reg_417_reg[46], active_bitmap_hbm_read_reg_417_reg[47], active_bitmap_hbm_read_reg_417_reg[48], active_bitmap_hbm_read_reg_417_reg[49], active_bitmap_hbm_read_reg_417_reg[4], active_bitmap_hbm_read_reg_417_reg[50], active_bitmap_hbm_read_reg_417_reg[51], active_bitmap_hbm_read_reg_417_reg[52], active_bitmap_hbm_read_reg_417_reg[53], active_bitmap_hbm_read_reg_417_reg[54], active_bitmap_hbm_read_reg_417_reg[55], active_bitmap_hbm_read_reg_417_reg[56], active_bitmap_hbm_read_reg_417_reg[57], active_bitmap_hbm_read_reg_417_reg[58], active_bitmap_hbm_read_reg_417_reg[59], active_bitmap_hbm_read_reg_417_reg[5], active_bitmap_hbm_read_reg_417_reg[60], active_bitmap_hbm_read_reg_417_reg[61], active_bitmap_hbm_read_reg_417_reg[62], active_bitmap_hbm_read_reg_417_reg[63], active_bitmap_hbm_read_reg_417_reg[6], active_bitmap_hbm_read_reg_417_reg[7], active_bitmap_hbm_read_reg_417_reg[8], active_bitmap_hbm_read_reg_417_reg[9], active_out_hbm_read_reg_422_reg[10], active_out_hbm_read_reg_422_reg[11], active_out_hbm_read_reg_422_reg[12], active_out_hbm_read_reg_422_reg[13], active_out_hbm_read_reg_422_reg[14], active_out_hbm_read_reg_422_reg[15], active_out_hbm_read_reg_422_reg[16], active_out_hbm_read_reg_422_reg[17], active_out_hbm_read_reg_422_reg[18], active_out_hbm_read_reg_422_reg[19], active_out_hbm_read_reg_422_reg[20], active_out_hbm_read_reg_422_reg[21], active_out_hbm_read_reg_422_reg[22], active_out_hbm_read_reg_422_reg[23], active_out_hbm_read_reg_422_reg[24], active_out_hbm_read_reg_422_reg[25], active_out_hbm_read_reg_422_reg[26], active_out_hbm_read_reg_422_reg[27], active_out_hbm_read_reg_422_reg[28], active_out_hbm_read_reg_422_reg[29], active_out_hbm_read_reg_422_reg[2], active_out_hbm_read_reg_422_reg[30], active_out_hbm_read_reg_422_reg[31], active_out_hbm_read_reg_422_reg[32], active_out_hbm_read_reg_422_reg[33], active_out_hbm_read_reg_422_reg[34], active_out_hbm_read_reg_422_reg[35], active_out_hbm_read_reg_422_reg[36], active_out_hbm_read_reg_422_reg[37], active_out_hbm_read_reg_422_reg[38], active_out_hbm_read_reg_422_reg[39], active_out_hbm_read_reg_422_reg[3], active_out_hbm_read_reg_422_reg[40], active_out_hbm_read_reg_422_reg[41], active_out_hbm_read_reg_422_reg[42], active_out_hbm_read_reg_422_reg[43], active_out_hbm_read_reg_422_reg[44], active_out_hbm_read_reg_422_reg[45], active_out_hbm_read_reg_422_reg[46], active_out_hbm_read_reg_422_reg[47], active_out_hbm_read_reg_422_reg[48], active_out_hbm_read_reg_422_reg[49], active_out_hbm_read_reg_422_reg[4], active_out_hbm_read_reg_422_reg[50], active_out_hbm_read_reg_422_reg[51], active_out_hbm_read_reg_422_reg[52], active_out_hbm_read_reg_422_reg[53], active_out_hbm_read_reg_422_reg[54], active_out_hbm_read_reg_422_reg[55], active_out_hbm_read_reg_422_reg[56], active_out_hbm_read_reg_422_reg[57], active_out_hbm_read_reg_422_reg[58], active_out_hbm_read_reg_422_reg[59], active_out_hbm_read_reg_422_reg[5], active_out_hbm_read_reg_422_reg[60], active_out_hbm_read_reg_422_reg[61], active_out_hbm_read_reg_422_reg[62], active_out_hbm_read_reg_422_reg[63], active_out_hbm_read_reg_422_reg[6], active_out_hbm_read_reg_422_reg[7], active_out_hbm_read_reg_422_reg[8], active_out_hbm_read_reg_422_reg[9], ap_CS_fsm_reg[0], ap_CS_fsm_reg[1], ap_CS_fsm_reg[2], ap_CS_fsm_reg[3], ap_done_reg_reg, ap_ext_blocking_n_reg_reg, ap_rst_n_inv_reg, ap_rst_reg_1_reg, ap_rst_reg_2_i_1, ap_rst_reg_2_reg, ap_str_blocking_n_reg_reg, control_s_axi_U, fifo_burst/U_fifo_srl/mem_reg[14][0]_srl15, gmem_active_out_m_axi_U, fifo_burst/U_fifo_srl/mem_reg[14][0]_srl15__0, gmem_active_bitmap_m_axi_U, gmem_result_m_axi_U, gmem_vs_m_axi_U, grp_partitioned_run_convergence_compute_fu_254, regslice_both_value_out_U, regslice_both_edge_in_U, grp_partitioned_run_convergence_compute_fu_254_ap_start_reg_reg, result_out_read_reg_412_reg[10], result_out_read_reg_412_reg[11], result_out_read_reg_412_reg[12], result_out_read_reg_412_reg[13], result_out_read_reg_412_reg[14], result_out_read_reg_412_reg[15], result_out_read_reg_412_reg[16], result_out_read_reg_412_reg[17], result_out_read_reg_412_reg[18], result_out_read_reg_412_reg[19], result_out_read_reg_412_reg[20], result_out_read_reg_412_reg[21], result_out_read_reg_412_reg[22], result_out_read_reg_412_reg[23], result_out_read_reg_412_reg[24], result_out_read_reg_412_reg[25], result_out_read_reg_412_reg[26], result_out_read_reg_412_reg[27], result_out_read_reg_412_reg[28], result_out_read_reg_412_reg[29], result_out_read_reg_412_reg[2], result_out_read_reg_412_reg[30], result_out_read_reg_412_reg[31], result_out_read_reg_412_reg[32], result_out_read_reg_412_reg[33], result_out_read_reg_412_reg[34], result_out_read_reg_412_reg[35], result_out_read_reg_412_reg[36], result_out_read_reg_412_reg[37], result_out_read_reg_412_reg[38], result_out_read_reg_412_reg[39], result_out_read_reg_412_reg[3], result_out_read_reg_412_reg[40], result_out_read_reg_412_reg[41], result_out_read_reg_412_reg[42], result_out_read_reg_412_reg[43], result_out_read_reg_412_reg[44], result_out_read_reg_412_reg[45], result_out_read_reg_412_reg[46], result_out_read_reg_412_reg[47], result_out_read_reg_412_reg[48], result_out_read_reg_412_reg[49], result_out_read_reg_412_reg[4], result_out_read_reg_412_reg[50], result_out_read_reg_412_reg[51], result_out_read_reg_412_reg[52], result_out_read_reg_412_reg[53], result_out_read_reg_412_reg[54], result_out_read_reg_412_reg[55], result_out_read_reg_412_reg[56], result_out_read_reg_412_reg[57], result_out_read_reg_412_reg[58], result_out_read_reg_412_reg[59], result_out_read_reg_412_reg[5], result_out_read_reg_412_reg[60], result_out_read_reg_412_reg[61], result_out_read_reg_412_reg[62], result_out_read_reg_412_reg[63], result_out_read_reg_412_reg[6], result_out_read_reg_412_reg[7], result_out_read_reg_412_reg[8], result_out_read_reg_412_reg[9], vertex_state_hbm_read_reg_427_reg[10], vertex_state_hbm_read_reg_427_reg[11], vertex_state_hbm_read_reg_427_reg[12], vertex_state_hbm_read_reg_427_reg[13], vertex_state_hbm_read_reg_427_reg[14], vertex_state_hbm_read_reg_427_reg[15], vertex_state_hbm_read_reg_427_reg[16], vertex_state_hbm_read_reg_427_reg[17], vertex_state_hbm_read_reg_427_reg[18], vertex_state_hbm_read_reg_427_reg[19], vertex_state_hbm_read_reg_427_reg[1], vertex_state_hbm_read_reg_427_reg[20], vertex_state_hbm_read_reg_427_reg[21], vertex_state_hbm_read_reg_427_reg[22], vertex_state_hbm_read_reg_427_reg[23], vertex_state_hbm_read_reg_427_reg[24], vertex_state_hbm_read_reg_427_reg[25], vertex_state_hbm_read_reg_427_reg[26], vertex_state_hbm_read_reg_427_reg[27], vertex_state_hbm_read_reg_427_reg[28], vertex_state_hbm_read_reg_427_reg[29], vertex_state_hbm_read_reg_427_reg[2], vertex_state_hbm_read_reg_427_reg[30], vertex_state_hbm_read_reg_427_reg[31], vertex_state_hbm_read_reg_427_reg[32], vertex_state_hbm_read_reg_427_reg[33], vertex_state_hbm_read_reg_427_reg[34], vertex_state_hbm_read_reg_427_reg[35], vertex_state_hbm_read_reg_427_reg[36], vertex_state_hbm_read_reg_427_reg[37], vertex_state_hbm_read_reg_427_reg[38], vertex_state_hbm_read_reg_427_reg[39], vertex_state_hbm_read_reg_427_reg[3], vertex_state_hbm_read_reg_427_reg[40], vertex_state_hbm_read_reg_427_reg[41], vertex_state_hbm_read_reg_427_reg[42], vertex_state_hbm_read_reg_427_reg[43], vertex_state_hbm_read_reg_427_reg[44], vertex_state_hbm_read_reg_427_reg[45], vertex_state_hbm_read_reg_427_reg[46], vertex_state_hbm_read_reg_427_reg[47], vertex_state_hbm_read_reg_427_reg[48], vertex_state_hbm_read_reg_427_reg[49], vertex_state_hbm_read_reg_427_reg[4], vertex_state_hbm_read_reg_427_reg[50], vertex_state_hbm_read_reg_427_reg[51], vertex_state_hbm_read_reg_427_reg[52], vertex_state_hbm_read_reg_427_reg[53], vertex_state_hbm_read_reg_427_reg[54], vertex_state_hbm_read_reg_427_reg[55], vertex_state_hbm_read_reg_427_reg[56], vertex_state_hbm_read_reg_427_reg[57], vertex_state_hbm_read_reg_427_reg[58], vertex_state_hbm_read_reg_427_reg[59], vertex_state_hbm_read_reg_427_reg[5], vertex_state_hbm_read_reg_427_reg[60], vertex_state_hbm_read_reg_427_reg[61], vertex_state_hbm_read_reg_427_reg[62], vertex_state_hbm_read_reg_427_reg[63], vertex_state_hbm_read_reg_427_reg[6], vertex_state_hbm_read_reg_427_reg[7], vertex_state_hbm_read_reg_427_reg[8], and vertex_state_hbm_read_reg_427_reg[9]' to a pblock 'pblock_dynamic_SLR1' means that all children of 'inst' are in the pblock. Changing the pblock assignment to 'inst'. [/data/tmp/chuxiao/spine_opt_v2_hw_150_20260728/temp/partitioned_split_e2e_link/link/vivado/vpl/prj/prj.gen/my_rm/bd/ulp/ip/ulp_spine_partconv_compute_kernel_1_0/ulp_spine_partconv_compute_kernel_1_0_slr.xdc:55]
Finished Parsing XDC File [/data/tmp/chuxiao/spine_opt_v2_hw_150_20260728/temp/partitioned_split_e2e_link/link/vivado/vpl/prj/prj.gen/my_rm/bd/ulp/ip/ulp_spine_partconv_compute_kernel_1_0/ulp_spine_partconv_compute_kernel_1_0_slr.xdc] for cell 'level0_i/ulp/spine_partconv_compute_kernel_1/inst'
Parsing XDC File [/data/tmp/chuxiao/spine_opt_v2_hw_150_20260728/temp/partitioned_split_e2e_link/link/vivado/vpl/prj/prj.gen/my_rm/bd/ulp/ip/ulp_spine_partconv_rdmaint_kernel_1_0/ulp_spine_partconv_rdmaint_kernel_1_0_slr.xdc] for cell 'level0_i/ulp/spine_partconv_rdmaint_kernel_1/inst'
INFO: [Vivado 12-3520] Assignment of 'graph0_read_reg_1194_reg[60], graph0_read_reg_1194_reg[61], graph0_read_reg_1194_reg[62], graph0_read_reg_1194_reg[63], graph0_read_reg_1194_reg[6], graph0_read_reg_1194_reg[7], graph0_read_reg_1194_reg[8], graph0_read_reg_1194_reg[9], graph10_read_reg_1134_reg[10], graph10_read_reg_1134_reg[11], graph10_read_reg_1134_reg[12], graph10_read_reg_1134_reg[13], graph10_read_reg_1134_reg[14], graph10_read_reg_1134_reg[15], graph10_read_reg_1134_reg[16], graph10_read_reg_1134_reg[17], graph10_read_reg_1134_reg[18], graph10_read_reg_1134_reg[19], graph10_read_reg_1134_reg[20], graph10_read_reg_1134_reg[21], graph10_read_reg_1134_reg[22], graph10_read_reg_1134_reg[23], graph10_read_reg_1134_reg[24], graph10_read_reg_1134_reg[25], graph10_read_reg_1134_reg[26], graph10_read_reg_1134_reg[27], graph10_read_reg_1134_reg[28], graph10_read_reg_1134_reg[29], graph10_read_reg_1134_reg[2], graph10_read_reg_1134_reg[30], graph10_read_reg_1134_reg[31], graph10_read_reg_1134_reg[32], graph10_read_reg_1134_reg[33], graph10_read_reg_1134_reg[34], graph10_read_reg_1134_reg[35], graph10_read_reg_1134_reg[36], graph10_read_reg_1134_reg[37], graph10_read_reg_1134_reg[38], graph10_read_reg_1134_reg[39], graph10_read_reg_1134_reg[3], graph10_read_reg_1134_reg[40], graph10_read_reg_1134_reg[41], graph10_read_reg_1134_reg[42], graph10_read_reg_1134_reg[43], graph10_read_reg_1134_reg[44], graph10_read_reg_1134_reg[45], graph10_read_reg_1134_reg[46], graph10_read_reg_1134_reg[47], graph10_read_reg_1134_reg[48], graph10_read_reg_1134_reg[49], graph10_read_reg_1134_reg[4], graph10_read_reg_1134_reg[50], graph10_read_reg_1134_reg[51], graph10_read_reg_1134_reg[52], graph10_read_reg_1134_reg[53], graph10_read_reg_1134_reg[54], graph10_read_reg_1134_reg[55], graph10_read_reg_1134_reg[56], graph10_read_reg_1134_reg[57], graph10_read_reg_1134_reg[58], graph10_read_reg_1134_reg[59], graph10_read_reg_1134_reg[5], graph10_read_reg_1134_reg[60], graph10_read_reg_1134_reg[61], graph10_read_reg_1134_reg[62], graph10_read_reg_1134_reg[63], graph10_read_reg_1134_reg[6], graph10_read_reg_1134_reg[7], graph10_read_reg_1134_reg[8], graph10_read_reg_1134_reg[9], graph11_read_reg_1128_reg[10], graph11_read_reg_1128_reg[11], graph11_read_reg_1128_reg[12], graph11_read_reg_1128_reg[13], graph11_read_reg_1128_reg[14], graph11_read_reg_1128_reg[15], graph11_read_reg_1128_reg[16], graph11_read_reg_1128_reg[17], graph11_read_reg_1128_reg[18], graph11_read_reg_1128_reg[19], graph11_read_reg_1128_reg[20], graph11_read_reg_1128_reg[21], graph11_read_reg_1128_reg[22], graph11_read_reg_1128_reg[23], graph11_read_reg_1128_reg[24], graph11_read_reg_1128_reg[25], graph11_read_reg_1128_reg[26], graph11_read_reg_1128_reg[27], graph11_read_reg_1128_reg[28], graph11_read_reg_1128_reg[29], graph11_read_reg_1128_reg[2], graph11_read_reg_1128_reg[30], graph11_read_reg_1128_reg[31], graph11_read_reg_1128_reg[32], graph11_read_reg_1128_reg[33], graph11_read_reg_1128_reg[34], graph11_read_reg_1128_reg[35], graph11_read_reg_1128_reg[36], graph11_read_reg_1128_reg[37], graph11_read_reg_1128_reg[38], graph11_read_reg_1128_reg[39], graph11_read_reg_1128_reg[3], graph11_read_reg_1128_reg[40], graph11_read_reg_1128_reg[41], graph11_read_reg_1128_reg[42], graph11_read_reg_1128_reg[43], graph11_read_reg_1128_reg[44], graph11_read_reg_1128_reg[45], graph11_read_reg_1128_reg[46], graph11_read_reg_1128_reg[47], graph11_read_reg_1128_reg[48], graph11_read_reg_1128_reg[49], graph11_read_reg_1128_reg[4], graph11_read_reg_1128_reg[50], graph11_read_reg_1128_reg[51], graph11_read_reg_1128_reg[52], graph11_read_reg_1128_reg[53], graph11_read_reg_1128_reg[54], graph11_read_reg_1128_reg[55], graph11_read_reg_1128_reg[56], graph11_read_reg_1128_reg[57], graph11_read_reg_1128_reg[58], graph11_read_reg_1128_reg[59], graph11_read_reg_1128_reg[5], graph11_read_reg_1128_reg[60], graph11_read_reg_1128_reg[61], graph11_read_reg_1128_reg[62], graph11_read_reg_1128_reg[63], graph11_read_reg_1128_reg[6], graph11_read_reg_1128_reg[7], graph11_read_reg_1128_reg[8], graph11_read_reg_1128_reg[9], graph12_read_reg_1122_reg[10], graph12_read_reg_1122_reg[11], graph12_read_reg_1122_reg[12], graph12_read_reg_1122_reg[13], graph12_read_reg_1122_reg[14], graph12_read_reg_1122_reg[15], graph12_read_reg_1122_reg[16], graph12_read_reg_1122_reg[17], graph12_read_reg_1122_reg[18], graph12_read_reg_1122_reg[19], graph12_read_reg_1122_reg[20], graph12_read_reg_1122_reg[21], graph12_read_reg_1122_reg[22], graph12_read_reg_1122_reg[23], graph12_read_reg_1122_reg[24], graph12_read_reg_1122_reg[25], graph12_read_reg_1122_reg[26], graph12_read_reg_1122_reg[27], graph12_read_reg_1122_reg[28], graph12_read_reg_1122_reg[29], graph12_read_reg_1122_reg[2], graph12_read_reg_1122_reg[30], graph12_read_reg_1122_reg[31], graph12_read_reg_1122_reg[32], graph12_read_reg_1122_reg[33], graph12_read_reg_1122_reg[34], graph12_read_reg_1122_reg[35], graph12_read_reg_1122_reg[36], graph12_read_reg_1122_reg[37], graph12_read_reg_1122_reg[38], graph12_read_reg_1122_reg[39], graph12_read_reg_1122_reg[3], graph12_read_reg_1122_reg[40], graph12_read_reg_1122_reg[41], graph12_read_reg_1122_reg[42], graph12_read_reg_1122_reg[43], graph12_read_reg_1122_reg[44], graph12_read_reg_1122_reg[45], graph12_read_reg_1122_reg[46], graph12_read_reg_1122_reg[47], graph12_read_reg_1122_reg[48], graph12_read_reg_1122_reg[49], graph12_read_reg_1122_reg[4], graph12_read_reg_1122_reg[50], graph12_read_reg_1122_reg[51], graph12_read_reg_1122_reg[52], graph12_read_reg_1122_reg[53], graph12_read_reg_1122_reg[54], graph12_read_reg_1122_reg[55], graph12_read_reg_1122_reg[56], graph12_read_reg_1122_reg[57], graph12_read_reg_1122_reg[58], graph12_read_reg_1122_reg[59], graph12_read_reg_1122_reg[5], graph12_read_reg_1122_reg[60], graph12_read_reg_1122_reg[61], graph12_read_reg_1122_reg[62], graph12_read_reg_1122_reg[63], graph12_read_reg_1122_reg[6], graph12_read_reg_1122_reg[7], graph12_read_reg_1122_reg[8], graph12_read_reg_1122_reg[9], graph13_read_reg_1116_reg[10], graph13_read_reg_1116_reg[11], graph13_read_reg_1116_reg[12], graph13_read_reg_1116_reg[13], graph13_read_reg_1116_reg[14], graph13_read_reg_1116_reg[15], graph13_read_reg_1116_reg[16], graph13_read_reg_1116_reg[17], graph13_read_reg_1116_reg[18], graph13_read_reg_1116_reg[19], graph13_read_reg_1116_reg[20], graph13_read_reg_1116_reg[21], graph13_read_reg_1116_reg[22], graph13_read_reg_1116_reg[23], graph13_read_reg_1116_reg[24], graph13_read_reg_1116_reg[25], graph13_read_reg_1116_reg[26], graph13_read_reg_1116_reg[27], graph13_read_reg_1116_reg[28], graph13_read_reg_1116_reg[29], graph13_read_reg_1116_reg[2], graph13_read_reg_1116_reg[30], graph13_read_reg_1116_reg[31], graph13_read_reg_1116_reg[32], graph13_read_reg_1116_reg[33], graph13_read_reg_1116_reg[34], graph13_read_reg_1116_reg[35], graph13_read_reg_1116_reg[36], graph13_read_reg_1116_reg[37], graph13_read_reg_1116_reg[38], graph13_read_reg_1116_reg[39], graph13_read_reg_1116_reg[3], graph13_read_reg_1116_reg[40], graph13_read_reg_1116_reg[41], graph13_read_reg_1116_reg[42], graph13_read_reg_1116_reg[43], graph13_read_reg_1116_reg[44], graph13_read_reg_1116_reg[45], graph13_read_reg_1116_reg[46], graph13_read_reg_1116_reg[47], graph13_read_reg_1116_reg[48], graph13_read_reg_1116_reg[49], graph13_read_reg_1116_reg[4], graph13_read_reg_1116_reg[50], graph13_read_reg_1116_reg[51], graph13_read_reg_1116_reg[52], graph13_read_reg_1116_reg[53], graph13_read_reg_1116_reg[54], graph13_read_reg_1116_reg[55], graph13_read_reg_1116_reg[56], graph13_read_reg_1116_reg[57], graph13_read_reg_1116_reg[58], graph13_read_reg_1116_reg[59], graph13_read_reg_1116_reg[5], graph13_read_reg_1116_reg[60], graph13_read_reg_1116_reg[61], graph13_read_reg_1116_reg[62], graph13_read_reg_1116_reg[63], graph13_read_reg_1116_reg[6], graph13_read_reg_1116_reg[7], graph13_read_reg_1116_reg[8], graph13_read_reg_1116_reg[9], graph14_read_reg_1110_reg[10], graph14_read_reg_1110_reg[11], graph14_read_reg_1110_reg[12], graph14_read_reg_1110_reg[13], graph14_read_reg_1110_reg[14], graph14_read_reg_1110_reg[15], graph14_read_reg_1110_reg[16], graph14_read_reg_1110_reg[17], graph14_read_reg_1110_reg[18], graph14_read_reg_1110_reg[19], graph14_read_reg_1110_reg[20], graph14_read_reg_1110_reg[21], graph14_read_reg_1110_reg[22], graph14_read_reg_1110_reg[23], graph14_read_reg_1110_reg[24], graph14_read_reg_1110_reg[25], graph14_read_reg_1110_reg[26], graph14_read_reg_1110_reg[27], graph14_read_reg_1110_reg[28], graph14_read_reg_1110_reg[29], graph14_read_reg_1110_reg[2], graph14_read_reg_1110_reg[30], graph14_read_reg_1110_reg[31], graph14_read_reg_1110_reg[32], graph14_read_reg_1110_reg[33], graph14_read_reg_1110_reg[34], graph14_read_reg_1110_reg[35], graph14_read_reg_1110_reg[36], graph14_read_reg_1110_reg[37], graph14_read_reg_1110_reg[38], graph14_read_reg_1110_reg[39], graph14_read_reg_1110_reg[3], graph14_read_reg_1110_reg[40], graph14_read_reg_1110_reg[41], graph14_read_reg_1110_reg[42], graph14_read_reg_1110_reg[43], graph14_read_reg_1110_reg[44], graph14_read_reg_1110_reg[45], graph14_read_reg_1110_reg[46], graph14_read_reg_1110_reg[47], graph14_read_reg_1110_reg[48], graph14_read_reg_1110_reg[49], graph14_read_reg_1110_reg[4], graph14_read_reg_1110_reg[50], graph14_read_reg_1110_reg[51], graph14_read_reg_1110_reg[52], graph14_read_reg_1110_reg[53], graph14_read_reg_1110_reg[54], graph14_read_reg_1110_reg[55], graph14_read_reg_1110_reg[56], graph14_read_reg_1110_reg[57], graph14_read_reg_1110_reg[58], graph14_read_reg_1110_reg[59], graph14_read_reg_1110_reg[5], graph14_read_reg_1110_reg[60], graph14_read_reg_1110_reg[61], graph14_read_reg_1110_reg[62], graph14_read_reg_1110_reg[63], graph14_read_reg_1110_reg[6], graph14_read_reg_1110_reg[7], graph14_read_reg_1110_reg[8], graph14_read_reg_1110_reg[9], graph15_read_reg_1104_reg[10], graph15_read_reg_1104_reg[11], graph15_read_reg_1104_reg[12], graph15_read_reg_1104_reg[13], graph15_read_reg_1104_reg[14], graph15_read_reg_1104_reg[15], graph15_read_reg_1104_reg[16], graph15_read_reg_1104_reg[17], graph15_read_reg_1104_reg[18], graph15_read_reg_1104_reg[19], graph15_read_reg_1104_reg[20], graph15_read_reg_1104_reg[21], graph15_read_reg_1104_reg[22], graph15_read_reg_1104_reg[23], graph15_read_reg_1104_reg[24], graph15_read_reg_1104_reg[25], graph15_read_reg_1104_reg[26], graph15_read_reg_1104_reg[27], graph15_read_reg_1104_reg[28], graph15_read_reg_1104_reg[29], graph15_read_reg_1104_reg[2], graph15_read_reg_1104_reg[30], graph15_read_reg_1104_reg[31], graph15_read_reg_1104_reg[32], graph15_read_reg_1104_reg[33], graph15_read_reg_1104_reg[34], graph15_read_reg_1104_reg[35], graph15_read_reg_1104_reg[36], graph15_read_reg_1104_reg[37], graph15_read_reg_1104_reg[38], graph15_read_reg_1104_reg[39], graph15_read_reg_1104_reg[3], graph15_read_reg_1104_reg[40], graph15_read_reg_1104_reg[41], graph15_read_reg_1104_reg[42], graph15_read_reg_1104_reg[43], graph15_read_reg_1104_reg[44], graph15_read_reg_1104_reg[45], graph15_read_reg_1104_reg[46], graph15_read_reg_1104_reg[47], graph15_read_reg_1104_reg[48], graph15_read_reg_1104_reg[49], graph15_read_reg_1104_reg[4], graph15_read_reg_1104_reg[50], graph15_read_reg_1104_reg[51], graph15_read_reg_1104_reg[52], graph15_read_reg_1104_reg[53], graph15_read_reg_1104_reg[54], graph15_read_reg_1104_reg[55], graph15_read_reg_1104_reg[56], graph15_read_reg_1104_reg[57], graph15_read_reg_1104_reg[58], graph15_read_reg_1104_reg[59], graph15_read_reg_1104_reg[5], graph15_read_reg_1104_reg[60], graph15_read_reg_1104_reg[61], graph15_read_reg_1104_reg[62], graph15_read_reg_1104_reg[63], graph15_read_reg_1104_reg[6], graph15_read_reg_1104_reg[7], graph15_read_reg_1104_reg[8], graph15_read_reg_1104_reg[9], graph1_read_reg_1188_reg[10], graph1_read_reg_1188_reg[11], graph1_read_reg_1188_reg[12], graph1_read_reg_1188_reg[13], graph1_read_reg_1188_reg[14], graph1_read_reg_1188_reg[15], graph1_read_reg_1188_reg[16], graph1_read_reg_1188_reg[17], graph1_read_reg_1188_reg[18], graph1_read_reg_1188_reg[19], graph1_read_reg_1188_reg[20], graph1_read_reg_1188_reg[21], graph1_read_reg_1188_reg[22], graph1_read_reg_1188_reg[23], graph1_read_reg_1188_reg[24], graph1_read_reg_1188_reg[25], graph1_read_reg_1188_reg[26], graph1_read_reg_1188_reg[27], graph1_read_reg_1188_reg[28], graph1_read_reg_1188_reg[29], graph1_read_reg_1188_reg[2], graph1_read_reg_1188_reg[30], graph1_read_reg_1188_reg[31], graph1_read_reg_1188_reg[32], graph1_read_reg_1188_reg[33], graph1_read_reg_1188_reg[34], graph1_read_reg_1188_reg[35], graph1_read_reg_1188_reg[36], graph1_read_reg_1188_reg[37], graph1_read_reg_1188_reg[38], graph1_read_reg_1188_reg[39], graph1_read_reg_1188_reg[3], graph1_read_reg_1188_reg[40], graph1_read_reg_1188_reg[41], graph1_read_reg_1188_reg[42], graph1_read_reg_1188_reg[43], graph1_read_reg_1188_reg[44], graph1_read_reg_1188_reg[45], graph1_read_reg_1188_reg[46], graph1_read_reg_1188_reg[47], graph1_read_reg_1188_reg[48], graph1_read_reg_1188_reg[49], graph1_read_reg_1188_reg[4], graph1_read_reg_1188_reg[50], graph1_read_reg_1188_reg[51], graph1_read_reg_1188_reg[52], graph1_read_reg_1188_reg[53], graph1_read_reg_1188_reg[54], graph1_read_reg_1188_reg[55], graph1_read_reg_1188_reg[56], graph1_read_reg_1188_reg[57], graph1_read_reg_1188_reg[58], graph1_read_reg_1188_reg[59], graph1_read_reg_1188_reg[5], graph1_read_reg_1188_reg[60], graph1_read_reg_1188_reg[61], graph1_read_reg_1188_reg[62], graph1_read_reg_1188_reg[63], graph1_read_reg_1188_reg[6], graph1_read_reg_1188_reg[7], graph1_read_reg_1188_reg[8], graph1_read_reg_1188_reg[9], graph2_read_reg_1182_reg[10], graph2_read_reg_1182_reg[11], graph2_read_reg_1182_reg[12], graph2_read_reg_1182_reg[13], graph2_read_reg_1182_reg[14], graph2_read_reg_1182_reg[15], graph2_read_reg_1182_reg[16], graph2_read_reg_1182_reg[17], graph2_read_reg_1182_reg[18], graph2_read_reg_1182_reg[19], graph2_read_reg_1182_reg[20], graph2_read_reg_1182_reg[21], graph2_read_reg_1182_reg[22], graph2_read_reg_1182_reg[23], graph2_read_reg_1182_reg[24], graph2_read_reg_1182_reg[25], graph2_read_reg_1182_reg[26], graph2_read_reg_1182_reg[27], graph2_read_reg_1182_reg[28], graph2_read_reg_1182_reg[29], graph2_read_reg_1182_reg[2], graph2_read_reg_1182_reg[30], graph2_read_reg_1182_reg[31], graph2_read_reg_1182_reg[32], graph2_read_reg_1182_reg[33], graph2_read_reg_1182_reg[34], graph2_read_reg_1182_reg[35], graph2_read_reg_1182_reg[36], graph2_read_reg_1182_reg[37], graph2_read_reg_1182_reg[38], graph2_read_reg_1182_reg[39], graph2_read_reg_1182_reg[3], graph2_read_reg_1182_reg[40], graph2_read_reg_1182_reg[41], graph2_read_reg_1182_reg[42], graph2_read_reg_1182_reg[43], graph2_read_reg_1182_reg[44], graph2_read_reg_1182_reg[45], graph2_read_reg_1182_reg[46], graph2_read_reg_1182_reg[47], graph2_read_reg_1182_reg[48], graph2_read_reg_1182_reg[49], graph2_read_reg_1182_reg[4], graph2_read_reg_1182_reg[50], graph2_read_reg_1182_reg[51], graph2_read_reg_1182_reg[52], graph2_read_reg_1182_reg[53], graph2_read_reg_1182_reg[54], graph2_read_reg_1182_reg[55], graph2_read_reg_1182_reg[56], graph2_read_reg_1182_reg[57], graph2_read_reg_1182_reg[58], graph2_read_reg_1182_reg[59], graph2_read_reg_1182_reg[5], graph2_read_reg_1182_reg[60], graph2_read_reg_1182_reg[61], graph2_read_reg_1182_reg[62], graph2_read_reg_1182_reg[63], graph2_read_reg_1182_reg[6], graph2_read_reg_1182_reg[7], graph2_read_reg_1182_reg[8], graph2_read_reg_1182_reg[9], graph3_read_reg_1176_reg[10], graph3_read_reg_1176_reg[11], graph3_read_reg_1176_reg[12], graph3_read_reg_1176_reg[13], graph3_read_reg_1176_reg[14], graph3_read_reg_1176_reg[15], graph3_read_reg_1176_reg[16], graph3_read_reg_1176_reg[17], graph3_read_reg_1176_reg[18], graph3_read_reg_1176_reg[19], graph3_read_reg_1176_reg[20], graph3_read_reg_1176_reg[21], graph3_read_reg_1176_reg[22], graph3_read_reg_1176_reg[23], graph3_read_reg_1176_reg[24], graph3_read_reg_1176_reg[25], graph3_read_reg_1176_reg[26], graph3_read_reg_1176_reg[27], graph3_read_reg_1176_reg[28], graph3_read_reg_1176_reg[29], graph3_read_reg_1176_reg[2], graph3_read_reg_1176_reg[30], graph3_read_reg_1176_reg[31], graph3_read_reg_1176_reg[32], graph3_read_reg_1176_reg[33], graph3_read_reg_1176_reg[34], graph3_read_reg_1176_reg[35], graph3_read_reg_1176_reg[36], graph3_read_reg_1176_reg[37], graph3_read_reg_1176_reg[38], graph3_read_reg_1176_reg[39], graph3_read_reg_1176_reg[3], graph3_read_reg_1176_reg[40], graph3_read_reg_1176_reg[41], graph3_read_reg_1176_reg[42], graph3_read_reg_1176_reg[43], graph3_read_reg_1176_reg[44], graph3_read_reg_1176_reg[45], graph3_read_reg_1176_reg[46], graph3_read_reg_1176_reg[47], graph3_read_reg_1176_reg[48], graph3_read_reg_1176_reg[49], graph3_read_reg_1176_reg[4], graph3_read_reg_1176_reg[50], graph3_read_reg_1176_reg[51], graph3_read_reg_1176_reg[52], graph3_read_reg_1176_reg[53], graph3_read_reg_1176_reg[54], graph3_read_reg_1176_reg[55], graph3_read_reg_1176_reg[56], graph3_read_reg_1176_reg[57], graph3_read_reg_1176_reg[58], graph3_read_reg_1176_reg[59], graph3_read_reg_1176_reg[5], graph3_read_reg_1176_reg[60], graph3_read_reg_1176_reg[61], graph3_read_reg_1176_reg[62], graph3_read_reg_1176_reg[63], graph3_read_reg_1176_reg[6], graph3_read_reg_1176_reg[7], graph3_read_reg_1176_reg[8], graph3_read_reg_1176_reg[9], graph4_read_reg_1170_reg[10], graph4_read_reg_1170_reg[11], graph4_read_reg_1170_reg[12], graph4_read_reg_1170_reg[13], graph4_read_reg_1170_reg[14], graph4_read_reg_1170_reg[15], graph4_read_reg_1170_reg[16], graph4_read_reg_1170_reg[17], graph4_read_reg_1170_reg[18], graph4_read_reg_1170_reg[19], graph4_read_reg_1170_reg[20], graph4_read_reg_1170_reg[21], graph4_read_reg_1170_reg[22], graph4_read_reg_1170_reg[23], graph4_read_reg_1170_reg[24], graph4_read_reg_1170_reg[25], graph4_read_reg_1170_reg[26], graph4_read_reg_1170_reg[27], graph4_read_reg_1170_reg[28], graph4_read_reg_1170_reg[29], graph4_read_reg_1170_reg[2], graph4_read_reg_1170_reg[30], graph4_read_reg_1170_reg[31], graph4_read_reg_1170_reg[32], graph4_read_reg_1170_reg[33], graph4_read_reg_1170_reg[34], graph4_read_reg_1170_reg[35], graph4_read_reg_1170_reg[36], graph4_read_reg_1170_reg[37], graph4_read_reg_1170_reg[38], graph4_read_reg_1170_reg[39], graph4_read_reg_1170_reg[3], graph4_read_reg_1170_reg[40], graph4_read_reg_1170_reg[41], graph4_read_reg_1170_reg[42], graph4_read_reg_1170_reg[43], graph4_read_reg_1170_reg[44], graph4_read_reg_1170_reg[45], graph4_read_reg_1170_reg[46], graph4_read_reg_1170_reg[47], graph4_read_reg_1170_reg[48], graph4_read_reg_1170_reg[49], graph4_read_reg_1170_reg[4], graph4_read_reg_1170_reg[50], graph4_read_reg_1170_reg[51], graph4_read_reg_1170_reg[52], graph4_read_reg_1170_reg[53], graph4_read_reg_1170_reg[54], graph4_read_reg_1170_reg[55], graph4_read_reg_1170_reg[56], graph4_read_reg_1170_reg[57], graph4_read_reg_1170_reg[58], graph4_read_reg_1170_reg[59], graph4_read_reg_1170_reg[5], graph4_read_reg_1170_reg[60], graph4_read_reg_1170_reg[61], graph4_read_reg_1170_reg[62], graph4_read_reg_1170_reg[63], graph4_read_reg_1170_reg[6], graph4_read_reg_1170_reg[7], graph4_read_reg_1170_reg[8], graph4_read_reg_1170_reg[9], graph5_read_reg_1164_reg[10], graph5_read_reg_1164_reg[11], graph5_read_reg_1164_reg[12], graph5_read_reg_1164_reg[13], graph5_read_reg_1164_reg[14], graph5_read_reg_1164_reg[15], graph5_read_reg_1164_reg[16], graph5_read_reg_1164_reg[17], graph5_read_reg_1164_reg[18], graph5_read_reg_1164_reg[19], graph5_read_reg_1164_reg[20], graph5_read_reg_1164_reg[21], graph5_read_reg_1164_reg[22], graph5_read_reg_1164_reg[23], graph5_read_reg_1164_reg[24], graph5_read_reg_1164_reg[25], graph5_read_reg_1164_reg[26], graph5_read_reg_1164_reg[27], graph5_read_reg_1164_reg[28], graph5_read_reg_1164_reg[29], graph5_read_reg_1164_reg[2], graph5_read_reg_1164_reg[30], graph5_read_reg_1164_reg[31], graph5_read_reg_1164_reg[32], graph5_read_reg_1164_reg[33], graph5_read_reg_1164_reg[34], graph5_read_reg_1164_reg[35], graph5_read_reg_1164_reg[36], graph5_read_reg_1164_reg[37], graph5_read_reg_1164_reg[38], graph5_read_reg_1164_reg[39], graph5_read_reg_1164_reg[3], graph5_read_reg_1164_reg[40], graph5_read_reg_1164_reg[41], graph5_read_reg_1164_reg[42], graph5_read_reg_1164_reg[43], graph5_read_reg_1164_reg[44], graph5_read_reg_1164_reg[45], graph5_read_reg_1164_reg[46], graph5_read_reg_1164_reg[47], graph5_read_reg_1164_reg[48], graph5_read_reg_1164_reg[49], graph5_read_reg_1164_reg[4], graph5_read_reg_1164_reg[50], graph5_read_reg_1164_reg[51], graph5_read_reg_1164_reg[52], graph5_read_reg_1164_reg[53], graph5_read_reg_1164_reg[54], graph5_read_reg_1164_reg[55], graph5_read_reg_1164_reg[56], graph5_read_reg_1164_reg[57], graph5_read_reg_1164_reg[58], graph5_read_reg_1164_reg[59], graph5_read_reg_1164_reg[5], graph5_read_reg_1164_reg[60], graph5_read_reg_1164_reg[61], graph5_read_reg_1164_reg[62], graph5_read_reg_1164_reg[63], graph5_read_reg_1164_reg[6], graph5_read_reg_1164_reg[7], graph5_read_reg_1164_reg[8], graph5_read_reg_1164_reg[9], graph6_read_reg_1158_reg[10], graph6_read_reg_1158_reg[11], graph6_read_reg_1158_reg[12], graph6_read_reg_1158_reg[13], graph6_read_reg_1158_reg[14], graph6_read_reg_1158_reg[15], graph6_read_reg_1158_reg[16], graph6_read_reg_1158_reg[17], graph6_read_reg_1158_reg[18], graph6_read_reg_1158_reg[19], graph6_read_reg_1158_reg[20], graph6_read_reg_1158_reg[21], graph6_read_reg_1158_reg[22], graph6_read_reg_1158_reg[23], graph6_read_reg_1158_reg[24], graph6_read_reg_1158_reg[25], graph6_read_reg_1158_reg[26], graph6_read_reg_1158_reg[27], graph6_read_reg_1158_reg[28], graph6_read_reg_1158_reg[29], graph6_read_reg_1158_reg[2], graph6_read_reg_1158_reg[30], graph6_read_reg_1158_reg[31], graph6_read_reg_1158_reg[32], graph6_read_reg_1158_reg[33], graph6_read_reg_1158_reg[34], graph6_read_reg_1158_reg[35], graph6_read_reg_1158_reg[36], graph6_read_reg_1158_reg[37], graph6_read_reg_1158_reg[38], graph6_read_reg_1158_reg[39], graph6_read_reg_1158_reg[3], graph6_read_reg_1158_reg[40], graph6_read_reg_1158_reg[41], graph6_read_reg_1158_reg[42], graph6_read_reg_1158_reg[43], graph6_read_reg_1158_reg[44], graph6_read_reg_1158_reg[45], graph6_read_reg_1158_reg[46], graph6_read_reg_1158_reg[47], graph6_read_reg_1158_reg[48], graph6_read_reg_1158_reg[49], graph6_read_reg_1158_reg[4], graph6_read_reg_1158_reg[50], graph6_read_reg_1158_reg[51], graph6_read_reg_1158_reg[52], graph6_read_reg_1158_reg[53], graph6_read_reg_1158_reg[54], graph6_read_reg_1158_reg[55], graph6_read_reg_1158_reg[56], graph6_read_reg_1158_reg[57], graph6_read_reg_1158_reg[58], graph6_read_reg_1158_reg[59], graph6_read_reg_1158_reg[5], graph6_read_reg_1158_reg[60], graph6_read_reg_1158_reg[61], graph6_read_reg_1158_reg[62], graph6_read_reg_1158_reg[63], graph6_read_reg_1158_reg[6], graph6_read_reg_1158_reg[7], graph6_read_reg_1158_reg[8], graph6_read_reg_1158_reg[9], graph7_read_reg_1152_reg[10], graph7_read_reg_1152_reg[11], graph7_read_reg_1152_reg[12], graph7_read_reg_1152_reg[13], graph7_read_reg_1152_reg[14], graph7_read_reg_1152_reg[15], graph7_read_reg_1152_reg[16], graph7_read_reg_1152_reg[17], graph7_read_reg_1152_reg[18], graph7_read_reg_1152_reg[19], graph7_read_reg_1152_reg[20], graph7_read_reg_1152_reg[21], graph7_read_reg_1152_reg[22], graph7_read_reg_1152_reg[23], graph7_read_reg_1152_reg[24], graph7_read_reg_1152_reg[25], graph7_read_reg_1152_reg[26], graph7_read_reg_1152_reg[27], graph7_read_reg_1152_reg[28], graph7_read_reg_1152_reg[29], graph7_read_reg_1152_reg[2], graph7_read_reg_1152_reg[30], graph7_read_reg_1152_reg[31], graph7_read_reg_1152_reg[32], graph7_read_reg_1152_reg[33], graph7_read_reg_1152_reg[34], graph7_read_reg_1152_reg[35], graph7_read_reg_1152_reg[36], graph7_read_reg_1152_reg[37], graph7_read_reg_1152_reg[38], graph7_read_reg_1152_reg[39], graph7_read_reg_1152_reg[3], graph7_read_reg_1152_reg[40], graph7_read_reg_1152_reg[41], graph7_read_reg_1152_reg[42], graph7_read_reg_1152_reg[43], graph7_read_reg_1152_reg[44], graph7_read_reg_1152_reg[45], graph7_read_reg_1152_reg[46], graph7_read_reg_1152_reg[47], graph7_read_reg_1152_reg[48], graph7_read_reg_1152_reg[49], graph7_read_reg_1152_reg[4], graph7_read_reg_1152_reg[50], graph7_read_reg_1152_reg[51], graph7_read_reg_1152_reg[52], graph7_read_reg_1152_reg[53], graph7_read_reg_1152_reg[54], graph7_read_reg_1152_reg[55], graph7_read_reg_1152_reg[56], graph7_read_reg_1152_reg[57], graph7_read_reg_1152_reg[58], graph7_read_reg_1152_reg[59], graph7_read_reg_1152_reg[5], graph7_read_reg_1152_reg[60], graph7_read_reg_1152_reg[61], graph7_read_reg_1152_reg[62], graph7_read_reg_1152_reg[63], graph7_read_reg_1152_reg[6], graph7_read_reg_1152_reg[7], graph7_read_reg_1152_reg[8], graph7_read_reg_1152_reg[9], graph8_read_reg_1146_reg[10], graph8_read_reg_1146_reg[11], graph8_read_reg_1146_reg[12], graph8_read_reg_1146_reg[13], graph8_read_reg_1146_reg[14], graph8_read_reg_1146_reg[15], graph8_read_reg_1146_reg[16], graph8_read_reg_1146_reg[17], graph8_read_reg_1146_reg[18], graph8_read_reg_1146_reg[19], graph8_read_reg_1146_reg[20], graph8_read_reg_1146_reg[21], graph8_read_reg_1146_reg[22], graph8_read_reg_1146_reg[23], graph8_read_reg_1146_reg[24], graph8_read_reg_1146_reg[25], graph8_read_reg_1146_reg[26], graph8_read_reg_1146_reg[27], graph8_read_reg_1146_reg[28], graph8_read_reg_1146_reg[29], graph8_read_reg_1146_reg[2], graph8_read_reg_1146_reg[30], graph8_read_reg_1146_reg[31], graph8_read_reg_1146_reg[32], graph8_read_reg_1146_reg[33], graph8_read_reg_1146_reg[34], graph8_read_reg_1146_reg[35], graph8_read_reg_1146_reg[36], graph8_read_reg_1146_reg[37], graph8_read_reg_1146_reg[38], graph8_read_reg_1146_reg[39], graph8_read_reg_1146_reg[3], graph8_read_reg_1146_reg[40], graph8_read_reg_1146_reg[41], graph8_read_reg_1146_reg[42], graph8_read_reg_1146_reg[43], graph8_read_reg_1146_reg[44], graph8_read_reg_1146_reg[45], graph8_read_reg_1146_reg[46], graph8_read_reg_1146_reg[47], graph8_read_reg_1146_reg[48], graph8_read_reg_1146_reg[49], graph8_read_reg_1146_reg[4], graph8_read_reg_1146_reg[50], graph8_read_reg_1146_reg[51], graph8_read_reg_1146_reg[52], graph8_read_reg_1146_reg[53], graph8_read_reg_1146_reg[54], graph8_read_reg_1146_reg[55], graph8_read_reg_1146_reg[56], graph8_read_reg_1146_reg[57], graph8_read_reg_1146_reg[58], graph8_read_reg_1146_reg[59], graph8_read_reg_1146_reg[5], graph8_read_reg_1146_reg[60], graph8_read_reg_1146_reg[61], graph8_read_reg_1146_reg[62], graph8_read_reg_1146_reg[63], graph8_read_reg_1146_reg[6], graph8_read_reg_1146_reg[7], graph8_read_reg_1146_reg[8], graph8_read_reg_1146_reg[9], graph9_read_reg_1140_reg[10], graph9_read_reg_1140_reg[11], graph9_read_reg_1140_reg[12], graph9_read_reg_1140_reg[13], graph9_read_reg_1140_reg[14], graph9_read_reg_1140_reg[15], graph9_read_reg_1140_reg[16], graph9_read_reg_1140_reg[17], graph9_read_reg_1140_reg[18], graph9_read_reg_1140_reg[19], graph9_read_reg_1140_reg[20], graph9_read_reg_1140_reg[21], graph9_read_reg_1140_reg[22], graph9_read_reg_1140_reg[23], graph9_read_reg_1140_reg[24], graph9_read_reg_1140_reg[25], graph9_read_reg_1140_reg[26], graph9_read_reg_1140_reg[27], graph9_read_reg_1140_reg[28], graph9_read_reg_1140_reg[29], graph9_read_reg_1140_reg[2], graph9_read_reg_1140_reg[30], graph9_read_reg_1140_reg[31], graph9_read_reg_1140_reg[32], graph9_read_reg_1140_reg[33], graph9_read_reg_1140_reg[34], graph9_read_reg_1140_reg[35], graph9_read_reg_1140_reg[36], graph9_read_reg_1140_reg[37], graph9_read_reg_1140_reg[38], graph9_read_reg_1140_reg[39], graph9_read_reg_1140_reg[3], graph9_read_reg_1140_reg[40], graph9_read_reg_1140_reg[41], graph9_read_reg_1140_reg[42], graph9_read_reg_1140_reg[43], graph9_read_reg_1140_reg[44], graph9_read_reg_1140_reg[45], graph9_read_reg_1140_reg[46], graph9_read_reg_1140_reg[47], graph9_read_reg_1140_reg[48], graph9_read_reg_1140_reg[49], graph9_read_reg_1140_reg[4], graph9_read_reg_1140_reg[50], graph9_read_reg_1140_reg[51], graph9_read_reg_1140_reg[52], graph9_read_reg_1140_reg[53], graph9_read_reg_1140_reg[54], graph9_read_reg_1140_reg[55], graph9_read_reg_1140_reg[56], graph9_read_reg_1140_reg[57], graph9_read_reg_1140_reg[58], graph9_read_reg_1140_reg[59], graph9_read_reg_1140_reg[5], graph9_read_reg_1140_reg[60], graph9_read_reg_1140_reg[61], graph9_read_reg_1140_reg[62], graph9_read_reg_1140_reg[63], graph9_read_reg_1140_reg[6], graph9_read_reg_1140_reg[7], graph9_read_reg_1140_reg[8], graph9_read_reg_1140_reg[9], grp_partitioned_build_exact_row_tasks_fu_1792/grp_partitioned_append_range_task_fu_378/ram_reg_i_79, grp_partitioned_build_exact_row_tasks_fu_1792/grp_partitioned_append_range_task_fu_378/ram_reg_i_81, grp_partitioned_build_exact_row_tasks_fu_1792/grp_partitioned_append_range_task_fu_378/ram_reg_i_85, grp_partitioned_build_exact_row_tasks_fu_1792/grp_partitioned_build_exact_row_tasks_Pipeline_PARTITIONED_BUILD_EXACT_ROW_TASKS_fu_341/add_ln8735_reg_1110_reg[16]_i_1, grp_partitioned_build_exact_row_tasks_fu_1792/grp_partitioned_build_exact_row_tasks_Pipeline_PARTITIONED_BUILD_EXACT_ROW_TASKS_fu_341/add_ln8735_reg_1110_reg[24]_i_1, grp_partitioned_build_exact_row_tasks_fu_1792/grp_partitioned_build_exact_row_tasks_Pipeline_PARTITIONED_BUILD_EXACT_ROW_TASKS_fu_341/add_ln8735_reg_1110_reg[8]_i_1, grp_partitioned_build_exact_row_tasks_fu_1792/grp_partitioned_build_exact_row_tasks_Pipeline_PARTITIONED_BUILD_EXACT_ROW_TASKS_fu_341/grp_partitioned_append_range_task_fu_402/ram_reg_i_80, grp_partitioned_build_exact_row_tasks_fu_1792/grp_partitioned_build_exact_row_tasks_Pipeline_PARTITIONED_BUILD_EXACT_ROW_TASKS_fu_341/grp_partitioned_append_range_task_fu_402/ram_reg_i_82, grp_partitioned_build_exact_row_tasks_fu_1792/grp_partitioned_build_exact_row_tasks_Pipeline_PARTITIONED_BUILD_EXACT_ROW_TASKS_fu_341/grp_partitioned_append_range_task_fu_402/ram_reg_i_86, grp_partitioned_clear_lower_levels_after_commit_fu_4694/grp_partitioned_clear_level_all_partitions_fu_64/mac_muladd_7ns_4ns_7ns_11_4_1_U985/spine_partconv_rdmaint_kernel_mac_muladd_7ns_4ns_7ns_11_4_1_DSP48_0_U/m_reg_reg[9]_i_1, grp_partitioned_emit_edge_range_tile_fu_1484/grp_partitioned_emit_edge_range_tile_Pipeline_PARTITIONED_EMIT_EDGE_LOOP_fu_164/data_p2_reg[14]_i_12, grp_partitioned_emit_edge_range_tile_fu_1484/grp_partitioned_emit_edge_range_tile_Pipeline_PARTITIONED_EMIT_EDGE_LOOP_fu_164/data_p2_reg[1]_i_14, grp_partitioned_emit_edge_range_tile_fu_1484/grp_partitioned_emit_edge_range_tile_Pipeline_PARTITIONED_EMIT_EDGE_LOOP_fu_164/data_p2_reg[21]_i_11, grp_partitioned_emit_format_rejection_fu_735, grp_partitioned_prepare_device_dirty_sources_fu_2835/trunc_ln_reg_1516_reg[22]_i_1, grp_partitioned_prepare_device_dirty_sources_fu_2835/trunc_ln_reg_1516_reg[14]_i_1, grp_partitioned_emit_format_rejection_fu_735_ap_start_reg_reg, grp_partitioned_prepare_device_dirty_sources_fu_2835/trunc_ln_reg_1516_reg[30]_i_1, grp_partitioned_prepare_device_dirty_sources_fu_2835/trunc_ln_reg_1516_reg[38]_i_1, grp_partitioned_prepare_device_dirty_sources_fu_2835/trunc_ln_reg_1516_reg[46]_i_1, grp_partitioned_prepare_device_dirty_sources_fu_2835/trunc_ln_reg_1516_reg[54]_i_1, grp_partitioned_prepare_device_dirty_sources_fu_2835/trunc_ln_reg_1516_reg[6]_i_1, grp_partitioned_run_convergence_reader_Pipeline_PARTITIONED_RANGE_TASK_CACHE_LEVEL_F_fu_2852/grp_partitioned_load_range_task_level_cache_fu_105/trunc_ln63_reg_1093_reg[14]_i_1, grp_partitioned_run_convergence_reader_Pipeline_PARTITIONED_RANGE_TASK_CACHE_LEVEL_F_fu_2852/grp_partitioned_load_range_task_level_cache_fu_105/trunc_ln63_reg_1093_reg[22]_i_1, grp_partitioned_run_convergence_reader_Pipeline_PARTITIONED_RANGE_TASK_CACHE_LEVEL_F_fu_2852/grp_partitioned_load_range_task_level_cache_fu_105/trunc_ln63_reg_1093_reg[30]_i_1, grp_partitioned_run_convergence_reader_Pipeline_PARTITIONED_RANGE_TASK_CACHE_LEVEL_F_fu_2852/grp_partitioned_load_range_task_level_cache_fu_105/trunc_ln63_reg_1093_reg[38]_i_1, grp_partitioned_run_convergence_reader_Pipeline_PARTITIONED_RANGE_TASK_CACHE_LEVEL_F_fu_2852/grp_partitioned_load_range_task_level_cache_fu_105/trunc_ln63_reg_1093_reg[46]_i_1, grp_partitioned_run_convergence_reader_Pipeline_PARTITIONED_RANGE_TASK_CACHE_LEVEL_F_fu_2852/grp_partitioned_load_range_task_level_cache_fu_105/trunc_ln63_reg_1093_reg[54]_i_1, grp_partitioned_run_convergence_reader_Pipeline_PARTITIONED_RANGE_TASK_CACHE_LEVEL_F_fu_2852/grp_partitioned_load_range_task_level_cache_fu_105/trunc_ln63_reg_1093_reg[6]_i_1, grp_partitioned_run_convergence_reader_fu_659, grp_partitioned_run_maintenance_Pipeline_PARTITIONED_DIRTY_UPDATE_DIRECTORY_AND_FRON_fu_4399/add_ln7573_reg_4598_reg[7]_i_1, grp_partitioned_run_dirty_ack_fu_645, grp_partitioned_run_convergence_reader_fu_659_ap_start_reg_reg, grp_partitioned_run_maintenance_Pipeline_PARTITIONED_DIRTY_UPDATE_DIRECTORY_AND_FRON_fu_4399/add_ln7573_reg_4598_reg[15]_i_1, grp_partitioned_run_dirty_ack_fu_645_ap_start_reg_reg, grp_partitioned_run_maintenance_Pipeline_PARTITIONED_DIRTY_UPDATE_DIRECTORY_AND_FRON_fu_4399/add_ln7579_reg_4612_reg[16]_i_1, grp_partitioned_run_maintenance_Pipeline_PARTITIONED_DIRTY_UPDATE_DIRECTORY_AND_FRON_fu_4399/add_ln7579_reg_4612_reg[24]_i_1, grp_partitioned_run_maintenance_Pipeline_PARTITIONED_DIRTY_UPDATE_DIRECTORY_AND_FRON_fu_4399/add_ln7579_reg_4612_reg[8]_i_1, grp_partitioned_run_maintenance_fu_580, level_meta_io_read_reg_1084_reg[10], icmp_ln10600_reg_1302_reg[0], grp_partitioned_run_maintenance_fu_580_ap_start_reg_reg, level_meta_io_read_reg_1084_reg[11], level_meta_io_read_reg_1084_reg[12], level_meta_io_read_reg_1084_reg[13], level_meta_io_read_reg_1084_reg[14], level_meta_io_read_reg_1084_reg[15], level_meta_io_read_reg_1084_reg[16], level_meta_io_read_reg_1084_reg[17], level_meta_io_read_reg_1084_reg[18], level_meta_io_read_reg_1084_reg[19], level_meta_io_read_reg_1084_reg[20], level_meta_io_read_reg_1084_reg[21], level_meta_io_read_reg_1084_reg[22], level_meta_io_read_reg_1084_reg[23], level_meta_io_read_reg_1084_reg[24], level_meta_io_read_reg_1084_reg[25], level_meta_io_read_reg_1084_reg[26], level_meta_io_read_reg_1084_reg[27], level_meta_io_read_reg_1084_reg[28], level_meta_io_read_reg_1084_reg[29], level_meta_io_read_reg_1084_reg[2], level_meta_io_read_reg_1084_reg[30], level_meta_io_read_reg_1084_reg[31], level_meta_io_read_reg_1084_reg[32], level_meta_io_read_reg_1084_reg[33], level_meta_io_read_reg_1084_reg[34], level_meta_io_read_reg_1084_reg[35], level_meta_io_read_reg_1084_reg[36], level_meta_io_read_reg_1084_reg[37], level_meta_io_read_reg_1084_reg[38], level_meta_io_read_reg_1084_reg[39], level_meta_io_read_reg_1084_reg[40], level_meta_io_read_reg_1084_reg[41], level_meta_io_read_reg_1084_reg[42], level_meta_io_read_reg_1084_reg[43], level_meta_io_read_reg_1084_reg[44], level_meta_io_read_reg_1084_reg[45], level_meta_io_read_reg_1084_reg[46], level_meta_io_read_reg_1084_reg[47], level_meta_io_read_reg_1084_reg[48], level_meta_io_read_reg_1084_reg[49], level_meta_io_read_reg_1084_reg[50], level_meta_io_read_reg_1084_reg[51], level_meta_io_read_reg_1084_reg[52], level_meta_io_read_reg_1084_reg[53], level_meta_io_read_reg_1084_reg[54], level_meta_io_read_reg_1084_reg[55], level_meta_io_read_reg_1084_reg[56], level_meta_io_read_reg_1084_reg[57], level_meta_io_read_reg_1084_reg[58], level_meta_io_read_reg_1084_reg[59], level_meta_io_read_reg_1084_reg[60], level_meta_io_read_reg_1084_reg[61], level_meta_io_read_reg_1084_reg[62], level_meta_io_read_reg_1084_reg[63], level_meta_io_read_reg_1084_reg[6], level_meta_io_read_reg_1084_reg[7], level_meta_io_read_reg_1084_reg[8], level_meta_io_read_reg_1084_reg[9], magic_reg_1211_reg[0], magic_reg_1211_reg[10], magic_reg_1211_reg[11], magic_reg_1211_reg[12], magic_reg_1211_reg[13], magic_reg_1211_reg[14], magic_reg_1211_reg[15], magic_reg_1211_reg[16], magic_reg_1211_reg[17], magic_reg_1211_reg[18], magic_reg_1211_reg[19], magic_reg_1211_reg[1], magic_reg_1211_reg[20], magic_reg_1211_reg[21], magic_reg_1211_reg[22], magic_reg_1211_reg[23], magic_reg_1211_reg[24], magic_reg_1211_reg[25], magic_reg_1211_reg[26], magic_reg_1211_reg[27], magic_reg_1211_reg[28], magic_reg_1211_reg[29], magic_reg_1211_reg[2], magic_reg_1211_reg[30], magic_reg_1211_reg[31], magic_reg_1211_reg[3], magic_reg_1211_reg[4], magic_reg_1211_reg[5], magic_reg_1211_reg[6], magic_reg_1211_reg[7], magic_reg_1211_reg[8], magic_reg_1211_reg[9], maintenance_edges_reg_1275_reg[0], maintenance_edges_reg_1275_reg[10], maintenance_edges_reg_1275_reg[11], maintenance_edges_reg_1275_reg[12], maintenance_edges_reg_1275_reg[13], maintenance_edges_reg_1275_reg[14], maintenance_edges_reg_1275_reg[15], maintenance_edges_reg_1275_reg[16], maintenance_edges_reg_1275_reg[17], maintenance_edges_reg_1275_reg[18], maintenance_edges_reg_1275_reg[19], maintenance_edges_reg_1275_reg[1], maintenance_edges_reg_1275_reg[20], maintenance_edges_reg_1275_reg[21], maintenance_edges_reg_1275_reg[22], maintenance_edges_reg_1275_reg[23], maintenance_edges_reg_1275_reg[24], maintenance_edges_reg_1275_reg[25], maintenance_edges_reg_1275_reg[26], maintenance_edges_reg_1275_reg[27], maintenance_edges_reg_1275_reg[28], maintenance_edges_reg_1275_reg[29], maintenance_edges_reg_1275_reg[2], maintenance_edges_reg_1275_reg[30], maintenance_edges_reg_1275_reg[31], maintenance_edges_reg_1275_reg[3], maintenance_edges_reg_1275_reg[4], maintenance_edges_reg_1275_reg[5], maintenance_edges_reg_1275_reg[6], maintenance_edges_reg_1275_reg[7], maintenance_edges_reg_1275_reg[8], maintenance_edges_reg_1275_reg[9], maintenance_vertices_reg_1280_reg[0], maintenance_vertices_reg_1280_reg[10], maintenance_vertices_reg_1280_reg[11], maintenance_vertices_reg_1280_reg[12], maintenance_vertices_reg_1280_reg[13], maintenance_vertices_reg_1280_reg[14], maintenance_vertices_reg_1280_reg[15], maintenance_vertices_reg_1280_reg[16], maintenance_vertices_reg_1280_reg[17], maintenance_vertices_reg_1280_reg[18], maintenance_vertices_reg_1280_reg[19], maintenance_vertices_reg_1280_reg[1], maintenance_vertices_reg_1280_reg[20], maintenance_vertices_reg_1280_reg[21], maintenance_vertices_reg_1280_reg[22], maintenance_vertices_reg_1280_reg[23], maintenance_vertices_reg_1280_reg[24], maintenance_vertices_reg_1280_reg[25], maintenance_vertices_reg_1280_reg[26], maintenance_vertices_reg_1280_reg[27], maintenance_vertices_reg_1280_reg[28], maintenance_vertices_reg_1280_reg[29], maintenance_vertices_reg_1280_reg[2], maintenance_vertices_reg_1280_reg[30], maintenance_vertices_reg_1280_reg[31], maintenance_vertices_reg_1280_reg[3], maintenance_vertices_reg_1280_reg[4], maintenance_vertices_reg_1280_reg[5], maintenance_vertices_reg_1280_reg[6], maintenance_vertices_reg_1280_reg[7], maintenance_vertices_reg_1280_reg[8], maintenance_vertices_reg_1280_reg[9], p_cast_reg_1339[8]_i_2, p_cast_reg_1339_reg[0], p_cast_reg_1339_reg[10], p_cast_reg_1339_reg[11], p_cast_reg_1339_reg[12], p_cast_reg_1339_reg[13], p_cast_reg_1339_reg[14], p_cast_reg_1339_reg[15], p_cast_reg_1339_reg[16], p_cast_reg_1339_reg[16]_i_1, p_cast_reg_1339_reg[17], p_cast_reg_1339_reg[18], p_cast_reg_1339_reg[19], p_cast_reg_1339_reg[1], p_cast_reg_1339_reg[20], p_cast_reg_1339_reg[21], p_cast_reg_1339_reg[22], p_cast_reg_1339_reg[23], p_cast_reg_1339_reg[24], p_cast_reg_1339_reg[24]_i_1, p_cast_reg_1339_reg[25], p_cast_reg_1339_reg[26], p_cast_reg_1339_reg[27], p_cast_reg_1339_reg[28], p_cast_reg_1339_reg[29], p_cast_reg_1339_reg[2], p_cast_reg_1339_reg[30], p_cast_reg_1339_reg[31], p_cast_reg_1339_reg[32], p_cast_reg_1339_reg[32]_i_1, p_cast_reg_1339_reg[33], p_cast_reg_1339_reg[34], p_cast_reg_1339_reg[35], p_cast_reg_1339_reg[36], p_cast_reg_1339_reg[37], p_cast_reg_1339_reg[38], p_cast_reg_1339_reg[39], p_cast_reg_1339_reg[3], p_cast_reg_1339_reg[40], p_cast_reg_1339_reg[40]_i_1, p_cast_reg_1339_reg[41], p_cast_reg_1339_reg[42], p_cast_reg_1339_reg[43], p_cast_reg_1339_reg[44], p_cast_reg_1339_reg[45], p_cast_reg_1339_reg[46], p_cast_reg_1339_reg[47], p_cast_reg_1339_reg[48], p_cast_reg_1339_reg[48]_i_1, p_cast_reg_1339_reg[49], p_cast_reg_1339_reg[4], p_cast_reg_1339_reg[50], p_cast_reg_1339_reg[51], p_cast_reg_1339_reg[52], p_cast_reg_1339_reg[53], p_cast_reg_1339_reg[54], p_cast_reg_1339_reg[55], p_cast_reg_1339_reg[56], p_cast_reg_1339_reg[56]_i_1, p_cast_reg_1339_reg[57], p_cast_reg_1339_reg[58], p_cast_reg_1339_reg[59], p_cast_reg_1339_reg[5], p_cast_reg_1339_reg[60], p_cast_reg_1339_reg[60]_i_1, p_cast_reg_1339_reg[6], p_cast_reg_1339_reg[7], p_cast_reg_1339_reg[8], p_cast_reg_1339_reg[8]_i_1, p_cast_reg_1339_reg[9], regslice_both_edge_out_U, regslice_both_value_in_U, result_out_read_reg_1073_reg[0], result_out_read_reg_1073_reg[10], result_out_read_reg_1073_reg[11], result_out_read_reg_1073_reg[12], result_out_read_reg_1073_reg[13], result_out_read_reg_1073_reg[14], result_out_read_reg_1073_reg[15], result_out_read_reg_1073_reg[16], result_out_read_reg_1073_reg[17], result_out_read_reg_1073_reg[18], result_out_read_reg_1073_reg[19], result_out_read_reg_1073_reg[1], result_out_read_reg_1073_reg[20], result_out_read_reg_1073_reg[21], result_out_read_reg_1073_reg[22], result_out_read_reg_1073_reg[23], result_out_read_reg_1073_reg[24], result_out_read_reg_1073_reg[25], result_out_read_reg_1073_reg[26], result_out_read_reg_1073_reg[27], result_out_read_reg_1073_reg[28], result_out_read_reg_1073_reg[29], result_out_read_reg_1073_reg[2], result_out_read_reg_1073_reg[30], result_out_read_reg_1073_reg[31], result_out_read_reg_1073_reg[32], result_out_read_reg_1073_reg[33], result_out_read_reg_1073_reg[34], result_out_read_reg_1073_reg[35], result_out_read_reg_1073_reg[36], result_out_read_reg_1073_reg[37], result_out_read_reg_1073_reg[38], result_out_read_reg_1073_reg[39], result_out_read_reg_1073_reg[3], result_out_read_reg_1073_reg[40], result_out_read_reg_1073_reg[41], result_out_read_reg_1073_reg[42], result_out_read_reg_1073_reg[43], result_out_read_reg_1073_reg[44], result_out_read_reg_1073_reg[45], result_out_read_reg_1073_reg[46], result_out_read_reg_1073_reg[47], result_out_read_reg_1073_reg[48], result_out_read_reg_1073_reg[49], result_out_read_reg_1073_reg[4], result_out_read_reg_1073_reg[50], result_out_read_reg_1073_reg[51], result_out_read_reg_1073_reg[52], result_out_read_reg_1073_reg[53], result_out_read_reg_1073_reg[54], result_out_read_reg_1073_reg[55], result_out_read_reg_1073_reg[56], result_out_read_reg_1073_reg[57], result_out_read_reg_1073_reg[58], result_out_read_reg_1073_reg[59], result_out_read_reg_1073_reg[5], result_out_read_reg_1073_reg[60], result_out_read_reg_1073_reg[61], result_out_read_reg_1073_reg[62], result_out_read_reg_1073_reg[63], result_out_read_reg_1073_reg[6], result_out_read_reg_1073_reg[7], result_out_read_reg_1073_reg[8], result_out_read_reg_1073_reg[9], shl_ln10618_2_reg_1328[15]_i_1, shl_ln10618_2_reg_1328[23]_i_1, shl_ln10618_2_reg_1328[31]_i_1, shl_ln10618_2_reg_1328[39]_i_1, shl_ln10618_2_reg_1328[47]_i_1, shl_ln10618_2_reg_1328[55]_i_1, shl_ln10618_2_reg_1328[7]_i_1, shl_ln10618_2_reg_1328_reg[15], shl_ln10618_2_reg_1328_reg[23], shl_ln10618_2_reg_1328_reg[31], shl_ln10618_2_reg_1328_reg[39], shl_ln10618_2_reg_1328_reg[47], shl_ln10618_2_reg_1328_reg[55], shl_ln10618_2_reg_1328_reg[63], shl_ln10618_2_reg_1328_reg[7], sorted_edges_read_reg_1097_reg[10], sorted_edges_read_reg_1097_reg[11], sorted_edges_read_reg_1097_reg[12], sorted_edges_read_reg_1097_reg[13], sorted_edges_read_reg_1097_reg[14], sorted_edges_read_reg_1097_reg[15], sorted_edges_read_reg_1097_reg[16], sorted_edges_read_reg_1097_reg[17], sorted_edges_read_reg_1097_reg[18], sorted_edges_read_reg_1097_reg[19], sorted_edges_read_reg_1097_reg[20], sorted_edges_read_reg_1097_reg[21], sorted_edges_read_reg_1097_reg[22], sorted_edges_read_reg_1097_reg[23], sorted_edges_read_reg_1097_reg[24], sorted_edges_read_reg_1097_reg[25], sorted_edges_read_reg_1097_reg[26], sorted_edges_read_reg_1097_reg[27], sorted_edges_read_reg_1097_reg[28], sorted_edges_read_reg_1097_reg[29], sorted_edges_read_reg_1097_reg[30], sorted_edges_read_reg_1097_reg[31], sorted_edges_read_reg_1097_reg[32], sorted_edges_read_reg_1097_reg[33], sorted_edges_read_reg_1097_reg[34], sorted_edges_read_reg_1097_reg[35], sorted_edges_read_reg_1097_reg[36], sorted_edges_read_reg_1097_reg[37], sorted_edges_read_reg_1097_reg[38], sorted_edges_read_reg_1097_reg[39], sorted_edges_read_reg_1097_reg[3], sorted_edges_read_reg_1097_reg[40], sorted_edges_read_reg_1097_reg[41], sorted_edges_read_reg_1097_reg[42], sorted_edges_read_reg_1097_reg[43], sorted_edges_read_reg_1097_reg[44], sorted_edges_read_reg_1097_reg[45], sorted_edges_read_reg_1097_reg[46], sorted_edges_read_reg_1097_reg[47], sorted_edges_read_reg_1097_reg[48], sorted_edges_read_reg_1097_reg[49], sorted_edges_read_reg_1097_reg[4], sorted_edges_read_reg_1097_reg[50], sorted_edges_read_reg_1097_reg[51], sorted_edges_read_reg_1097_reg[52], sorted_edges_read_reg_1097_reg[53], sorted_edges_read_reg_1097_reg[54], sorted_edges_read_reg_1097_reg[55], sorted_edges_read_reg_1097_reg[56], sorted_edges_read_reg_1097_reg[57], sorted_edges_read_reg_1097_reg[58], sorted_edges_read_reg_1097_reg[59], sorted_edges_read_reg_1097_reg[5], sorted_edges_read_reg_1097_reg[60], sorted_edges_read_reg_1097_reg[61], sorted_edges_read_reg_1097_reg[62], sorted_edges_read_reg_1097_reg[63], sorted_edges_read_reg_1097_reg[6], sorted_edges_read_reg_1097_reg[7], sorted_edges_read_reg_1097_reg[8], sorted_edges_read_reg_1097_reg[9], tmp_reg_1267_reg[0], tmp_reg_1267_reg[10], tmp_reg_1267_reg[11], tmp_reg_1267_reg[12], tmp_reg_1267_reg[13], tmp_reg_1267_reg[14], tmp_reg_1267_reg[15], tmp_reg_1267_reg[16], tmp_reg_1267_reg[17], tmp_reg_1267_reg[18], tmp_reg_1267_reg[19], tmp_reg_1267_reg[1], tmp_reg_1267_reg[20], tmp_reg_1267_reg[21], tmp_reg_1267_reg[22], tmp_reg_1267_reg[23], tmp_reg_1267_reg[24], tmp_reg_1267_reg[25], tmp_reg_1267_reg[26], tmp_reg_1267_reg[27], tmp_reg_1267_reg[28], tmp_reg_1267_reg[29], tmp_reg_1267_reg[2], tmp_reg_1267_reg[30], tmp_reg_1267_reg[31], tmp_reg_1267_reg[32], tmp_reg_1267_reg[33], tmp_reg_1267_reg[34], tmp_reg_1267_reg[35], tmp_reg_1267_reg[36], tmp_reg_1267_reg[37], tmp_reg_1267_reg[38], tmp_reg_1267_reg[39], tmp_reg_1267_reg[3], tmp_reg_1267_reg[40], tmp_reg_1267_reg[41], tmp_reg_1267_reg[42], tmp_reg_1267_reg[43], tmp_reg_1267_reg[44], tmp_reg_1267_reg[45], tmp_reg_1267_reg[46], tmp_reg_1267_reg[47], tmp_reg_1267_reg[48], tmp_reg_1267_reg[49], tmp_reg_1267_reg[4], tmp_reg_1267_reg[50], tmp_reg_1267_reg[51], tmp_reg_1267_reg[52], tmp_reg_1267_reg[53], tmp_reg_1267_reg[54], tmp_reg_1267_reg[55], tmp_reg_1267_reg[56], tmp_reg_1267_reg[57], tmp_reg_1267_reg[58], tmp_reg_1267_reg[59], tmp_reg_1267_reg[5], tmp_reg_1267_reg[60], tmp_reg_1267_reg[61], tmp_reg_1267_reg[62], tmp_reg_1267_reg[6], tmp_reg_1267_reg[7], tmp_reg_1267_reg[8], tmp_reg_1267_reg[9], trunc_ln10511_reg_1247_reg[0], trunc_ln10511_reg_1247_reg[1], trunc_ln10618_2_reg_1318[5]_i_2, trunc_ln10618_2_reg_1318[5]_i_3, trunc_ln10618_2_reg_1318_reg[0], trunc_ln10618_2_reg_1318_reg[10], trunc_ln10618_2_reg_1318_reg[11], trunc_ln10618_2_reg_1318_reg[12], trunc_ln10618_2_reg_1318_reg[13], trunc_ln10618_2_reg_1318_reg[13]_i_1, trunc_ln10618_2_reg_1318_reg[14], trunc_ln10618_2_reg_1318_reg[15], trunc_ln10618_2_reg_1318_reg[16], trunc_ln10618_2_reg_1318_reg[17], trunc_ln10618_2_reg_1318_reg[18], trunc_ln10618_2_reg_1318_reg[19], trunc_ln10618_2_reg_1318_reg[1], trunc_ln10618_2_reg_1318_reg[20], trunc_ln10618_2_reg_1318_reg[21], trunc_ln10618_2_reg_1318_reg[21]_i_1, trunc_ln10618_2_reg_1318_reg[22], trunc_ln10618_2_reg_1318_reg[23], trunc_ln10618_2_reg_1318_reg[24], trunc_ln10618_2_reg_1318_reg[25], trunc_ln10618_2_reg_1318_reg[26], trunc_ln10618_2_reg_1318_reg[27], trunc_ln10618_2_reg_1318_reg[28], trunc_ln10618_2_reg_1318_reg[29], trunc_ln10618_2_reg_1318_reg[29]_i_1, trunc_ln10618_2_reg_1318_reg[2], trunc_ln10618_2_reg_1318_reg[30], trunc_ln10618_2_reg_1318_reg[31], trunc_ln10618_2_reg_1318_reg[32], trunc_ln10618_2_reg_1318_reg[33], trunc_ln10618_2_reg_1318_reg[34], trunc_ln10618_2_reg_1318_reg[35], trunc_ln10618_2_reg_1318_reg[36], trunc_ln10618_2_reg_1318_reg[37], trunc_ln10618_2_reg_1318_reg[37]_i_1, trunc_ln10618_2_reg_1318_reg[38], trunc_ln10618_2_reg_1318_reg[39], trunc_ln10618_2_reg_1318_reg[3], trunc_ln10618_2_reg_1318_reg[40], trunc_ln10618_2_reg_1318_reg[41], trunc_ln10618_2_reg_1318_reg[42], trunc_ln10618_2_reg_1318_reg[43], trunc_ln10618_2_reg_1318_reg[44], trunc_ln10618_2_reg_1318_reg[45], trunc_ln10618_2_reg_1318_reg[45]_i_1, trunc_ln10618_2_reg_1318_reg[46], trunc_ln10618_2_reg_1318_reg[47], trunc_ln10618_2_reg_1318_reg[48], trunc_ln10618_2_reg_1318_reg[49], trunc_ln10618_2_reg_1318_reg[4], trunc_ln10618_2_reg_1318_reg[50], trunc_ln10618_2_reg_1318_reg[51], trunc_ln10618_2_reg_1318_reg[52], trunc_ln10618_2_reg_1318_reg[53], trunc_ln10618_2_reg_1318_reg[53]_i_1, trunc_ln10618_2_reg_1318_reg[54], trunc_ln10618_2_reg_1318_reg[55], trunc_ln10618_2_reg_1318_reg[56], trunc_ln10618_2_reg_1318_reg[57], trunc_ln10618_2_reg_1318_reg[58], trunc_ln10618_2_reg_1318_reg[59], trunc_ln10618_2_reg_1318_reg[5], trunc_ln10618_2_reg_1318_reg[5]_i_1, trunc_ln10618_2_reg_1318_reg[60], trunc_ln10618_2_reg_1318_reg[60]_i_1, trunc_ln10618_2_reg_1318_reg[6], trunc_ln10618_2_reg_1318_reg[7], trunc_ln10618_2_reg_1318_reg[8], trunc_ln10618_2_reg_1318_reg[9], trunc_ln10618_reg_1312_reg[0], trunc_ln10618_reg_1312_reg[1], trunc_ln10618_reg_1312_reg[2], trunc_ln1_reg_1200_reg[0], trunc_ln1_reg_1200_reg[10], trunc_ln1_reg_1200_reg[11], trunc_ln1_reg_1200_reg[12], trunc_ln1_reg_1200_reg[13], trunc_ln1_reg_1200_reg[14], trunc_ln1_reg_1200_reg[15], trunc_ln1_reg_1200_reg[16], trunc_ln1_reg_1200_reg[17], trunc_ln1_reg_1200_reg[18], trunc_ln1_reg_1200_reg[19], trunc_ln1_reg_1200_reg[1], trunc_ln1_reg_1200_reg[20], trunc_ln1_reg_1200_reg[21], trunc_ln1_reg_1200_reg[22], trunc_ln1_reg_1200_reg[23], trunc_ln1_reg_1200_reg[24], trunc_ln1_reg_1200_reg[25], trunc_ln1_reg_1200_reg[26], trunc_ln1_reg_1200_reg[27], trunc_ln1_reg_1200_reg[28], trunc_ln1_reg_1200_reg[29], trunc_ln1_reg_1200_reg[2], trunc_ln1_reg_1200_reg[30], trunc_ln1_reg_1200_reg[31], trunc_ln1_reg_1200_reg[32], trunc_ln1_reg_1200_reg[33], trunc_ln1_reg_1200_reg[34], trunc_ln1_reg_1200_reg[35], trunc_ln1_reg_1200_reg[36], trunc_ln1_reg_1200_reg[37], trunc_ln1_reg_1200_reg[38], trunc_ln1_reg_1200_reg[39], trunc_ln1_reg_1200_reg[3], trunc_ln1_reg_1200_reg[40], trunc_ln1_reg_1200_reg[41], trunc_ln1_reg_1200_reg[42], trunc_ln1_reg_1200_reg[43], trunc_ln1_reg_1200_reg[44], trunc_ln1_reg_1200_reg[45], trunc_ln1_reg_1200_reg[46], trunc_ln1_reg_1200_reg[47], trunc_ln1_reg_1200_reg[48], trunc_ln1_reg_1200_reg[49], trunc_ln1_reg_1200_reg[4], trunc_ln1_reg_1200_reg[50], trunc_ln1_reg_1200_reg[51], trunc_ln1_reg_1200_reg[52], trunc_ln1_reg_1200_reg[53], trunc_ln1_reg_1200_reg[54], trunc_ln1_reg_1200_reg[55], trunc_ln1_reg_1200_reg[56], trunc_ln1_reg_1200_reg[57], trunc_ln1_reg_1200_reg[58], trunc_ln1_reg_1200_reg[59], trunc_ln1_reg_1200_reg[5], trunc_ln1_reg_1200_reg[60], trunc_ln1_reg_1200_reg[6], trunc_ln1_reg_1200_reg[7], trunc_ln1_reg_1200_reg[8], trunc_ln1_reg_1200_reg[9], trunc_ln2_reg_1256[14]_i_2, trunc_ln2_reg_1256[14]_i_3, trunc_ln2_reg_1256[14]_i_4, trunc_ln2_reg_1256[22]_i_2, trunc_ln2_reg_1256[22]_i_3, trunc_ln2_reg_1256[22]_i_4, trunc_ln2_reg_1256[30]_i_2, trunc_ln2_reg_1256[6]_i_2, trunc_ln2_reg_1256[6]_i_3, trunc_ln2_reg_1256[6]_i_4, trunc_ln2_reg_1256[6]_i_5, trunc_ln2_reg_1256_reg[0], trunc_ln2_reg_1256_reg[10], trunc_ln2_reg_1256_reg[11], trunc_ln2_reg_1256_reg[12], trunc_ln2_reg_1256_reg[13], trunc_ln2_reg_1256_reg[14], trunc_ln2_reg_1256_reg[14]_i_1, trunc_ln2_reg_1256_reg[15], trunc_ln2_reg_1256_reg[16], trunc_ln2_reg_1256_reg[17], trunc_ln2_reg_1256_reg[18], trunc_ln2_reg_1256_reg[19], trunc_ln2_reg_1256_reg[1], trunc_ln2_reg_1256_reg[20], trunc_ln2_reg_1256_reg[21], trunc_ln2_reg_1256_reg[22], trunc_ln2_reg_1256_reg[22]_i_1, trunc_ln2_reg_1256_reg[23], trunc_ln2_reg_1256_reg[24], trunc_ln2_reg_1256_reg[25], trunc_ln2_reg_1256_reg[26], trunc_ln2_reg_1256_reg[27], trunc_ln2_reg_1256_reg[28], trunc_ln2_reg_1256_reg[29], trunc_ln2_reg_1256_reg[2], trunc_ln2_reg_1256_reg[30], trunc_ln2_reg_1256_reg[30]_i_1, trunc_ln2_reg_1256_reg[31], trunc_ln2_reg_1256_reg[32], trunc_ln2_reg_1256_reg[33], trunc_ln2_reg_1256_reg[34], trunc_ln2_reg_1256_reg[35], trunc_ln2_reg_1256_reg[36], trunc_ln2_reg_1256_reg[37], trunc_ln2_reg_1256_reg[38], trunc_ln2_reg_1256_reg[38]_i_1, trunc_ln2_reg_1256_reg[39], trunc_ln2_reg_1256_reg[3], trunc_ln2_reg_1256_reg[40], trunc_ln2_reg_1256_reg[41], trunc_ln2_reg_1256_reg[42], trunc_ln2_reg_1256_reg[43], trunc_ln2_reg_1256_reg[44], trunc_ln2_reg_1256_reg[45], trunc_ln2_reg_1256_reg[46], trunc_ln2_reg_1256_reg[46]_i_1, trunc_ln2_reg_1256_reg[47], trunc_ln2_reg_1256_reg[48], trunc_ln2_reg_1256_reg[49], trunc_ln2_reg_1256_reg[4], trunc_ln2_reg_1256_reg[50], trunc_ln2_reg_1256_reg[51], trunc_ln2_reg_1256_reg[52], trunc_ln2_reg_1256_reg[53], trunc_ln2_reg_1256_reg[54], trunc_ln2_reg_1256_reg[54]_i_1, trunc_ln2_reg_1256_reg[55], trunc_ln2_reg_1256_reg[56], trunc_ln2_reg_1256_reg[57], trunc_ln2_reg_1256_reg[58], trunc_ln2_reg_1256_reg[59], trunc_ln2_reg_1256_reg[5], trunc_ln2_reg_1256_reg[60], trunc_ln2_reg_1256_reg[60]_i_1, trunc_ln2_reg_1256_reg[6], trunc_ln2_reg_1256_reg[6]_i_1, trunc_ln2_reg_1256_reg[7], trunc_ln2_reg_1256_reg[8], trunc_ln2_reg_1256_reg[9], trunc_ln5_reg_1291[9]_i_2, trunc_ln5_reg_1291[9]_i_3, trunc_ln5_reg_1291_reg[0], trunc_ln5_reg_1291_reg[10], trunc_ln5_reg_1291_reg[11], trunc_ln5_reg_1291_reg[12], trunc_ln5_reg_1291_reg[13], trunc_ln5_reg_1291_reg[14], trunc_ln5_reg_1291_reg[15], trunc_ln5_reg_1291_reg[16], trunc_ln5_reg_1291_reg[17], trunc_ln5_reg_1291_reg[17]_i_1, trunc_ln5_reg_1291_reg[18], trunc_ln5_reg_1291_reg[19], trunc_ln5_reg_1291_reg[1], trunc_ln5_reg_1291_reg[20], trunc_ln5_reg_1291_reg[21], trunc_ln5_reg_1291_reg[22], trunc_ln5_reg_1291_reg[23], trunc_ln5_reg_1291_reg[24], trunc_ln5_reg_1291_reg[25], trunc_ln5_reg_1291_reg[25]_i_1, trunc_ln5_reg_1291_reg[26], trunc_ln5_reg_1291_reg[27], trunc_ln5_reg_1291_reg[28], trunc_ln5_reg_1291_reg[29], trunc_ln5_reg_1291_reg[2], trunc_ln5_reg_1291_reg[30], trunc_ln5_reg_1291_reg[31], trunc_ln5_reg_1291_reg[32], trunc_ln5_reg_1291_reg[33], trunc_ln5_reg_1291_reg[33]_i_1, trunc_ln5_reg_1291_reg[34], trunc_ln5_reg_1291_reg[35], trunc_ln5_reg_1291_reg[36], trunc_ln5_reg_1291_reg[37], trunc_ln5_reg_1291_reg[38], trunc_ln5_reg_1291_reg[39], trunc_ln5_reg_1291_reg[3], trunc_ln5_reg_1291_reg[40], trunc_ln5_reg_1291_reg[41], trunc_ln5_reg_1291_reg[41]_i_1, trunc_ln5_reg_1291_reg[42], trunc_ln5_reg_1291_reg[43], trunc_ln5_reg_1291_reg[44], trunc_ln5_reg_1291_reg[45], trunc_ln5_reg_1291_reg[46], trunc_ln5_reg_1291_reg[47], trunc_ln5_reg_1291_reg[48], trunc_ln5_reg_1291_reg[49], trunc_ln5_reg_1291_reg[49]_i_1, trunc_ln5_reg_1291_reg[4], trunc_ln5_reg_1291_reg[50], trunc_ln5_reg_1291_reg[51], trunc_ln5_reg_1291_reg[52], trunc_ln5_reg_1291_reg[53], trunc_ln5_reg_1291_reg[54], trunc_ln5_reg_1291_reg[55], trunc_ln5_reg_1291_reg[56], trunc_ln5_reg_1291_reg[57], trunc_ln5_reg_1291_reg[57]_i_1, trunc_ln5_reg_1291_reg[58], trunc_ln5_reg_1291_reg[59], trunc_ln5_reg_1291_reg[5], trunc_ln5_reg_1291_reg[60], trunc_ln5_reg_1291_reg[60]_i_1, trunc_ln5_reg_1291_reg[6], trunc_ln5_reg_1291_reg[7], trunc_ln5_reg_1291_reg[8], trunc_ln5_reg_1291_reg[9], trunc_ln5_reg_1291_reg[9]_i_1, trunc_ln_reg_1516[14]_i_2, trunc_ln_reg_1516[14]_i_3, trunc_ln_reg_1516[14]_i_4, trunc_ln_reg_1516[22]_i_2, trunc_ln_reg_1516[22]_i_3, trunc_ln_reg_1516[22]_i_4, trunc_ln_reg_1516[30]_i_2, trunc_ln_reg_1516[6]_i_2, trunc_ln_reg_1516[6]_i_3, trunc_ln_reg_1516[6]_i_4, version_reg_1216_reg[0], version_reg_1216_reg[10], version_reg_1216_reg[11], version_reg_1216_reg[12], version_reg_1216_reg[13], version_reg_1216_reg[14], version_reg_1216_reg[15], version_reg_1216_reg[1], version_reg_1216_reg[2], version_reg_1216_reg[3], version_reg_1216_reg[4], version_reg_1216_reg[5], version_reg_1216_reg[6], version_reg_1216_reg[7], version_reg_1216_reg[8], version_reg_1216_reg[9], features_reg_1221_reg[6], active_bins_read_reg_1092_reg[16], features_reg_1221_reg[4], ap_rst_n_inv_reg, ap_ext_blocking_n_reg_reg, fifo_burst/U_fifo_srl/mem_reg[14][0]_srl15__0__1, ap_CS_fsm_reg[72], ap_CS_fsm_reg[71], active_bins_read_reg_1092_reg[36], VCC, fifo_burst/U_fifo_srl/mem_reg[14][0]_srl15, fifo_burst/U_fifo_srl/mem_reg[14][0]_srl15__2__0, ap_CS_fsm_reg[290], fifo_burst/U_fifo_srl/mem_reg[14][0]_srl15__0__4, active_bins_read_reg_1092_reg[42], ap_CS_fsm_reg[33]_srl32___grp_partitioned_run_convergence_reader_fu_659_grp_partitioned_process_one_partition_tiled_reader_fu_3030_ap_CS_fsm_reg_r_30, ap_CS_fsm_reg[288]_grp_partitioned_run_convergence_reader_fu_659_grp_partitioned_process_one_partition_tiled_reader_fu_3030_ap_CS_fsm_reg_r_62, features_reg_1221_reg[3], ap_CS_fsm_reg[65]_srl32___grp_partitioned_run_convergence_reader_fu_659_grp_partitioned_process_one_partition_tiled_reader_fu_3030_ap_CS_fsm_reg_r_62, ap_CS_fsm_reg[222], active_bins_read_reg_1092_reg[25], features_reg_1221_reg[2], ap_CS_fsm_reg[215]_grp_partitioned_run_convergence_reader_fu_659_grp_partitioned_process_one_partition_tiled_reader_fu_3030_ap_CS_fsm_reg_r_63, features_reg_1221_reg[11], active_bins_read_reg_1092_reg[39], control_s_axi_U, ap_CS_fsm_reg[1], fifo_burst/U_fifo_srl/mem_reg[14][0]_srl15__1, features_reg_1221_reg[9], ap_CS_fsm_reg[182]_srl32___grp_partitioned_run_convergence_reader_fu_659_grp_partitioned_process_one_partition_tiled_reader_fu_3030_ap_CS_fsm_reg_r_30, ap_CS_fsm_reg[218], ap_CS_fsm_reg[148], ap_CS_fsm_reg[143]_grp_partitioned_run_convergence_reader_fu_659_grp_partitioned_process_one_partition_tiled_reader_fu_3030_ap_CS_fsm_reg_r_67, features_reg_1221_reg[12], fifo_burst/U_fifo_srl/mem_reg[14][0]_srl15__3, active_bins_read_reg_1092_reg[46], ap_rst_reg_1_reg, ap_CS_fsm_reg[256]_srl32___grp_partitioned_run_convergence_reader_fu_659_grp_partitioned_process_one_partition_tiled_reader_fu_3030_ap_CS_fsm_reg_r_30, features_reg_1221_reg[8], active_bins_read_reg_1092_reg[50], features_reg_1221_reg[5], features_reg_1221_reg[14], fifo_burst/U_fifo_srl/mem_reg[14][0]_srl15__1__1, ap_CS_fsm_reg[74], active_bins_read_reg_1092_reg[13], active_bins_read_reg_1092_reg[59], fifo_burst/U_fifo_srl/mem_reg[14][0]_srl15__0__2, ap_predicate_pred1474_state221_reg, active_bins_read_reg_1092_reg[56], ap_CS_fsm_reg[73], fifo_burst/U_fifo_srl/mem_reg[14][0]_srl15__2, ap_CS_fsm_reg[292], ap_CS_fsm_reg[216], active_bins_read_reg_1092_reg[21], active_bins_read_reg_1092_reg[33], ap_CS_fsm_reg[291], fifo_burst/U_fifo_srl/mem_reg[14][0]_srl15__4, fifo_burst/U_fifo_srl/mem_reg[14][0]_srl15__1__2, ap_CS_fsm_reg[70]_grp_partitioned_run_convergence_reader_fu_659_grp_partitioned_process_one_partition_tiled_reader_fu_3030_ap_CS_fsm_reg_r_67, ap_CS_fsm_reg[223], ap_CS_fsm_reg[224], ap_CS_fsm_reg[221], ap_CS_fsm_reg[150], features_reg_1221_reg[0], active_bins_read_reg_1092_reg[7], ap_CS_fsm_reg[147], ap_CS_fsm_reg[146], ap_CS_fsm_reg[145], ap_CS_fsm_reg[142]_srl4___grp_partitioned_run_convergence_reader_fu_659_grp_partitioned_process_one_partition_tiled_reader_fu_3030_ap_CS_fsm_reg_r_66, ap_CS_fsm_reg[138]_srl32___grp_partitioned_run_convergence_reader_fu_659_grp_partitioned_process_one_partition_tiled_reader_fu_3030_ap_CS_fsm_reg_r_62, ap_CS_fsm_reg[106]_srl32___grp_partitioned_run_convergence_reader_fu_659_grp_partitioned_process_one_partition_tiled_reader_fu_3030_ap_CS_fsm_reg_r_30, ap_CS_fsm_reg[0], active_bins_read_reg_1092_reg[9], active_bins_read_reg_1092_reg[8], active_bins_read_reg_1092_reg[6], ap_CS_fsm_reg[149], active_bins_read_reg_1092_reg[4], active_bins_read_reg_1092_reg[63], active_bins_read_reg_1092_reg[62], ap_CS_fsm_reg[220], active_bins_read_reg_1092_reg[61], active_bins_read_reg_1092_reg[60], active_bins_read_reg_1092_reg[58], ap_rst_reg_2_i_1, fifo_burst/U_fifo_srl/mem_reg[14][0]_srl15__0, features_reg_1221_reg[13], features_reg_1221_reg[1], and_ln149_1_reg_1252_reg[0], active_bins_read_reg_1092_reg[57], active_bins_read_reg_1092_reg[20], active_bins_read_reg_1092_reg[55], active_bins_read_reg_1092_reg[54], active_bins_read_reg_1092_reg[53], active_bins_read_reg_1092_reg[52], active_bins_read_reg_1092_reg[51], active_bins_read_reg_1092_reg[48], ap_CS_fsm_reg[289], ap_CS_fsm_reg[69]_srl4___grp_partitioned_run_convergence_reader_fu_659_grp_partitioned_process_one_partition_tiled_reader_fu_3030_ap_CS_fsm_reg_r_66, active_bins_read_reg_1092_reg[45], active_bins_read_reg_1092_reg[44], GND_1, active_bins_read_reg_1092_reg[43], active_bins_read_reg_1092_reg[32], ap_predicate_pred6843_state221_reg, active_bins_read_reg_1092_reg[49], ap_predicate_pred5060_state221_reg, active_bins_read_reg_1092_reg[41], active_bins_read_reg_1092_reg[40], ap_CS_fsm_reg[214]_srl32___grp_partitioned_run_convergence_reader_fu_659_grp_partitioned_process_one_partition_tiled_reader_fu_3030_ap_CS_fsm_reg_r_62, active_bins_read_reg_1092_reg[11], active_bins_read_reg_1092_reg[5], active_bins_read_reg_1092_reg[38], active_bins_read_reg_1092_reg[37], ap_CS_fsm_reg[217], active_bins_read_reg_1092_reg[35], active_bins_read_reg_1092_reg[31], active_bins_read_reg_1092_reg[29], ap_rst_reg_2_reg, fifo_burst/U_fifo_srl/mem_reg[14][0]_srl15__0__3, active_bins_read_reg_1092_reg[28], fifo_burst/U_fifo_srl/mem_reg[14][0]_srl15__1__0, active_bins_read_reg_1092_reg[27], active_bins_read_reg_1092_reg[26], active_bins_read_reg_1092_reg[47], active_bins_read_reg_1092_reg[24], active_bins_read_reg_1092_reg[23], active_bins_read_reg_1092_reg[22], active_bins_read_reg_1092_reg[18], active_bins_read_reg_1092_reg[30], active_bins_read_reg_1092_reg[17], ap_CS_fsm_reg[293], active_bins_read_reg_1092_reg[15], fifo_burst/U_fifo_srl/mem_reg[14][0]_srl15__0__0, ap_CS_fsm_reg[144], active_bins_read_reg_1092_reg[34], active_bins_read_reg_1092_reg[14], active_bins_read_reg_1092_reg[19], ap_CS_fsm_reg[287]_srl31___grp_partitioned_run_convergence_reader_fu_659_grp_partitioned_process_one_partition_tiled_reader_fu_3030_ap_CS_fsm_reg_r_61, features_reg_1221_reg[7], active_bins_read_reg_1092_reg[12], ap_CS_fsm_reg[219], active_bins_read_reg_1092_reg[10], GND, features_reg_1221_reg[10], fifo_burst/U_fifo_srl/mem_reg[14][0]_srl15__5, fifo_burst/U_fifo_srl/mem_reg[14][0]_srl15__6, format_valid_reg_568[0]_i_1, format_valid_reg_568_reg[0], gmem_active_bins_m_axi_U, gmem_meta_m_axi_U, gmem_p0_m_axi_U, gmem_p10_m_axi_U, gmem_p11_m_axi_U, gmem_p12_m_axi_U, gmem_p13_m_axi_U, gmem_p14_m_axi_U, gmem_p15_m_axi_U, gmem_p1_m_axi_U, gmem_p2_m_axi_U, gmem_p3_m_axi_U, gmem_p4_m_axi_U, gmem_p5_m_axi_U, gmem_p6_m_axi_U, gmem_p7_m_axi_U, gmem_p8_m_axi_U, gmem_p9_m_axi_U, gmem_result_m_axi_U, gmem_sorter_m_axi_U, graph0_read_reg_1194_reg[10], graph0_read_reg_1194_reg[11], graph0_read_reg_1194_reg[12], graph0_read_reg_1194_reg[13], graph0_read_reg_1194_reg[14], graph0_read_reg_1194_reg[15], graph0_read_reg_1194_reg[16], graph0_read_reg_1194_reg[17], graph0_read_reg_1194_reg[18], graph0_read_reg_1194_reg[19], graph0_read_reg_1194_reg[20], graph0_read_reg_1194_reg[21], graph0_read_reg_1194_reg[22], graph0_read_reg_1194_reg[23], graph0_read_reg_1194_reg[24], graph0_read_reg_1194_reg[25], graph0_read_reg_1194_reg[26], graph0_read_reg_1194_reg[27], graph0_read_reg_1194_reg[28], graph0_read_reg_1194_reg[29], graph0_read_reg_1194_reg[2], graph0_read_reg_1194_reg[30], graph0_read_reg_1194_reg[31], graph0_read_reg_1194_reg[32], graph0_read_reg_1194_reg[33], graph0_read_reg_1194_reg[34], graph0_read_reg_1194_reg[35], graph0_read_reg_1194_reg[36], graph0_read_reg_1194_reg[37], graph0_read_reg_1194_reg[38], graph0_read_reg_1194_reg[39], graph0_read_reg_1194_reg[3], graph0_read_reg_1194_reg[40], graph0_read_reg_1194_reg[41], graph0_read_reg_1194_reg[42], graph0_read_reg_1194_reg[43], graph0_read_reg_1194_reg[44], graph0_read_reg_1194_reg[45], graph0_read_reg_1194_reg[46], graph0_read_reg_1194_reg[47], graph0_read_reg_1194_reg[48], graph0_read_reg_1194_reg[49], graph0_read_reg_1194_reg[4], graph0_read_reg_1194_reg[50], graph0_read_reg_1194_reg[51], graph0_read_reg_1194_reg[52], graph0_read_reg_1194_reg[53], graph0_read_reg_1194_reg[54], graph0_read_reg_1194_reg[55], graph0_read_reg_1194_reg[56], graph0_read_reg_1194_reg[57], graph0_read_reg_1194_reg[58], graph0_read_reg_1194_reg[59], and graph0_read_reg_1194_reg[5]' to a pblock 'pblock_dynamic_SLR0' means that all children of 'inst' are in the pblock. Changing the pblock assignment to 'inst'. [/data/tmp/chuxiao/spine_opt_v2_hw_150_20260728/temp/partitioned_split_e2e_link/link/vivado/vpl/prj/prj.gen/my_rm/bd/ulp/ip/ulp_spine_partconv_rdmaint_kernel_1_0/ulp_spine_partconv_rdmaint_kernel_1_0_slr.xdc:55]
Finished Parsing XDC File [/data/tmp/chuxiao/spine_opt_v2_hw_150_20260728/temp/partitioned_split_e2e_link/link/vivado/vpl/prj/prj.gen/my_rm/bd/ulp/ip/ulp_spine_partconv_rdmaint_kernel_1_0/ulp_spine_partconv_rdmaint_kernel_1_0_slr.xdc] for cell 'level0_i/ulp/spine_partconv_rdmaint_kernel_1/inst'
Parsing XDC File [/data/tmp/chuxiao/spine_opt_v2_hw_150_20260728/temp/partitioned_split_e2e_link/link/vivado/vpl/prj/prj.gen/my_rm/bd/ulp/ip/ulp_ulp_cmp_0/bd_1/ip/ip_0/constraints/axi_jtag.xdc] for cell 'level0_i/ulp/ulp_cmp/inst/user_debug_bridge/inst/axi_jtag/inst'
Finished Parsing XDC File [/data/tmp/chuxiao/spine_opt_v2_hw_150_20260728/temp/partitioned_split_e2e_link/link/vivado/vpl/prj/prj.gen/my_rm/bd/ulp/ip/ulp_ulp_cmp_0/bd_1/ip/ip_0/constraints/axi_jtag.xdc] for cell 'level0_i/ulp/ulp_cmp/inst/user_debug_bridge/inst/axi_jtag/inst'
Parsing XDC File [/data/tmp/chuxiao/spine_opt_v2_hw_150_20260728/temp/partitioned_split_e2e_link/link/vivado/vpl/prj/prj.gen/my_rm/bd/ulp/ip/ulp_ulp_cmp_0/bd_1/ip/ip_1/constraints/bsip.xdc] for cell 'level0_i/ulp/ulp_cmp/inst/user_debug_bridge/inst/bsip/inst'
Finished Parsing XDC File [/data/tmp/chuxiao/spine_opt_v2_hw_150_20260728/temp/partitioned_split_e2e_link/link/vivado/vpl/prj/prj.gen/my_rm/bd/ulp/ip/ulp_ulp_cmp_0/bd_1/ip/ip_1/constraints/bsip.xdc] for cell 'level0_i/ulp/ulp_cmp/inst/user_debug_bridge/inst/bsip/inst'
Parsing XDC File [/data/tmp/chuxiao/spine_opt_v2_hw_150_20260728/temp/partitioned_split_e2e_link/link/vivado/vpl/prj/prj.gen/my_rm/bd/ulp/ip/ulp_ulp_cmp_0/bd_2/ip/ip_0/constraints/xsdbm_cc_late.xdc] for cell 'level0_i/ulp/ulp_cmp/inst/user_debug_hub/inst/xsdbm/inst'
Finished Parsing XDC File [/data/tmp/chuxiao/spine_opt_v2_hw_150_20260728/temp/partitioned_split_e2e_link/link/vivado/vpl/prj/prj.gen/my_rm/bd/ulp/ip/ulp_ulp_cmp_0/bd_2/ip/ip_0/constraints/xsdbm_cc_late.xdc] for cell 'level0_i/ulp/ulp_cmp/inst/user_debug_hub/inst/xsdbm/inst'
Parsing XDC File [/data/tmp/chuxiao/spine_opt_v2_hw_150_20260728/temp/partitioned_split_e2e_link/link/vivado/vpl/prj/prj.gen/my_rm/bd/ulp/ip/ulp_ulp_cmp_0/bd_2/ip/ip_0/constraints/xsdbm_gc_late.xdc] for cell 'level0_i/ulp/ulp_cmp/inst/user_debug_hub/inst/xsdbm/inst'
Finished Parsing XDC File [/data/tmp/chuxiao/spine_opt_v2_hw_150_20260728/temp/partitioned_split_e2e_link/link/vivado/vpl/prj/prj.gen/my_rm/bd/ulp/ip/ulp_ulp_cmp_0/bd_2/ip/ip_0/constraints/xsdbm_gc_late.xdc] for cell 'level0_i/ulp/ulp_cmp/inst/user_debug_hub/inst/xsdbm/inst'
Parsing XDC File [/data/tmp/chuxiao/spine_opt_v2_hw_150_20260728/temp/partitioned_split_e2e_link/link/vivado/vpl/prj/prj.gen/my_rm/bd/ulp/ip/ulp_ulp_cmp_0/ulp_ulp_cmp_0.xdc] for cell 'level0_i/ulp/ulp_cmp/inst'
Finished Parsing XDC File [/data/tmp/chuxiao/spine_opt_v2_hw_150_20260728/temp/partitioned_split_e2e_link/link/vivado/vpl/prj/prj.gen/my_rm/bd/ulp/ip/ulp_ulp_cmp_0/ulp_ulp_cmp_0.xdc] for cell 'level0_i/ulp/ulp_cmp/inst'
Parsing XDC File [/data/tmp/chuxiao/spine_opt_v2_hw_150_20260728/temp/partitioned_split_e2e_link/link/vivado/vpl/prj/prj.gen/my_rm/bd/ulp/ip/ulp_ulp_ucs_0/bd_0/ip/ip_46/bd_22c0_clkwiz_hbm_0_late.xdc] for cell 'level0_i/ulp/ulp_ucs/inst/aclk_hbm_hierarchy/clkwiz_hbm/inst'
Finished Parsing XDC File [/data/tmp/chuxiao/spine_opt_v2_hw_150_20260728/temp/partitioned_split_e2e_link/link/vivado/vpl/prj/prj.gen/my_rm/bd/ulp/ip/ulp_ulp_ucs_0/bd_0/ip/ip_46/bd_22c0_clkwiz_hbm_0_late.xdc] for cell 'level0_i/ulp/ulp_ucs/inst/aclk_hbm_hierarchy/clkwiz_hbm/inst'
Parsing XDC File [/data/tmp/chuxiao/spine_opt_v2_hw_150_20260728/temp/partitioned_split_e2e_link/link/vivado/vpl/prj/prj.gen/my_rm/bd/ulp/ip/ulp_ulp_ucs_0/bd_0/ip/ip_93/bd_22c0_auto_cc_0_clocks.xdc] for cell 'level0_i/ulp/ulp_ucs/inst/frequency_counters/axi_ic_ctrl_mgmt_freq/s00_couplers/auto_cc/inst'
WARNING: [Vivado_Tcl 4-939] Waiver ID 'LUTAR-1' object list should not be empty (perhaps an invalid wildcard was used or only unsupported objects). [/data/tmp/chuxiao/spine_opt_v2_hw_150_20260728/temp/partitioned_split_e2e_link/link/vivado/vpl/prj/prj.gen/my_rm/bd/ulp/ip/ulp_ulp_ucs_0/bd_0/ip/ip_93/bd_22c0_auto_cc_0_clocks.xdc:17]
Finished Parsing XDC File [/data/tmp/chuxiao/spine_opt_v2_hw_150_20260728/temp/partitioned_split_e2e_link/link/vivado/vpl/prj/prj.gen/my_rm/bd/ulp/ip/ulp_ulp_ucs_0/bd_0/ip/ip_93/bd_22c0_auto_cc_0_clocks.xdc] for cell 'level0_i/ulp/ulp_ucs/inst/frequency_counters/axi_ic_ctrl_mgmt_freq/s00_couplers/auto_cc/inst'
Parsing XDC File [/data/tmp/chuxiao/spine_opt_v2_hw_150_20260728/temp/partitioned_split_e2e_link/link/vivado/vpl/prj/prj.gen/my_rm/bd/ulp/ip/ulp_ulp_ucs_0/bd_0/ip/ip_59/bd_22c0_clkwiz_aclk_kernel_00_0_late.xdc] for cell 'level0_i/ulp/ulp_ucs/inst/aclk_kernel_00_hierarchy/clkwiz_aclk_kernel_00/inst'
Finished Parsing XDC File [/data/tmp/chuxiao/spine_opt_v2_hw_150_20260728/temp/partitioned_split_e2e_link/link/vivado/vpl/prj/prj.gen/my_rm/bd/ulp/ip/ulp_ulp_ucs_0/bd_0/ip/ip_59/bd_22c0_clkwiz_aclk_kernel_00_0_late.xdc] for cell 'level0_i/ulp/ulp_ucs/inst/aclk_kernel_00_hierarchy/clkwiz_aclk_kernel_00/inst'
Parsing XDC File [/data/tmp/chuxiao/spine_opt_v2_hw_150_20260728/temp/partitioned_split_e2e_link/link/vivado/vpl/prj/prj.gen/my_rm/bd/ulp/ip/ulp_ulp_ucs_0/bd_0/ip/ip_60/bd_22c0_clock_throttling_aclk_kernel_00_0.xdc] for cell 'level0_i/ulp/ulp_ucs/inst/aclk_kernel_00_hierarchy/clock_throttling_aclk_kernel_00/U0'
Finished Parsing XDC File [/data/tmp/chuxiao/spine_opt_v2_hw_150_20260728/temp/partitioned_split_e2e_link/link/vivado/vpl/prj/prj.gen/my_rm/bd/ulp/ip/ulp_ulp_ucs_0/bd_0/ip/ip_60/bd_22c0_clock_throttling_aclk_kernel_00_0.xdc] for cell 'level0_i/ulp/ulp_ucs/inst/aclk_kernel_00_hierarchy/clock_throttling_aclk_kernel_00/U0'
Parsing XDC File [/data/tmp/chuxiao/spine_opt_v2_hw_150_20260728/temp/partitioned_split_e2e_link/link/vivado/vpl/prj/prj.gen/my_rm/bd/ulp/ip/ulp_ulp_ucs_0/bd_0/ip/ip_77/bd_22c0_clkwiz_aclk_kernel_01_0_late.xdc] for cell 'level0_i/ulp/ulp_ucs/inst/aclk_kernel_01_hierarchy/clkwiz_aclk_kernel_01/inst'
Finished Parsing XDC File [/data/tmp/chuxiao/spine_opt_v2_hw_150_20260728/temp/partitioned_split_e2e_link/link/vivado/vpl/prj/prj.gen/my_rm/bd/ulp/ip/ulp_ulp_ucs_0/bd_0/ip/ip_77/bd_22c0_clkwiz_aclk_kernel_01_0_late.xdc] for cell 'level0_i/ulp/ulp_ucs/inst/aclk_kernel_01_hierarchy/clkwiz_aclk_kernel_01/inst'
Parsing XDC File [/data/tmp/chuxiao/spine_opt_v2_hw_150_20260728/temp/partitioned_split_e2e_link/link/vivado/vpl/prj/prj.gen/my_rm/bd/ulp/ip/ulp_ulp_ucs_0/bd_0/ip/ip_78/bd_22c0_clock_throttling_aclk_kernel_01_0.xdc] for cell 'level0_i/ulp/ulp_ucs/inst/aclk_kernel_01_hierarchy/clock_throttling_aclk_kernel_01/U0'
Finished Parsing XDC File [/data/tmp/chuxiao/spine_opt_v2_hw_150_20260728/temp/partitioned_split_e2e_link/link/vivado/vpl/prj/prj.gen/my_rm/bd/ulp/ip/ulp_ulp_ucs_0/bd_0/ip/ip_78/bd_22c0_clock_throttling_aclk_kernel_01_0.xdc] for cell 'level0_i/ulp/ulp_ucs/inst/aclk_kernel_01_hierarchy/clock_throttling_aclk_kernel_01/U0'
Parsing XDC File [/data/tmp/chuxiao/spine_opt_v2_hw_150_20260728/temp/partitioned_split_e2e_link/link/vivado/vpl/prj/prj.gen/my_rm/bd/ulp/ip/ulp_ulp_ucs_0/ulp_ulp_ucs_0.xdc] for cell 'level0_i/ulp/ulp_ucs/inst'
Finished Parsing XDC File [/data/tmp/chuxiao/spine_opt_v2_hw_150_20260728/temp/partitioned_split_e2e_link/link/vivado/vpl/prj/prj.gen/my_rm/bd/ulp/ip/ulp_ulp_ucs_0/ulp_ulp_ucs_0.xdc] for cell 'level0_i/ulp/ulp_ucs/inst'
Parsing XDC File [/data/tmp/chuxiao/spine_opt_v2_hw_150_20260728/temp/partitioned_split_e2e_link/link/vivado/vpl/prj/prj.gen/my_rm/bd/ulp/ip/ulp_ii_level0_wire_0/bd_0/ip/ip_5/bd_5941_s_ip_axi_ctrl_mgmt_00_0_clocks.xdc] for cell 'level0_i/ulp/ii_level0_wire/inst/pxi_ii_core/inst/s_ip_axi_ctrl_mgmt_00/inst'
Finished Parsing XDC File [/data/tmp/chuxiao/spine_opt_v2_hw_150_20260728/temp/partitioned_split_e2e_link/link/vivado/vpl/prj/prj.gen/my_rm/bd/ulp/ip/ulp_ii_level0_wire_0/bd_0/ip/ip_5/bd_5941_s_ip_axi_ctrl_mgmt_00_0_clocks.xdc] for cell 'level0_i/ulp/ii_level0_wire/inst/pxi_ii_core/inst/s_ip_axi_ctrl_mgmt_00/inst'
Parsing XDC File [/data/tmp/chuxiao/spine_opt_v2_hw_150_20260728/temp/partitioned_split_e2e_link/link/vivado/vpl/prj/prj.gen/my_rm/bd/ulp/ip/ulp_ii_level0_wire_0/bd_0/ip/ip_6/bd_5941_m_ip_axi_ctrl_mgmt_00_0_clocks.xdc] for cell 'level0_i/ulp/ii_level0_wire/inst/pxi_ii_core/inst/m_ip_axi_ctrl_mgmt_00/inst'
Finished Parsing XDC File [/data/tmp/chuxiao/spine_opt_v2_hw_150_20260728/temp/partitioned_split_e2e_link/link/vivado/vpl/prj/prj.gen/my_rm/bd/ulp/ip/ulp_ii_level0_wire_0/bd_0/ip/ip_6/bd_5941_m_ip_axi_ctrl_mgmt_00_0_clocks.xdc] for cell 'level0_i/ulp/ii_level0_wire/inst/pxi_ii_core/inst/m_ip_axi_ctrl_mgmt_00/inst'
Parsing XDC File [/data/tmp/chuxiao/spine_opt_v2_hw_150_20260728/temp/partitioned_split_e2e_link/link/vivado/vpl/prj/prj.gen/my_rm/bd/ulp/ip/ulp_ii_level0_wire_0/bd_0/ip/ip_7/bd_5941_s_ip_axi_ctrl_mgmt_01_0_clocks.xdc] for cell 'level0_i/ulp/ii_level0_wire/inst/pxi_ii_core/inst/s_ip_axi_ctrl_mgmt_01/inst'
Finished Parsing XDC File [/data/tmp/chuxiao/spine_opt_v2_hw_150_20260728/temp/partitioned_split_e2e_link/link/vivado/vpl/prj/prj.gen/my_rm/bd/ulp/ip/ulp_ii_level0_wire_0/bd_0/ip/ip_7/bd_5941_s_ip_axi_ctrl_mgmt_01_0_clocks.xdc] for cell 'level0_i/ulp/ii_level0_wire/inst/pxi_ii_core/inst/s_ip_axi_ctrl_mgmt_01/inst'
Parsing XDC File [/data/tmp/chuxiao/spine_opt_v2_hw_150_20260728/temp/partitioned_split_e2e_link/link/vivado/vpl/prj/prj.gen/my_rm/bd/ulp/ip/ulp_ii_level0_wire_0/bd_0/ip/ip_8/bd_5941_m_ip_axi_ctrl_mgmt_01_0_clocks.xdc] for cell 'level0_i/ulp/ii_level0_wire/inst/pxi_ii_core/inst/m_ip_axi_ctrl_mgmt_01/inst'
Finished Parsing XDC File [/data/tmp/chuxiao/spine_opt_v2_hw_150_20260728/temp/partitioned_split_e2e_link/link/vivado/vpl/prj/prj.gen/my_rm/bd/ulp/ip/ulp_ii_level0_wire_0/bd_0/ip/ip_8/bd_5941_m_ip_axi_ctrl_mgmt_01_0_clocks.xdc] for cell 'level0_i/ulp/ii_level0_wire/inst/pxi_ii_core/inst/m_ip_axi_ctrl_mgmt_01/inst'
Parsing XDC File [/data/tmp/chuxiao/spine_opt_v2_hw_150_20260728/temp/partitioned_split_e2e_link/link/vivado/vpl/prj/prj.gen/my_rm/bd/ulp/ip/ulp_ii_level0_wire_0/bd_0/ip/ip_9/bd_5941_s_ip_axi_ctrl_user_00_0_clocks.xdc] for cell 'level0_i/ulp/ii_level0_wire/inst/pxi_ii_core/inst/s_ip_axi_ctrl_user_00/inst'
Finished Parsing XDC File [/data/tmp/chuxiao/spine_opt_v2_hw_150_20260728/temp/partitioned_split_e2e_link/link/vivado/vpl/prj/prj.gen/my_rm/bd/ulp/ip/ulp_ii_level0_wire_0/bd_0/ip/ip_9/bd_5941_s_ip_axi_ctrl_user_00_0_clocks.xdc] for cell 'level0_i/ulp/ii_level0_wire/inst/pxi_ii_core/inst/s_ip_axi_ctrl_user_00/inst'
Parsing XDC File [/data/tmp/chuxiao/spine_opt_v2_hw_150_20260728/temp/partitioned_split_e2e_link/link/vivado/vpl/prj/prj.gen/my_rm/bd/ulp/ip/ulp_ii_level0_wire_0/bd_0/ip/ip_10/bd_5941_m_ip_axi_ctrl_user_00_0_clocks.xdc] for cell 'level0_i/ulp/ii_level0_wire/inst/pxi_ii_core/inst/m_ip_axi_ctrl_user_00/inst'
Finished Parsing XDC File [/data/tmp/chuxiao/spine_opt_v2_hw_150_20260728/temp/partitioned_split_e2e_link/link/vivado/vpl/prj/prj.gen/my_rm/bd/ulp/ip/ulp_ii_level0_wire_0/bd_0/ip/ip_10/bd_5941_m_ip_axi_ctrl_user_00_0_clocks.xdc] for cell 'level0_i/ulp/ii_level0_wire/inst/pxi_ii_core/inst/m_ip_axi_ctrl_user_00/inst'
Parsing XDC File [/data/tmp/chuxiao/spine_opt_v2_hw_150_20260728/temp/partitioned_split_e2e_link/link/vivado/vpl/prj/prj.gen/my_rm/bd/ulp/ip/ulp_ii_level0_wire_0/bd_0/ip/ip_11/bd_5941_s_ip_axi_ctrl_user_01_0_clocks.xdc] for cell 'level0_i/ulp/ii_level0_wire/inst/pxi_ii_core/inst/s_ip_axi_ctrl_user_01/inst'
Finished Parsing XDC File [/data/tmp/chuxiao/spine_opt_v2_hw_150_20260728/temp/partitioned_split_e2e_link/link/vivado/vpl/prj/prj.gen/my_rm/bd/ulp/ip/ulp_ii_level0_wire_0/bd_0/ip/ip_11/bd_5941_s_ip_axi_ctrl_user_01_0_clocks.xdc] for cell 'level0_i/ulp/ii_level0_wire/inst/pxi_ii_core/inst/s_ip_axi_ctrl_user_01/inst'
Parsing XDC File [/data/tmp/chuxiao/spine_opt_v2_hw_150_20260728/temp/partitioned_split_e2e_link/link/vivado/vpl/prj/prj.gen/my_rm/bd/ulp/ip/ulp_ii_level0_wire_0/bd_0/ip/ip_12/bd_5941_m_ip_axi_ctrl_user_01_0_clocks.xdc] for cell 'level0_i/ulp/ii_level0_wire/inst/pxi_ii_core/inst/m_ip_axi_ctrl_user_01/inst'
Finished Parsing XDC File [/data/tmp/chuxiao/spine_opt_v2_hw_150_20260728/temp/partitioned_split_e2e_link/link/vivado/vpl/prj/prj.gen/my_rm/bd/ulp/ip/ulp_ii_level0_wire_0/bd_0/ip/ip_12/bd_5941_m_ip_axi_ctrl_user_01_0_clocks.xdc] for cell 'level0_i/ulp/ii_level0_wire/inst/pxi_ii_core/inst/m_ip_axi_ctrl_user_01/inst'
Parsing XDC File [/data/tmp/chuxiao/spine_opt_v2_hw_150_20260728/temp/partitioned_split_e2e_link/link/vivado/vpl/prj/prj.gen/my_rm/bd/ulp/ip/ulp_ii_level0_wire_0/bd_0/ip/ip_13/bd_5941_s_ip_axi_ctrl_user_02_0_clocks.xdc] for cell 'level0_i/ulp/ii_level0_wire/inst/pxi_ii_core/inst/s_ip_axi_ctrl_user_02/inst'
Finished Parsing XDC File [/data/tmp/chuxiao/spine_opt_v2_hw_150_20260728/temp/partitioned_split_e2e_link/link/vivado/vpl/prj/prj.gen/my_rm/bd/ulp/ip/ulp_ii_level0_wire_0/bd_0/ip/ip_13/bd_5941_s_ip_axi_ctrl_user_02_0_clocks.xdc] for cell 'level0_i/ulp/ii_level0_wire/inst/pxi_ii_core/inst/s_ip_axi_ctrl_user_02/inst'
Parsing XDC File [/data/tmp/chuxiao/spine_opt_v2_hw_150_20260728/temp/partitioned_split_e2e_link/link/vivado/vpl/prj/prj.gen/my_rm/bd/ulp/ip/ulp_ii_level0_wire_0/bd_0/ip/ip_14/bd_5941_m_ip_axi_ctrl_user_02_0_clocks.xdc] for cell 'level0_i/ulp/ii_level0_wire/inst/pxi_ii_core/inst/m_ip_axi_ctrl_user_02/inst'
Finished Parsing XDC File [/data/tmp/chuxiao/spine_opt_v2_hw_150_20260728/temp/partitioned_split_e2e_link/link/vivado/vpl/prj/prj.gen/my_rm/bd/ulp/ip/ulp_ii_level0_wire_0/bd_0/ip/ip_14/bd_5941_m_ip_axi_ctrl_user_02_0_clocks.xdc] for cell 'level0_i/ulp/ii_level0_wire/inst/pxi_ii_core/inst/m_ip_axi_ctrl_user_02/inst'
Parsing XDC File [/data/tmp/chuxiao/spine_opt_v2_hw_150_20260728/temp/partitioned_split_e2e_link/link/vivado/vpl/prj/prj.gen/my_rm/bd/ulp/ip/ulp_ii_level0_wire_0/bd_0/ip/ip_15/bd_5941_s_ip_axi_ctrl_user_03_0_clocks.xdc] for cell 'level0_i/ulp/ii_level0_wire/inst/pxi_ii_core/inst/s_ip_axi_ctrl_user_03/inst'
Finished Parsing XDC File [/data/tmp/chuxiao/spine_opt_v2_hw_150_20260728/temp/partitioned_split_e2e_link/link/vivado/vpl/prj/prj.gen/my_rm/bd/ulp/ip/ulp_ii_level0_wire_0/bd_0/ip/ip_15/bd_5941_s_ip_axi_ctrl_user_03_0_clocks.xdc] for cell 'level0_i/ulp/ii_level0_wire/inst/pxi_ii_core/inst/s_ip_axi_ctrl_user_03/inst'
Parsing XDC File [/data/tmp/chuxiao/spine_opt_v2_hw_150_20260728/temp/partitioned_split_e2e_link/link/vivado/vpl/prj/prj.gen/my_rm/bd/ulp/ip/ulp_ii_level0_wire_0/bd_0/ip/ip_16/bd_5941_m_ip_axi_ctrl_user_03_0_clocks.xdc] for cell 'level0_i/ulp/ii_level0_wire/inst/pxi_ii_core/inst/m_ip_axi_ctrl_user_03/inst'
Finished Parsing XDC File [/data/tmp/chuxiao/spine_opt_v2_hw_150_20260728/temp/partitioned_split_e2e_link/link/vivado/vpl/prj/prj.gen/my_rm/bd/ulp/ip/ulp_ii_level0_wire_0/bd_0/ip/ip_16/bd_5941_m_ip_axi_ctrl_user_03_0_clocks.xdc] for cell 'level0_i/ulp/ii_level0_wire/inst/pxi_ii_core/inst/m_ip_axi_ctrl_user_03/inst'
Parsing XDC File [/data/tmp/chuxiao/spine_opt_v2_hw_150_20260728/temp/partitioned_split_e2e_link/link/vivado/vpl/prj/prj.gen/my_rm/bd/ulp/ip/ulp_ii_level0_wire_0/bd_0/ip/ip_17/bd_5941_s_ip_axi_data_c2h_00_0_clocks.xdc] for cell 'level0_i/ulp/ii_level0_wire/inst/pxi_ii_core/inst/s_ip_axi_data_c2h_00/inst'
Finished Parsing XDC File [/data/tmp/chuxiao/spine_opt_v2_hw_150_20260728/temp/partitioned_split_e2e_link/link/vivado/vpl/prj/prj.gen/my_rm/bd/ulp/ip/ulp_ii_level0_wire_0/bd_0/ip/ip_17/bd_5941_s_ip_axi_data_c2h_00_0_clocks.xdc] for cell 'level0_i/ulp/ii_level0_wire/inst/pxi_ii_core/inst/s_ip_axi_data_c2h_00/inst'
Parsing XDC File [/data/tmp/chuxiao/spine_opt_v2_hw_150_20260728/temp/partitioned_split_e2e_link/link/vivado/vpl/prj/prj.gen/my_rm/bd/ulp/ip/ulp_ii_level0_wire_0/bd_0/ip/ip_18/bd_5941_m_ip_axi_data_c2h_00_0_clocks.xdc] for cell 'level0_i/ulp/ii_level0_wire/inst/pxi_ii_core/inst/m_ip_axi_data_c2h_00/inst'
Finished Parsing XDC File [/data/tmp/chuxiao/spine_opt_v2_hw_150_20260728/temp/partitioned_split_e2e_link/link/vivado/vpl/prj/prj.gen/my_rm/bd/ulp/ip/ulp_ii_level0_wire_0/bd_0/ip/ip_18/bd_5941_m_ip_axi_data_c2h_00_0_clocks.xdc] for cell 'level0_i/ulp/ii_level0_wire/inst/pxi_ii_core/inst/m_ip_axi_data_c2h_00/inst'
Parsing XDC File [/data/tmp/chuxiao/spine_opt_v2_hw_150_20260728/temp/partitioned_split_e2e_link/link/vivado/vpl/prj/prj.gen/my_rm/bd/ulp/ip/ulp_ii_level0_wire_0/bd_0/ip/ip_19/bd_5941_s_ip_axi_data_h2c_00_0_clocks.xdc] for cell 'level0_i/ulp/ii_level0_wire/inst/pxi_ii_core/inst/s_ip_axi_data_h2c_00/inst'
Finished Parsing XDC File [/data/tmp/chuxiao/spine_opt_v2_hw_150_20260728/temp/partitioned_split_e2e_link/link/vivado/vpl/prj/prj.gen/my_rm/bd/ulp/ip/ulp_ii_level0_wire_0/bd_0/ip/ip_19/bd_5941_s_ip_axi_data_h2c_00_0_clocks.xdc] for cell 'level0_i/ulp/ii_level0_wire/inst/pxi_ii_core/inst/s_ip_axi_data_h2c_00/inst'
Parsing XDC File [/data/tmp/chuxiao/spine_opt_v2_hw_150_20260728/temp/partitioned_split_e2e_link/link/vivado/vpl/prj/prj.gen/my_rm/bd/ulp/ip/ulp_ii_level0_wire_0/bd_0/ip/ip_20/bd_5941_m_ip_axi_data_h2c_00_0_clocks.xdc] for cell 'level0_i/ulp/ii_level0_wire/inst/pxi_ii_core/inst/m_ip_axi_data_h2c_00/inst'
Finished Parsing XDC File [/data/tmp/chuxiao/spine_opt_v2_hw_150_20260728/temp/partitioned_split_e2e_link/link/vivado/vpl/prj/prj.gen/my_rm/bd/ulp/ip/ulp_ii_level0_wire_0/bd_0/ip/ip_20/bd_5941_m_ip_axi_data_h2c_00_0_clocks.xdc] for cell 'level0_i/ulp/ii_level0_wire/inst/pxi_ii_core/inst/m_ip_axi_data_h2c_00/inst'
Parsing XDC File [/data/tmp/chuxiao/spine_opt_v2_hw_150_20260728/temp/partitioned_split_e2e_link/link/vivado/vpl/prj/prj.gen/my_rm/bd/ulp/ip/ulp_ulp_cmp_0/bd_1/ip/ip_0/constraints/axi_jtag.xdc] for cell 'level0_i/ulp/ulp_cmp/inst/user_debug_bridge/inst/axi_jtag/inst'
WARNING: [Constraints 18-619] A clock with name 'level0_i/ulp/ulp_cmp/inst/user_debug_bridge/inst/axi_jtag/inst/u_jtag_proc/tck_i_reg/Q' already exists, overwriting the previous clock with the same name. [/data/tmp/chuxiao/spine_opt_v2_hw_150_20260728/temp/partitioned_split_e2e_link/link/vivado/vpl/prj/prj.gen/my_rm/bd/ulp/ip/ulp_ulp_cmp_0/bd_1/ip/ip_0/constraints/axi_jtag.xdc:8]
Finished Parsing XDC File [/data/tmp/chuxiao/spine_opt_v2_hw_150_20260728/temp/partitioned_split_e2e_link/link/vivado/vpl/prj/prj.gen/my_rm/bd/ulp/ip/ulp_ulp_cmp_0/bd_1/ip/ip_0/constraints/axi_jtag.xdc] for cell 'level0_i/ulp/ulp_cmp/inst/user_debug_bridge/inst/axi_jtag/inst'
Parsing XDC File [/data/tmp/chuxiao/spine_opt_v2_hw_150_20260728/temp/partitioned_split_e2e_link/link/vivado/vpl/prj/prj.gen/my_rm/bd/ulp/ip/ulp_ulp_cmp_0/bd_1/ip/ip_1/constraints/bsip.xdc] for cell 'level0_i/ulp/ulp_cmp/inst/user_debug_bridge/inst/bsip/inst'
WARNING: [Constraints 18-619] A clock with name 'level0_i/ulp/ulp_cmp/inst/user_debug_bridge/inst/bsip/inst/USE_SOFTBSCAN.U_BSCAN_TAP/U_BASETAP/U_TAP/UPDATEDR_O_reg/Q' already exists, overwriting the previous clock with the same name. [/data/tmp/chuxiao/spine_opt_v2_hw_150_20260728/temp/partitioned_split_e2e_link/link/vivado/vpl/prj/prj.gen/my_rm/bd/ulp/ip/ulp_ulp_cmp_0/bd_1/ip/ip_1/constraints/bsip.xdc:8]
Finished Parsing XDC File [/data/tmp/chuxiao/spine_opt_v2_hw_150_20260728/temp/partitioned_split_e2e_link/link/vivado/vpl/prj/prj.gen/my_rm/bd/ulp/ip/ulp_ulp_cmp_0/bd_1/ip/ip_1/constraints/bsip.xdc] for cell 'level0_i/ulp/ulp_cmp/inst/user_debug_bridge/inst/bsip/inst'
Parsing XDC File [/data/tmp/chuxiao/spine_opt_v2_hw_150_20260728/temp/partitioned_split_e2e_link/link/vivado/vpl/prj/prj.gen/my_rm/bd/ulp/ip/ulp_ulp_cmp_0/bd_2/ip/ip_0/constraints/xsdbm_cc_late.xdc] for cell 'level0_i/ulp/ulp_cmp/inst/user_debug_hub/inst/xsdbm/inst'
Finished Parsing XDC File [/data/tmp/chuxiao/spine_opt_v2_hw_150_20260728/temp/partitioned_split_e2e_link/link/vivado/vpl/prj/prj.gen/my_rm/bd/ulp/ip/ulp_ulp_cmp_0/bd_2/ip/ip_0/constraints/xsdbm_cc_late.xdc] for cell 'level0_i/ulp/ulp_cmp/inst/user_debug_hub/inst/xsdbm/inst'
Parsing XDC File [/data/tmp/chuxiao/spine_opt_v2_hw_150_20260728/temp/partitioned_split_e2e_link/link/vivado/vpl/prj/prj.gen/my_rm/bd/ulp/ip/ulp_ulp_cmp_0/bd_2/ip/ip_0/constraints/xsdbm_gc_late.xdc] for cell 'level0_i/ulp/ulp_cmp/inst/user_debug_hub/inst/xsdbm/inst'
Finished Parsing XDC File [/data/tmp/chuxiao/spine_opt_v2_hw_150_20260728/temp/partitioned_split_e2e_link/link/vivado/vpl/prj/prj.gen/my_rm/bd/ulp/ip/ulp_ulp_cmp_0/bd_2/ip/ip_0/constraints/xsdbm_gc_late.xdc] for cell 'level0_i/ulp/ulp_cmp/inst/user_debug_hub/inst/xsdbm/inst'
Parsing XDC File [/data/tmp/chuxiao/spine_opt_v2_hw_150_20260728/temp/partitioned_split_e2e_link/link/vivado/vpl/prj/prj.gen/my_rm/bd/ulp/ip/ulp_ulp_cmp_0/ulp_ulp_cmp_0.xdc] for cell 'level0_i/ulp/ulp_cmp/inst'
Finished Parsing XDC File [/data/tmp/chuxiao/spine_opt_v2_hw_150_20260728/temp/partitioned_split_e2e_link/link/vivado/vpl/prj/prj.gen/my_rm/bd/ulp/ip/ulp_ulp_cmp_0/ulp_ulp_cmp_0.xdc] for cell 'level0_i/ulp/ulp_cmp/inst'
Parsing XDC File [/data/tmp/chuxiao/spine_opt_v2_hw_150_20260728/temp/partitioned_split_e2e_link/link/vivado/vpl/prj/prj.gen/my_rm/bd/ulp/ip/ulp_hmss_0_0/bd_0/ip/ip_5/bd_85ad_slice1_0_0_clocks.xdc] for cell 'level0_i/ulp/hmss_0/inst/path_0/slice1_0/inst'
Finished Parsing XDC File [/data/tmp/chuxiao/spine_opt_v2_hw_150_20260728/temp/partitioned_split_e2e_link/link/vivado/vpl/prj/prj.gen/my_rm/bd/ulp/ip/ulp_hmss_0_0/bd_0/ip/ip_5/bd_85ad_slice1_0_0_clocks.xdc] for cell 'level0_i/ulp/hmss_0/inst/path_0/slice1_0/inst'
Parsing XDC File [/data/tmp/chuxiao/spine_opt_v2_hw_150_20260728/temp/partitioned_split_e2e_link/link/vivado/vpl/prj/prj.gen/my_rm/bd/ulp/ip/ulp_hmss_0_0/bd_0/ip/ip_8/bd_85ad_slice2_1_0_clocks.xdc] for cell 'level0_i/ulp/hmss_0/inst/path_1/slice2_1/inst'
Finished Parsing XDC File [/data/tmp/chuxiao/spine_opt_v2_hw_150_20260728/temp/partitioned_split_e2e_link/link/vivado/vpl/prj/prj.gen/my_rm/bd/ulp/ip/ulp_hmss_0_0/bd_0/ip/ip_8/bd_85ad_slice2_1_0_clocks.xdc] for cell 'level0_i/ulp/hmss_0/inst/path_1/slice2_1/inst'
Parsing XDC File [/data/tmp/chuxiao/spine_opt_v2_hw_150_20260728/temp/partitioned_split_e2e_link/link/vivado/vpl/prj/prj.gen/my_rm/bd/ulp/ip/ulp_hmss_0_0/bd_0/ip/ip_11/bd_85ad_slice3_2_0_clocks.xdc] for cell 'level0_i/ulp/hmss_0/inst/path_2/slice3_2/inst'
Finished Parsing XDC File [/data/tmp/chuxiao/spine_opt_v2_hw_150_20260728/temp/partitioned_split_e2e_link/link/vivado/vpl/prj/prj.gen/my_rm/bd/ulp/ip/ulp_hmss_0_0/bd_0/ip/ip_11/bd_85ad_slice3_2_0_clocks.xdc] for cell 'level0_i/ulp/hmss_0/inst/path_2/slice3_2/inst'
Parsing XDC File [/data/tmp/chuxiao/spine_opt_v2_hw_150_20260728/temp/partitioned_split_e2e_link/link/vivado/vpl/prj/prj.gen/my_rm/bd/ulp/ip/ulp_hmss_0_0/bd_0/ip/ip_14/bd_85ad_slice4_3_0_clocks.xdc] for cell 'level0_i/ulp/hmss_0/inst/path_3/slice4_3/inst'
Finished Parsing XDC File [/data/tmp/chuxiao/spine_opt_v2_hw_150_20260728/temp/partitioned_split_e2e_link/link/vivado/vpl/prj/prj.gen/my_rm/bd/ulp/ip/ulp_hmss_0_0/bd_0/ip/ip_14/bd_85ad_slice4_3_0_clocks.xdc] for cell 'level0_i/ulp/hmss_0/inst/path_3/slice4_3/inst'
Parsing XDC File [/data/tmp/chuxiao/spine_opt_v2_hw_150_20260728/temp/partitioned_split_e2e_link/link/vivado/vpl/prj/prj.gen/my_rm/bd/ulp/ip/ulp_hmss_0_0/bd_0/ip/ip_17/bd_85ad_slice5_4_0_clocks.xdc] for cell 'level0_i/ulp/hmss_0/inst/path_4/slice5_4/inst'
Finished Parsing XDC File [/data/tmp/chuxiao/spine_opt_v2_hw_150_20260728/temp/partitioned_split_e2e_link/link/vivado/vpl/prj/prj.gen/my_rm/bd/ulp/ip/ulp_hmss_0_0/bd_0/ip/ip_17/bd_85ad_slice5_4_0_clocks.xdc] for cell 'level0_i/ulp/hmss_0/inst/path_4/slice5_4/inst'
Parsing XDC File [/data/tmp/chuxiao/spine_opt_v2_hw_150_20260728/temp/partitioned_split_e2e_link/link/vivado/vpl/prj/prj.gen/my_rm/bd/ulp/ip/ulp_hmss_0_0/bd_0/ip/ip_20/bd_85ad_slice6_5_0_clocks.xdc] for cell 'level0_i/ulp/hmss_0/inst/path_5/slice6_5/inst'
Finished Parsing XDC File [/data/tmp/chuxiao/spine_opt_v2_hw_150_20260728/temp/partitioned_split_e2e_link/link/vivado/vpl/prj/prj.gen/my_rm/bd/ulp/ip/ulp_hmss_0_0/bd_0/ip/ip_20/bd_85ad_slice6_5_0_clocks.xdc] for cell 'level0_i/ulp/hmss_0/inst/path_5/slice6_5/inst'
Parsing XDC File [/data/tmp/chuxiao/spine_opt_v2_hw_150_20260728/temp/partitioned_split_e2e_link/link/vivado/vpl/prj/prj.gen/my_rm/bd/ulp/ip/ulp_hmss_0_0/bd_0/ip/ip_23/bd_85ad_slice7_6_0_clocks.xdc] for cell 'level0_i/ulp/hmss_0/inst/path_6/slice7_6/inst'
Finished Parsing XDC File [/data/tmp/chuxiao/spine_opt_v2_hw_150_20260728/temp/partitioned_split_e2e_link/link/vivado/vpl/prj/prj.gen/my_rm/bd/ulp/ip/ulp_hmss_0_0/bd_0/ip/ip_23/bd_85ad_slice7_6_0_clocks.xdc] for cell 'level0_i/ulp/hmss_0/inst/path_6/slice7_6/inst'
Parsing XDC File [/data/tmp/chuxiao/spine_opt_v2_hw_150_20260728/temp/partitioned_split_e2e_link/link/vivado/vpl/prj/prj.gen/my_rm/bd/ulp/ip/ulp_hmss_0_0/bd_0/ip/ip_26/bd_85ad_slice8_7_0_clocks.xdc] for cell 'level0_i/ulp/hmss_0/inst/path_7/slice8_7/inst'
Finished Parsing XDC File [/data/tmp/chuxiao/spine_opt_v2_hw_150_20260728/temp/partitioned_split_e2e_link/link/vivado/vpl/prj/prj.gen/my_rm/bd/ulp/ip/ulp_hmss_0_0/bd_0/ip/ip_26/bd_85ad_slice8_7_0_clocks.xdc] for cell 'level0_i/ulp/hmss_0/inst/path_7/slice8_7/inst'
Parsing XDC File [/data/tmp/chuxiao/spine_opt_v2_hw_150_20260728/temp/partitioned_split_e2e_link/link/vivado/vpl/prj/prj.gen/my_rm/bd/ulp/ip/ulp_hmss_0_0/bd_0/ip/ip_29/bd_85ad_slice9_8_0_clocks.xdc] for cell 'level0_i/ulp/hmss_0/inst/path_8/slice9_8/inst'
Finished Parsing XDC File [/data/tmp/chuxiao/spine_opt_v2_hw_150_20260728/temp/partitioned_split_e2e_link/link/vivado/vpl/prj/prj.gen/my_rm/bd/ulp/ip/ulp_hmss_0_0/bd_0/ip/ip_29/bd_85ad_slice9_8_0_clocks.xdc] for cell 'level0_i/ulp/hmss_0/inst/path_8/slice9_8/inst'
Parsing XDC File [/data/tmp/chuxiao/spine_opt_v2_hw_150_20260728/temp/partitioned_split_e2e_link/link/vivado/vpl/prj/prj.gen/my_rm/bd/ulp/ip/ulp_hmss_0_0/bd_0/ip/ip_32/bd_85ad_slice10_9_0_clocks.xdc] for cell 'level0_i/ulp/hmss_0/inst/path_9/slice10_9/inst'
Finished Parsing XDC File [/data/tmp/chuxiao/spine_opt_v2_hw_150_20260728/temp/partitioned_split_e2e_link/link/vivado/vpl/prj/prj.gen/my_rm/bd/ulp/ip/ulp_hmss_0_0/bd_0/ip/ip_32/bd_85ad_slice10_9_0_clocks.xdc] for cell 'level0_i/ulp/hmss_0/inst/path_9/slice10_9/inst'
Parsing XDC File [/data/tmp/chuxiao/spine_opt_v2_hw_150_20260728/temp/partitioned_split_e2e_link/link/vivado/vpl/prj/prj.gen/my_rm/bd/ulp/ip/ulp_hmss_0_0/bd_0/ip/ip_35/bd_85ad_slice11_10_0_clocks.xdc] for cell 'level0_i/ulp/hmss_0/inst/path_10/slice11_10/inst'
Finished Parsing XDC File [/data/tmp/chuxiao/spine_opt_v2_hw_150_20260728/temp/partitioned_split_e2e_link/link/vivado/vpl/prj/prj.gen/my_rm/bd/ulp/ip/ulp_hmss_0_0/bd_0/ip/ip_35/bd_85ad_slice11_10_0_clocks.xdc] for cell 'level0_i/ulp/hmss_0/inst/path_10/slice11_10/inst'
Parsing XDC File [/data/tmp/chuxiao/spine_opt_v2_hw_150_20260728/temp/partitioned_split_e2e_link/link/vivado/vpl/prj/prj.gen/my_rm/bd/ulp/ip/ulp_hmss_0_0/bd_0/ip/ip_38/bd_85ad_slice12_11_0_clocks.xdc] for cell 'level0_i/ulp/hmss_0/inst/path_11/slice12_11/inst'
Finished Parsing XDC File [/data/tmp/chuxiao/spine_opt_v2_hw_150_20260728/temp/partitioned_split_e2e_link/link/vivado/vpl/prj/prj.gen/my_rm/bd/ulp/ip/ulp_hmss_0_0/bd_0/ip/ip_38/bd_85ad_slice12_11_0_clocks.xdc] for cell 'level0_i/ulp/hmss_0/inst/path_11/slice12_11/inst'
Parsing XDC File [/data/tmp/chuxiao/spine_opt_v2_hw_150_20260728/temp/partitioned_split_e2e_link/link/vivado/vpl/prj/prj.gen/my_rm/bd/ulp/ip/ulp_hmss_0_0/bd_0/ip/ip_41/bd_85ad_slice13_12_0_clocks.xdc] for cell 'level0_i/ulp/hmss_0/inst/path_12/slice13_12/inst'
Finished Parsing XDC File [/data/tmp/chuxiao/spine_opt_v2_hw_150_20260728/temp/partitioned_split_e2e_link/link/vivado/vpl/prj/prj.gen/my_rm/bd/ulp/ip/ulp_hmss_0_0/bd_0/ip/ip_41/bd_85ad_slice13_12_0_clocks.xdc] for cell 'level0_i/ulp/hmss_0/inst/path_12/slice13_12/inst'
Parsing XDC File [/data/tmp/chuxiao/spine_opt_v2_hw_150_20260728/temp/partitioned_split_e2e_link/link/vivado/vpl/prj/prj.gen/my_rm/bd/ulp/ip/ulp_hmss_0_0/bd_0/ip/ip_44/bd_85ad_slice14_13_0_clocks.xdc] for cell 'level0_i/ulp/hmss_0/inst/path_13/slice14_13/inst'
Finished Parsing XDC File [/data/tmp/chuxiao/spine_opt_v2_hw_150_20260728/temp/partitioned_split_e2e_link/link/vivado/vpl/prj/prj.gen/my_rm/bd/ulp/ip/ulp_hmss_0_0/bd_0/ip/ip_44/bd_85ad_slice14_13_0_clocks.xdc] for cell 'level0_i/ulp/hmss_0/inst/path_13/slice14_13/inst'
Parsing XDC File [/data/tmp/chuxiao/spine_opt_v2_hw_150_20260728/temp/partitioned_split_e2e_link/link/vivado/vpl/prj/prj.gen/my_rm/bd/ulp/ip/ulp_hmss_0_0/bd_0/ip/ip_47/bd_85ad_slice15_14_0_clocks.xdc] for cell 'level0_i/ulp/hmss_0/inst/path_14/slice15_14/inst'
Finished Parsing XDC File [/data/tmp/chuxiao/spine_opt_v2_hw_150_20260728/temp/partitioned_split_e2e_link/link/vivado/vpl/prj/prj.gen/my_rm/bd/ulp/ip/ulp_hmss_0_0/bd_0/ip/ip_47/bd_85ad_slice15_14_0_clocks.xdc] for cell 'level0_i/ulp/hmss_0/inst/path_14/slice15_14/inst'
Parsing XDC File [/data/tmp/chuxiao/spine_opt_v2_hw_150_20260728/temp/partitioned_split_e2e_link/link/vivado/vpl/prj/prj.gen/my_rm/bd/ulp/ip/ulp_hmss_0_0/bd_0/ip/ip_50/bd_85ad_slice16_15_0_clocks.xdc] for cell 'level0_i/ulp/hmss_0/inst/path_15/slice16_15/inst'
Finished Parsing XDC File [/data/tmp/chuxiao/spine_opt_v2_hw_150_20260728/temp/partitioned_split_e2e_link/link/vivado/vpl/prj/prj.gen/my_rm/bd/ulp/ip/ulp_hmss_0_0/bd_0/ip/ip_50/bd_85ad_slice16_15_0_clocks.xdc] for cell 'level0_i/ulp/hmss_0/inst/path_15/slice16_15/inst'
Parsing XDC File [/data/tmp/chuxiao/spine_opt_v2_hw_150_20260728/temp/partitioned_split_e2e_link/link/vivado/vpl/prj/prj.gen/my_rm/bd/ulp/ip/ulp_hmss_0_0/bd_0/ip/ip_53/bd_85ad_slice17_16_0_clocks.xdc] for cell 'level0_i/ulp/hmss_0/inst/path_16/slice17_16/inst'
Finished Parsing XDC File [/data/tmp/chuxiao/spine_opt_v2_hw_150_20260728/temp/partitioned_split_e2e_link/link/vivado/vpl/prj/prj.gen/my_rm/bd/ulp/ip/ulp_hmss_0_0/bd_0/ip/ip_53/bd_85ad_slice17_16_0_clocks.xdc] for cell 'level0_i/ulp/hmss_0/inst/path_16/slice17_16/inst'
Parsing XDC File [/data/tmp/chuxiao/spine_opt_v2_hw_150_20260728/temp/partitioned_split_e2e_link/link/vivado/vpl/prj/prj.gen/my_rm/bd/ulp/ip/ulp_hmss_0_0/bd_0/ip/ip_56/bd_85ad_slice18_17_0_clocks.xdc] for cell 'level0_i/ulp/hmss_0/inst/path_17/slice18_17/inst'
Finished Parsing XDC File [/data/tmp/chuxiao/spine_opt_v2_hw_150_20260728/temp/partitioned_split_e2e_link/link/vivado/vpl/prj/prj.gen/my_rm/bd/ulp/ip/ulp_hmss_0_0/bd_0/ip/ip_56/bd_85ad_slice18_17_0_clocks.xdc] for cell 'level0_i/ulp/hmss_0/inst/path_17/slice18_17/inst'
Parsing XDC File [/data/tmp/chuxiao/spine_opt_v2_hw_150_20260728/temp/partitioned_split_e2e_link/link/vivado/vpl/prj/prj.gen/my_rm/bd/ulp/ip/ulp_hmss_0_0/bd_0/ip/ip_59/bd_85ad_slice21_18_0_clocks.xdc] for cell 'level0_i/ulp/hmss_0/inst/path_18/slice21_18/inst'
Finished Parsing XDC File [/data/tmp/chuxiao/spine_opt_v2_hw_150_20260728/temp/partitioned_split_e2e_link/link/vivado/vpl/prj/prj.gen/my_rm/bd/ulp/ip/ulp_hmss_0_0/bd_0/ip/ip_59/bd_85ad_slice21_18_0_clocks.xdc] for cell 'level0_i/ulp/hmss_0/inst/path_18/slice21_18/inst'
Parsing XDC File [/data/tmp/chuxiao/spine_opt_v2_hw_150_20260728/temp/partitioned_split_e2e_link/link/vivado/vpl/prj/prj.gen/my_rm/bd/ulp/ip/ulp_hmss_0_0/bd_0/ip/ip_62/bd_85ad_slice22_19_0_clocks.xdc] for cell 'level0_i/ulp/hmss_0/inst/path_19/slice22_19/inst'
Finished Parsing XDC File [/data/tmp/chuxiao/spine_opt_v2_hw_150_20260728/temp/partitioned_split_e2e_link/link/vivado/vpl/prj/prj.gen/my_rm/bd/ulp/ip/ulp_hmss_0_0/bd_0/ip/ip_62/bd_85ad_slice22_19_0_clocks.xdc] for cell 'level0_i/ulp/hmss_0/inst/path_19/slice22_19/inst'
Parsing XDC File [/data/tmp/chuxiao/spine_opt_v2_hw_150_20260728/temp/partitioned_split_e2e_link/link/vivado/vpl/prj/prj.gen/my_rm/bd/ulp/ip/ulp_hmss_0_0/bd_0/ip/ip_65/bd_85ad_slice19_20_0_clocks.xdc] for cell 'level0_i/ulp/hmss_0/inst/path_20/slice19_20/inst'
Finished Parsing XDC File [/data/tmp/chuxiao/spine_opt_v2_hw_150_20260728/temp/partitioned_split_e2e_link/link/vivado/vpl/prj/prj.gen/my_rm/bd/ulp/ip/ulp_hmss_0_0/bd_0/ip/ip_65/bd_85ad_slice19_20_0_clocks.xdc] for cell 'level0_i/ulp/hmss_0/inst/path_20/slice19_20/inst'
Parsing XDC File [/data/tmp/chuxiao/spine_opt_v2_hw_150_20260728/temp/partitioned_split_e2e_link/link/vivado/vpl/prj/prj.gen/my_rm/bd/ulp/ip/ulp_hmss_0_0/bd_0/ip/ip_68/bd_85ad_slice20_21_0_clocks.xdc] for cell 'level0_i/ulp/hmss_0/inst/path_21/slice20_21/inst'
Finished Parsing XDC File [/data/tmp/chuxiao/spine_opt_v2_hw_150_20260728/temp/partitioned_split_e2e_link/link/vivado/vpl/prj/prj.gen/my_rm/bd/ulp/ip/ulp_hmss_0_0/bd_0/ip/ip_68/bd_85ad_slice20_21_0_clocks.xdc] for cell 'level0_i/ulp/hmss_0/inst/path_21/slice20_21/inst'
Parsing XDC File [/data/tmp/chuxiao/spine_opt_v2_hw_150_20260728/temp/partitioned_split_e2e_link/link/vivado/vpl/prj/prj.gen/my_rm/bd/ulp/ip/ulp_hmss_0_0/bd_0/ip/ip_71/bd_85ad_slice23_22_0_clocks.xdc] for cell 'level0_i/ulp/hmss_0/inst/path_22/slice23_22/inst'
Finished Parsing XDC File [/data/tmp/chuxiao/spine_opt_v2_hw_150_20260728/temp/partitioned_split_e2e_link/link/vivado/vpl/prj/prj.gen/my_rm/bd/ulp/ip/ulp_hmss_0_0/bd_0/ip/ip_71/bd_85ad_slice23_22_0_clocks.xdc] for cell 'level0_i/ulp/hmss_0/inst/path_22/slice23_22/inst'
Parsing XDC File [/data/tmp/chuxiao/spine_opt_v2_hw_150_20260728/temp/partitioned_split_e2e_link/link/vivado/vpl/prj/prj.gen/my_rm/bd/ulp/ip/ulp_hmss_0_0/bd_0/ip/ip_74/bd_85ad_slice24_23_0_clocks.xdc] for cell 'level0_i/ulp/hmss_0/inst/path_23/slice24_23/inst'
Finished Parsing XDC File [/data/tmp/chuxiao/spine_opt_v2_hw_150_20260728/temp/partitioned_split_e2e_link/link/vivado/vpl/prj/prj.gen/my_rm/bd/ulp/ip/ulp_hmss_0_0/bd_0/ip/ip_74/bd_85ad_slice24_23_0_clocks.xdc] for cell 'level0_i/ulp/hmss_0/inst/path_23/slice24_23/inst'
Parsing XDC File [/data/tmp/chuxiao/spine_opt_v2_hw_150_20260728/temp/partitioned_split_e2e_link/link/vivado/vpl/prj/prj.gen/my_rm/bd/ulp/ip/ulp_hmss_0_0/bd_0/ip/ip_77/bd_85ad_slice0_24_0_clocks.xdc] for cell 'level0_i/ulp/hmss_0/inst/path_24/slice0_24/inst'
Finished Parsing XDC File [/data/tmp/chuxiao/spine_opt_v2_hw_150_20260728/temp/partitioned_split_e2e_link/link/vivado/vpl/prj/prj.gen/my_rm/bd/ulp/ip/ulp_hmss_0_0/bd_0/ip/ip_77/bd_85ad_slice0_24_0_clocks.xdc] for cell 'level0_i/ulp/hmss_0/inst/path_24/slice0_24/inst'
Parsing XDC File [/data/tmp/chuxiao/spine_opt_v2_hw_150_20260728/temp/partitioned_split_e2e_link/link/vivado/vpl/prj/prj.gen/my_rm/bd/ulp/ip/ulp_hmss_0_0/ulp_hmss_0_0.xdc] for cell 'level0_i/ulp/hmss_0/inst'
Finished Parsing XDC File [/data/tmp/chuxiao/spine_opt_v2_hw_150_20260728/temp/partitioned_split_e2e_link/link/vivado/vpl/prj/prj.gen/my_rm/bd/ulp/ip/ulp_hmss_0_0/ulp_hmss_0_0.xdc] for cell 'level0_i/ulp/hmss_0/inst'
Parsing XDC File [/data/tmp/chuxiao/spine_opt_v2_hw_150_20260728/temp/partitioned_split_e2e_link/link/vivado/vpl/prj/prj.gen/my_rm/bd/ulp/ip/ulp_ulp_ucs_0/bd_0/ip/ip_46/bd_22c0_clkwiz_hbm_0_late.xdc] for cell 'level0_i/ulp/ulp_ucs/inst/aclk_hbm_hierarchy/clkwiz_hbm/inst'
Finished Parsing XDC File [/data/tmp/chuxiao/spine_opt_v2_hw_150_20260728/temp/partitioned_split_e2e_link/link/vivado/vpl/prj/prj.gen/my_rm/bd/ulp/ip/ulp_ulp_ucs_0/bd_0/ip/ip_46/bd_22c0_clkwiz_hbm_0_late.xdc] for cell 'level0_i/ulp/ulp_ucs/inst/aclk_hbm_hierarchy/clkwiz_hbm/inst'
Parsing XDC File [/data/tmp/chuxiao/spine_opt_v2_hw_150_20260728/temp/partitioned_split_e2e_link/link/vivado/vpl/prj/prj.gen/my_rm/bd/ulp/ip/ulp_ulp_ucs_0/bd_0/ip/ip_93/bd_22c0_auto_cc_0_clocks.xdc] for cell 'level0_i/ulp/ulp_ucs/inst/frequency_counters/axi_ic_ctrl_mgmt_freq/s00_couplers/auto_cc/inst'
WARNING: [Vivado_Tcl 4-939] Waiver ID 'LUTAR-1' object list should not be empty (perhaps an invalid wildcard was used or only unsupported objects). [/data/tmp/chuxiao/spine_opt_v2_hw_150_20260728/temp/partitioned_split_e2e_link/link/vivado/vpl/prj/prj.gen/my_rm/bd/ulp/ip/ulp_ulp_ucs_0/bd_0/ip/ip_93/bd_22c0_auto_cc_0_clocks.xdc:17]
Finished Parsing XDC File [/data/tmp/chuxiao/spine_opt_v2_hw_150_20260728/temp/partitioned_split_e2e_link/link/vivado/vpl/prj/prj.gen/my_rm/bd/ulp/ip/ulp_ulp_ucs_0/bd_0/ip/ip_93/bd_22c0_auto_cc_0_clocks.xdc] for cell 'level0_i/ulp/ulp_ucs/inst/frequency_counters/axi_ic_ctrl_mgmt_freq/s00_couplers/auto_cc/inst'
Parsing XDC File [/data/tmp/chuxiao/spine_opt_v2_hw_150_20260728/temp/partitioned_split_e2e_link/link/vivado/vpl/prj/prj.gen/my_rm/bd/ulp/ip/ulp_ulp_ucs_0/bd_0/ip/ip_59/bd_22c0_clkwiz_aclk_kernel_00_0_late.xdc] for cell 'level0_i/ulp/ulp_ucs/inst/aclk_kernel_00_hierarchy/clkwiz_aclk_kernel_00/inst'
Finished Parsing XDC File [/data/tmp/chuxiao/spine_opt_v2_hw_150_20260728/temp/partitioned_split_e2e_link/link/vivado/vpl/prj/prj.gen/my_rm/bd/ulp/ip/ulp_ulp_ucs_0/bd_0/ip/ip_59/bd_22c0_clkwiz_aclk_kernel_00_0_late.xdc] for cell 'level0_i/ulp/ulp_ucs/inst/aclk_kernel_00_hierarchy/clkwiz_aclk_kernel_00/inst'
Parsing XDC File [/data/tmp/chuxiao/spine_opt_v2_hw_150_20260728/temp/partitioned_split_e2e_link/link/vivado/vpl/prj/prj.gen/my_rm/bd/ulp/ip/ulp_ulp_ucs_0/bd_0/ip/ip_60/bd_22c0_clock_throttling_aclk_kernel_00_0.xdc] for cell 'level0_i/ulp/ulp_ucs/inst/aclk_kernel_00_hierarchy/clock_throttling_aclk_kernel_00/U0'
Finished Parsing XDC File [/data/tmp/chuxiao/spine_opt_v2_hw_150_20260728/temp/partitioned_split_e2e_link/link/vivado/vpl/prj/prj.gen/my_rm/bd/ulp/ip/ulp_ulp_ucs_0/bd_0/ip/ip_60/bd_22c0_clock_throttling_aclk_kernel_00_0.xdc] for cell 'level0_i/ulp/ulp_ucs/inst/aclk_kernel_00_hierarchy/clock_throttling_aclk_kernel_00/U0'
Parsing XDC File [/data/tmp/chuxiao/spine_opt_v2_hw_150_20260728/temp/partitioned_split_e2e_link/link/vivado/vpl/prj/prj.gen/my_rm/bd/ulp/ip/ulp_ulp_ucs_0/bd_0/ip/ip_77/bd_22c0_clkwiz_aclk_kernel_01_0_late.xdc] for cell 'level0_i/ulp/ulp_ucs/inst/aclk_kernel_01_hierarchy/clkwiz_aclk_kernel_01/inst'
Finished Parsing XDC File [/data/tmp/chuxiao/spine_opt_v2_hw_150_20260728/temp/partitioned_split_e2e_link/link/vivado/vpl/prj/prj.gen/my_rm/bd/ulp/ip/ulp_ulp_ucs_0/bd_0/ip/ip_77/bd_22c0_clkwiz_aclk_kernel_01_0_late.xdc] for cell 'level0_i/ulp/ulp_ucs/inst/aclk_kernel_01_hierarchy/clkwiz_aclk_kernel_01/inst'
Parsing XDC File [/data/tmp/chuxiao/spine_opt_v2_hw_150_20260728/temp/partitioned_split_e2e_link/link/vivado/vpl/prj/prj.gen/my_rm/bd/ulp/ip/ulp_ulp_ucs_0/bd_0/ip/ip_78/bd_22c0_clock_throttling_aclk_kernel_01_0.xdc] for cell 'level0_i/ulp/ulp_ucs/inst/aclk_kernel_01_hierarchy/clock_throttling_aclk_kernel_01/U0'
Finished Parsing XDC File [/data/tmp/chuxiao/spine_opt_v2_hw_150_20260728/temp/partitioned_split_e2e_link/link/vivado/vpl/prj/prj.gen/my_rm/bd/ulp/ip/ulp_ulp_ucs_0/bd_0/ip/ip_78/bd_22c0_clock_throttling_aclk_kernel_01_0.xdc] for cell 'level0_i/ulp/ulp_ucs/inst/aclk_kernel_01_hierarchy/clock_throttling_aclk_kernel_01/U0'
Parsing XDC File [/data/tmp/chuxiao/spine_opt_v2_hw_150_20260728/temp/partitioned_split_e2e_link/link/vivado/vpl/prj/prj.gen/my_rm/bd/ulp/ip/ulp_ulp_ucs_0/ulp_ulp_ucs_0.xdc] for cell 'level0_i/ulp/ulp_ucs/inst'
Finished Parsing XDC File [/data/tmp/chuxiao/spine_opt_v2_hw_150_20260728/temp/partitioned_split_e2e_link/link/vivado/vpl/prj/prj.gen/my_rm/bd/ulp/ip/ulp_ulp_ucs_0/ulp_ulp_ucs_0.xdc] for cell 'level0_i/ulp/ulp_ucs/inst'
Parsing XDC File [/data/tmp/chuxiao/spine_opt_v2_hw_150_20260728/temp/partitioned_split_e2e_link/link/vivado/vpl/prj/prj.gen/my_rm/bd/ulp/ip/ulp_proc_sys_reset_ctrl_slr0_0/ulp_proc_sys_reset_ctrl_slr0_0_slr.xdc] for cell 'level0_i/ulp/proc_sys_reset_ctrl_slr0/U0'
Finished Parsing XDC File [/data/tmp/chuxiao/spine_opt_v2_hw_150_20260728/temp/partitioned_split_e2e_link/link/vivado/vpl/prj/prj.gen/my_rm/bd/ulp/ip/ulp_proc_sys_reset_ctrl_slr0_0/ulp_proc_sys_reset_ctrl_slr0_0_slr.xdc] for cell 'level0_i/ulp/proc_sys_reset_ctrl_slr0/U0'
Parsing XDC File [/data/tmp/chuxiao/spine_opt_v2_hw_150_20260728/temp/partitioned_split_e2e_link/link/vivado/vpl/prj/prj.gen/my_rm/bd/ulp/ip/ulp_proc_sys_reset_ctrl_slr1_0/ulp_proc_sys_reset_ctrl_slr1_0_slr.xdc] for cell 'level0_i/ulp/proc_sys_reset_ctrl_slr1/U0'
Finished Parsing XDC File [/data/tmp/chuxiao/spine_opt_v2_hw_150_20260728/temp/partitioned_split_e2e_link/link/vivado/vpl/prj/prj.gen/my_rm/bd/ulp/ip/ulp_proc_sys_reset_ctrl_slr1_0/ulp_proc_sys_reset_ctrl_slr1_0_slr.xdc] for cell 'level0_i/ulp/proc_sys_reset_ctrl_slr1/U0'
Parsing XDC File [/data/tmp/chuxiao/spine_opt_v2_hw_150_20260728/temp/partitioned_split_e2e_link/link/vivado/vpl/prj/prj.gen/my_rm/bd/ulp/ip/ulp_proc_sys_reset_ctrl_slr2_0/ulp_proc_sys_reset_ctrl_slr2_0_slr.xdc] for cell 'level0_i/ulp/proc_sys_reset_ctrl_slr2/U0'
Finished Parsing XDC File [/data/tmp/chuxiao/spine_opt_v2_hw_150_20260728/temp/partitioned_split_e2e_link/link/vivado/vpl/prj/prj.gen/my_rm/bd/ulp/ip/ulp_proc_sys_reset_ctrl_slr2_0/ulp_proc_sys_reset_ctrl_slr2_0_slr.xdc] for cell 'level0_i/ulp/proc_sys_reset_ctrl_slr2/U0'
Parsing XDC File [/data/tmp/chuxiao/spine_opt_v2_hw_150_20260728/temp/partitioned_split_e2e_link/link/vivado/vpl/prj/prj.gen/my_rm/bd/ulp/ip/ulp_proc_sys_reset_kernel_slr0_0/ulp_proc_sys_reset_kernel_slr0_0_slr.xdc] for cell 'level0_i/ulp/proc_sys_reset_kernel_slr0/U0'
Finished Parsing XDC File [/data/tmp/chuxiao/spine_opt_v2_hw_150_20260728/temp/partitioned_split_e2e_link/link/vivado/vpl/prj/prj.gen/my_rm/bd/ulp/ip/ulp_proc_sys_reset_kernel_slr0_0/ulp_proc_sys_reset_kernel_slr0_0_slr.xdc] for cell 'level0_i/ulp/proc_sys_reset_kernel_slr0/U0'
Parsing XDC File [/data/tmp/chuxiao/spine_opt_v2_hw_150_20260728/temp/partitioned_split_e2e_link/link/vivado/vpl/prj/prj.gen/my_rm/bd/ulp/ip/ulp_proc_sys_reset_kernel_slr1_0/ulp_proc_sys_reset_kernel_slr1_0_slr.xdc] for cell 'level0_i/ulp/proc_sys_reset_kernel_slr1/U0'
Finished Parsing XDC File [/data/tmp/chuxiao/spine_opt_v2_hw_150_20260728/temp/partitioned_split_e2e_link/link/vivado/vpl/prj/prj.gen/my_rm/bd/ulp/ip/ulp_proc_sys_reset_kernel_slr1_0/ulp_proc_sys_reset_kernel_slr1_0_slr.xdc] for cell 'level0_i/ulp/proc_sys_reset_kernel_slr1/U0'
Parsing XDC File [/data/tmp/chuxiao/spine_opt_v2_hw_150_20260728/temp/partitioned_split_e2e_link/link/vivado/vpl/prj/prj.gen/my_rm/bd/ulp/ip/ulp_proc_sys_reset_kernel_slr2_0/ulp_proc_sys_reset_kernel_slr2_0_slr.xdc] for cell 'level0_i/ulp/proc_sys_reset_kernel_slr2/U0'
Finished Parsing XDC File [/data/tmp/chuxiao/spine_opt_v2_hw_150_20260728/temp/partitioned_split_e2e_link/link/vivado/vpl/prj/prj.gen/my_rm/bd/ulp/ip/ulp_proc_sys_reset_kernel_slr2_0/ulp_proc_sys_reset_kernel_slr2_0_slr.xdc] for cell 'level0_i/ulp/proc_sys_reset_kernel_slr2/U0'
Parsing XDC File [/data/tmp/chuxiao/spine_opt_v2_hw_150_20260728/temp/partitioned_split_e2e_link/link/vivado/vpl/prj/prj.gen/my_rm/bd/ulp/ip/ulp_proc_sys_reset_kernel2_slr0_0/ulp_proc_sys_reset_kernel2_slr0_0_slr.xdc] for cell 'level0_i/ulp/proc_sys_reset_kernel2_slr0/U0'
Finished Parsing XDC File [/data/tmp/chuxiao/spine_opt_v2_hw_150_20260728/temp/partitioned_split_e2e_link/link/vivado/vpl/prj/prj.gen/my_rm/bd/ulp/ip/ulp_proc_sys_reset_kernel2_slr0_0/ulp_proc_sys_reset_kernel2_slr0_0_slr.xdc] for cell 'level0_i/ulp/proc_sys_reset_kernel2_slr0/U0'
Parsing XDC File [/data/tmp/chuxiao/spine_opt_v2_hw_150_20260728/temp/partitioned_split_e2e_link/link/vivado/vpl/prj/prj.gen/my_rm/bd/ulp/ip/ulp_proc_sys_reset_kernel2_slr1_0/ulp_proc_sys_reset_kernel2_slr1_0_slr.xdc] for cell 'level0_i/ulp/proc_sys_reset_kernel2_slr1/U0'
Finished Parsing XDC File [/data/tmp/chuxiao/spine_opt_v2_hw_150_20260728/temp/partitioned_split_e2e_link/link/vivado/vpl/prj/prj.gen/my_rm/bd/ulp/ip/ulp_proc_sys_reset_kernel2_slr1_0/ulp_proc_sys_reset_kernel2_slr1_0_slr.xdc] for cell 'level0_i/ulp/proc_sys_reset_kernel2_slr1/U0'
Parsing XDC File [/data/tmp/chuxiao/spine_opt_v2_hw_150_20260728/temp/partitioned_split_e2e_link/link/vivado/vpl/prj/prj.gen/my_rm/bd/ulp/ip/ulp_proc_sys_reset_kernel2_slr2_0/ulp_proc_sys_reset_kernel2_slr2_0_slr.xdc] for cell 'level0_i/ulp/proc_sys_reset_kernel2_slr2/U0'
Finished Parsing XDC File [/data/tmp/chuxiao/spine_opt_v2_hw_150_20260728/temp/partitioned_split_e2e_link/link/vivado/vpl/prj/prj.gen/my_rm/bd/ulp/ip/ulp_proc_sys_reset_kernel2_slr2_0/ulp_proc_sys_reset_kernel2_slr2_0_slr.xdc] for cell 'level0_i/ulp/proc_sys_reset_kernel2_slr2/U0'
Parsing XDC File [/data/tmp/chuxiao/spine_opt_v2_hw_150_20260728/temp/partitioned_split_e2e_link/link/vivado/vpl/prj/prj.gen/my_rm/bd/ulp/ip/ulp_proc_sys_reset_freerun_slr0_0/ulp_proc_sys_reset_freerun_slr0_0_slr.xdc] for cell 'level0_i/ulp/proc_sys_reset_freerun_slr0/U0'
Finished Parsing XDC File [/data/tmp/chuxiao/spine_opt_v2_hw_150_20260728/temp/partitioned_split_e2e_link/link/vivado/vpl/prj/prj.gen/my_rm/bd/ulp/ip/ulp_proc_sys_reset_freerun_slr0_0/ulp_proc_sys_reset_freerun_slr0_0_slr.xdc] for cell 'level0_i/ulp/proc_sys_reset_freerun_slr0/U0'
Parsing XDC File [/data/tmp/chuxiao/spine_opt_v2_hw_150_20260728/temp/partitioned_split_e2e_link/link/vivado/vpl/prj/prj.gen/my_rm/bd/ulp/ip/ulp_proc_sys_reset_freerun_slr1_0/ulp_proc_sys_reset_freerun_slr1_0_slr.xdc] for cell 'level0_i/ulp/proc_sys_reset_freerun_slr1/U0'
Finished Parsing XDC File [/data/tmp/chuxiao/spine_opt_v2_hw_150_20260728/temp/partitioned_split_e2e_link/link/vivado/vpl/prj/prj.gen/my_rm/bd/ulp/ip/ulp_proc_sys_reset_freerun_slr1_0/ulp_proc_sys_reset_freerun_slr1_0_slr.xdc] for cell 'level0_i/ulp/proc_sys_reset_freerun_slr1/U0'
Parsing XDC File [/data/tmp/chuxiao/spine_opt_v2_hw_150_20260728/temp/partitioned_split_e2e_link/link/vivado/vpl/prj/prj.gen/my_rm/bd/ulp/ip/ulp_proc_sys_reset_freerun_slr2_0/ulp_proc_sys_reset_freerun_slr2_0_slr.xdc] for cell 'level0_i/ulp/proc_sys_reset_freerun_slr2/U0'
Finished Parsing XDC File [/data/tmp/chuxiao/spine_opt_v2_hw_150_20260728/temp/partitioned_split_e2e_link/link/vivado/vpl/prj/prj.gen/my_rm/bd/ulp/ip/ulp_proc_sys_reset_freerun_slr2_0/ulp_proc_sys_reset_freerun_slr2_0_slr.xdc] for cell 'level0_i/ulp/proc_sys_reset_freerun_slr2/U0'
Parsing XDC File [/data/tmp/chuxiao/spine_opt_v2_hw_150_20260728/temp/partitioned_split_e2e_link/link/vivado/vpl/prj/prj.gen/my_rm/bd/ulp/ip/ulp_s00_regslice_18/ulp_s00_regslice_18_clocks.xdc] for cell 'level0_i/ulp/SLR0/interconnect_axilite_user/s00_couplers/s00_regslice/inst'
Finished Parsing XDC File [/data/tmp/chuxiao/spine_opt_v2_hw_150_20260728/temp/partitioned_split_e2e_link/link/vivado/vpl/prj/prj.gen/my_rm/bd/ulp/ip/ulp_s00_regslice_18/ulp_s00_regslice_18_clocks.xdc] for cell 'level0_i/ulp/SLR0/interconnect_axilite_user/s00_couplers/s00_regslice/inst'
Parsing XDC File [/data/tmp/chuxiao/spine_opt_v2_hw_150_20260728/temp/partitioned_split_e2e_link/link/vivado/vpl/prj/prj.gen/my_rm/bd/ulp/ip/ulp_m00_regslice_4/ulp_m00_regslice_4_clocks.xdc] for cell 'level0_i/ulp/SLR0/interconnect_axilite_user/m00_couplers/m00_regslice/inst'
Finished Parsing XDC File [/data/tmp/chuxiao/spine_opt_v2_hw_150_20260728/temp/partitioned_split_e2e_link/link/vivado/vpl/prj/prj.gen/my_rm/bd/ulp/ip/ulp_m00_regslice_4/ulp_m00_regslice_4_clocks.xdc] for cell 'level0_i/ulp/SLR0/interconnect_axilite_user/m00_couplers/m00_regslice/inst'
Parsing XDC File [/data/tmp/chuxiao/spine_opt_v2_hw_150_20260728/temp/partitioned_split_e2e_link/link/vivado/vpl/prj/prj.gen/my_rm/bd/ulp/ip/ulp_auto_cc_0/ulp_auto_cc_0_clocks.xdc] for cell 'level0_i/ulp/SLR0/interconnect_axilite_user/m00_couplers/auto_cc/inst'
WARNING: [Vivado_Tcl 4-939] Waiver ID 'LUTAR-1' object list should not be empty (perhaps an invalid wildcard was used or only unsupported objects). [/data/tmp/chuxiao/spine_opt_v2_hw_150_20260728/temp/partitioned_split_e2e_link/link/vivado/vpl/prj/prj.gen/my_rm/bd/ulp/ip/ulp_auto_cc_0/ulp_auto_cc_0_clocks.xdc:17]
Finished Parsing XDC File [/data/tmp/chuxiao/spine_opt_v2_hw_150_20260728/temp/partitioned_split_e2e_link/link/vivado/vpl/prj/prj.gen/my_rm/bd/ulp/ip/ulp_auto_cc_0/ulp_auto_cc_0_clocks.xdc] for cell 'level0_i/ulp/SLR0/interconnect_axilite_user/m00_couplers/auto_cc/inst'
Parsing XDC File [/data/tmp/chuxiao/spine_opt_v2_hw_150_20260728/temp/partitioned_split_e2e_link/link/vivado/vpl/prj/prj.gen/my_rm/bd/ulp/ip/ulp_m01_regslice_4/ulp_m01_regslice_4_clocks.xdc] for cell 'level0_i/ulp/SLR0/interconnect_axilite_user/m01_couplers/m01_regslice/inst'
Finished Parsing XDC File [/data/tmp/chuxiao/spine_opt_v2_hw_150_20260728/temp/partitioned_split_e2e_link/link/vivado/vpl/prj/prj.gen/my_rm/bd/ulp/ip/ulp_m01_regslice_4/ulp_m01_regslice_4_clocks.xdc] for cell 'level0_i/ulp/SLR0/interconnect_axilite_user/m01_couplers/m01_regslice/inst'
Parsing XDC File [/data/tmp/chuxiao/spine_opt_v2_hw_150_20260728/temp/partitioned_split_e2e_link/link/vivado/vpl/prj/prj.gen/my_rm/bd/ulp/ip/ulp_auto_cc_1/ulp_auto_cc_1_clocks.xdc] for cell 'level0_i/ulp/SLR0/interconnect_axilite_user/m01_couplers/auto_cc/inst'
WARNING: [Vivado_Tcl 4-939] Waiver ID 'LUTAR-1' object list should not be empty (perhaps an invalid wildcard was used or only unsupported objects). [/data/tmp/chuxiao/spine_opt_v2_hw_150_20260728/temp/partitioned_split_e2e_link/link/vivado/vpl/prj/prj.gen/my_rm/bd/ulp/ip/ulp_auto_cc_1/ulp_auto_cc_1_clocks.xdc:17]
Finished Parsing XDC File [/data/tmp/chuxiao/spine_opt_v2_hw_150_20260728/temp/partitioned_split_e2e_link/link/vivado/vpl/prj/prj.gen/my_rm/bd/ulp/ip/ulp_auto_cc_1/ulp_auto_cc_1_clocks.xdc] for cell 'level0_i/ulp/SLR0/interconnect_axilite_user/m01_couplers/auto_cc/inst'
Parsing XDC File [/data/tmp/chuxiao/spine_opt_v2_hw_150_20260728/temp/partitioned_split_e2e_link/link/vivado/vpl/prj/prj.gen/my_rm/bd/ulp/ip/ulp_regslice_control_userpf_0/ulp_regslice_control_userpf_0_clocks.xdc] for cell 'level0_i/ulp/SLR0/regslice_control_userpf/inst'
Finished Parsing XDC File [/data/tmp/chuxiao/spine_opt_v2_hw_150_20260728/temp/partitioned_split_e2e_link/link/vivado/vpl/prj/prj.gen/my_rm/bd/ulp/ip/ulp_regslice_control_userpf_0/ulp_regslice_control_userpf_0_clocks.xdc] for cell 'level0_i/ulp/SLR0/regslice_control_userpf/inst'
Parsing XDC File [/data/tmp/chuxiao/spine_opt_v2_hw_150_20260728/temp/partitioned_split_e2e_link/link/vivado/vpl/prj/prj.gen/my_rm/bd/ulp/ip/ulp_regslice_control_userpf_0/ulp_regslice_control_userpf_0_slr.xdc] for cell 'level0_i/ulp/SLR0/regslice_control_userpf/inst'
Finished Parsing XDC File [/data/tmp/chuxiao/spine_opt_v2_hw_150_20260728/temp/partitioned_split_e2e_link/link/vivado/vpl/prj/prj.gen/my_rm/bd/ulp/ip/ulp_regslice_control_userpf_0/ulp_regslice_control_userpf_0_slr.xdc] for cell 'level0_i/ulp/SLR0/regslice_control_userpf/inst'
Parsing XDC File [/data/tmp/chuxiao/spine_opt_v2_hw_150_20260728/temp/partitioned_split_e2e_link/link/vivado/vpl/prj/prj.gen/my_rm/bd/ulp/ip/ulp_s00_regslice_19/ulp_s00_regslice_19_clocks.xdc] for cell 'level0_i/ulp/SLR1/interconnect_axilite_user/s00_couplers/s00_regslice/inst'
Finished Parsing XDC File [/data/tmp/chuxiao/spine_opt_v2_hw_150_20260728/temp/partitioned_split_e2e_link/link/vivado/vpl/prj/prj.gen/my_rm/bd/ulp/ip/ulp_s00_regslice_19/ulp_s00_regslice_19_clocks.xdc] for cell 'level0_i/ulp/SLR1/interconnect_axilite_user/s00_couplers/s00_regslice/inst'
Parsing XDC File [/data/tmp/chuxiao/spine_opt_v2_hw_150_20260728/temp/partitioned_split_e2e_link/link/vivado/vpl/prj/prj.gen/my_rm/bd/ulp/ip/ulp_m00_regslice_5/ulp_m00_regslice_5_clocks.xdc] for cell 'level0_i/ulp/SLR1/interconnect_axilite_user/m00_couplers/m00_regslice/inst'
Finished Parsing XDC File [/data/tmp/chuxiao/spine_opt_v2_hw_150_20260728/temp/partitioned_split_e2e_link/link/vivado/vpl/prj/prj.gen/my_rm/bd/ulp/ip/ulp_m00_regslice_5/ulp_m00_regslice_5_clocks.xdc] for cell 'level0_i/ulp/SLR1/interconnect_axilite_user/m00_couplers/m00_regslice/inst'
Parsing XDC File [/data/tmp/chuxiao/spine_opt_v2_hw_150_20260728/temp/partitioned_split_e2e_link/link/vivado/vpl/prj/prj.gen/my_rm/bd/ulp/ip/ulp_auto_cc_2/ulp_auto_cc_2_clocks.xdc] for cell 'level0_i/ulp/SLR1/interconnect_axilite_user/m00_couplers/auto_cc/inst'
WARNING: [Vivado_Tcl 4-939] Waiver ID 'LUTAR-1' object list should not be empty (perhaps an invalid wildcard was used or only unsupported objects). [/data/tmp/chuxiao/spine_opt_v2_hw_150_20260728/temp/partitioned_split_e2e_link/link/vivado/vpl/prj/prj.gen/my_rm/bd/ulp/ip/ulp_auto_cc_2/ulp_auto_cc_2_clocks.xdc:17]
Finished Parsing XDC File [/data/tmp/chuxiao/spine_opt_v2_hw_150_20260728/temp/partitioned_split_e2e_link/link/vivado/vpl/prj/prj.gen/my_rm/bd/ulp/ip/ulp_auto_cc_2/ulp_auto_cc_2_clocks.xdc] for cell 'level0_i/ulp/SLR1/interconnect_axilite_user/m00_couplers/auto_cc/inst'
Parsing XDC File [/data/tmp/chuxiao/spine_opt_v2_hw_150_20260728/temp/partitioned_split_e2e_link/link/vivado/vpl/prj/prj.gen/my_rm/bd/ulp/ip/ulp_m01_regslice_5/ulp_m01_regslice_5_clocks.xdc] for cell 'level0_i/ulp/SLR1/interconnect_axilite_user/m01_couplers/m01_regslice/inst'
Finished Parsing XDC File [/data/tmp/chuxiao/spine_opt_v2_hw_150_20260728/temp/partitioned_split_e2e_link/link/vivado/vpl/prj/prj.gen/my_rm/bd/ulp/ip/ulp_m01_regslice_5/ulp_m01_regslice_5_clocks.xdc] for cell 'level0_i/ulp/SLR1/interconnect_axilite_user/m01_couplers/m01_regslice/inst'
Parsing XDC File [/data/tmp/chuxiao/spine_opt_v2_hw_150_20260728/temp/partitioned_split_e2e_link/link/vivado/vpl/prj/prj.gen/my_rm/bd/ulp/ip/ulp_auto_cc_3/ulp_auto_cc_3_clocks.xdc] for cell 'level0_i/ulp/SLR1/interconnect_axilite_user/m01_couplers/auto_cc/inst'
INFO: [Common 17-14] Message 'Vivado 12-508' appears 100 times and further instances of the messages will be disabled. Use the Tcl command set_msg_config to change the current settings. [/data/tmp/chuxiao/spine_opt_v2_hw_150_20260728/temp/partitioned_split_e2e_link/link/vivado/vpl/prj/prj.gen/my_rm/bd/ulp/ip/ulp_auto_cc_3/ulp_auto_cc_3_clocks.xdc:17]
WARNING: [Vivado_Tcl 4-939] Waiver ID 'LUTAR-1' object list should not be empty (perhaps an invalid wildcard was used or only unsupported objects). [/data/tmp/chuxiao/spine_opt_v2_hw_150_20260728/temp/partitioned_split_e2e_link/link/vivado/vpl/prj/prj.gen/my_rm/bd/ulp/ip/ulp_auto_cc_3/ulp_auto_cc_3_clocks.xdc:17]
Finished Parsing XDC File [/data/tmp/chuxiao/spine_opt_v2_hw_150_20260728/temp/partitioned_split_e2e_link/link/vivado/vpl/prj/prj.gen/my_rm/bd/ulp/ip/ulp_auto_cc_3/ulp_auto_cc_3_clocks.xdc] for cell 'level0_i/ulp/SLR1/interconnect_axilite_user/m01_couplers/auto_cc/inst'
Parsing XDC File [/data/tmp/chuxiao/spine_opt_v2_hw_150_20260728/temp/partitioned_split_e2e_link/link/vivado/vpl/prj/prj.gen/my_rm/bd/ulp/ip/ulp_regslice_control_userpf_1/ulp_regslice_control_userpf_1_clocks.xdc] for cell 'level0_i/ulp/SLR1/regslice_control_userpf/inst'
Finished Parsing XDC File [/data/tmp/chuxiao/spine_opt_v2_hw_150_20260728/temp/partitioned_split_e2e_link/link/vivado/vpl/prj/prj.gen/my_rm/bd/ulp/ip/ulp_regslice_control_userpf_1/ulp_regslice_control_userpf_1_clocks.xdc] for cell 'level0_i/ulp/SLR1/regslice_control_userpf/inst'
Parsing XDC File [/data/tmp/chuxiao/spine_opt_v2_hw_150_20260728/temp/partitioned_split_e2e_link/link/vivado/vpl/prj/prj.gen/my_rm/bd/ulp/ip/ulp_regslice_control_userpf_1/ulp_regslice_control_userpf_1_slr.xdc] for cell 'level0_i/ulp/SLR1/regslice_control_userpf/inst'
Finished Parsing XDC File [/data/tmp/chuxiao/spine_opt_v2_hw_150_20260728/temp/partitioned_split_e2e_link/link/vivado/vpl/prj/prj.gen/my_rm/bd/ulp/ip/ulp_regslice_control_userpf_1/ulp_regslice_control_userpf_1_slr.xdc] for cell 'level0_i/ulp/SLR1/regslice_control_userpf/inst'
Parsing XDC File [/data/tmp/chuxiao/spine_opt_v2_hw_150_20260728/temp/partitioned_split_e2e_link/link/vivado/vpl/prj/prj.gen/my_rm/bd/ulp/ip/ulp_s00_regslice_20/ulp_s00_regslice_20_clocks.xdc] for cell 'level0_i/ulp/SLR2/interconnect_axilite_user/s00_couplers/s00_regslice/inst'
Finished Parsing XDC File [/data/tmp/chuxiao/spine_opt_v2_hw_150_20260728/temp/partitioned_split_e2e_link/link/vivado/vpl/prj/prj.gen/my_rm/bd/ulp/ip/ulp_s00_regslice_20/ulp_s00_regslice_20_clocks.xdc] for cell 'level0_i/ulp/SLR2/interconnect_axilite_user/s00_couplers/s00_regslice/inst'
Parsing XDC File [/data/tmp/chuxiao/spine_opt_v2_hw_150_20260728/temp/partitioned_split_e2e_link/link/vivado/vpl/prj/prj.gen/my_rm/bd/ulp/ip/ulp_auto_cc_4/ulp_auto_cc_4_clocks.xdc] for cell 'level0_i/ulp/SLR2/interconnect_axilite_user/s00_couplers/auto_cc/inst'
WARNING: [Vivado_Tcl 4-939] Waiver ID 'LUTAR-1' object list should not be empty (perhaps an invalid wildcard was used or only unsupported objects). [/data/tmp/chuxiao/spine_opt_v2_hw_150_20260728/temp/partitioned_split_e2e_link/link/vivado/vpl/prj/prj.gen/my_rm/bd/ulp/ip/ulp_auto_cc_4/ulp_auto_cc_4_clocks.xdc:17]
Finished Parsing XDC File [/data/tmp/chuxiao/spine_opt_v2_hw_150_20260728/temp/partitioned_split_e2e_link/link/vivado/vpl/prj/prj.gen/my_rm/bd/ulp/ip/ulp_auto_cc_4/ulp_auto_cc_4_clocks.xdc] for cell 'level0_i/ulp/SLR2/interconnect_axilite_user/s00_couplers/auto_cc/inst'
Parsing XDC File [/data/tmp/chuxiao/spine_opt_v2_hw_150_20260728/temp/partitioned_split_e2e_link/link/vivado/vpl/prj/prj.gen/my_rm/bd/ulp/ip/ulp_regslice_control_userpf_2/ulp_regslice_control_userpf_2_clocks.xdc] for cell 'level0_i/ulp/SLR2/regslice_control_userpf/inst'
Finished Parsing XDC File [/data/tmp/chuxiao/spine_opt_v2_hw_150_20260728/temp/partitioned_split_e2e_link/link/vivado/vpl/prj/prj.gen/my_rm/bd/ulp/ip/ulp_regslice_control_userpf_2/ulp_regslice_control_userpf_2_clocks.xdc] for cell 'level0_i/ulp/SLR2/regslice_control_userpf/inst'
Parsing XDC File [/data/tmp/chuxiao/spine_opt_v2_hw_150_20260728/temp/partitioned_split_e2e_link/link/vivado/vpl/prj/prj.gen/my_rm/bd/ulp/ip/ulp_regslice_control_userpf_2/ulp_regslice_control_userpf_2_slr.xdc] for cell 'level0_i/ulp/SLR2/regslice_control_userpf/inst'
Finished Parsing XDC File [/data/tmp/chuxiao/spine_opt_v2_hw_150_20260728/temp/partitioned_split_e2e_link/link/vivado/vpl/prj/prj.gen/my_rm/bd/ulp/ip/ulp_regslice_control_userpf_2/ulp_regslice_control_userpf_2_slr.xdc] for cell 'level0_i/ulp/SLR2/regslice_control_userpf/inst'
Parsing XDC File [/data/tmp/chuxiao/spine_opt_v2_hw_150_20260728/temp/partitioned_split_e2e_link/link/vivado/vpl/prj/prj.gen/my_rm/bd/ulp/ip/ulp_spine_partconv_rdmaint_kernel_1_0/ulp_spine_partconv_rdmaint_kernel_1_0_slr.xdc] for cell 'level0_i/ulp/spine_partconv_rdmaint_kernel_1/inst'
Finished Parsing XDC File [/data/tmp/chuxiao/spine_opt_v2_hw_150_20260728/temp/partitioned_split_e2e_link/link/vivado/vpl/prj/prj.gen/my_rm/bd/ulp/ip/ulp_spine_partconv_rdmaint_kernel_1_0/ulp_spine_partconv_rdmaint_kernel_1_0_slr.xdc] for cell 'level0_i/ulp/spine_partconv_rdmaint_kernel_1/inst'
Parsing XDC File [/data/tmp/chuxiao/spine_opt_v2_hw_150_20260728/temp/partitioned_split_e2e_link/link/vivado/vpl/prj/prj.gen/my_rm/bd/ulp/ip/ulp_spine_partconv_compute_kernel_1_0/ulp_spine_partconv_compute_kernel_1_0_slr.xdc] for cell 'level0_i/ulp/spine_partconv_compute_kernel_1/inst'
Finished Parsing XDC File [/data/tmp/chuxiao/spine_opt_v2_hw_150_20260728/temp/partitioned_split_e2e_link/link/vivado/vpl/prj/prj.gen/my_rm/bd/ulp/ip/ulp_spine_partconv_compute_kernel_1_0/ulp_spine_partconv_compute_kernel_1_0_slr.xdc] for cell 'level0_i/ulp/spine_partconv_compute_kernel_1/inst'
WARNING: [XPM_CDC_GRAY: TCL-1000] The source and destination clocks are the same. 
     Instance: level0_i/blp/blp_i/ss_hif/inst/flash_programmer/U0/NO_DUAL_QUAD_MODE.QSPI_NORMAL/QSPI_LEGACY_MD_GEN.QSPI_CORE_INTERFACE_I/FIFO_EXISTS.TX_FIFO_II/xpm_fifo_instance.xpm_fifo_async_inst/gnuram_async_fifo.xpm_fifo_base_inst/gen_cdc_pntr.rd_pntr_cdc_inst 
  This will add unnecessary latency to the design. Please check the design for the following: 
 1) Manually instantiated XPM_CDC modules: AMD recommends that you remove these modules. 
 2) AMD IP that contains XPM_CDC modules: Verify the connections to the IP to determine whether you can safely ignore this message.
 [/data/yxx/tools/xilinx/Vivado/2024.1/data/ip/xpm/xpm_cdc/tcl/xpm_cdc_gray.tcl:16]
WARNING: [XPM_CDC_GRAY: TCL-1000] The source and destination clocks are the same. 
     Instance: level0_i/blp/blp_i/ss_hif/inst/flash_programmer/U0/NO_DUAL_QUAD_MODE.QSPI_NORMAL/QSPI_LEGACY_MD_GEN.QSPI_CORE_INTERFACE_I/FIFO_EXISTS.RX_FIFO_II/gnuram_async_fifo.xpm_fifo_base_inst/gen_cdc_pntr.wr_pntr_cdc_inst 
  This will add unnecessary latency to the design. Please check the design for the following: 
 1) Manually instantiated XPM_CDC modules: AMD recommends that you remove these modules. 
 2) AMD IP that contains XPM_CDC modules: Verify the connections to the IP to determine whether you can safely ignore this message.
 [/data/yxx/tools/xilinx/Vivado/2024.1/data/ip/xpm/xpm_cdc/tcl/xpm_cdc_gray.tcl:16]
WARNING: [XPM_CDC_GRAY: TCL-1000] The source and destination clocks are the same. 
     Instance: level0_i/blp/blp_i/ss_hif/inst/flash_programmer/U0/NO_DUAL_QUAD_MODE.QSPI_NORMAL/QSPI_LEGACY_MD_GEN.QSPI_CORE_INTERFACE_I/FIFO_EXISTS.RX_FIFO_II/gnuram_async_fifo.xpm_fifo_base_inst/gen_cdc_pntr.rd_pntr_cdc_inst 
  This will add unnecessary latency to the design. Please check the design for the following: 
 1) Manually instantiated XPM_CDC modules: AMD recommends that you remove these modules. 
 2) AMD IP that contains XPM_CDC modules: Verify the connections to the IP to determine whether you can safely ignore this message.
 [/data/yxx/tools/xilinx/Vivado/2024.1/data/ip/xpm/xpm_cdc/tcl/xpm_cdc_gray.tcl:16]
WARNING: [XPM_CDC_GRAY: TCL-1000] The source and destination clocks are the same. 
     Instance: level0_i/blp/blp_i/ss_hif/inst/flash_programmer/U0/NO_DUAL_QUAD_MODE.QSPI_NORMAL/QSPI_LEGACY_MD_GEN.QSPI_CORE_INTERFACE_I/FIFO_EXISTS.TX_FIFO_II/xpm_fifo_instance.xpm_fifo_async_inst/gnuram_async_fifo.xpm_fifo_base_inst/gen_cdc_pntr.wr_pntr_cdc_inst 
  This will add unnecessary latency to the design. Please check the design for the following: 
 1) Manually instantiated XPM_CDC modules: AMD recommends that you remove these modules. 
 2) AMD IP that contains XPM_CDC modules: Verify the connections to the IP to determine whether you can safely ignore this message.
 [/data/yxx/tools/xilinx/Vivado/2024.1/data/ip/xpm/xpm_cdc/tcl/xpm_cdc_gray.tcl:16]
WARNING: [XPM_CDC_GRAY: TCL-1000] The source and destination clocks are the same. 
     Instance: level0_i/blp/blp_i/ss_hif/inst/flash_programmer/U0/NO_DUAL_QUAD_MODE.QSPI_NORMAL/QSPI_LEGACY_MD_GEN.QSPI_CORE_INTERFACE_I/FIFO_EXISTS.RX_FIFO_II/gnuram_async_fifo.xpm_fifo_base_inst/gen_cdc_pntr.wr_pntr_cdc_dc_inst 
  This will add unnecessary latency to the design. Please check the design for the following: 
 1) Manually instantiated XPM_CDC modules: AMD recommends that you remove these modules. 
 2) AMD IP that contains XPM_CDC modules: Verify the connections to the IP to determine whether you can safely ignore this message.
 [/data/yxx/tools/xilinx/Vivado/2024.1/data/ip/xpm/xpm_cdc/tcl/xpm_cdc_gray.tcl:16]
WARNING: [XPM_CDC_GRAY: TCL-1000] The source and destination clocks are the same. 
     Instance: level0_i/blp/blp_i/ss_hif/inst/flash_programmer/U0/NO_DUAL_QUAD_MODE.QSPI_NORMAL/QSPI_LEGACY_MD_GEN.QSPI_CORE_INTERFACE_I/FIFO_EXISTS.TX_FIFO_II/xpm_fifo_instance.xpm_fifo_async_inst/gnuram_async_fifo.xpm_fifo_base_inst/gen_cdc_pntr.rd_pntr_cdc_dc_inst 
  This will add unnecessary latency to the design. Please check the design for the following: 
 1) Manually instantiated XPM_CDC modules: AMD recommends that you remove these modules. 
 2) AMD IP that contains XPM_CDC modules: Verify the connections to the IP to determine whether you can safely ignore this message.
 [/data/yxx/tools/xilinx/Vivado/2024.1/data/ip/xpm/xpm_cdc/tcl/xpm_cdc_gray.tcl:16]
INFO: [Project 1-1714] 1117 XPM XDC files have been applied to the design.
INFO: [Opt 31-138] Pushed 0 inverter(s) to 0 load pin(s).
INFO: [Project 1-1687] 12854 scoped IP constraints or related sub-commands were skipped due to synthesis logic optimizations usually triggered by constant connectivity or unconnected output pins. To review the skipped constraints and messages, run the command 'set_param netlist.IPMsgFiltering false' before opening the design.
Netlist sorting complete. Time (s): cpu = 00:00:00.14 ; elapsed = 00:00:00.14 . Memory (MB): peak = 10467.844 ; gain = 0.000 ; free physical = 44742 ; free virtual = 62141
INFO: [Project 1-111] Unisim Transformation Summary:
  A total of 6801 instances were transformed.
  DSP48E1 => DSP48E2 (DSP_ALU, DSP_A_B_DATA, DSP_C_DATA, DSP_MULTIPLIER, DSP_M_DATA, DSP_OUTPUT, DSP_PREADD, DSP_PREADD_DATA): 4 instances
  DSP48E2 => DSP48E2 (DSP_ALU, DSP_A_B_DATA, DSP_C_DATA, DSP_MULTIPLIER, DSP_M_DATA, DSP_OUTPUT, DSP_PREADD, DSP_PREADD_DATA): 18 instances
  HBM_TWO_STACK_INTF => HBM_TWO_STACK_INTF (HBM_REF_CLK(x2), HBM_SNGLBLI_INTF_APB(x2), HBM_SNGLBLI_INTF_AXI(x32)): 1 instance 
  IBUF => IBUF (IBUFCTRL, INBUF): 7 instances
  IBUFDS => IBUFDS (DIFFINBUF, IBUFCTRL): 1 instance 
  LUT6_2 => LUT6_2 (LUT5, LUT6): 158 instances
  RAM128X1D => RAM128X1D (MUXF7(x2), RAMD64E(x4)): 1 instance 
  RAM16X1D => RAM32X1D (RAMD32(x2)): 3849 instances
  RAM16X1S => RAM32X1S (RAMS32): 690 instances
  RAM256X1S => RAM256X1S (MUXF7(x2), MUXF8, RAMS64E(x4)): 10 instances
  RAM32M => RAM32M (RAMD32(x6), RAMS32(x2)): 46 instances
  RAM32M16 => RAM32M16 (RAMD32(x14), RAMS32(x2)): 1821 instances
  RAM32X1D => RAM32X1D (RAMD32(x2)): 123 instances
  RAM64M => RAM64M (RAMD64E(x4)): 1 instance 
  RAM64M8 => RAM64M8 (RAMD64E(x8)): 63 instances
  RAM64X1D => RAM64X1D (RAMD64E(x2)): 8 instances

162 Infos, 352 Warnings, 0 Critical Warnings and 0 Errors encountered.
link_design completed successfully
link_design: Time (s): cpu = 00:17:34 ; elapsed = 00:11:00 . Memory (MB): peak = 10467.844 ; gain = 8404.430 ; free physical = 44708 ; free virtual = 62106
source /data/tmp/chuxiao/spine_opt_v2_hw_150_20260728/temp/partitioned_split_e2e_link/link/vivado/vpl/scripts/impl_1/_full_init_post.tcl
INFO: [Timing 38-35] Done setting XDC timing constraints.
get_clocks: Time (s): cpu = 00:01:22 ; elapsed = 00:00:26 . Memory (MB): peak = 10467.844 ; gain = 0.000 ; free physical = 44729 ; free virtual = 62153
Parsing XDC File [/data/tmp/chuxiao/spine_opt_v2_hw_150_20260728/temp/partitioned_split_e2e_link/link/vivado/vpl/output/_user_impl_clk.xdc]
INFO: [Vivado 12-2286] Implicit search of objects for pattern 'level0_i/ulp/ulp_ucs/inst/aclk_kernel_00_hierarchy/clkwiz_aclk_kernel_00/inst/CLK_CORE_DRP_I/clk_inst/mmcme4_adv_inst/CLKIN1' matched to 'pin' objects. [/data/tmp/chuxiao/spine_opt_v2_hw_150_20260728/temp/partitioned_split_e2e_link/link/vivado/vpl/output/_user_impl_clk.xdc:3]
Resolution: To avoid ambiguous patterns, provide proper objects using get commands e.g. [get_nets xyz].
INFO: [Vivado 12-2286] Implicit search of objects for pattern 'level0_i/ulp/ulp_ucs/inst/aclk_kernel_00_hierarchy/clkwiz_aclk_kernel_00/inst/CLK_CORE_DRP_I/clk_inst/mmcme4_adv_inst/CLKOUT0' matched to 'pin' objects. [/data/tmp/chuxiao/spine_opt_v2_hw_150_20260728/temp/partitioned_split_e2e_link/link/vivado/vpl/output/_user_impl_clk.xdc:3]
Resolution: To avoid ambiguous patterns, provide proper objects using get commands e.g. [get_nets xyz].
WARNING: [Constraints 18-619] A clock with name 'clk_kernel_00_unbuffered_net' already exists, overwriting the previous clock with the same name. [/data/tmp/chuxiao/spine_opt_v2_hw_150_20260728/temp/partitioned_split_e2e_link/link/vivado/vpl/output/_user_impl_clk.xdc:3]
Finished Parsing XDC File [/data/tmp/chuxiao/spine_opt_v2_hw_150_20260728/temp/partitioned_split_e2e_link/link/vivado/vpl/output/_user_impl_clk.xdc]
source /data/tmp/chuxiao/spine_opt_v2_hw_150_20260728/temp/partitioned_split_e2e_link/link/vivado/vpl/scripts/impl_1/_full_opt_pre.tcl
Post-synthesis utilization DRC check...
available resources:
   luts      : 1146240
   registers : 2292480
   brams     : 1776
   dsps      : 8376
required resources:
   luts      : 212367
   registers : 295198
   brams     : 99.5
   dsps      : 18
report_accelerator_utilization: Time (s): cpu = 00:00:11 ; elapsed = 00:00:11 . Memory (MB): peak = 10495.758 ; gain = 0.000 ; free physical = 44496 ; free virtual = 61941
report_utilization: Time (s): cpu = 00:00:19 ; elapsed = 00:00:19 . Memory (MB): peak = 10556.758 ; gain = 61.000 ; free physical = 44897 ; free virtual = 62266
INFO: System Diagram: Run step: synthed

WARNING: [Timing 38-3] User defined clock exists on pin level0_i/ulp/ulp_ucs/inst/aclk_kernel_00_hierarchy/clkwiz_aclk_kernel_00/inst/CLK_CORE_DRP_I/clk_inst/mmcme4_adv_inst/CLKOUT0 [See /data/tmp/chuxiao/spine_opt_v2_hw_150_20260728/temp/partitioned_split_e2e_link/link/vivado/vpl/output/_user_impl_clk.xdc:3] and will prevent any subsequent automatic derivation of generated clocks on that pin. If the user defined clock specifies '-add', any existing auto-derived clocks on that pin are retained.
Command: opt_design
Attempting to get a license for feature 'Implementation' and/or device 'xcu55c'
INFO: [Common 17-349] Got license for feature 'Implementation' and/or device 'xcu55c'
Running DRC as a precondition to command opt_design

Starting DRC Task
INFO: [DRC 23-27] Running DRC with 8 threads
INFO: [Project 1-461] DRC finished with 0 Errors
INFO: [Project 1-462] Please refer to the DRC report (report_drc) for more information.

Time (s): cpu = 00:00:25 ; elapsed = 00:00:11 . Memory (MB): peak = 10716.898 ; gain = 160.141 ; free physical = 44734 ; free virtual = 62104

Starting Cache Timing Information Task
Ending Cache Timing Information Task | Checksum: 206b262ce

Time (s): cpu = 00:00:07 ; elapsed = 00:00:02 . Memory (MB): peak = 10716.898 ; gain = 0.000 ; free physical = 44742 ; free virtual = 62112

Starting Logic Optimization Task

Phase 1 Initialization

Phase 1.1 Core Generation And Design Setup
Phase 1.1 Core Generation And Design Setup | Checksum: 206b262ce

Time (s): cpu = 00:00:43 ; elapsed = 00:00:24 . Memory (MB): peak = 11469.605 ; gain = 528.918 ; free physical = 43904 ; free virtual = 61292

Phase 1.2 Setup Constraints And Sort Netlist
Phase 1.2 Setup Constraints And Sort Netlist | Checksum: 206b262ce

Time (s): cpu = 00:00:44 ; elapsed = 00:00:26 . Memory (MB): peak = 11469.605 ; gain = 528.918 ; free physical = 43893 ; free virtual = 61281
Phase 1 Initialization | Checksum: 206b262ce

Time (s): cpu = 00:00:46 ; elapsed = 00:00:27 . Memory (MB): peak = 11469.605 ; gain = 528.918 ; free physical = 43867 ; free virtual = 61256

Phase 2 Timer Update And Timing Data Collection

Phase 2.1 Timer Update
Phase 2.1 Timer Update | Checksum: 206b262ce

Time (s): cpu = 00:01:35 ; elapsed = 00:00:38 . Memory (MB): peak = 11469.605 ; gain = 528.918 ; free physical = 43864 ; free virtual = 61254

Phase 2.2 Timing Data Collection
Phase 2.2 Timing Data Collection | Checksum: 206b262ce

Time (s): cpu = 00:01:38 ; elapsed = 00:00:41 . Memory (MB): peak = 11893.594 ; gain = 952.906 ; free physical = 43583 ; free virtual = 60973
Phase 2 Timer Update And Timing Data Collection | Checksum: 206b262ce

Time (s): cpu = 00:01:40 ; elapsed = 00:00:42 . Memory (MB): peak = 11893.594 ; gain = 952.906 ; free physical = 43582 ; free virtual = 60972

Phase 3 Retarget
INFO: [Opt 31-1834] Total Chains To Be Transformed Were: 0 AND Number of Transformed insts Created are: 0
INFO: [Opt 31-1566] Pulled 49 inverters resulting in an inversion of 762 pins
INFO: [Opt 31-138] Pushed 801 inverter(s) to 5837 load pin(s).
INFO: [Opt 31-49] Retargeted 0 cell(s).
Phase 3 Retarget | Checksum: 116720c90

Time (s): cpu = 00:01:56 ; elapsed = 00:00:58 . Memory (MB): peak = 11893.594 ; gain = 952.906 ; free physical = 43571 ; free virtual = 60961
Retarget | Checksum: 116720c90
INFO: [Opt 31-389] Phase Retarget created 1205 cells and removed 2384 cells
INFO: [Opt 31-1021] In phase Retarget, 9603 netlist objects are constrained preventing optimization. Please run opt_design with -debug_log to get more detail. 

Phase 4 Constant propagation
INFO: [Opt 31-138] Pushed 1 inverter(s) to 2 load pin(s).
Phase 4 Constant propagation | Checksum: 18177b245

Time (s): cpu = 00:02:06 ; elapsed = 00:01:07 . Memory (MB): peak = 11893.594 ; gain = 952.906 ; free physical = 43561 ; free virtual = 60954
Constant propagation | Checksum: 18177b245
INFO: [Opt 31-389] Phase Constant propagation created 280 cells and removed 9683 cells
INFO: [Opt 31-1021] In phase Constant propagation, 1982 netlist objects are constrained preventing optimization. Please run opt_design with -debug_log to get more detail. 

Phase 5 Sweep
Phase 5 Sweep | Checksum: 1117bf474

Time (s): cpu = 00:02:44 ; elapsed = 00:01:44 . Memory (MB): peak = 11893.594 ; gain = 952.906 ; free physical = 43254 ; free virtual = 60650
Sweep | Checksum: 1117bf474
INFO: [Opt 31-389] Phase Sweep created 0 cells and removed 35373 cells
INFO: [Opt 31-1021] In phase Sweep, 1411854 netlist objects are constrained preventing optimization. Please run opt_design with -debug_log to get more detail. 

Phase 6 BUFG optimization
INFO: [Opt 31-1077] Phase BUFG optimization inserted 0 global clock buffer(s) for CLOCK_LOW_FANOUT.
INFO: [Opt 31-129] Inserted BUFG to drive high-fanout reset|set|enable net. BUFG cell: level0_i/ulp/spine_partconv_rdmaint_kernel_1/inst/ap_rst_n_inv_BUFG_inst, Net: level0_i/ulp/spine_partconv_rdmaint_kernel_1/inst/ap_rst_n_inv
Phase 6 BUFG optimization | Checksum: 1ba2c845d

Time (s): cpu = 00:02:59 ; elapsed = 00:01:53 . Memory (MB): peak = 11893.594 ; gain = 952.906 ; free physical = 42962 ; free virtual = 60363
BUFG optimization | Checksum: 1ba2c845d
INFO: [Opt 31-662] Phase BUFG optimization created 2 cells of which 1 are BUFGs and removed 0 cells.
INFO: [Opt 31-1021] In phase BUFG optimization, 64 netlist objects are constrained preventing optimization. Please run opt_design with -debug_log to get more detail. 

Phase 7 Shift Register Optimization
INFO: [Opt 31-1064] SRL Remap converted 0 SRLs to 0 registers and converted 0 registers of register chains to 0 SRLs
Phase 7 Shift Register Optimization | Checksum: 1ba2c845d

Time (s): cpu = 00:03:03 ; elapsed = 00:01:56 . Memory (MB): peak = 11893.594 ; gain = 952.906 ; free physical = 42948 ; free virtual = 60354
Shift Register Optimization | Checksum: 1ba2c845d
INFO: [Opt 31-389] Phase Shift Register Optimization created 0 cells and removed 0 cells

Phase 8 Post Processing Netlist
Phase 8 Post Processing Netlist | Checksum: 1564c1833

Time (s): cpu = 00:03:10 ; elapsed = 00:02:02 . Memory (MB): peak = 11893.594 ; gain = 952.906 ; free physical = 42938 ; free virtual = 60348
Post Processing Netlist | Checksum: 1564c1833
INFO: [Opt 31-389] Phase Post Processing Netlist created 0 cells and removed 0 cells
INFO: [Opt 31-1021] In phase Post Processing Netlist, 1567 netlist objects are constrained preventing optimization. Please run opt_design with -debug_log to get more detail. 

Phase 9 Finalization

Phase 9.1 Finalizing Design Cores and Updating Shapes
Phase 9.1 Finalizing Design Cores and Updating Shapes | Checksum: 1394ea676

Time (s): cpu = 00:03:27 ; elapsed = 00:02:16 . Memory (MB): peak = 11893.594 ; gain = 952.906 ; free physical = 42916 ; free virtual = 60328

Phase 9.2 Verifying Netlist Connectivity

Starting Connectivity Check Task

Time (s): cpu = 00:00:00.96 ; elapsed = 00:00:00.96 . Memory (MB): peak = 11893.594 ; gain = 0.000 ; free physical = 42909 ; free virtual = 60322
Phase 9.2 Verifying Netlist Connectivity | Checksum: 1394ea676

Time (s): cpu = 00:03:29 ; elapsed = 00:02:18 . Memory (MB): peak = 11893.594 ; gain = 952.906 ; free physical = 42908 ; free virtual = 60321
Phase 9 Finalization | Checksum: 1394ea676

Time (s): cpu = 00:03:31 ; elapsed = 00:02:19 . Memory (MB): peak = 11893.594 ; gain = 952.906 ; free physical = 42903 ; free virtual = 60316
Opt_design Change Summary
=========================


-------------------------------------------------------------------------------------------------------------------------
|  Phase                        |  #Cells created  |  #Cells Removed  |  #Constrained objects preventing optimizations  |
-------------------------------------------------------------------------------------------------------------------------
|  Retarget                     |            1205  |            2384  |                                           9603  |
|  Constant propagation         |             280  |            9683  |                                           1982  |
|  Sweep                        |               0  |           35373  |                                        1411854  |
|  BUFG optimization            |               2  |               0  |                                             64  |
|  Shift Register Optimization  |               0  |               0  |                                              0  |
|  Post Processing Netlist      |               0  |               0  |                                           1567  |
-------------------------------------------------------------------------------------------------------------------------


Ending Logic Optimization Task | Checksum: 1394ea676

Time (s): cpu = 00:03:32 ; elapsed = 00:02:21 . Memory (MB): peak = 11893.594 ; gain = 952.906 ; free physical = 42903 ; free virtual = 60317

Starting Power Optimization Task
INFO: [Pwropt 34-132] Skipping clock gating for clocks with a period < 2.00 ns.
INFO: [Pwropt 34-232] Skipping BRAM gating because all BRAMs are in high frequency (i.e. period < 3.12 ns) clock domains.
INFO: [Pwropt 34-162] WRITE_MODE attribute of 0 BRAM(s) out of a total of 335 has been updated to save power. Run report_power_opt to get a complete listing of the BRAMs updated.
Ending Power Optimization Task | Checksum: 1394ea676

Time (s): cpu = 00:00:09 ; elapsed = 00:00:09 . Memory (MB): peak = 12405.594 ; gain = 512.000 ; free physical = 42301 ; free virtual = 59717

Starting Final Cleanup Task
Ending Final Cleanup Task | Checksum: 1394ea676

Time (s): cpu = 00:00:02 ; elapsed = 00:00:01 . Memory (MB): peak = 12405.594 ; gain = 0.000 ; free physical = 42297 ; free virtual = 59713

Starting Netlist Obfuscation Task
Netlist sorting complete. Time (s): cpu = 00:00:00.11 ; elapsed = 00:00:00.11 . Memory (MB): peak = 12405.594 ; gain = 0.000 ; free physical = 42296 ; free virtual = 59713
Ending Netlist Obfuscation Task | Checksum: 1394ea676

Time (s): cpu = 00:00:02 ; elapsed = 00:00:01 . Memory (MB): peak = 12405.594 ; gain = 0.000 ; free physical = 42293 ; free virtual = 59710
INFO: [Common 17-83] Releasing license: Implementation
192 Infos, 354 Warnings, 0 Critical Warnings and 0 Errors encountered.
opt_design completed successfully
opt_design: Time (s): cpu = 00:04:20 ; elapsed = 00:02:48 . Memory (MB): peak = 12405.594 ; gain = 1848.836 ; free physical = 42292 ; free virtual = 59709
source /data/tmp/chuxiao/spine_opt_v2_hw_150_20260728/temp/partitioned_split_e2e_link/link/vivado/vpl/scripts/impl_1/_full_opt_post.tcl
source /data/tmp/chuxiao/spine_opt_v2_hw_150_20260728/temp/partitioned_split_e2e_link/link/vivado/vpl/scripts/impl_1/_full_place_pre.tcl
CRITICAL WARNING: [Vivado 12-4430] You are lowering the severity from an ERROR. This can potentially lead to board damage or other functionality issues on hardware. If this is not desired, please run 'reset_property SEVERITY [get_drc_checks HDPR-5]' to undo this change.
INFO: [Chipscope 16-240] Debug cores have already been implemented
Command: place_design -directive AltSpreadLogic_high -retiming
Attempting to get a license for feature 'Implementation' and/or device 'xcu55c'
INFO: [Common 17-349] Got license for feature 'Implementation' and/or device 'xcu55c'
INFO: [Common 17-83] Releasing license: Implementation
INFO: [DRC 23-27] Running DRC with 8 threads
INFO: [Vivado_Tcl 4-198] DRC finished with 0 Errors
INFO: [Vivado_Tcl 4-199] Please refer to the DRC report (report_drc) for more information.
INFO: [Vivado_Tcl 4-2302] The placer was invoked with the 'AltSpreadLogic_high' directive.
Running DRC as a precondition to command place_design
INFO: [DRC 23-27] Running DRC with 8 threads
INFO: [Vivado_Tcl 4-198] DRC finished with 0 Errors
INFO: [Vivado_Tcl 4-199] Please refer to the DRC report (report_drc) for more information.
INFO: [Place 30-611] Multithreading enabled for place_design using a maximum of 8 CPUs

Starting Placer Task

Phase 1 Placer Initialization

Phase 1.1 Placer Initialization Netlist Sorting
Netlist sorting complete. Time (s): cpu = 00:00:00.12 ; elapsed = 00:00:00.12 . Memory (MB): peak = 12437.609 ; gain = 0.000 ; free physical = 42277 ; free virtual = 59697
Phase 1.1 Placer Initialization Netlist Sorting | Checksum: 10004c937

Time (s): cpu = 00:00:02 ; elapsed = 00:00:02 . Memory (MB): peak = 12437.609 ; gain = 0.000 ; free physical = 42279 ; free virtual = 59699
Netlist sorting complete. Time (s): cpu = 00:00:00.12 ; elapsed = 00:00:00.11 . Memory (MB): peak = 12437.609 ; gain = 0.000 ; free physical = 42264 ; free virtual = 59684

Phase 1.2 IO Placement/ Clock Placement/ Build Placer Device
INFO: [Timing 38-35] Done setting XDC timing constraints.
WARNING: [Timing 38-3] User defined clock exists on pin level0_i/ulp/ulp_ucs/inst/aclk_kernel_00_hierarchy/clkwiz_aclk_kernel_00/inst/CLK_CORE_DRP_I/clk_inst/mmcme4_adv_inst/CLKOUT0 [See /data/tmp/chuxiao/spine_opt_v2_hw_150_20260728/temp/partitioned_split_e2e_link/link/vivado/vpl/output/_user_impl_clk.xdc:3] and will prevent any subsequent automatic derivation of generated clocks on that pin. If the user defined clock specifies '-add', any existing auto-derived clocks on that pin are retained.
Phase 1.2 IO Placement/ Clock Placement/ Build Placer Device | Checksum: 231caea59

Time (s): cpu = 00:05:15 ; elapsed = 00:03:40 . Memory (MB): peak = 12437.609 ; gain = 0.000 ; free physical = 42190 ; free virtual = 59644

Phase 1.3 Build Placer Netlist Model
INFO: [Place 30-1040]   HIGH_PRIORITY Clock: clk_kernel_00_unbuffered_net
INFO: [Place 30-1040]   HIGH_PRIORITY Clock: clk_out1_bd_39ab_clkwiz_level0_periph_0_1
INFO: [Place 30-1040]   HIGH_PRIORITY Clock: hbm_aclk
INFO: [Place 30-1040]   HIGH_PRIORITY Clock: clk_kernel_01_unbuffered_net
INFO: [Place 30-1040]   HIGH_PRIORITY Clock: clk_out2_bd_39ab_clkwiz_level0_periph_0_1
INFO: [Place 30-1040]   HIGH_PRIORITY Clock: GTYE4_CHANNEL_TXOUTCLK[3]_7
Phase 1.3 Build Placer Netlist Model | Checksum: 2329a7f37

Time (s): cpu = 00:10:45 ; elapsed = 00:06:02 . Memory (MB): peak = 15019.699 ; gain = 2582.090 ; free physical = 39446 ; free virtual = 56916

Phase 1.4 Constrain Clocks/Macros
Phase 1.4 Constrain Clocks/Macros | Checksum: 2329a7f37

Time (s): cpu = 00:10:49 ; elapsed = 00:06:05 . Memory (MB): peak = 15019.699 ; gain = 2582.090 ; free physical = 39441 ; free virtual = 56911
Phase 1 Placer Initialization | Checksum: 2329a7f37

Time (s): cpu = 00:11:20 ; elapsed = 00:06:25 . Memory (MB): peak = 15043.711 ; gain = 2606.102 ; free physical = 39411 ; free virtual = 56882

Phase 2 Global Placement

Phase 2.1 Floorplanning
INFO: [Place 30-2086] Applied CLOCK_LOW_FANOUT constraint to clock net level0_i/ulp/ulp_ucs/inst/aclk_kernel_00_hierarchy/clock_throttling_aclk_kernel_00/U0/Clk_Int_Cont and placed all loads in clock region(s) X4Y2
INFO: [Place 30-2086] Applied CLOCK_LOW_FANOUT constraint to clock net level0_i/ulp/ulp_ucs/inst/aclk_kernel_01_hierarchy/clock_throttling_aclk_kernel_01/U0/Clk_Int_Cont and placed all loads in clock region(s) X4Y3
WARNING: [Place 30-1239] Failed to find partition obeying USER_SLR_ASSIGNMENT constraint, SLR -1, for Cell level0_i/ulp/spine_partconv_compute_kernel_1/inst.
WARNING: [Place 30-1239] Failed to find partition obeying USER_SLR_ASSIGNMENT constraint, SLR -1, for Cell level0_i/ulp/spine_partconv_rdmaint_kernel_1/inst.

Phase 2.1.1 Partition Driven Placement

Phase 2.1.1.1 PBP: Partition Driven Placement
Phase 2.1.1.1 PBP: Partition Driven Placement | Checksum: 23cc8c7ed

Time (s): cpu = 00:18:21 ; elapsed = 00:09:22 . Memory (MB): peak = 15099.738 ; gain = 2662.129 ; free physical = 39128 ; free virtual = 56912

Phase 2.1.1.2 PBP: Clock Region Placement
WARNING: [Place 30-4550] Global clock net level0_i/blp/blp_i/ss_hif/inst/pcie/inst/bd_39ab_pcie_0_gt_top_i/diablo_gt.diablo_gt_phy_wrapper/phy_clk_i/CLK_USERCLK is an RM-internal clock and has a USER_CLOCK_ROOT (UCR) set as X7Y0 but this UCR is outside the routing footprint of the corresponding RM pblock ().
WARNING: [Place 30-4550] Global clock net level0_i/blp/blp_i/ss_hif/inst/pcie/inst/bufg_gt_sysclk_n_0 is an RM-internal clock and has a USER_CLOCK_ROOT (UCR) set as X7Y0 but this UCR is outside the routing footprint of the corresponding RM pblock ().
WARNING: [Place 30-4550] Global clock net level0_i/blp/blp_i/ss_hif/inst/pcie/inst/bd_39ab_pcie_0_gt_top_i/diablo_gt.diablo_gt_phy_wrapper/phy_clk_i/CLK_CORECLK is an RM-internal clock and has a USER_CLOCK_ROOT (UCR) set as X7Y0 but this UCR is outside the routing footprint of the corresponding RM pblock ().
WARNING: [Place 30-4550] Global clock net level0_i/blp/blp_i/ss_hif/inst/pcie/inst/bd_39ab_pcie_0_gt_top_i/diablo_gt.diablo_gt_phy_wrapper/phy_clk_i/CLK_PCLK2_GT is an RM-internal clock and has a USER_CLOCK_ROOT (UCR) set as X7Y0 but this UCR is outside the routing footprint of the corresponding RM pblock ().
WARNING: [Place 30-4550] Global clock net level0_i/blp/blp_i/ss_hif/inst/pcie/inst/bd_39ab_pcie_0_gt_top_i/diablo_gt.diablo_gt_phy_wrapper/phy_clk_i/CLK_INTCLK is an RM-internal clock and has a USER_CLOCK_ROOT (UCR) set as X7Y0 but this UCR is outside the routing footprint of the corresponding RM pblock ().
WARNING: [Place 30-4550] Global clock net level0_i/blp/blp_i/ss_hif/inst/pcie/inst/bd_39ab_pcie_0_gt_top_i/diablo_gt.diablo_gt_phy_wrapper/phy_clk_i/mcap_clk is an RM-internal clock and has a USER_CLOCK_ROOT (UCR) set as X7Y0 but this UCR is outside the routing footprint of the corresponding RM pblock ().
Phase 2.1.1.2 PBP: Clock Region Placement | Checksum: 23dddc473

Time (s): cpu = 00:19:06 ; elapsed = 00:10:06 . Memory (MB): peak = 15099.738 ; gain = 2662.129 ; free physical = 38869 ; free virtual = 56657

Phase 2.1.1.3 PBP: Compute Congestion
Phase 2.1.1.3 PBP: Compute Congestion | Checksum: 23dddc473

Time (s): cpu = 00:20:04 ; elapsed = 00:10:21 . Memory (MB): peak = 15099.738 ; gain = 2662.129 ; free physical = 39275 ; free virtual = 57063

Phase 2.1.1.4 PBP: UpdateTiming
Phase 2.1.1.4 PBP: UpdateTiming | Checksum: 1cbd44c90

Time (s): cpu = 00:21:29 ; elapsed = 00:10:43 . Memory (MB): peak = 15383.215 ; gain = 2945.605 ; free physical = 39162 ; free virtual = 56951

Phase 2.1.1.5 PBP: Add part constraints
Phase 2.1.1.5 PBP: Add part constraints | Checksum: 1cbd44c90

Time (s): cpu = 00:21:30 ; elapsed = 00:10:45 . Memory (MB): peak = 15383.215 ; gain = 2945.605 ; free physical = 39108 ; free virtual = 56897
Phase 2.1.1 Partition Driven Placement | Checksum: 1cbd44c90

Time (s): cpu = 00:21:32 ; elapsed = 00:10:46 . Memory (MB): peak = 15383.215 ; gain = 2945.605 ; free physical = 39027 ; free virtual = 56816
Phase 2.1 Floorplanning | Checksum: 1cbd44c90

Time (s): cpu = 00:21:34 ; elapsed = 00:10:48 . Memory (MB): peak = 15383.215 ; gain = 2945.605 ; free physical = 38945 ; free virtual = 56734

Phase 2.2 Physical Synthesis After Floorplan
INFO: [Physopt 32-46] Identified 2 candidate nets for critical-cell optimization.
INFO: [Physopt 32-775] End 1 Pass. Optimized 0 net or cell. Created 0 new cell, deleted 0 existing cell and moved 0 existing cell
Netlist sorting complete. Time (s): cpu = 00:00:00.11 ; elapsed = 00:00:00.11 . Memory (MB): peak = 15383.215 ; gain = 0.000 ; free physical = 39038 ; free virtual = 56828

Summary of Physical Synthesis Optimizations
============================================


-----------------------------------------------------------------------------------------------------------------------------------------------
|  Optimization                         |  Added Cells  |  Removed Cells  |  Optimized Cells/Nets  |  Dont Touch  |  Iterations  |  Elapsed   |
-----------------------------------------------------------------------------------------------------------------------------------------------
|  PSIP Post Floorplan SLR Replication  |            0  |              0  |                     0  |           0  |           1  |  00:00:04  |
|  Total                                |            0  |              0  |                     0  |           0  |           1  |  00:00:04  |
-----------------------------------------------------------------------------------------------------------------------------------------------


Phase 2.2 Physical Synthesis After Floorplan | Checksum: 1cbd44c90

Time (s): cpu = 00:21:42 ; elapsed = 00:10:55 . Memory (MB): peak = 15383.215 ; gain = 2945.605 ; free physical = 38934 ; free virtual = 56725

Phase 2.3 Update Timing before SLR Path Opt
Phase 2.3 Update Timing before SLR Path Opt | Checksum: 21086a1fa

Time (s): cpu = 00:21:49 ; elapsed = 00:10:59 . Memory (MB): peak = 15383.215 ; gain = 2945.605 ; free physical = 39107 ; free virtual = 56898

Phase 2.4 Post-Processing in Floorplanning
Phase 2.4 Post-Processing in Floorplanning | Checksum: 1e12b55a0

Time (s): cpu = 00:21:52 ; elapsed = 00:11:02 . Memory (MB): peak = 15383.215 ; gain = 2945.605 ; free physical = 38944 ; free virtual = 56735

Phase 2.5 Global Placement Core

Phase 2.5.1 UpdateTiming Before Physical Synthesis
Phase 2.5.1 UpdateTiming Before Physical Synthesis | Checksum: 262943c2d

Time (s): cpu = 00:48:26 ; elapsed = 00:23:27 . Memory (MB): peak = 16204.359 ; gain = 3766.750 ; free physical = 37760 ; free virtual = 55580

Phase 2.5.2 Physical Synthesis In Placer
INFO: [Physopt 32-1035] Found 375 LUTNM shape to break, 5778 LUT instances to create LUTNM shape
INFO: [Physopt 32-1044] Break lutnm for timing: one critical 248, two critical 127, total 375, new lutff created 3
INFO: [Physopt 32-1138] End 1 Pass. Optimized 2599 nets or LUTs. Breaked 375 LUTs, combined 2224 existing LUTs and moved 0 existing LUT
INFO: [Physopt 32-1016] Retiming optimization will be performed inside SDX Kernel: level0_i/ulp/spine_partconv_compute_kernel_1/inst.
INFO: [Physopt 32-1016] Retiming optimization will be performed inside SDX Kernel: level0_i/ulp/spine_partconv_rdmaint_kernel_1/inst.
INFO: [Physopt 32-942] Found 18 candidate flops for forward retiming.
INFO: [Physopt 32-775] End 1 Pass. Optimized 16 nets or cells. Created 21 new cells, deleted 0 existing cell and moved 0 existing cell
INFO: [Physopt 32-942] Found 30 candidate flops for backward retiming.
INFO: [Physopt 32-775] End 1 Pass. Optimized 10 nets or cells. Created 45 new cells, deleted 10 existing cells and moved 0 existing cell
INFO: [Physopt 32-942] Found 24 candidate flops for forward retiming.
INFO: [Physopt 32-775] End 1 Pass. Optimized 13 nets or cells. Created 51 new cells, deleted 1 existing cell and moved 0 existing cell
INFO: [Physopt 32-942] Found 2 candidate flops for backward retiming.
INFO: [Physopt 32-775] End 1 Pass. Optimized 2 nets or cells. Created 16 new cells, deleted 4 existing cells and moved 0 existing cell
INFO: [Physopt 32-942] Found 1 candidate flop for forward retiming.
INFO: [Physopt 32-775] End 1 Pass. Optimized 1 net or cell. Created 1 new cell, deleted 1 existing cell and moved 0 existing cell
INFO: [Physopt 32-943] No candidate net found for backward retiming.
INFO: [Physopt 32-775] End 1 Pass. Optimized 0 net or cell. Created 0 new cell, deleted 0 existing cell and moved 0 existing cell
INFO: [Physopt 32-943] No candidate net found for forward retiming.
INFO: [Physopt 32-775] End 1 Pass. Optimized 0 net or cell. Created 0 new cell, deleted 0 existing cell and moved 0 existing cell
INFO: [Physopt 32-943] No candidate net found for backward retiming.
INFO: [Physopt 32-775] End 1 Pass. Optimized 0 net or cell. Created 0 new cell, deleted 0 existing cell and moved 0 existing cell
INFO: [Physopt 32-1030] Pass 1. Identified 340 candidate driver sets for equivalent driver rewiring.
INFO: [Physopt 32-661] Optimized 128 nets.  Re-placed 546 instances.
INFO: [Physopt 32-775] End 1 Pass. Optimized 128 nets or cells. Created 0 new cell, deleted 13 existing cells and moved 546 existing cells
Netlist sorting complete. Time (s): cpu = 00:00:02 ; elapsed = 00:00:02 . Memory (MB): peak = 16326.461 ; gain = 0.000 ; free physical = 37118 ; free virtual = 55032
INFO: [Physopt 32-1408] Pass 1. Identified 2 candidate nets for high-fanout optimization.
INFO: [Physopt 32-81] Processed net level0_i/ulp/spine_partconv_rdmaint_kernel_1/inst/grp_partitioned_run_convergence_reader_fu_659/grp_partitioned_process_one_partition_tiled_reader_fu_3030/grp_partitioned_emit_hot_shard_records_for_tile_bank_fu_804/grp_partitioned_emit_hot_shard_records_for_tile_fu_520/ap_CS_fsm_state444. Replicated 8 times.
INFO: [Physopt 32-81] Processed net level0_i/ulp/spine_partconv_rdmaint_kernel_1/inst/grp_partitioned_run_convergence_reader_fu_659/grp_partitioned_process_one_partition_tiled_reader_fu_3030/grp_partitioned_discover_touched_tiles_cached_bank_fu_595/grp_partitioned_discover_touched_tiles_cached_fu_472/ap_CS_fsm_state370. Replicated 7 times.
INFO: [Physopt 32-232] Optimized 2 nets. Created 15 new instances.
INFO: [Physopt 32-775] End 1 Pass. Optimized 2 nets or cells. Created 15 new cells, deleted 0 existing cell and moved 0 existing cell
Netlist sorting complete. Time (s): cpu = 00:00:00.33 ; elapsed = 00:00:00.33 . Memory (MB): peak = 16326.461 ; gain = 0.000 ; free physical = 37198 ; free virtual = 55121
INFO: [Physopt 32-896] DSP level0_i/blp/blp_i/ss_cmc/inst/microblaze_cmc/U0/MicroBlaze_Core_I/Performance.Core/Data_Flow_I/MUL_Unit_I/Use_HW_MUL.Using_DSP48_Architectures.Doing_mul64.Virtex_MUL64.dsp_module_I2/Using_DSP48E1.DSP48E1_I1/Using_FPGA.DSP48E1_I1 is not considered for optimization due to don't touch constraint
INFO: [Physopt 32-896] DSP level0_i/blp/blp_i/ss_cmc/inst/microblaze_cmc/U0/MicroBlaze_Core_I/Performance.Core/Data_Flow_I/MUL_Unit_I/Use_HW_MUL.Using_DSP48_Architectures.Doing_mul64.Virtex_MUL64.dsp_module_I3/Using_DSP48E1.DSP48E1_I1/Using_FPGA.DSP48E1_I1 is not considered for optimization due to don't touch constraint
INFO: [Physopt 32-896] DSP level0_i/blp/blp_i/ss_cmc/inst/microblaze_cmc/U0/MicroBlaze_Core_I/Performance.Core/Data_Flow_I/MUL_Unit_I/Use_HW_MUL.Using_DSP48_Architectures.Doing_mul64.Virtex_MUL64.dsp_module_I4/Using_DSP48E1.DSP48E1_I1/Using_FPGA.DSP48E1_I1 is not considered for optimization due to don't touch constraint
INFO: [Physopt 32-896] DSP level0_i/blp/blp_i/ss_cmc/inst/microblaze_cmc/U0/MicroBlaze_Core_I/Performance.Core/Data_Flow_I/MUL_Unit_I/Use_HW_MUL.Using_DSP48_Architectures.dsp_module_I1/Using_DSP48E1.DSP48E1_I1/Using_FPGA.DSP48E1_I1 is not considered for optimization due to don't touch constraint
INFO: [Physopt 32-456] No candidate cells for DSP register optimization found in the design.
INFO: [Physopt 32-775] End 2 Pass. Optimized 0 net or cell. Created 0 new cell, deleted 0 existing cell and moved 0 existing cell
INFO: [Physopt 32-1123] No candidate cells found for Shift Register to Pipeline optimization
INFO: [Physopt 32-775] End 2 Pass. Optimized 0 net or cell. Created 0 new cell, deleted 0 existing cell and moved 0 existing cell
INFO: [Physopt 32-1402] Pass 1: Identified 81 candidate cells for Shift Register optimization.
INFO: [Physopt 32-775] End 1 Pass. Optimized 54 nets or cells. Created 378 new cells, deleted 0 existing cell and moved 0 existing cell
Netlist sorting complete. Time (s): cpu = 00:00:00.25 ; elapsed = 00:00:00.25 . Memory (MB): peak = 16326.461 ; gain = 0.000 ; free physical = 37092 ; free virtual = 55016
INFO: [Physopt 32-527] Pass 1: Identified 2 candidate cells for BRAM register optimization
INFO: [Physopt 32-665] Processed cell level0_i/ulp/spine_partconv_rdmaint_kernel_1/inst/grp_partitioned_run_maintenance_fu_580/grp_partitioned_write_family_range_fu_4150/grp_partitioned_write_l0_family_range_fu_860/counts_rows_U/ram_reg. 32 registers were pushed out.
INFO: [Physopt 32-665] Processed cell level0_i/ulp/spine_partconv_rdmaint_kernel_1/inst/grp_partitioned_run_maintenance_fu_580/grp_partitioned_write_family_range_fu_4150/grp_partitioned_write_l0_family_range_fu_860/counts_edges_U/ram_reg. 32 registers were pushed out.
INFO: [Physopt 32-775] End 1 Pass. Optimized 2 nets or cells. Created 64 new cells, deleted 0 existing cell and moved 0 existing cell
Netlist sorting complete. Time (s): cpu = 00:00:00.3 ; elapsed = 00:00:00.3 . Memory (MB): peak = 16326.461 ; gain = 0.000 ; free physical = 37048 ; free virtual = 54974
INFO: [Physopt 32-846] No candidate cells for URAM register optimization found in the design
INFO: [Physopt 32-775] End 1 Pass. Optimized 0 net or cell. Created 0 new cell, deleted 0 existing cell and moved 0 existing cell
INFO: [Physopt 32-846] No candidate cells for URAM register optimization found in the design
INFO: [Physopt 32-775] End 1 Pass. Optimized 0 net or cell. Created 0 new cell, deleted 0 existing cell and moved 0 existing cell
INFO: [Physopt 32-949] No candidate nets found for dynamic/static region interface net replication
INFO: [Physopt 32-775] End 1 Pass. Optimized 0 net or cell. Created 0 new cell, deleted 0 existing cell and moved 0 existing cell
Netlist sorting complete. Time (s): cpu = 00:00:00.11 ; elapsed = 00:00:00.11 . Memory (MB): peak = 16326.461 ; gain = 0.000 ; free physical = 37020 ; free virtual = 54946

Summary of Physical Synthesis Optimizations
============================================


-----------------------------------------------------------------------------------------------------------------------------------------------------------
|  Optimization                                     |  Added Cells  |  Removed Cells  |  Optimized Cells/Nets  |  Dont Touch  |  Iterations  |  Elapsed   |
-----------------------------------------------------------------------------------------------------------------------------------------------------------
|  LUT Combining                                    |          375  |           2224  |                  2599  |           0  |           1  |  00:00:06  |
|  Retime                                           |          134  |             16  |                    42  |           0  |           1  |  00:00:34  |
|  Equivalent Driver Rewiring                       |            0  |             13  |                   128  |           0  |           1  |  00:00:13  |
|  Very High Fanout                                 |           15  |              0  |                     2  |           0  |           1  |  00:00:06  |
|  DSP Register                                     |            0  |              0  |                     0  |           4  |           1  |  00:00:00  |
|  Shift Register to Pipeline                       |            0  |              0  |                     0  |           0  |           1  |  00:00:00  |
|  Shift Register                                   |          378  |              0  |                    54  |           0  |           1  |  00:00:02  |
|  BRAM Register                                    |           64  |              0  |                     2  |         199  |           1  |  00:00:01  |
|  URAM Register                                    |            0  |              0  |                     0  |           0  |           1  |  00:00:01  |
|  Dynamic/Static Region Interface Net Replication  |            0  |              0  |                     0  |           0  |           1  |  00:00:00  |
|  Total                                            |          966  |           2253  |                  2827  |         203  |          10  |  00:01:04  |
-----------------------------------------------------------------------------------------------------------------------------------------------------------


Phase 2.5.2 Physical Synthesis In Placer | Checksum: 19eee181e

Time (s): cpu = 00:51:10 ; elapsed = 00:25:11 . Memory (MB): peak = 16358.477 ; gain = 3920.867 ; free physical = 37057 ; free virtual = 55013
Phase 2.5 Global Placement Core | Checksum: 1f0d5e99a

Time (s): cpu = 00:54:46 ; elapsed = 00:26:40 . Memory (MB): peak = 16358.477 ; gain = 3920.867 ; free physical = 37385 ; free virtual = 55266
Phase 2 Global Placement | Checksum: 1f0d5e99a

Time (s): cpu = 00:54:48 ; elapsed = 00:26:41 . Memory (MB): peak = 16358.477 ; gain = 3920.867 ; free physical = 37392 ; free virtual = 55273

Phase 3 Detail Placement

Phase 3.1 Commit Multi Column Macros
Phase 3.1 Commit Multi Column Macros | Checksum: 247cce81a

Time (s): cpu = 00:56:39 ; elapsed = 00:27:23 . Memory (MB): peak = 16358.477 ; gain = 3920.867 ; free physical = 37362 ; free virtual = 55243

Phase 3.2 Commit Most Macros & LUTRAMs
Phase 3.2 Commit Most Macros & LUTRAMs | Checksum: 22de924e7

Time (s): cpu = 00:57:53 ; elapsed = 00:28:05 . Memory (MB): peak = 16358.477 ; gain = 3920.867 ; free physical = 36950 ; free virtual = 55005

Phase 3.3 Small Shape DP

Phase 3.3.1 Small Shape Clustering
Phase 3.3.1 Small Shape Clustering | Checksum: 20f6a9a28

Time (s): cpu = 01:03:36 ; elapsed = 00:29:59 . Memory (MB): peak = 16469.520 ; gain = 4031.910 ; free physical = 36322 ; free virtual = 54356

Phase 3.3.2 Slice Area Swap

Phase 3.3.2.1 Slice Area Swap Initial
Phase 3.3.2.1 Slice Area Swap Initial | Checksum: 15ebaf18d

Time (s): cpu = 01:05:46 ; elapsed = 00:31:27 . Memory (MB): peak = 16477.523 ; gain = 4039.914 ; free physical = 36231 ; free virtual = 54267
Phase 3.3.2 Slice Area Swap | Checksum: 1ee87388e

Time (s): cpu = 01:06:15 ; elapsed = 00:31:55 . Memory (MB): peak = 16477.523 ; gain = 4039.914 ; free physical = 36269 ; free virtual = 54302
Phase 3.3 Small Shape DP | Checksum: 1e2c93a5e

Time (s): cpu = 01:07:45 ; elapsed = 00:32:24 . Memory (MB): peak = 16477.523 ; gain = 4039.914 ; free physical = 36181 ; free virtual = 54218

Phase 3.4 Place Remaining
Phase 3.4 Place Remaining | Checksum: 1e2c93a5e

Time (s): cpu = 01:07:50 ; elapsed = 00:32:29 . Memory (MB): peak = 16477.523 ; gain = 4039.914 ; free physical = 36169 ; free virtual = 54206

Phase 3.5 Re-assign LUT pins
Phase 3.5 Re-assign LUT pins | Checksum: 1fc17d2e6

Time (s): cpu = 01:09:05 ; elapsed = 00:33:00 . Memory (MB): peak = 16509.539 ; gain = 4071.930 ; free physical = 36191 ; free virtual = 54228

Phase 3.6 Pipeline Register Optimization
Phase 3.6 Pipeline Register Optimization | Checksum: 1fc17d2e6

Time (s): cpu = 01:09:20 ; elapsed = 00:33:16 . Memory (MB): peak = 16509.539 ; gain = 4071.930 ; free physical = 36185 ; free virtual = 54221

Phase 3.7 Fast Optimization
Phase 3.7 Fast Optimization | Checksum: 165cdc4ac

Time (s): cpu = 01:14:52 ; elapsed = 00:34:24 . Memory (MB): peak = 16823.898 ; gain = 4386.289 ; free physical = 35803 ; free virtual = 53836
Phase 3 Detail Placement | Checksum: 165cdc4ac

Time (s): cpu = 01:14:56 ; elapsed = 00:34:28 . Memory (MB): peak = 16823.898 ; gain = 4386.289 ; free physical = 35787 ; free virtual = 53820

Phase 4 Post Placement Optimization and Clean-Up

Phase 4.1 Post Commit Optimization
INFO: [Timing 38-35] Done setting XDC timing constraints.
WARNING: [Timing 38-3] User defined clock exists on pin level0_i/ulp/ulp_ucs/inst/aclk_kernel_00_hierarchy/clkwiz_aclk_kernel_00/inst/CLK_CORE_DRP_I/clk_inst/mmcme4_adv_inst/CLKOUT0 [See /data/tmp/chuxiao/spine_opt_v2_hw_150_20260728/temp/partitioned_split_e2e_link/link/vivado/vpl/output/_user_impl_clk.xdc:3] and will prevent any subsequent automatic derivation of generated clocks on that pin. If the user defined clock specifies '-add', any existing auto-derived clocks on that pin are retained.

Phase 4.1.1 Post Placement Optimization
Post Placement Optimization Initialization | Checksum: 195923f89

Phase 4.1.1.1 BUFG Insertion

Starting Physical Synthesis Task

Phase 1 Physical Synthesis Initialization
INFO: [Physopt 32-721] Multithreading enabled for phys_opt_design using a maximum of 8 CPUs
INFO: [Physopt 32-619] Estimated Timing Summary | WNS=-0.006 | TNS=-0.049 |
Phase 1 Physical Synthesis Initialization | Checksum: 1e3e6b293

Time (s): cpu = 00:00:46 ; elapsed = 00:00:09 . Memory (MB): peak = 16823.898 ; gain = 0.000 ; free physical = 35645 ; free virtual = 53682
INFO: [Place 46-35] Processed net level0_i/ulp/spine_partconv_compute_kernel_1/inst/ap_rst_n_inv, inserted BUFG to drive 4659 loads.
INFO: [Place 46-45] Replicated bufg driver level0_i/ulp/spine_partconv_compute_kernel_1/inst/ap_rst_n_inv_reg_replica
INFO: [Place 46-34] Processed net level0_i/ulp/spine_partconv_rdmaint_kernel_1/inst/grp_partitioned_run_maintenance_fu_580/grp_partitioned_write_family_range_fu_4150/grp_partitioned_write_carry_target_family_range_fu_1174/grp_partitioned_write_carry_target_family_staged_fu_706/grp_partitioned_write_carry_target_family_fu_271/grp_partitioned_clear_fixed_target_index_area_fu_4482/grp_partitioned_clear_fixed_target_index_area_Pipeline_PARTITIONED_CLEAR_TARGET_MASK_fu_149/flow_control_loop_pipe_sequential_init_U/ap_CS_fsm_reg[74], BUFG insertion was skipped due to possible timing degradation.
INFO: [Place 46-35] Processed net level0_i/ulp/spine_partconv_rdmaint_kernel_1/inst/grp_partitioned_run_maintenance_fu_580/grp_partitioned_write_family_range_fu_4150/grp_partitioned_write_carry_target_family_range_fu_1174/grp_partitioned_write_carry_target_family_staged_fu_706/grp_partitioned_write_carry_target_family_fu_271/grp_partitioned_carry_cursor_next_fu_4509/bitmap_pending_valid_4_reg_29360, inserted BUFG to drive 1309 loads.
INFO: [Place 46-35] Processed net level0_i/ulp/spine_partconv_rdmaint_kernel_1/inst/ap_CS_fsm_state1, inserted BUFG to drive 1209 loads.
INFO: [Place 46-45] Replicated bufg driver level0_i/ulp/spine_partconv_rdmaint_kernel_1/inst/ap_CS_fsm_reg[0]_replica
INFO: [Place 46-35] Processed net level0_i/ulp/spine_partconv_rdmaint_kernel_1/inst/grp_partitioned_run_maintenance_fu_580/grp_partitioned_write_family_range_fu_4150/grp_partitioned_write_carry_target_family_range_fu_1174/grp_partitioned_write_carry_target_family_staged_fu_706/grp_partitioned_write_carry_target_family_fu_271/ap_CS_fsm_state171, inserted BUFG to drive 1151 loads.
INFO: [Place 46-45] Replicated bufg driver level0_i/ulp/spine_partconv_rdmaint_kernel_1/inst/grp_partitioned_run_maintenance_fu_580/grp_partitioned_write_family_range_fu_4150/grp_partitioned_write_carry_target_family_range_fu_1174/grp_partitioned_write_carry_target_family_staged_fu_706/grp_partitioned_write_carry_target_family_fu_271/ap_CS_fsm_reg[170]_replica
INFO: [Place 46-35] Processed net level0_i/ulp/ulp_ucs/inst/aclk_hbm_hierarchy/clkwiz_hbm/inst/AXI_LITE_IPIF_I/I_SLAVE_ATTACHMENT/rst_reg_0, inserted BUFG to drive 1087 loads.
INFO: [Place 46-35] Processed net level0_i/ulp/ulp_ucs/inst/aclk_kernel_00_hierarchy/clkwiz_aclk_kernel_00/inst/AXI_LITE_IPIF_I/I_SLAVE_ATTACHMENT/rst_reg_0, inserted BUFG to drive 1087 loads.
INFO: [Place 46-35] Processed net level0_i/ulp/ulp_ucs/inst/aclk_kernel_01_hierarchy/clkwiz_aclk_kernel_01/inst/AXI_LITE_IPIF_I/I_SLAVE_ATTACHMENT/rst_reg_0, inserted BUFG to drive 1087 loads.
INFO: [Place 46-56] BUFG insertion identified 8 candidate nets. Inserted BUFG: 7, Replicated BUFG Driver: 3, Skipped due to Placement/Routing Conflicts: 0, Skipped due to Timing Degradation: 1, Skipped due to netlist editing failed: 0.
Ending Physical Synthesis Task | Checksum: 26f4b45d6

Time (s): cpu = 00:01:24 ; elapsed = 00:00:32 . Memory (MB): peak = 16823.898 ; gain = 0.000 ; free physical = 35604 ; free virtual = 53657
Phase 4.1.1.1 BUFG Insertion | Checksum: 289a0b172

Time (s): cpu = 01:23:53 ; elapsed = 00:37:28 . Memory (MB): peak = 16823.898 ; gain = 4386.289 ; free physical = 35583 ; free virtual = 53636

Phase 4.1.1.2 BUFG Replication
INFO: [Place 46-63] BUFG replication identified 0 candidate nets: Replicated nets: 0, Replicated BUFGs: 0, Replicated BUFG Driver: 0, moved BUFGs: 0, Skipped due to Placement / Routing Conflict: 0, Skipped due to Timing: 0, Skipped due to constraints: 0
Phase 4.1.1.2 BUFG Replication | Checksum: 289a0b172

Time (s): cpu = 01:23:57 ; elapsed = 00:37:32 . Memory (MB): peak = 16823.898 ; gain = 4386.289 ; free physical = 35593 ; free virtual = 53646

Phase 4.1.1.3 Post Placement Timing Optimization
INFO: [Place 30-746] Post Placement Timing Summary WNS=-0.006. For the most accurate timing information please run report_timing.
Phase 4.1.1.3 Post Placement Timing Optimization | Checksum: 1a619ede9

Time (s): cpu = 01:41:53 ; elapsed = 00:55:32 . Memory (MB): peak = 16823.898 ; gain = 4386.289 ; free physical = 23552 ; free virtual = 42481

Phase 4.1.1.4 Replication
INFO: [Place 46-19] Post Replication Timing Summary WNS=-0.006. For the most accurate timing information please run report_timing.
Phase 4.1.1.4 Replication | Checksum: 22635973d

Time (s): cpu = 01:42:19 ; elapsed = 00:55:54 . Memory (MB): peak = 16823.898 ; gain = 4386.289 ; free physical = 23520 ; free virtual = 42450

Time (s): cpu = 01:42:19 ; elapsed = 00:55:54 . Memory (MB): peak = 16823.898 ; gain = 4386.289 ; free physical = 23520 ; free virtual = 42450
Phase 4.1 Post Commit Optimization | Checksum: 22635973d

Time (s): cpu = 01:42:23 ; elapsed = 00:55:57 . Memory (MB): peak = 16823.898 ; gain = 4386.289 ; free physical = 23717 ; free virtual = 42645
Netlist sorting complete. Time (s): cpu = 00:00:00.72 ; elapsed = 00:00:00.72 . Memory (MB): peak = 16871.898 ; gain = 0.000 ; free physical = 23650 ; free virtual = 42579

Phase 4.2 Post Placement Cleanup
Phase 4.2 Post Placement Cleanup | Checksum: 2433498d1

Time (s): cpu = 01:44:56 ; elapsed = 00:57:02 . Memory (MB): peak = 16871.898 ; gain = 4434.289 ; free physical = 23641 ; free virtual = 42570

Phase 4.3 Placer Reporting

Phase 4.3.1 Print Estimated Congestion
INFO: [Place 30-612] Post-Placement Estimated Congestion 
 ________________________________________________________________________
|           | Global Congestion | Long Congestion   | Short Congestion  |
| Direction | Region Size       | Region Size       | Region Size       |
|___________|___________________|___________________|___________________|
|      North|              16x16|              32x32|              16x16|
|___________|___________________|___________________|___________________|
|      South|              16x16|              16x16|              16x16|
|___________|___________________|___________________|___________________|
|       East|                4x4|                1x1|              16x16|
|___________|___________________|___________________|___________________|
|       West|                8x8|                8x8|              16x16|
|___________|___________________|___________________|___________________|

SLR0:
 ________________________________________________________________________
|           | Global Congestion | Long Congestion   | Short Congestion  |
| Direction | Region Size       | Region Size       | Region Size       |
|___________|___________________|___________________|___________________|
|      North|                8x8|              32x32|              16x16|
|___________|___________________|___________________|___________________|
|      South|              16x16|              16x16|              16x16|
|___________|___________________|___________________|___________________|
|       East|                4x4|                1x1|              16x16|
|___________|___________________|___________________|___________________|
|       West|                8x8|                8x8|              16x16|
|___________|___________________|___________________|___________________|

SLR1:
 ________________________________________________________________________
|           | Global Congestion | Long Congestion   | Short Congestion  |
| Direction | Region Size       | Region Size       | Region Size       |
|___________|___________________|___________________|___________________|
|      North|              16x16|              16x16|              16x16|
|___________|___________________|___________________|___________________|
|      South|              16x16|              16x16|              16x16|
|___________|___________________|___________________|___________________|
|       East|                2x2|                1x1|              16x16|
|___________|___________________|___________________|___________________|
|       West|                4x4|                1x1|              16x16|
|___________|___________________|___________________|___________________|

SLR2:
 ________________________________________________________________________
|           | Global Congestion | Long Congestion   | Short Congestion  |
| Direction | Region Size       | Region Size       | Region Size       |
|___________|___________________|___________________|___________________|
|      North|                2x2|                2x2|                4x4|
|___________|___________________|___________________|___________________|
|      South|                4x4|                8x8|                1x1|
|___________|___________________|___________________|___________________|
|       East|                1x1|                1x1|                8x8|
|___________|___________________|___________________|___________________|
|       West|                1x1|                1x1|                8x8|
|___________|___________________|___________________|___________________|

Phase 4.3.1 Print Estimated Congestion | Checksum: 2433498d1

Time (s): cpu = 01:45:01 ; elapsed = 00:57:06 . Memory (MB): peak = 16871.898 ; gain = 4434.289 ; free physical = 23628 ; free virtual = 42558
Phase 4.3 Placer Reporting | Checksum: 2433498d1

Time (s): cpu = 01:45:05 ; elapsed = 00:57:10 . Memory (MB): peak = 16871.898 ; gain = 4434.289 ; free physical = 23608 ; free virtual = 42538

Phase 4.4 Final Placement Cleanup
Netlist sorting complete. Time (s): cpu = 00:00:00.12 ; elapsed = 00:00:00.12 . Memory (MB): peak = 16871.898 ; gain = 0.000 ; free physical = 23609 ; free virtual = 42540

Time (s): cpu = 01:45:05 ; elapsed = 00:57:10 . Memory (MB): peak = 16871.898 ; gain = 4434.289 ; free physical = 23609 ; free virtual = 42540
Phase 4 Post Placement Optimization and Clean-Up | Checksum: 265b33855

Time (s): cpu = 01:45:09 ; elapsed = 00:57:14 . Memory (MB): peak = 16871.898 ; gain = 4434.289 ; free physical = 23602 ; free virtual = 42533
Ending Placer Task | Checksum: 1bfe95c06

Time (s): cpu = 01:45:13 ; elapsed = 00:57:17 . Memory (MB): peak = 16871.898 ; gain = 4434.289 ; free physical = 23598 ; free virtual = 42530
282 Infos, 364 Warnings, 1 Critical Warnings and 0 Errors encountered.
place_design completed successfully
place_design: Time (s): cpu = 01:46:52 ; elapsed = 00:57:53 . Memory (MB): peak = 16871.898 ; gain = 4466.305 ; free physical = 23710 ; free virtual = 42641
source /data/tmp/chuxiao/spine_opt_v2_hw_150_20260728/temp/partitioned_split_e2e_link/link/vivado/vpl/scripts/impl_1/_full_place_post.tcl
report_accelerator_utilization: Time (s): cpu = 00:00:23 ; elapsed = 00:00:24 . Memory (MB): peak = 16871.898 ; gain = 0.000 ; free physical = 23632 ; free virtual = 42567
INFO: System Diagram: Run step: placed

report_utilization: Time (s): cpu = 00:00:49 ; elapsed = 00:00:50 . Memory (MB): peak = 16871.898 ; gain = 0.000 ; free physical = 23621 ; free virtual = 42556
report_utilization: Time (s): cpu = 00:00:33 ; elapsed = 00:00:34 . Memory (MB): peak = 16871.898 ; gain = 0.000 ; free physical = 23524 ; free virtual = 42469
get_utilization: Time (s): cpu = 00:00:06 ; elapsed = 00:00:06 . Memory (MB): peak = 16871.898 ; gain = 0.000 ; free physical = 23483 ; free virtual = 42429
Command: phys_opt_design -directive AggressiveExplore
Attempting to get a license for feature 'Implementation' and/or device 'xcu55c'
INFO: [Common 17-349] Got license for feature 'Implementation' and/or device 'xcu55c'
INFO: [Vivado_Tcl 4-137] Directive used for phys_opt_design is: AggressiveExplore

Starting Initial Update Timing Task
WARNING: [Timing 38-172] LUT was found on clock network. Both rising/falling clock edges are propagated from LUT output pin. Use set_clock_sense to specify if that clock should be inverted or not. e.g. set_clock_sense -positive/-negative level0_i/blp/blp_i/ss_cmp/inst/mgmt_debug_bridge/inst/bs_mux/inst/update_INST_0/O

Time (s): cpu = 00:04:39 ; elapsed = 00:01:05 . Memory (MB): peak = 16871.898 ; gain = 0.000 ; free physical = 23796 ; free virtual = 42724
INFO: [Vivado_Tcl 4-2280] Estimated Timing Summary | WNS= 0.003 | TNS= 0.000 | WHS= -0.186 |
INFO: [Vivado_Tcl 4-383] Design worst setup slack (WNS) is greater than or equal to 0.000 ns. All physical synthesis setup optimizations will be skipped.
INFO: [Vivado_Tcl 4-2291] Design worst hold slack (WHS) is greater than or equal to -0.250 ns. Hold fix optimization will be skipped.
 
INFO: [Vivado_Tcl 4-232] No setup violation found. The netlist was not modified.
INFO: [Common 17-83] Releasing license: Implementation
289 Infos, 365 Warnings, 1 Critical Warnings and 0 Errors encountered.
phys_opt_design completed successfully
phys_opt_design: Time (s): cpu = 00:05:20 ; elapsed = 00:01:20 . Memory (MB): peak = 16871.898 ; gain = 0.000 ; free physical = 23795 ; free virtual = 42723
Command: route_design -directive AlternateCLBRouting
Attempting to get a license for feature 'Implementation' and/or device 'xcu55c'
INFO: [Common 17-349] Got license for feature 'Implementation' and/or device 'xcu55c'
Running DRC as a precondition to command route_design
INFO: [DRC 23-27] Running DRC with 8 threads
INFO: [Vivado_Tcl 4-198] DRC finished with 0 Errors
INFO: [Vivado_Tcl 4-199] Please refer to the DRC report (report_drc) for more information.


Starting Routing Task
INFO: [Route 35-270] Using Router directive 'AlternateCLBRouting'.
INFO: [Route 35-254] Multithreading enabled for route_design using a maximum of 8 CPUs

Phase 1 Build RT Design
Checksum: PlaceDB: 2d18f8aa ConstDB: 0 ShapeSum: f040ac9b RouteDB: a28fb6c1
Nodegraph reading from file.  Time (s): cpu = 00:00:02 ; elapsed = 00:00:02 . Memory (MB): peak = 16871.898 ; gain = 0.000 ; free physical = 23885 ; free virtual = 42807
Post Restoration Checksum: NetGraph: ee104175 | NumContArr: 68ff696b | Constraints: 41aee2c4 | Timing: c2a8fa9d
Phase 1 Build RT Design | Checksum: 25b678841

Time (s): cpu = 00:06:03 ; elapsed = 00:01:44 . Memory (MB): peak = 16871.898 ; gain = 0.000 ; free physical = 23231 ; free virtual = 42157

Phase 2 Router Initialization

Phase 2.1 Fix Topology Constraints
Phase 2.1 Fix Topology Constraints | Checksum: 25b678841

Time (s): cpu = 00:06:25 ; elapsed = 00:01:48 . Memory (MB): peak = 16871.898 ; gain = 0.000 ; free physical = 23378 ; free virtual = 42307

Phase 2.2 Pre Route Cleanup
Phase 2.2 Pre Route Cleanup | Checksum: 25b678841

Time (s): cpu = 00:06:48 ; elapsed = 00:01:51 . Memory (MB): peak = 16871.898 ; gain = 0.000 ; free physical = 23346 ; free virtual = 42279
INFO: [Route 35-445] Local routing congestion detected. At least 375 CLBs have high pin utilization, which can impact runtime and timing closure. Top ten contiguous CLBs with high pin utilization are:
	(655 478) -> (655 482)	[CLEM_X130Y258 -> CLEM_X130Y254]
	(644 330) -> (644 333)	[CLEL_R_X127Y401 -> CLEL_R_X127Y398]
	(650 481) -> (650 484)	[CLEL_L_X129Y255 -> CLEL_L_X129Y252]
	(652 483) -> (652 486)	[CLEL_R_X129Y253 -> CLEL_R_X129Y250]
	(639 477) -> (639 478)	[CLEM_X126Y259 -> CLEM_X126Y258]
	(641 370) -> (641 371)	[CLEL_R_X126Y362 -> CLEL_R_X126Y361]
	(641 422) -> (641 423)	[CLEL_R_X126Y312 -> CLEL_R_X126Y311]
	(642 486) -> (642 487)	[CLEL_L_X127Y250 -> CLEL_L_X127Y249]

Phase 2.3 Global Clock Net Routing
 Number of Nodes with overlaps = 0
Phase 2.3 Global Clock Net Routing | Checksum: 179fcbe97

Time (s): cpu = 00:07:55 ; elapsed = 00:02:25 . Memory (MB): peak = 16871.898 ; gain = 0.000 ; free physical = 23205 ; free virtual = 42151

Phase 2.4 Update Timing
Phase 2.4 Update Timing | Checksum: 115628c86

Time (s): cpu = 00:11:57 ; elapsed = 00:03:20 . Memory (MB): peak = 16871.898 ; gain = 0.000 ; free physical = 23475 ; free virtual = 42411
INFO: [Route 35-416] Intermediate Timing Summary | WNS=-0.021 | TNS=-0.173 | WHS=-0.178 | THS=-96.100|


Phase 2.5 Update Timing for Bus Skew

Phase 2.5.1 Update Timing
Phase 2.5.1 Update Timing | Checksum: 1bcf679d8

Time (s): cpu = 00:21:12 ; elapsed = 00:05:27 . Memory (MB): peak = 16871.898 ; gain = 0.000 ; free physical = 22938 ; free virtual = 41893
INFO: [Route 35-416] Intermediate Timing Summary | WNS=-0.021 | TNS=-0.064 | WHS=-0.182 | THS=-283.964|

Phase 2.5 Update Timing for Bus Skew | Checksum: e59057fe

Time (s): cpu = 00:21:36 ; elapsed = 00:05:36 . Memory (MB): peak = 16871.898 ; gain = 0.000 ; free physical = 23027 ; free virtual = 41990
INFO: [Route 35-445] Local routing congestion detected. At least 375 CLBs have high pin utilization, which can impact runtime and timing closure. Top ten contiguous CLBs with high pin utilization are:
	(655 478) -> (655 482)	[CLEM_X130Y258 -> CLEM_X130Y254]
	(644 330) -> (644 333)	[CLEL_R_X127Y401 -> CLEL_R_X127Y398]
	(650 481) -> (650 484)	[CLEL_L_X129Y255 -> CLEL_L_X129Y252]
	(652 483) -> (652 486)	[CLEL_R_X129Y253 -> CLEL_R_X129Y250]
	(639 477) -> (639 478)	[CLEM_X126Y259 -> CLEM_X126Y258]
	(641 370) -> (641 371)	[CLEL_R_X126Y362 -> CLEL_R_X126Y361]
	(641 422) -> (641 423)	[CLEL_R_X126Y312 -> CLEL_R_X126Y311]
	(642 486) -> (642 487)	[CLEL_L_X127Y250 -> CLEL_L_X127Y249]

Router Utilization Summary
  Global Vertical Routing Utilization    = 0.000573556 %
  Global Horizontal Routing Utilization  = 0.0008967 %
  Routable Net Status*
  *Does not include unroutable nets such as driverless and loadless.
  Run report_route_status for detailed report.
  Number of Failed Nets               = 416963
    (Failed Nets is the sum of unrouted and partially routed nets)
  Number of Unrouted Nets             = 356201
  Number of Partially Routed Nets     = 60762
  Number of Node Overlaps             = 91

Phase 2 Router Initialization | Checksum: 162113f68

Time (s): cpu = 00:22:17 ; elapsed = 00:05:45 . Memory (MB): peak = 16872.758 ; gain = 0.859 ; free physical = 22838 ; free virtual = 41804

Phase 3 Global Routing
Phase 3 Global Routing | Checksum: 162113f68

Time (s): cpu = 00:22:36 ; elapsed = 00:05:49 . Memory (MB): peak = 16872.758 ; gain = 0.859 ; free physical = 22814 ; free virtual = 41781

Phase 4 Initial Routing

Phase 4.1 Initial Net Routing Pass
WARNING: [Route 35-3387] High violations detected on bus-skew constraints. This can potentially cause WNS degradation and routing congestion.
Resolution: Please review the set_bus_skew constraints.
Phase 4.1 Initial Net Routing Pass | Checksum: 1ef260881

Time (s): cpu = 00:25:47 ; elapsed = 00:06:59 . Memory (MB): peak = 16872.758 ; gain = 0.859 ; free physical = 22771 ; free virtual = 41731
Phase 4 Initial Routing | Checksum: 2aeec45b8

Time (s): cpu = 00:26:20 ; elapsed = 00:07:04 . Memory (MB): peak = 16872.758 ; gain = 0.859 ; free physical = 22753 ; free virtual = 41716

INFO: [Route 35-449] Initial Estimated Congestion
 ________________________________________________________________________
|           | Global Congestion | Long Congestion   | Short Congestion  |
|           |___________________|___________________|___________________|
| Direction | Size   | % Tiles  | Size   | % Tiles  | Size   | % Tiles  |
|___________|________|__________|________|__________|________|__________|
|      NORTH|     8x8|      0.94|   32x32|      2.87|     8x8|      0.78|
|___________|________|__________|________|__________|________|__________|
|      SOUTH|     4x4|      0.15|     8x8|      0.66|     4x4|      0.22|
|___________|________|__________|________|__________|________|__________|
|       EAST|     4x4|      0.10|     4x4|      0.24|     4x4|      0.53|
|___________|________|__________|________|__________|________|__________|
|       WEST|     4x4|      0.22|     8x8|      0.62|     8x8|      0.62|
|___________|________|__________|________|__________|________|__________|
Congestion Report
LONG Congestion bounded by tiles (Lower Left Tile -> Upper Right Tile):
NORTH
	INT_X34Y52->INT_X73Y99 (CLEM_X34Y52->CLEL_R_X73Y99)
	INT_X48Y80->INT_X63Y95 (CLEM_X48Y80->CLEL_R_X63Y95)
	INT_X48Y78->INT_X63Y93 (CLEM_X48Y78->CLEL_R_X63Y93)
	INT_X48Y77->INT_X63Y92 (CLEM_X48Y77->CLEL_R_X63Y92)
	INT_X48Y76->INT_X63Y91 (CLEM_X48Y76->CLEL_R_X63Y91)

INFO: [Route 35-581] Estimated Timing congestion is level 5 (32x32). Congestion levels of 5 and greater may impact timing closure.

Phase 5 Rip-up And Reroute

Phase 5.1 Global Iteration 0
 Number of Nodes with overlaps = 81687
 Number of Nodes with overlaps = 7798
 Number of Nodes with overlaps = 1255
 Number of Nodes with overlaps = 452
 Number of Nodes with overlaps = 211
 Number of Nodes with overlaps = 142
 Number of Nodes with overlaps = 88
 Number of Nodes with overlaps = 54
 Number of Nodes with overlaps = 33
 Number of Nodes with overlaps = 33
 Number of Nodes with overlaps = 25
 Number of Nodes with overlaps = 18
 Number of Nodes with overlaps = 12
 Number of Nodes with overlaps = 7
 Number of Nodes with overlaps = 6
 Number of Nodes with overlaps = 5
 Number of Nodes with overlaps = 4
 Number of Nodes with overlaps = 3
 Number of Nodes with overlaps = 2
 Number of Nodes with overlaps = 2
INFO: [Route 35-443] CLB routing congestion detected. Several CLBs have high routing utilization, which can impact timing closure. Congested CLBs and Nets are dumped in: iter_100_CongestedCLBsAndNets.txt
 Number of Nodes with overlaps = 2
 Number of Nodes with overlaps = 2
 Number of Nodes with overlaps = 2
 Number of Nodes with overlaps = 2
 Number of Nodes with overlaps = 1
 Number of Nodes with overlaps = 1
 Number of Nodes with overlaps = 1
 Number of Nodes with overlaps = 0
INFO: [Route 35-416] Intermediate Timing Summary | WNS=-0.025 | TNS=-0.200 | WHS=-0.184 | THS=-128.150|

Phase 5.1 Global Iteration 0 | Checksum: 220cd16ea

Time (s): cpu = 01:08:13 ; elapsed = 00:22:28 . Memory (MB): peak = 16872.758 ; gain = 0.859 ; free physical = 22620 ; free virtual = 42159

Phase 5.2 Global Iteration 1
 Number of Nodes with overlaps = 253
 Number of Nodes with overlaps = 4
 Number of Nodes with overlaps = 1
 Number of Nodes with overlaps = 0
INFO: [Route 35-416] Intermediate Timing Summary | WNS=-0.058 | TNS=-0.281 | WHS=N/A    | THS=N/A    |

Phase 5.2 Global Iteration 1 | Checksum: 14eac8cc8

Time (s): cpu = 01:14:07 ; elapsed = 00:24:41 . Memory (MB): peak = 16940.242 ; gain = 68.344 ; free physical = 22277 ; free virtual = 41884

Phase 5.3 Global Iteration 2
 Number of Nodes with overlaps = 473
 Number of Nodes with overlaps = 73
 Number of Nodes with overlaps = 10
 Number of Nodes with overlaps = 4
 Number of Nodes with overlaps = 5
 Number of Nodes with overlaps = 4
 Number of Nodes with overlaps = 4
 Number of Nodes with overlaps = 2
 Number of Nodes with overlaps = 2
 Number of Nodes with overlaps = 2
 Number of Nodes with overlaps = 1
 Number of Nodes with overlaps = 1
 Number of Nodes with overlaps = 0
INFO: [Route 35-416] Intermediate Timing Summary | WNS=-0.104 | TNS=-0.309 | WHS=N/A    | THS=N/A    |

Phase 5.3 Global Iteration 2 | Checksum: e0aca07a

Time (s): cpu = 01:26:11 ; elapsed = 00:31:09 . Memory (MB): peak = 16940.242 ; gain = 68.344 ; free physical = 22717 ; free virtual = 42435
Phase 5 Rip-up And Reroute | Checksum: e0aca07a

Time (s): cpu = 01:26:31 ; elapsed = 00:31:12 . Memory (MB): peak = 16940.242 ; gain = 68.344 ; free physical = 22570 ; free virtual = 42288

Phase 6 Delay and Skew Optimization

Phase 6.1 Delay CleanUp
INFO: [Route 35-416] Intermediate Timing Summary | WNS=-0.058 | TNS=-0.281 | WHS=-0.019 | THS=-0.226 |

INFO: [Route 35-416] Intermediate Timing Summary | WNS=-0.058 | TNS=-0.281 | WHS=-0.019 | THS=-0.226 |

 Number of Nodes with overlaps = 0
INFO: [Route 35-416] Intermediate Timing Summary | WNS=-0.058 | TNS=-0.281 | WHS=-0.019 | THS=-0.226 |

 Number of Nodes with overlaps = 0
Phase 6.1 Delay CleanUp | Checksum: 180dcc74f

Time (s): cpu = 01:30:55 ; elapsed = 00:31:59 . Memory (MB): peak = 16940.242 ; gain = 68.344 ; free physical = 22502 ; free virtual = 42223

Phase 6.2 Clock Skew Optimization
Phase 6.2 Clock Skew Optimization | Checksum: 180dcc74f

Time (s): cpu = 01:31:16 ; elapsed = 00:32:02 . Memory (MB): peak = 16940.242 ; gain = 68.344 ; free physical = 22666 ; free virtual = 42388
Phase 6 Delay and Skew Optimization | Checksum: 180dcc74f

Time (s): cpu = 01:31:35 ; elapsed = 00:32:05 . Memory (MB): peak = 16940.242 ; gain = 68.344 ; free physical = 22496 ; free virtual = 42218

Phase 7 Post Hold Fix

Phase 7.1 Hold Fix Iter
INFO: [Route 35-416] Intermediate Timing Summary | WNS=-0.058 | TNS=-0.249 | WHS=-0.019 | THS=-0.226 |

Phase 7.1 Hold Fix Iter | Checksum: 19455e745

Time (s): cpu = 01:35:29 ; elapsed = 00:32:48 . Memory (MB): peak = 16940.242 ; gain = 68.344 ; free physical = 22470 ; free virtual = 42194

Phase 7.2 Non Free Resource Hold Fix Iter
Phase 7.2 Non Free Resource Hold Fix Iter | Checksum: 160f48cd1

Time (s): cpu = 01:35:50 ; elapsed = 00:32:51 . Memory (MB): peak = 16940.242 ; gain = 68.344 ; free physical = 22611 ; free virtual = 42334
Phase 7 Post Hold Fix | Checksum: 160f48cd1

Time (s): cpu = 01:36:10 ; elapsed = 00:32:54 . Memory (MB): peak = 16940.242 ; gain = 68.344 ; free physical = 22432 ; free virtual = 42155

Phase 8 Route finalize

Router Utilization Summary
  Global Vertical Routing Utilization    = 8.15823 %
  Global Horizontal Routing Utilization  = 7.49056 %
  Routable Net Status*
  *Does not include unroutable nets such as driverless and loadless.
  Run report_route_status for detailed report.
  Number of Failed Nets               = 0
    (Failed Nets is the sum of unrouted and partially routed nets)
  Number of Unrouted Nets             = 0
  Number of Partially Routed Nets     = 0
  Number of Node Overlaps             = 0


--GLOBAL Congestion:
Utilization threshold used for congestion level computation: 0.85
Congestion Report
North Dir 2x2 Area, Max Cong = 85.0939%, Congestion bounded by tiles (Lower Left Tile -> Upper Right Tile):
   INT_X106Y28 -> INT_X107Y29
South Dir 1x1 Area, Max Cong = 84.8341%, No Congested Regions.
East Dir 1x1 Area, Max Cong = 88.4615%, Congestion bounded by tiles (Lower Left Tile -> Upper Right Tile):
   INT_X64Y82 -> INT_X64Y82
West Dir 1x1 Area, Max Cong = 93.2692%, Congestion bounded by tiles (Lower Left Tile -> Upper Right Tile):
   INT_X32Y158 -> INT_X32Y158
   INT_X80Y156 -> INT_X80Y156
   INT_X88Y153 -> INT_X88Y153
   INT_X54Y103 -> INT_X54Y103
   INT_X54Y100 -> INT_X54Y100

------------------------------
Reporting congestion hotspots
------------------------------
Direction: North
----------------
Congested clusters found at Level 0
Effective congestion level: 2 Aspect Ratio: 0.6 Sparse Ratio: 0.625
Direction: South
----------------
Congested clusters found at Level 0
Effective congestion level: 0 Aspect Ratio: 1 Sparse Ratio: 0
Direction: East
----------------
Congested clusters found at Level 0
Effective congestion level: 0 Aspect Ratio: 1 Sparse Ratio: 1
Direction: West
----------------
Congested clusters found at Level 0
Effective congestion level: 1 Aspect Ratio: 0.333333 Sparse Ratio: 0.75

Phase 8 Route finalize | Checksum: 160f48cd1

Time (s): cpu = 01:36:45 ; elapsed = 00:33:00 . Memory (MB): peak = 16940.242 ; gain = 68.344 ; free physical = 22480 ; free virtual = 42203

Phase 9 Verifying routed nets

 Verification completed successfully
Phase 9 Verifying routed nets | Checksum: 160f48cd1

Time (s): cpu = 01:37:06 ; elapsed = 00:33:04 . Memory (MB): peak = 16940.242 ; gain = 68.344 ; free physical = 22594 ; free virtual = 42318

Phase 10 Depositing Routes
Phase 10 Depositing Routes | Checksum: 160f48cd1

Time (s): cpu = 01:38:22 ; elapsed = 00:33:43 . Memory (MB): peak = 16940.242 ; gain = 68.344 ; free physical = 22581 ; free virtual = 42306

Phase 11 Leaf Clock Prog Delay Opt

Phase 11.1 Optimize Skews

Phase 11.1.1 Leaf ClockOpt Init
Phase 11.1.1 Leaf ClockOpt Init | Checksum: 14c7943aa

Time (s): cpu = 01:45:48 ; elapsed = 00:35:20 . Memory (MB): peak = 17093.242 ; gain = 221.344 ; free physical = 22185 ; free virtual = 41921
Phase 11.1 Optimize Skews | Checksum: 214270659

Time (s): cpu = 01:46:22 ; elapsed = 00:35:36 . Memory (MB): peak = 17542.523 ; gain = 670.625 ; free physical = 21831 ; free virtual = 41562

Phase 11.2 Post SkewOpt Delay Cleanup

Phase 11.2.1 Delay CleanUp
INFO: [Route 35-416] Intermediate Timing Summary | WNS=-0.160 | TNS=-0.718 | WHS=0.008  | THS=0.000  |

INFO: [Route 35-416] Intermediate Timing Summary | WNS=-0.160 | TNS=-0.718 | WHS=0.008  | THS=0.000  |

 Number of Nodes with overlaps = 0
INFO: [Route 35-416] Intermediate Timing Summary | WNS=-0.160 | TNS=-0.718 | WHS=0.008  | THS=0.000  |

 Number of Nodes with overlaps = 0
Phase 11.2.1 Delay CleanUp | Checksum: 2be9aa6a1

Time (s): cpu = 01:50:50 ; elapsed = 00:36:23 . Memory (MB): peak = 17542.523 ; gain = 670.625 ; free physical = 21760 ; free virtual = 41493
Phase 11.2 Post SkewOpt Delay Cleanup | Checksum: 2be9aa6a1

Time (s): cpu = 01:51:10 ; elapsed = 00:36:26 . Memory (MB): peak = 17542.523 ; gain = 670.625 ; free physical = 21746 ; free virtual = 41480

Phase 11.3 Post SkewOpt Hold Fix

Phase 11.3.1 Hold Fix Iter
INFO: [Route 35-416] Intermediate Timing Summary | WNS=-0.058 | TNS=-0.270 | WHS=0.008  | THS=0.000  |

Phase 11.3.1 Hold Fix Iter | Checksum: 29f798b3c

Time (s): cpu = 01:54:06 ; elapsed = 00:36:58 . Memory (MB): peak = 17542.523 ; gain = 670.625 ; free physical = 21720 ; free virtual = 41458
Phase 11.3 Post SkewOpt Hold Fix | Checksum: 3309106cc

Time (s): cpu = 01:57:07 ; elapsed = 00:37:31 . Memory (MB): peak = 17542.523 ; gain = 670.625 ; free physical = 21707 ; free virtual = 41447
Phase 11 Leaf Clock Prog Delay Opt | Checksum: 2d1e1ad83

Time (s): cpu = 02:00:09 ; elapsed = 00:38:05 . Memory (MB): peak = 17542.523 ; gain = 670.625 ; free physical = 21692 ; free virtual = 41434

Phase 12 Depositing Routes
Phase 12 Depositing Routes | Checksum: 2d1e1ad83

Time (s): cpu = 02:01:21 ; elapsed = 00:38:40 . Memory (MB): peak = 17542.523 ; gain = 670.625 ; free physical = 21604 ; free virtual = 41347

Phase 13 Resolve XTalk
Phase 13 Resolve XTalk | Checksum: 2d1e1ad83

Time (s): cpu = 02:01:42 ; elapsed = 00:38:44 . Memory (MB): peak = 17542.523 ; gain = 670.625 ; free physical = 21606 ; free virtual = 41350

Phase 14 Post Process Routing
Common:
   
SLR0

Initial Estimated Congestion
 ________________________________________________________________________
|           | Global Congestion | Long Congestion   | Short Congestion  |
|           |___________________|___________________|___________________|
| Direction | Size   | % Tiles  | Size   | % Tiles  | Size   | % Tiles  |
|___________|________|__________|________|__________|________|__________|
|      NORTH|     8x8|      2.75|   32x32|      8.08|     8x8|      2.22|
|___________|________|__________|________|__________|________|__________|
|      SOUTH|     4x4|      0.44|     8x8|      1.89|     4x4|      0.64|
|___________|________|__________|________|__________|________|__________|
|       EAST|     4x4|      0.26|     4x4|      0.69|     4x4|      1.46|
|___________|________|__________|________|__________|________|__________|
|       WEST|     4x4|      0.64|     8x8|      1.79|     8x8|      1.77|
|___________|________|__________|________|__________|________|__________|

SLR1

Initial Estimated Congestion
 ________________________________________________________________________
|           | Global Congestion | Long Congestion   | Short Congestion  |
|           |___________________|___________________|___________________|
| Direction | Size   | % Tiles  | Size   | % Tiles  | Size   | % Tiles  |
|___________|________|__________|________|__________|________|__________|
|      NORTH|     4x4|      0.08|     4x4|      0.57|     2x2|      0.09|
|___________|________|__________|________|__________|________|__________|
|      SOUTH|     2x2|      0.01|     4x4|      0.08|     2x2|      0.03|
|___________|________|__________|________|__________|________|__________|
|       EAST|     2x2|      0.02|     2x2|      0.03|     4x4|      0.10|
|___________|________|__________|________|__________|________|__________|
|       WEST|     2x2|      0.01|     1x1|      0.01|     2x2|      0.08|
|___________|________|__________|________|__________|________|__________|

SLR2

Initial Estimated Congestion
 ________________________________________________________________________
|           | Global Congestion | Long Congestion   | Short Congestion  |
|           |___________________|___________________|___________________|
| Direction | Size   | % Tiles  | Size   | % Tiles  | Size   | % Tiles  |
|___________|________|__________|________|__________|________|__________|
|      NORTH|     2x2|      0.03|     2x2|      0.11|     2x2|      0.05|
|___________|________|__________|________|__________|________|__________|
|      SOUTH|     1x1|      0.00|     1x1|      0.02|     2x2|      0.01|
|___________|________|__________|________|__________|________|__________|
|       EAST|     2x2|      0.03|     1x1|      0.01|     4x4|      0.03|
|___________|________|__________|________|__________|________|__________|
|       WEST|     2x2|      0.02|     2x2|      0.08|     2x2|      0.02|
|___________|________|__________|________|__________|________|__________|


Phase 14 Post Process Routing | Checksum: 2d1e1ad83

Time (s): cpu = 02:02:10 ; elapsed = 00:38:51 . Memory (MB): peak = 17542.523 ; gain = 670.625 ; free physical = 21616 ; free virtual = 41360

Phase 15 Post Router Timing
INFO: [Route 35-57] Estimated Timing Summary | WNS=-0.058 | TNS=-0.270 | WHS=0.008  | THS=0.000  |

WARNING: [Route 35-328] Router estimated timing not met.
Resolution: For a complete and accurate timing signoff, report_timing_summary must be run after route_design. Alternatively, route_design can be run with the -timing_summary option to enable a complete timing signoff at the end of route_design.
Phase 15 Post Router Timing | Checksum: 2d1e1ad83

Time (s): cpu = 02:02:31 ; elapsed = 00:38:54 . Memory (MB): peak = 17542.523 ; gain = 670.625 ; free physical = 21592 ; free virtual = 41336
Skip laguna hold fix in PhysOpt in Router as non-negative WHS value: 9.03988e-12 .
Time taken to check if laguna hold fix is required (in secs): 0

Phase 16 Physical Synthesis in Router

Phase 16.1 Physical Synthesis Initialization
INFO: [Place 30-3164] Check ILP status : ILP-based clock placer is skipped.
INFO: [Physopt 32-668] Current Timing Summary | WNS=-0.059 | TNS=-0.137 | WHS=0.009 | THS=0.000 |
Phase 16.1 Physical Synthesis Initialization | Checksum: 2d1e1ad83

Time (s): cpu = 02:11:57 ; elapsed = 00:42:20 . Memory (MB): peak = 17659.539 ; gain = 787.641 ; free physical = 20901 ; free virtual = 40646
INFO: [Physopt 32-1419] Clock GTYE4_CHANNEL_TXOUTCLK[3]_7 has been identified as high priority clock by PhysOpt design
INFO: [Physopt 32-801] Found 1 high priority path group.
INFO: [Physopt 32-1420] Path group  GTYE4_CHANNEL_TXOUTCLK[3]_7 has been identified as high priority path group by PhysOpt design

Phase 16.2 Critical Path Optimization
INFO: [Physopt 32-668] Current Timing Summary | WNS=-0.059 | TNS=-0.137 | WHS=0.009 | THS=0.000 |
INFO: [Physopt 32-952] Improved path group WNS = -0.023. Path group: hbm_aclk. Processed net: level0_i/ulp/hmss_0/inst/path_24/slice0_24/inst/w15.w_multi/triple_slr.fwd.slr_middle/common.pipe[0].laguna_s_payload_d_reg_n_0_[171].
INFO: [Physopt 32-952] Improved path group WNS = -0.021. Path group: hbm_aclk. Processed net: level0_i/ulp/hmss_0/inst/path_24/slice0_24/inst/w15.w_multi/triple_slr.fwd.slr_middle/common.pipe[0].laguna_s_payload_d_reg_n_0_[201].
INFO: [Physopt 32-952] Improved path group WNS = -0.021. Path group: hbm_aclk. Processed net: level0_i/ulp/hmss_0/inst/path_24/slice0_24/inst/w15.w_multi/triple_slr.fwd.slr_middle/common.pipe[0].laguna_s_payload_d_reg_n_0_[171].
INFO: [Physopt 32-952] Improved path group WNS = -0.019. Path group: hbm_aclk. Processed net: level0_i/ulp/hmss_0/inst/path_22/slice23_22/inst/w15.w_multi/dual_slr.fwd.slr_slave/common.pipe[0].laguna_s_payload_d_reg_n_0_[16].
INFO: [Physopt 32-952] Improved path group WNS = -0.015. Path group: hbm_aclk. Processed net: level0_i/ulp/hmss_0/inst/path_24/slice0_24/inst/w15.w_multi/triple_slr.fwd.slr_middle/common.pipe[0].laguna_s_payload_d_reg_n_0_[158].
INFO: [Physopt 32-952] Improved path group WNS = -0.004. Path group: hbm_aclk. Processed net: level0_i/ulp/hmss_0/inst/path_24/slice0_24/inst/w15.w_multi/triple_slr.fwd.slr_middle/common.pipe[0].laguna_s_payload_d_reg_n_0_[191].
Netlist sorting complete. Time (s): cpu = 00:00:00.12 ; elapsed = 00:00:00.12 . Memory (MB): peak = 17886.539 ; gain = 0.000 ; free physical = 20787 ; free virtual = 40537
INFO: [Physopt 32-663] Processed net level0_i/ulp/hmss_0/inst/path_24/slice0_24/inst/r15.r_multi/triple_slr.resp.slr_middle/common.pipe[0].laguna_s_payload_d_reg_n_0_[116].  Re-placed instance level0_i/ulp/hmss_0/inst/path_24/slice0_24/inst/r15.r_multi/triple_slr.resp.slr_middle/common.pipe[0].laguna_s_payload_d_reg[116]
INFO: [Physopt 32-735] Processed net level0_i/ulp/hmss_0/inst/path_24/slice0_24/inst/r15.r_multi/triple_slr.resp.slr_middle/common.pipe[0].laguna_s_payload_d_reg_n_0_[116]. Optimization improves timing on the net.
INFO: [Physopt 32-668] Current Timing Summary | WNS=0.003 | TNS=0.000 | WHS=0.003 | THS=0.000 |
INFO: [Physopt 32-668] Current Timing Summary | WNS=0.003 | TNS=0.000 | WHS=0.003 | THS=0.000 |
Netlist sorting complete. Time (s): cpu = 00:00:00.11 ; elapsed = 00:00:00.12 . Memory (MB): peak = 17959.305 ; gain = 0.000 ; free physical = 20683 ; free virtual = 40439
Phase 16.2 Critical Path Optimization | Checksum: 222325244

Time (s): cpu = 02:15:06 ; elapsed = 00:43:39 . Memory (MB): peak = 17959.305 ; gain = 1087.406 ; free physical = 20679 ; free virtual = 40435
Netlist sorting complete. Time (s): cpu = 00:00:00.12 ; elapsed = 00:00:00.12 . Memory (MB): peak = 17959.305 ; gain = 0.000 ; free physical = 20713 ; free virtual = 40470
INFO: [Physopt 32-669] Post Physical Optimization Timing Summary | WNS=0.003 | TNS=0.000 | WHS=0.003 | THS=0.000 |
Netlist sorting complete. Time (s): cpu = 00:00:00.12 ; elapsed = 00:00:00.11 . Memory (MB): peak = 17959.305 ; gain = 0.000 ; free physical = 20709 ; free virtual = 40466
Phase 16 Physical Synthesis in Router | Checksum: 222325244

Time (s): cpu = 02:15:40 ; elapsed = 00:43:52 . Memory (MB): peak = 17959.305 ; gain = 1087.406 ; free physical = 20643 ; free virtual = 40400

Phase 17 Route finalize
Phase 17 Route finalize | Checksum: 222325244

Time (s): cpu = 02:16:00 ; elapsed = 00:43:55 . Memory (MB): peak = 17959.305 ; gain = 1087.406 ; free physical = 20696 ; free virtual = 40453
INFO: [Route 35-61] The design met the timing requirement.
Total Elapsed time in route_design: 2635.3 secs

Phase 18 Post-Route Event Processing
INFO: [Constraints 18-12546] INFO: Running DFX DRC before completing route_design
INFO: [Constraints 18-12545] INFO: DFX DRC finished with 0 Errors
Phase 18 Post-Route Event Processing | Checksum: 174cb10ca

Time (s): cpu = 02:17:24 ; elapsed = 00:44:49 . Memory (MB): peak = 18015.332 ; gain = 1143.434 ; free physical = 20701 ; free virtual = 40458
INFO: [Route 35-16] Router Completed Successfully
Ending Routing Task | Checksum: 174cb10ca

Time (s): cpu = 02:17:32 ; elapsed = 00:44:55 . Memory (MB): peak = 18015.332 ; gain = 1143.434 ; free physical = 20685 ; free virtual = 40442

Routing Is Done.
INFO: [Common 17-83] Releasing license: Implementation
336 Infos, 367 Warnings, 1 Critical Warnings and 0 Errors encountered.
route_design completed successfully
route_design: Time (s): cpu = 02:19:35 ; elapsed = 00:45:52 . Memory (MB): peak = 18015.332 ; gain = 1143.434 ; free physical = 20435 ; free virtual = 40193
INFO: [Vivado 12-24828] Executing command : report_timing_summary -max_paths 10 -file hw_bb_locked_timing_summary_routed.rpt -pb hw_bb_locked_timing_summary_routed.pb -rpx hw_bb_locked_timing_summary_routed.rpx
INFO: [Timing 38-91] UpdateTimingParams: Speed grade: -2L, Temperature grade: E, Delay Type: min_max.
INFO: [Timing 38-191] Multithreading enabled for timing update using a maximum of 8 CPUs
WARNING: [Timing 38-436] There are set_bus_skew constraint(s) in this design. Please run report_bus_skew to ensure that bus skew requirements are met.
report_timing_summary: Time (s): cpu = 00:02:23 ; elapsed = 00:00:38 . Memory (MB): peak = 18015.332 ; gain = 0.000 ; free physical = 20557 ; free virtual = 40336
generate_parallel_reports: Time (s): cpu = 00:02:23 ; elapsed = 00:00:38 . Memory (MB): peak = 18015.332 ; gain = 0.000 ; free physical = 20557 ; free virtual = 40336
source /data/tmp/chuxiao/spine_opt_v2_hw_150_20260728/temp/partitioned_split_e2e_link/link/vivado/vpl/scripts/impl_1/_full_route_post.tcl
report_accelerator_utilization: Time (s): cpu = 00:00:35 ; elapsed = 00:00:36 . Memory (MB): peak = 18015.332 ; gain = 0.000 ; free physical = 20455 ; free virtual = 40247
INFO: System Diagram: Run step: routed

report_utilization: Time (s): cpu = 00:01:03 ; elapsed = 00:01:04 . Memory (MB): peak = 18015.332 ; gain = 0.000 ; free physical = 20351 ; free virtual = 40151
report_utilization: Time (s): cpu = 00:00:40 ; elapsed = 00:00:41 . Memory (MB): peak = 18015.332 ; gain = 0.000 ; free physical = 20317 ; free virtual = 40120
get_utilization: Time (s): cpu = 00:00:33 ; elapsed = 00:00:33 . Memory (MB): peak = 18015.332 ; gain = 0.000 ; free physical = 20261 ; free virtual = 40067
get_cells: Time (s): cpu = 00:00:08 ; elapsed = 00:00:08 . Memory (MB): peak = 18015.332 ; gain = 0.000 ; free physical = 20260 ; free virtual = 40066
get_utilization: Time (s): cpu = 00:00:08 ; elapsed = 00:00:08 . Memory (MB): peak = 18015.332 ; gain = 0.000 ; free physical = 20250 ; free virtual = 40057
WARNING: Unable to find metadata file: /data/tmp/chuxiao/spine_opt_v2_hw_150_20260728/temp/partitioned_split_e2e_link/link/int/debug_ip_layout.rtd
Command: report_power
Running Vector-less Activity Propagation...

Finished Running Vector-less Activity Propagation
WARNING: [Power 33-404] DATARATE_xx properties have zero value for HBM Instance level0_i/ulp/hmss_0/inst/hbm_inst/inst/TWO_STACK.u_hbm_top/TWO_STACK_HBM.hbm_two_stack_intf. Please ensure correct values are entered for DATARATE to do an accurate power analysis.
WARNING: [Power 33-332] Found switching activity that implies high-fanout reset nets being asserted for excessive periods of time which may result in inaccurate power analysis.
Resolution: To review and fix problems, please run Power Constraints Advisor in the GUI from Tools > Power Constraints Advisor or run report_power with the -advisory option to generate a text report.
Copyright 1986-2022 Xilinx, Inc. All Rights Reserved. Copyright 2022-2024 Advanced Micro Devices, Inc. All Rights Reserved.
-------------------------------------------------------------------------------------------------------------------------------------------------
| Tool Version     : Vivado v.2024.1 (lin64) Build 5076996 Wed May 22 18:36:09 MDT 2024
| Date             : Tue Jul 28 08:54:16 2026
| Host             : trifoliate running 64-bit Debian GNU/Linux trixie/sid
| Command          : report_power
| Design           : level0_wrapper
| Device           : xcu55c-fsvh2892-2L-e
| Design State     : routed
| Grade            : extended
| Process          : typical
| Characterization : Production
-------------------------------------------------------------------------------------------------------------------------------------------------

Power Report

Table of Contents
-----------------
1. Summary
1.1 On-Chip Components
1.2 Power Supply Summary
1.3 Confidence Level
2. Settings
2.1 Environment
2.2 Clock Constraints
3. Detailed Reports
3.1 By Hierarchy

1. Summary
----------

+--------------------------+--------------+
| Total On-Chip Power (W)  | 38.265       |
|   FPGA Power (W)         | 29.490       |
|   HBM Power (W)          | 8.775        |
| Design Power Budget (W)  | 123.000      |
| Power Budget Margin (W)  | 84.735 (MET) |
| Dynamic (W)              | 27.677       |
| Device Static (W)        | 10.588       |
| Effective TJA (C/W)      | 0.8          |
| Max Ambient (C)          | 71.3         |
| Junction Temperature (C) | 83.7         |
| Confidence Level         | Low          |
| Setting File             | ---          |
| Simulation Activity File | ---          |
| Design Nets Matched      | NA           |
+--------------------------+--------------+


1.1 On-Chip Components
----------------------

+--------------------------+-----------+----------+-----------+-----------------+
| On-Chip                  | Power (W) | Used     | Available | Utilization (%) |
+--------------------------+-----------+----------+-----------+-----------------+
| Clocks                   |     2.609 |       69 |       --- |             --- |
| CLB Logic                |     2.152 |   813871 |       --- |             --- |
|   LUT as Distributed RAM |     0.903 |    18430 |    600960 |            3.07 |
|   LUT as Logic           |     0.810 |   261187 |   1303680 |           20.03 |
|   LUT as Shift Register  |     0.245 |    16292 |    600960 |            2.71 |
|   Register               |     0.168 |   406904 |   2607360 |           15.61 |
|   CARRY8                 |     0.026 |     7419 |    162960 |            4.55 |
|   BUFG                   |    <0.001 |        8 |        96 |            8.33 |
|   Others                 |    <0.001 |    12596 |       --- |             --- |
|   F7/F8 Muxes            |     0.000 |     9618 |   1303680 |            0.74 |
| Signals                  |     2.534 |   628433 |       --- |             --- |
| Block RAM                |     0.980 |    295.5 |      2016 |           14.66 |
| URAM                     |     0.126 |      115 |       960 |           11.98 |
| HBM                      |    14.254 |        2 |         2 |          100.00 |
| MMCM                     |     0.003 |        0 |       --- |             --- |
| PLL                      |     0.054 |        1 |       --- |             --- |
| DSPs                     |     0.007 |       22 |      9024 |            0.24 |
| I/O                      |     0.006 |       12 |       624 |            1.92 |
| GTY                      |     4.360 |       16 |        40 |           40.00 |
| Hard IPs                 |     0.538 |        1 |       --- |             --- |
|   PCIE                   |     0.538 |        1 |       --- |             --- |
| Static Power             |    10.588 |          |           |                 |
|   HBM Static             |     0.804 |          |           |                 |
|   Device Static          |     9.784 |          |           |                 |
| Total                    |    38.210 |          |           |                 |
+--------------------------+-----------+----------+-----------+-----------------+


1.2 Power Supply Summary
------------------------

+----------------+-------------+-----------+-------------+------------+-------------+-------------+--------------+
| Source         | Voltage (V) | Total (A) | Dynamic (A) | Static (A) | Powerup (A) | Budget (A)  | Margin (A)   |
+----------------+-------------+-----------+-------------+------------+-------------+-------------+--------------+
| 0V85_VCCINT    |       0.850 |    20.307 |      11.656 |      8.651 |       NA    |     100.000 | 79.693 (MET) |
|    Vccint      |       0.850 |    20.307 |      11.656 |      8.651 |       NA    | Grouped     | NA           |
| 0V85_VCCINT_IO |       0.850 |     6.301 |       5.208 |      1.092 |       NA    |      30.000 | 23.699 (MET) |
|    Vccint_io   |       0.850 |     5.953 |       5.100 |      0.853 |       NA    | Grouped     | NA           |
|    Vccbram     |       0.850 |     0.348 |       0.109 |      0.239 |       NA    | Grouped     | NA           |
| 0V9_AVCC       |       0.900 |     0.706 |       0.616 |      0.090 |       NA    | Unspecified | NA           |
|    MGTYAVcc    |       0.900 |     0.706 |       0.616 |      0.090 |       NA    | Grouped     | NA           |
| 1V2_AVTT       |       1.200 |     2.563 |       2.536 |      0.027 |       NA    | Unspecified | NA           |
|    MGTYAVtt    |       1.200 |     2.563 |       2.536 |      0.027 |       NA    | Grouped     | NA           |
| 1V2_HBM        |       1.200 |     4.627 |       4.236 |      0.391 |       NA    | Unspecified | NA           |
|    VCC_HBM     |       1.200 |     4.627 |       4.236 |      0.391 |       NA    | Grouped     | NA           |
| 1V8            |       1.800 |     1.008 |       0.236 |      0.772 |       NA    |       4.000 | 2.992 (MET)  |
|    Vccaux      |       1.800 |     0.850 |       0.140 |      0.710 |       NA    | Grouped     | NA           |
|    Vccaux_io   |       1.800 |     0.038 |       0.003 |      0.035 |       NA    | Grouped     | NA           |
|    MGTYVccaux  |       1.800 |     0.096 |       0.093 |      0.002 |       NA    | Grouped     | NA           |
|    Vcco18      |       1.800 |     0.000 |       0.000 |      0.000 |       NA    | Grouped     | NA           |
|    Vccadc      |       1.800 |     0.024 |       0.000 |      0.024 |       NA    | Grouped     | NA           |
| 2V5_VPP        |       2.500 |     0.149 |       0.097 |      0.052 |       NA    |       0.300 | 0.151 (MET)  |
|    VCCAUX_HBM  |       2.500 |     0.149 |       0.097 |      0.052 |       NA    | Grouped     | NA           |
| Vcco33         |       3.300 |     0.000 |       0.000 |      0.000 |       NA    | Unspecified | NA           |
| Vcco25         |       2.500 |     0.000 |       0.000 |      0.000 |       NA    | Unspecified | NA           |
| Vcco15         |       1.500 |     0.000 |       0.000 |      0.000 |       NA    | Unspecified | NA           |
| Vcco135        |       1.350 |     0.000 |       0.000 |      0.000 |       NA    | Unspecified | NA           |
| Vcco12         |       1.200 |     0.000 |       0.000 |      0.000 |       NA    | Unspecified | NA           |
| Vcco10         |       1.000 |     0.000 |       0.000 |      0.000 |       NA    | Unspecified | NA           |
| VCC_IO_HBM     |       1.200 |     3.499 |       3.328 |      0.171 |       NA    | Unspecified | NA           |
+----------------+-------------+-----------+-------------+------------+-------------+-------------+--------------+


1.3 Confidence Level
--------------------

+-----------------------------+------------+--------------------------------------------------------+------------------------------------------------------------------------------------------------------------+
| User Input Data             | Confidence | Details                                                | Action                                                                                                     |
+-----------------------------+------------+--------------------------------------------------------+------------------------------------------------------------------------------------------------------------+
| Design implementation state | High       | Design is routed                                       |                                                                                                            |
| Clock nodes activity        | High       | User specified more than 95% of clocks                 |                                                                                                            |
| I/O nodes activity          | Low        | More than 75% of inputs are missing user specification | Provide missing input activity with simulation results or by editing the "By Resource Type -> I/Os" view   |
| Internal nodes activity     | Medium     | User specified less than 25% of internal nodes         | Provide missing internal nodes activity with simulation results or by editing the "By Resource Type" views |
| Device models               | High       | Device models are Production                           |                                                                                                            |
|                             |            |                                                        |                                                                                                            |
| Overall confidence level    | Low        |                                                        |                                                                                                            |
+-----------------------------+------------+--------------------------------------------------------+------------------------------------------------------------------------------------------------------------+


2. Settings
-----------

2.1 Environment
---------------

+-----------------------+--------------------------+
| Ambient Temp (C)      | 55.0                     |
| ThetaJA (C/W)         | 0.8                      |
| Airflow (LFM)         | 250                      |
| Heat Sink             | medium (Medium Profile)  |
| ThetaSA (C/W)         | 0.5                      |
| Board Selection       | medium (10"x10")         |
| # of Board Layers     | 12to15 (12 to 15 Layers) |
| Board Temperature (C) | 25.0                     |
+-----------------------+--------------------------+


2.2 Clock Constraints
---------------------

+--------------------------------------------------------------------------------------------------------------------------------------------------------------------------------------------------------------------------------------------------------------------------------------------------------------------------------------------------------------------------------------------------------------------------+-----------------------------------------------------------------------------------------------------------------------------------------------------------------------------------------------------------------------------------------------------------------------------------------------------------------------------------------------------------------------------------------------------------+-----------------+
| Clock                                                                                                                                                                                                                                                                                                                                                                                                                    | Domain                                                                                                                                                                                                                                                                                                                                                                                                    | Constraint (ns) |
+--------------------------------------------------------------------------------------------------------------------------------------------------------------------------------------------------------------------------------------------------------------------------------------------------------------------------------------------------------------------------------------------------------------------------+-----------------------------------------------------------------------------------------------------------------------------------------------------------------------------------------------------------------------------------------------------------------------------------------------------------------------------------------------------------------------------------------------------------+-----------------+
| GTYE4_CHANNEL_QPLL0CLK[0]_4                                                                                                                                                                                                                                                                                                                                                                                              | level0_i/blp/blp_i/ss_hif/inst/pcie/inst/bd_39ab_pcie_0_gt_top_i/diablo_gt.diablo_gt_phy_wrapper/gt_wizard.gtwizard_top_i/bd_39ab_pcie_0_gt_i/inst/gen_gtwizard_gtye4_top.bd_39ab_pcie_0_gt_gtwizard_gtye4_inst/gen_gtwizard_gtye4.gen_common.gen_common_container[24].gen_enabled_common.gtye4_common_wrapper_inst/common_inst/GTYE4_CHANNEL_QPLL0CLK[0]                                                 |             0.2 |
| GTYE4_CHANNEL_QPLL0CLK[0]_5                                                                                                                                                                                                                                                                                                                                                                                              | level0_i/blp/blp_i/ss_hif/inst/pcie/inst/bd_39ab_pcie_0_gt_top_i/diablo_gt.diablo_gt_phy_wrapper/gt_wizard.gtwizard_top_i/bd_39ab_pcie_0_gt_i/inst/gen_gtwizard_gtye4_top.bd_39ab_pcie_0_gt_gtwizard_gtye4_inst/gen_gtwizard_gtye4.gen_common.gen_common_container[25].gen_enabled_common.gtye4_common_wrapper_inst/common_inst/GTYE4_CHANNEL_QPLL0CLK[0]                                                 |             0.2 |
| GTYE4_CHANNEL_QPLL0CLK[0]_6                                                                                                                                                                                                                                                                                                                                                                                              | level0_i/blp/blp_i/ss_hif/inst/pcie/inst/bd_39ab_pcie_0_gt_top_i/diablo_gt.diablo_gt_phy_wrapper/gt_wizard.gtwizard_top_i/bd_39ab_pcie_0_gt_i/inst/gen_gtwizard_gtye4_top.bd_39ab_pcie_0_gt_gtwizard_gtye4_inst/gen_gtwizard_gtye4.gen_common.gen_common_container[26].gen_enabled_common.gtye4_common_wrapper_inst/common_inst/GTYE4_CHANNEL_QPLL0CLK[0]                                                 |             0.2 |
| GTYE4_CHANNEL_QPLL0CLK[0]_7                                                                                                                                                                                                                                                                                                                                                                                              | level0_i/blp/blp_i/ss_hif/inst/pcie/inst/bd_39ab_pcie_0_gt_top_i/diablo_gt.diablo_gt_phy_wrapper/gt_wizard.gtwizard_top_i/bd_39ab_pcie_0_gt_i/inst/gen_gtwizard_gtye4_top.bd_39ab_pcie_0_gt_gtwizard_gtye4_inst/gen_gtwizard_gtye4.gen_common.gen_common_container[27].gen_enabled_common.gtye4_common_wrapper_inst/common_inst/GTYE4_CHANNEL_QPLL0CLK[0]                                                 |             0.2 |
| GTYE4_CHANNEL_QPLL0REFCLK[0]_4                                                                                                                                                                                                                                                                                                                                                                                           | level0_i/blp/blp_i/ss_hif/inst/pcie/inst/bd_39ab_pcie_0_gt_top_i/diablo_gt.diablo_gt_phy_wrapper/gt_wizard.gtwizard_top_i/bd_39ab_pcie_0_gt_i/inst/gen_gtwizard_gtye4_top.bd_39ab_pcie_0_gt_gtwizard_gtye4_inst/gen_gtwizard_gtye4.gen_common.gen_common_container[24].gen_enabled_common.gtye4_common_wrapper_inst/common_inst/GTYE4_CHANNEL_QPLL0REFCLK[0]                                              |            10.0 |
| GTYE4_CHANNEL_QPLL0REFCLK[0]_5                                                                                                                                                                                                                                                                                                                                                                                           | level0_i/blp/blp_i/ss_hif/inst/pcie/inst/bd_39ab_pcie_0_gt_top_i/diablo_gt.diablo_gt_phy_wrapper/gt_wizard.gtwizard_top_i/bd_39ab_pcie_0_gt_i/inst/gen_gtwizard_gtye4_top.bd_39ab_pcie_0_gt_gtwizard_gtye4_inst/gen_gtwizard_gtye4.gen_common.gen_common_container[25].gen_enabled_common.gtye4_common_wrapper_inst/common_inst/GTYE4_CHANNEL_QPLL0REFCLK[0]                                              |            10.0 |
| GTYE4_CHANNEL_QPLL0REFCLK[0]_6                                                                                                                                                                                                                                                                                                                                                                                           | level0_i/blp/blp_i/ss_hif/inst/pcie/inst/bd_39ab_pcie_0_gt_top_i/diablo_gt.diablo_gt_phy_wrapper/gt_wizard.gtwizard_top_i/bd_39ab_pcie_0_gt_i/inst/gen_gtwizard_gtye4_top.bd_39ab_pcie_0_gt_gtwizard_gtye4_inst/gen_gtwizard_gtye4.gen_common.gen_common_container[26].gen_enabled_common.gtye4_common_wrapper_inst/common_inst/GTYE4_CHANNEL_QPLL0REFCLK[0]                                              |            10.0 |
| GTYE4_CHANNEL_QPLL0REFCLK[0]_7                                                                                                                                                                                                                                                                                                                                                                                           | level0_i/blp/blp_i/ss_hif/inst/pcie/inst/bd_39ab_pcie_0_gt_top_i/diablo_gt.diablo_gt_phy_wrapper/gt_wizard.gtwizard_top_i/bd_39ab_pcie_0_gt_i/inst/gen_gtwizard_gtye4_top.bd_39ab_pcie_0_gt_gtwizard_gtye4_inst/gen_gtwizard_gtye4.gen_common.gen_common_container[27].gen_enabled_common.gtye4_common_wrapper_inst/common_inst/GTYE4_CHANNEL_QPLL0REFCLK[0]                                              |            10.0 |
| GTYE4_CHANNEL_QPLL1CLK[0]_4                                                                                                                                                                                                                                                                                                                                                                                              | level0_i/blp/blp_i/ss_hif/inst/pcie/inst/bd_39ab_pcie_0_gt_top_i/diablo_gt.diablo_gt_phy_wrapper/gt_wizard.gtwizard_top_i/bd_39ab_pcie_0_gt_i/inst/gen_gtwizard_gtye4_top.bd_39ab_pcie_0_gt_gtwizard_gtye4_inst/gen_gtwizard_gtye4.gen_common.gen_common_container[24].gen_enabled_common.gtye4_common_wrapper_inst/common_inst/GTYE4_CHANNEL_QPLL1CLK[0]                                                 |             0.2 |
| GTYE4_CHANNEL_QPLL1CLK[0]_5                                                                                                                                                                                                                                                                                                                                                                                              | level0_i/blp/blp_i/ss_hif/inst/pcie/inst/bd_39ab_pcie_0_gt_top_i/diablo_gt.diablo_gt_phy_wrapper/gt_wizard.gtwizard_top_i/bd_39ab_pcie_0_gt_i/inst/gen_gtwizard_gtye4_top.bd_39ab_pcie_0_gt_gtwizard_gtye4_inst/gen_gtwizard_gtye4.gen_common.gen_common_container[25].gen_enabled_common.gtye4_common_wrapper_inst/common_inst/GTYE4_CHANNEL_QPLL1CLK[0]                                                 |             0.2 |
| GTYE4_CHANNEL_QPLL1CLK[0]_6                                                                                                                                                                                                                                                                                                                                                                                              | level0_i/blp/blp_i/ss_hif/inst/pcie/inst/bd_39ab_pcie_0_gt_top_i/diablo_gt.diablo_gt_phy_wrapper/gt_wizard.gtwizard_top_i/bd_39ab_pcie_0_gt_i/inst/gen_gtwizard_gtye4_top.bd_39ab_pcie_0_gt_gtwizard_gtye4_inst/gen_gtwizard_gtye4.gen_common.gen_common_container[26].gen_enabled_common.gtye4_common_wrapper_inst/common_inst/GTYE4_CHANNEL_QPLL1CLK[0]                                                 |             0.2 |
| GTYE4_CHANNEL_QPLL1CLK[0]_7                                                                                                                                                                                                                                                                                                                                                                                              | level0_i/blp/blp_i/ss_hif/inst/pcie/inst/bd_39ab_pcie_0_gt_top_i/diablo_gt.diablo_gt_phy_wrapper/gt_wizard.gtwizard_top_i/bd_39ab_pcie_0_gt_i/inst/gen_gtwizard_gtye4_top.bd_39ab_pcie_0_gt_gtwizard_gtye4_inst/gen_gtwizard_gtye4.gen_common.gen_common_container[27].gen_enabled_common.gtye4_common_wrapper_inst/common_inst/GTYE4_CHANNEL_QPLL1CLK[0]                                                 |             0.2 |
| GTYE4_CHANNEL_QPLL1REFCLK[0]_4                                                                                                                                                                                                                                                                                                                                                                                           | level0_i/blp/blp_i/ss_hif/inst/pcie/inst/bd_39ab_pcie_0_gt_top_i/diablo_gt.diablo_gt_phy_wrapper/gt_wizard.gtwizard_top_i/bd_39ab_pcie_0_gt_i/inst/gen_gtwizard_gtye4_top.bd_39ab_pcie_0_gt_gtwizard_gtye4_inst/gen_gtwizard_gtye4.gen_common.gen_common_container[24].gen_enabled_common.gtye4_common_wrapper_inst/common_inst/GTYE4_CHANNEL_QPLL1REFCLK[0]                                              |            10.0 |
| GTYE4_CHANNEL_QPLL1REFCLK[0]_5                                                                                                                                                                                                                                                                                                                                                                                           | level0_i/blp/blp_i/ss_hif/inst/pcie/inst/bd_39ab_pcie_0_gt_top_i/diablo_gt.diablo_gt_phy_wrapper/gt_wizard.gtwizard_top_i/bd_39ab_pcie_0_gt_i/inst/gen_gtwizard_gtye4_top.bd_39ab_pcie_0_gt_gtwizard_gtye4_inst/gen_gtwizard_gtye4.gen_common.gen_common_container[25].gen_enabled_common.gtye4_common_wrapper_inst/common_inst/GTYE4_CHANNEL_QPLL1REFCLK[0]                                              |            10.0 |
| GTYE4_CHANNEL_QPLL1REFCLK[0]_6                                                                                                                                                                                                                                                                                                                                                                                           | level0_i/blp/blp_i/ss_hif/inst/pcie/inst/bd_39ab_pcie_0_gt_top_i/diablo_gt.diablo_gt_phy_wrapper/gt_wizard.gtwizard_top_i/bd_39ab_pcie_0_gt_i/inst/gen_gtwizard_gtye4_top.bd_39ab_pcie_0_gt_gtwizard_gtye4_inst/gen_gtwizard_gtye4.gen_common.gen_common_container[26].gen_enabled_common.gtye4_common_wrapper_inst/common_inst/GTYE4_CHANNEL_QPLL1REFCLK[0]                                              |            10.0 |
| GTYE4_CHANNEL_QPLL1REFCLK[0]_7                                                                                                                                                                                                                                                                                                                                                                                           | level0_i/blp/blp_i/ss_hif/inst/pcie/inst/bd_39ab_pcie_0_gt_top_i/diablo_gt.diablo_gt_phy_wrapper/gt_wizard.gtwizard_top_i/bd_39ab_pcie_0_gt_i/inst/gen_gtwizard_gtye4_top.bd_39ab_pcie_0_gt_gtwizard_gtye4_inst/gen_gtwizard_gtye4.gen_common.gen_common_container[27].gen_enabled_common.gtye4_common_wrapper_inst/common_inst/GTYE4_CHANNEL_QPLL1REFCLK[0]                                              |            10.0 |
| GTYE4_CHANNEL_TXOUTCLK[0]_4                                                                                                                                                                                                                                                                                                                                                                                              | level0_i/blp/blp_i/ss_hif/inst/pcie/inst/bd_39ab_pcie_0_gt_top_i/diablo_gt.diablo_gt_phy_wrapper/gt_wizard.gtwizard_top_i/bd_39ab_pcie_0_gt_i/inst/gen_gtwizard_gtye4_top.bd_39ab_pcie_0_gt_gtwizard_gtye4_inst/gen_gtwizard_gtye4.gen_channel_container[24].gen_enabled_channel.gtye4_channel_wrapper_inst/channel_inst/GTYE4_CHANNEL_TXOUTCLK[0]                                                        |             2.0 |
| GTYE4_CHANNEL_TXOUTCLK[0]_5                                                                                                                                                                                                                                                                                                                                                                                              | level0_i/blp/blp_i/ss_hif/inst/pcie/inst/bd_39ab_pcie_0_gt_top_i/diablo_gt.diablo_gt_phy_wrapper/gt_wizard.gtwizard_top_i/bd_39ab_pcie_0_gt_i/inst/gen_gtwizard_gtye4_top.bd_39ab_pcie_0_gt_gtwizard_gtye4_inst/gen_gtwizard_gtye4.gen_channel_container[25].gen_enabled_channel.gtye4_channel_wrapper_inst/channel_inst/GTYE4_CHANNEL_TXOUTCLK[0]                                                        |             2.0 |
| GTYE4_CHANNEL_TXOUTCLK[0]_6                                                                                                                                                                                                                                                                                                                                                                                              | level0_i/blp/blp_i/ss_hif/inst/pcie/inst/bd_39ab_pcie_0_gt_top_i/diablo_gt.diablo_gt_phy_wrapper/gt_wizard.gtwizard_top_i/bd_39ab_pcie_0_gt_i/inst/gen_gtwizard_gtye4_top.bd_39ab_pcie_0_gt_gtwizard_gtye4_inst/gen_gtwizard_gtye4.gen_channel_container[26].gen_enabled_channel.gtye4_channel_wrapper_inst/channel_inst/GTYE4_CHANNEL_TXOUTCLK[0]                                                        |             2.0 |
| GTYE4_CHANNEL_TXOUTCLK[0]_7                                                                                                                                                                                                                                                                                                                                                                                              | level0_i/blp/blp_i/ss_hif/inst/pcie/inst/bd_39ab_pcie_0_gt_top_i/diablo_gt.diablo_gt_phy_wrapper/gt_wizard.gtwizard_top_i/bd_39ab_pcie_0_gt_i/inst/gen_gtwizard_gtye4_top.bd_39ab_pcie_0_gt_gtwizard_gtye4_inst/gen_gtwizard_gtye4.gen_channel_container[27].gen_enabled_channel.gtye4_channel_wrapper_inst/channel_inst/GTYE4_CHANNEL_TXOUTCLK[0]                                                        |             2.0 |
| GTYE4_CHANNEL_TXOUTCLK[1]_4                                                                                                                                                                                                                                                                                                                                                                                              | level0_i/blp/blp_i/ss_hif/inst/pcie/inst/bd_39ab_pcie_0_gt_top_i/diablo_gt.diablo_gt_phy_wrapper/gt_wizard.gtwizard_top_i/bd_39ab_pcie_0_gt_i/inst/gen_gtwizard_gtye4_top.bd_39ab_pcie_0_gt_gtwizard_gtye4_inst/gen_gtwizard_gtye4.gen_channel_container[24].gen_enabled_channel.gtye4_channel_wrapper_inst/channel_inst/GTYE4_CHANNEL_TXOUTCLK[1]                                                        |             2.0 |
| GTYE4_CHANNEL_TXOUTCLK[1]_5                                                                                                                                                                                                                                                                                                                                                                                              | level0_i/blp/blp_i/ss_hif/inst/pcie/inst/bd_39ab_pcie_0_gt_top_i/diablo_gt.diablo_gt_phy_wrapper/gt_wizard.gtwizard_top_i/bd_39ab_pcie_0_gt_i/inst/gen_gtwizard_gtye4_top.bd_39ab_pcie_0_gt_gtwizard_gtye4_inst/gen_gtwizard_gtye4.gen_channel_container[25].gen_enabled_channel.gtye4_channel_wrapper_inst/channel_inst/GTYE4_CHANNEL_TXOUTCLK[1]                                                        |             2.0 |
| GTYE4_CHANNEL_TXOUTCLK[1]_6                                                                                                                                                                                                                                                                                                                                                                                              | level0_i/blp/blp_i/ss_hif/inst/pcie/inst/bd_39ab_pcie_0_gt_top_i/diablo_gt.diablo_gt_phy_wrapper/gt_wizard.gtwizard_top_i/bd_39ab_pcie_0_gt_i/inst/gen_gtwizard_gtye4_top.bd_39ab_pcie_0_gt_gtwizard_gtye4_inst/gen_gtwizard_gtye4.gen_channel_container[26].gen_enabled_channel.gtye4_channel_wrapper_inst/channel_inst/GTYE4_CHANNEL_TXOUTCLK[1]                                                        |             2.0 |
| GTYE4_CHANNEL_TXOUTCLK[1]_7                                                                                                                                                                                                                                                                                                                                                                                              | level0_i/blp/blp_i/ss_hif/inst/pcie/inst/bd_39ab_pcie_0_gt_top_i/diablo_gt.diablo_gt_phy_wrapper/gt_wizard.gtwizard_top_i/bd_39ab_pcie_0_gt_i/inst/gen_gtwizard_gtye4_top.bd_39ab_pcie_0_gt_gtwizard_gtye4_inst/gen_gtwizard_gtye4.gen_channel_container[27].gen_enabled_channel.gtye4_channel_wrapper_inst/channel_inst/GTYE4_CHANNEL_TXOUTCLK[1]                                                        |             2.0 |
| GTYE4_CHANNEL_TXOUTCLK[2]_4                                                                                                                                                                                                                                                                                                                                                                                              | level0_i/blp/blp_i/ss_hif/inst/pcie/inst/bd_39ab_pcie_0_gt_top_i/diablo_gt.diablo_gt_phy_wrapper/gt_wizard.gtwizard_top_i/bd_39ab_pcie_0_gt_i/inst/gen_gtwizard_gtye4_top.bd_39ab_pcie_0_gt_gtwizard_gtye4_inst/gen_gtwizard_gtye4.gen_channel_container[24].gen_enabled_channel.gtye4_channel_wrapper_inst/channel_inst/GTYE4_CHANNEL_TXOUTCLK[2]                                                        |             2.0 |
| GTYE4_CHANNEL_TXOUTCLK[2]_5                                                                                                                                                                                                                                                                                                                                                                                              | level0_i/blp/blp_i/ss_hif/inst/pcie/inst/bd_39ab_pcie_0_gt_top_i/diablo_gt.diablo_gt_phy_wrapper/gt_wizard.gtwizard_top_i/bd_39ab_pcie_0_gt_i/inst/gen_gtwizard_gtye4_top.bd_39ab_pcie_0_gt_gtwizard_gtye4_inst/gen_gtwizard_gtye4.gen_channel_container[25].gen_enabled_channel.gtye4_channel_wrapper_inst/channel_inst/GTYE4_CHANNEL_TXOUTCLK[2]                                                        |             2.0 |
| GTYE4_CHANNEL_TXOUTCLK[2]_6                                                                                                                                                                                                                                                                                                                                                                                              | level0_i/blp/blp_i/ss_hif/inst/pcie/inst/bd_39ab_pcie_0_gt_top_i/diablo_gt.diablo_gt_phy_wrapper/gt_wizard.gtwizard_top_i/bd_39ab_pcie_0_gt_i/inst/gen_gtwizard_gtye4_top.bd_39ab_pcie_0_gt_gtwizard_gtye4_inst/gen_gtwizard_gtye4.gen_channel_container[26].gen_enabled_channel.gtye4_channel_wrapper_inst/channel_inst/GTYE4_CHANNEL_TXOUTCLK[2]                                                        |             2.0 |
| GTYE4_CHANNEL_TXOUTCLK[2]_7                                                                                                                                                                                                                                                                                                                                                                                              | level0_i/blp/blp_i/ss_hif/inst/pcie/inst/bd_39ab_pcie_0_gt_top_i/diablo_gt.diablo_gt_phy_wrapper/gt_wizard.gtwizard_top_i/bd_39ab_pcie_0_gt_i/inst/gen_gtwizard_gtye4_top.bd_39ab_pcie_0_gt_gtwizard_gtye4_inst/gen_gtwizard_gtye4.gen_channel_container[27].gen_enabled_channel.gtye4_channel_wrapper_inst/channel_inst/GTYE4_CHANNEL_TXOUTCLK[2]                                                        |             2.0 |
| GTYE4_CHANNEL_TXOUTCLK[3]_4                                                                                                                                                                                                                                                                                                                                                                                              | level0_i/blp/blp_i/ss_hif/inst/pcie/inst/bd_39ab_pcie_0_gt_top_i/diablo_gt.diablo_gt_phy_wrapper/gt_wizard.gtwizard_top_i/bd_39ab_pcie_0_gt_i/inst/gen_gtwizard_gtye4_top.bd_39ab_pcie_0_gt_gtwizard_gtye4_inst/gen_gtwizard_gtye4.gen_channel_container[24].gen_enabled_channel.gtye4_channel_wrapper_inst/channel_inst/GTYE4_CHANNEL_TXOUTCLK[3]                                                        |             2.0 |
| GTYE4_CHANNEL_TXOUTCLK[3]_5                                                                                                                                                                                                                                                                                                                                                                                              | level0_i/blp/blp_i/ss_hif/inst/pcie/inst/bd_39ab_pcie_0_gt_top_i/diablo_gt.diablo_gt_phy_wrapper/gt_wizard.gtwizard_top_i/bd_39ab_pcie_0_gt_i/inst/gen_gtwizard_gtye4_top.bd_39ab_pcie_0_gt_gtwizard_gtye4_inst/gen_gtwizard_gtye4.gen_channel_container[25].gen_enabled_channel.gtye4_channel_wrapper_inst/channel_inst/GTYE4_CHANNEL_TXOUTCLK[3]                                                        |             2.0 |
| GTYE4_CHANNEL_TXOUTCLK[3]_6                                                                                                                                                                                                                                                                                                                                                                                              | level0_i/blp/blp_i/ss_hif/inst/pcie/inst/bd_39ab_pcie_0_gt_top_i/diablo_gt.diablo_gt_phy_wrapper/gt_wizard.gtwizard_top_i/bd_39ab_pcie_0_gt_i/inst/gen_gtwizard_gtye4_top.bd_39ab_pcie_0_gt_gtwizard_gtye4_inst/gen_gtwizard_gtye4.gen_channel_container[26].gen_enabled_channel.gtye4_channel_wrapper_inst/channel_inst/GTYE4_CHANNEL_TXOUTCLK[3]                                                        |             2.0 |
| GTYE4_CHANNEL_TXOUTCLK[3]_7                                                                                                                                                                                                                                                                                                                                                                                              | level0_i/blp/blp_i/ss_hif/inst/pcie/inst/bd_39ab_pcie_0_gt_top_i/diablo_gt.diablo_gt_phy_wrapper/gt_wizard.gtwizard_top_i/bd_39ab_pcie_0_gt_i/inst/gen_gtwizard_gtye4_top.bd_39ab_pcie_0_gt_gtwizard_gtye4_inst/gen_gtwizard_gtye4.gen_channel_container[27].gen_enabled_channel.gtye4_channel_wrapper_inst/channel_inst/GTYE4_CHANNEL_TXOUTCLK[3]                                                        |             2.0 |
| clk_kernel_00_unbuffered_net                                                                                                                                                                                                                                                                                                                                                                                             | level0_i/ulp/ulp_ucs/inst/aclk_kernel_00_hierarchy/clkwiz_aclk_kernel_00/inst/CLK_CORE_DRP_I/clk_inst/clk_out1                                                                                                                                                                                                                                                                                            |             6.7 |
| clk_kernel_01_unbuffered_net                                                                                                                                                                                                                                                                                                                                                                                             | level0_i/ulp/ulp_ucs/inst/aclk_kernel_01_hierarchy/clkwiz_aclk_kernel_01/inst/CLK_CORE_DRP_I/clk_inst/clk_out1                                                                                                                                                                                                                                                                                            |             2.0 |
| clk_out1_bd_39ab_clkwiz_level0_periph_0_1                                                                                                                                                                                                                                                                                                                                                                                | level0_i/blp/blp_i/ss_hif/inst/clkwiz_level0_periph/inst/clk_out1_bd_39ab_clkwiz_level0_periph_0                                                                                                                                                                                                                                                                                                          |            10.0 |
| clk_out2_bd_39ab_clkwiz_level0_periph_0_1                                                                                                                                                                                                                                                                                                                                                                                | level0_i/blp/blp_i/ss_hif/inst/clkwiz_level0_periph/inst/clk_out2_bd_39ab_clkwiz_level0_periph_0                                                                                                                                                                                                                                                                                                          |            20.0 |
| dma_ip_axi_aclk_1                                                                                                                                                                                                                                                                                                                                                                                                        | level0_i/blp/blp_i/ss_hif/inst/pcie/inst/bd_39ab_pcie_0_gt_top_i/diablo_gt.diablo_gt_phy_wrapper/phy_clk_i/CLK_USERCLK                                                                                                                                                                                                                                                                                    |             4.0 |
| hbm_aclk                                                                                                                                                                                                                                                                                                                                                                                                                 | level0_i/ulp/ulp_ucs/inst/aclk_hbm_hierarchy/clkwiz_hbm/inst/CLK_CORE_DRP_I/clk_inst/clk_out1_bd_22c0_clkwiz_hbm_0                                                                                                                                                                                                                                                                                        |             2.2 |
| io_clk_freerun_00_clk_p                                                                                                                                                                                                                                                                                                                                                                                                  | io_clk_freerun_00_clk_p                                                                                                                                                                                                                                                                                                                                                                                   |            10.0 |
| io_clk_pcie_00_clk_p                                                                                                                                                                                                                                                                                                                                                                                                     | io_clk_pcie_00_clk_p                                                                                                                                                                                                                                                                                                                                                                                      |            10.0 |
| level0_i/blp/blp_i/ss_cmp/inst/jtag_fallback/inst/bs_switch/inst/BSCAN_SWITCH.N_EXT_BSCAN.bscan_inst/SERIES7_BSCAN.bscan_inst/INTERNAL_TCK                                                                                                                                                                                                                                                                               | level0_i/blp/blp_i/ss_cmp/inst/jtag_fallback/inst/bs_switch/inst/BSCAN_SWITCH.N_EXT_BSCAN.bscan_inst/BSCAN_SWITCH.N_EXT_BSCAN.tck_bs                                                                                                                                                                                                                                                                      |            50.0 |
| level0_i/blp/blp_i/ss_cmp/inst/mdm_board_control/U0/No_Dbg_Reg_Access.BUFG_DRCK/Using_FPGA.Native/O                                                                                                                                                                                                                                                                                                                      | level0_i/blp/blp_i/ss_cmp/inst/mdm_board_control/U0/No_Dbg_Reg_Access.BUFG_DRCK/Dbg_Clk_0                                                                                                                                                                                                                                                                                                                 |           160.0 |
| level0_i/blp/blp_i/ss_cmp/inst/mdm_board_control/U0/Use_External.Use_BSCANID.No_Dbg_Reg_Access.BUFG_UPDATE/Using_FPGA.Native/O                                                                                                                                                                                                                                                                                           | level0_i/blp/blp_i/ss_cmp/inst/mdm_board_control/U0/Use_External.Use_BSCANID.No_Dbg_Reg_Access.BUFG_UPDATE/Dbg_Update_0                                                                                                                                                                                                                                                                                   |           100.0 |
| level0_i/blp/blp_i/ss_cmp/inst/mgmt_debug_bridge/inst/axi_jtag/inst/u_jtag_proc/tck_i_reg/Q                                                                                                                                                                                                                                                                                                                              | level0_i/blp/blp_i/ss_cmp/inst/mgmt_debug_bridge/inst/axi_jtag/inst/u_jtag_proc/tck                                                                                                                                                                                                                                                                                                                       |           160.0 |
| level0_i/blp/blp_i/ss_cmp/inst/mgmt_debug_bridge/inst/bsip/inst/USE_SOFTBSCAN.U_BSCAN_TAP/U_BASETAP/U_TAP/UPDATEDR_O_reg/Q                                                                                                                                                                                                                                                                                               | level0_i/blp/blp_i/ss_cmp/inst/mgmt_debug_bridge/inst/bsip/inst/USE_SOFTBSCAN.U_BSCAN_TAP/U_BASETAP/U_TAP/UPDATEDR_O                                                                                                                                                                                                                                                                                      |           160.0 |
| level0_i/blp/blp_i/ss_hif/inst/pcie/inst/bd_39ab_pcie_0_gt_top_i/diablo_gt.diablo_gt_phy_wrapper/gt_wizard.gtwizard_top_i/bd_39ab_pcie_0_gt_i/inst/gen_gtwizard_gtye4_top.bd_39ab_pcie_0_gt_gtwizard_gtye4_inst/gen_gtwizard_gtye4.gen_cpll_cal_gtye4.gen_cpll_cal_inst[0].gen_inst_cpll_cal.gtwizard_ultrascale_v1_7_10_gtye4_cpll_cal_inst/gtwizard_ultrascale_v1_7_10_gtye4_cpll_cal_tx_i/bufg_gt_txoutclkmon_inst/O  | level0_i/blp/blp_i/ss_hif/inst/pcie/inst/bd_39ab_pcie_0_gt_top_i/diablo_gt.diablo_gt_phy_wrapper/gt_wizard.gtwizard_top_i/bd_39ab_pcie_0_gt_i/inst/gen_gtwizard_gtye4_top.bd_39ab_pcie_0_gt_gtwizard_gtye4_inst/gen_gtwizard_gtye4.gen_cpll_cal_gtye4.gen_cpll_cal_inst[0].gen_inst_cpll_cal.gtwizard_ultrascale_v1_7_10_gtye4_cpll_cal_inst/gtwizard_ultrascale_v1_7_10_gtye4_cpll_cal_tx_i/txoutclkmon  |             8.0 |
| level0_i/blp/blp_i/ss_hif/inst/pcie/inst/bd_39ab_pcie_0_gt_top_i/diablo_gt.diablo_gt_phy_wrapper/gt_wizard.gtwizard_top_i/bd_39ab_pcie_0_gt_i/inst/gen_gtwizard_gtye4_top.bd_39ab_pcie_0_gt_gtwizard_gtye4_inst/gen_gtwizard_gtye4.gen_cpll_cal_gtye4.gen_cpll_cal_inst[10].gen_inst_cpll_cal.gtwizard_ultrascale_v1_7_10_gtye4_cpll_cal_inst/gtwizard_ultrascale_v1_7_10_gtye4_cpll_cal_tx_i/bufg_gt_txoutclkmon_inst/O | level0_i/blp/blp_i/ss_hif/inst/pcie/inst/bd_39ab_pcie_0_gt_top_i/diablo_gt.diablo_gt_phy_wrapper/gt_wizard.gtwizard_top_i/bd_39ab_pcie_0_gt_i/inst/gen_gtwizard_gtye4_top.bd_39ab_pcie_0_gt_gtwizard_gtye4_inst/gen_gtwizard_gtye4.gen_cpll_cal_gtye4.gen_cpll_cal_inst[10].gen_inst_cpll_cal.gtwizard_ultrascale_v1_7_10_gtye4_cpll_cal_inst/gtwizard_ultrascale_v1_7_10_gtye4_cpll_cal_tx_i/txoutclkmon |             8.0 |
| level0_i/blp/blp_i/ss_hif/inst/pcie/inst/bd_39ab_pcie_0_gt_top_i/diablo_gt.diablo_gt_phy_wrapper/gt_wizard.gtwizard_top_i/bd_39ab_pcie_0_gt_i/inst/gen_gtwizard_gtye4_top.bd_39ab_pcie_0_gt_gtwizard_gtye4_inst/gen_gtwizard_gtye4.gen_cpll_cal_gtye4.gen_cpll_cal_inst[11].gen_inst_cpll_cal.gtwizard_ultrascale_v1_7_10_gtye4_cpll_cal_inst/gtwizard_ultrascale_v1_7_10_gtye4_cpll_cal_tx_i/bufg_gt_txoutclkmon_inst/O | level0_i/blp/blp_i/ss_hif/inst/pcie/inst/bd_39ab_pcie_0_gt_top_i/diablo_gt.diablo_gt_phy_wrapper/gt_wizard.gtwizard_top_i/bd_39ab_pcie_0_gt_i/inst/gen_gtwizard_gtye4_top.bd_39ab_pcie_0_gt_gtwizard_gtye4_inst/gen_gtwizard_gtye4.gen_cpll_cal_gtye4.gen_cpll_cal_inst[11].gen_inst_cpll_cal.gtwizard_ultrascale_v1_7_10_gtye4_cpll_cal_inst/gtwizard_ultrascale_v1_7_10_gtye4_cpll_cal_tx_i/txoutclkmon |             8.0 |
| level0_i/blp/blp_i/ss_hif/inst/pcie/inst/bd_39ab_pcie_0_gt_top_i/diablo_gt.diablo_gt_phy_wrapper/gt_wizard.gtwizard_top_i/bd_39ab_pcie_0_gt_i/inst/gen_gtwizard_gtye4_top.bd_39ab_pcie_0_gt_gtwizard_gtye4_inst/gen_gtwizard_gtye4.gen_cpll_cal_gtye4.gen_cpll_cal_inst[12].gen_inst_cpll_cal.gtwizard_ultrascale_v1_7_10_gtye4_cpll_cal_inst/gtwizard_ultrascale_v1_7_10_gtye4_cpll_cal_tx_i/bufg_gt_txoutclkmon_inst/O | level0_i/blp/blp_i/ss_hif/inst/pcie/inst/bd_39ab_pcie_0_gt_top_i/diablo_gt.diablo_gt_phy_wrapper/gt_wizard.gtwizard_top_i/bd_39ab_pcie_0_gt_i/inst/gen_gtwizard_gtye4_top.bd_39ab_pcie_0_gt_gtwizard_gtye4_inst/gen_gtwizard_gtye4.gen_cpll_cal_gtye4.gen_cpll_cal_inst[12].gen_inst_cpll_cal.gtwizard_ultrascale_v1_7_10_gtye4_cpll_cal_inst/gtwizard_ultrascale_v1_7_10_gtye4_cpll_cal_tx_i/txoutclkmon |             8.0 |
| level0_i/blp/blp_i/ss_hif/inst/pcie/inst/bd_39ab_pcie_0_gt_top_i/diablo_gt.diablo_gt_phy_wrapper/gt_wizard.gtwizard_top_i/bd_39ab_pcie_0_gt_i/inst/gen_gtwizard_gtye4_top.bd_39ab_pcie_0_gt_gtwizard_gtye4_inst/gen_gtwizard_gtye4.gen_cpll_cal_gtye4.gen_cpll_cal_inst[13].gen_inst_cpll_cal.gtwizard_ultrascale_v1_7_10_gtye4_cpll_cal_inst/gtwizard_ultrascale_v1_7_10_gtye4_cpll_cal_tx_i/bufg_gt_txoutclkmon_inst/O | level0_i/blp/blp_i/ss_hif/inst/pcie/inst/bd_39ab_pcie_0_gt_top_i/diablo_gt.diablo_gt_phy_wrapper/gt_wizard.gtwizard_top_i/bd_39ab_pcie_0_gt_i/inst/gen_gtwizard_gtye4_top.bd_39ab_pcie_0_gt_gtwizard_gtye4_inst/gen_gtwizard_gtye4.gen_cpll_cal_gtye4.gen_cpll_cal_inst[13].gen_inst_cpll_cal.gtwizard_ultrascale_v1_7_10_gtye4_cpll_cal_inst/gtwizard_ultrascale_v1_7_10_gtye4_cpll_cal_tx_i/txoutclkmon |             8.0 |
| level0_i/blp/blp_i/ss_hif/inst/pcie/inst/bd_39ab_pcie_0_gt_top_i/diablo_gt.diablo_gt_phy_wrapper/gt_wizard.gtwizard_top_i/bd_39ab_pcie_0_gt_i/inst/gen_gtwizard_gtye4_top.bd_39ab_pcie_0_gt_gtwizard_gtye4_inst/gen_gtwizard_gtye4.gen_cpll_cal_gtye4.gen_cpll_cal_inst[14].gen_inst_cpll_cal.gtwizard_ultrascale_v1_7_10_gtye4_cpll_cal_inst/gtwizard_ultrascale_v1_7_10_gtye4_cpll_cal_tx_i/bufg_gt_txoutclkmon_inst/O | level0_i/blp/blp_i/ss_hif/inst/pcie/inst/bd_39ab_pcie_0_gt_top_i/diablo_gt.diablo_gt_phy_wrapper/gt_wizard.gtwizard_top_i/bd_39ab_pcie_0_gt_i/inst/gen_gtwizard_gtye4_top.bd_39ab_pcie_0_gt_gtwizard_gtye4_inst/gen_gtwizard_gtye4.gen_cpll_cal_gtye4.gen_cpll_cal_inst[14].gen_inst_cpll_cal.gtwizard_ultrascale_v1_7_10_gtye4_cpll_cal_inst/gtwizard_ultrascale_v1_7_10_gtye4_cpll_cal_tx_i/txoutclkmon |             8.0 |
| level0_i/blp/blp_i/ss_hif/inst/pcie/inst/bd_39ab_pcie_0_gt_top_i/diablo_gt.diablo_gt_phy_wrapper/gt_wizard.gtwizard_top_i/bd_39ab_pcie_0_gt_i/inst/gen_gtwizard_gtye4_top.bd_39ab_pcie_0_gt_gtwizard_gtye4_inst/gen_gtwizard_gtye4.gen_cpll_cal_gtye4.gen_cpll_cal_inst[15].gen_inst_cpll_cal.gtwizard_ultrascale_v1_7_10_gtye4_cpll_cal_inst/gtwizard_ultrascale_v1_7_10_gtye4_cpll_cal_tx_i/bufg_gt_txoutclkmon_inst/O | level0_i/blp/blp_i/ss_hif/inst/pcie/inst/bd_39ab_pcie_0_gt_top_i/diablo_gt.diablo_gt_phy_wrapper/gt_wizard.gtwizard_top_i/bd_39ab_pcie_0_gt_i/inst/gen_gtwizard_gtye4_top.bd_39ab_pcie_0_gt_gtwizard_gtye4_inst/gen_gtwizard_gtye4.gen_cpll_cal_gtye4.gen_cpll_cal_inst[15].gen_inst_cpll_cal.gtwizard_ultrascale_v1_7_10_gtye4_cpll_cal_inst/gtwizard_ultrascale_v1_7_10_gtye4_cpll_cal_tx_i/txoutclkmon |             8.0 |
| level0_i/blp/blp_i/ss_hif/inst/pcie/inst/bd_39ab_pcie_0_gt_top_i/diablo_gt.diablo_gt_phy_wrapper/gt_wizard.gtwizard_top_i/bd_39ab_pcie_0_gt_i/inst/gen_gtwizard_gtye4_top.bd_39ab_pcie_0_gt_gtwizard_gtye4_inst/gen_gtwizard_gtye4.gen_cpll_cal_gtye4.gen_cpll_cal_inst[1].gen_inst_cpll_cal.gtwizard_ultrascale_v1_7_10_gtye4_cpll_cal_inst/gtwizard_ultrascale_v1_7_10_gtye4_cpll_cal_tx_i/bufg_gt_txoutclkmon_inst/O  | level0_i/blp/blp_i/ss_hif/inst/pcie/inst/bd_39ab_pcie_0_gt_top_i/diablo_gt.diablo_gt_phy_wrapper/gt_wizard.gtwizard_top_i/bd_39ab_pcie_0_gt_i/inst/gen_gtwizard_gtye4_top.bd_39ab_pcie_0_gt_gtwizard_gtye4_inst/gen_gtwizard_gtye4.gen_cpll_cal_gtye4.gen_cpll_cal_inst[1].gen_inst_cpll_cal.gtwizard_ultrascale_v1_7_10_gtye4_cpll_cal_inst/gtwizard_ultrascale_v1_7_10_gtye4_cpll_cal_tx_i/txoutclkmon  |             8.0 |
| level0_i/blp/blp_i/ss_hif/inst/pcie/inst/bd_39ab_pcie_0_gt_top_i/diablo_gt.diablo_gt_phy_wrapper/gt_wizard.gtwizard_top_i/bd_39ab_pcie_0_gt_i/inst/gen_gtwizard_gtye4_top.bd_39ab_pcie_0_gt_gtwizard_gtye4_inst/gen_gtwizard_gtye4.gen_cpll_cal_gtye4.gen_cpll_cal_inst[2].gen_inst_cpll_cal.gtwizard_ultrascale_v1_7_10_gtye4_cpll_cal_inst/gtwizard_ultrascale_v1_7_10_gtye4_cpll_cal_tx_i/bufg_gt_txoutclkmon_inst/O  | level0_i/blp/blp_i/ss_hif/inst/pcie/inst/bd_39ab_pcie_0_gt_top_i/diablo_gt.diablo_gt_phy_wrapper/gt_wizard.gtwizard_top_i/bd_39ab_pcie_0_gt_i/inst/gen_gtwizard_gtye4_top.bd_39ab_pcie_0_gt_gtwizard_gtye4_inst/gen_gtwizard_gtye4.gen_cpll_cal_gtye4.gen_cpll_cal_inst[2].gen_inst_cpll_cal.gtwizard_ultrascale_v1_7_10_gtye4_cpll_cal_inst/gtwizard_ultrascale_v1_7_10_gtye4_cpll_cal_tx_i/txoutclkmon  |             8.0 |
| level0_i/blp/blp_i/ss_hif/inst/pcie/inst/bd_39ab_pcie_0_gt_top_i/diablo_gt.diablo_gt_phy_wrapper/gt_wizard.gtwizard_top_i/bd_39ab_pcie_0_gt_i/inst/gen_gtwizard_gtye4_top.bd_39ab_pcie_0_gt_gtwizard_gtye4_inst/gen_gtwizard_gtye4.gen_cpll_cal_gtye4.gen_cpll_cal_inst[3].gen_inst_cpll_cal.gtwizard_ultrascale_v1_7_10_gtye4_cpll_cal_inst/gtwizard_ultrascale_v1_7_10_gtye4_cpll_cal_tx_i/bufg_gt_txoutclkmon_inst/O  | level0_i/blp/blp_i/ss_hif/inst/pcie/inst/bd_39ab_pcie_0_gt_top_i/diablo_gt.diablo_gt_phy_wrapper/gt_wizard.gtwizard_top_i/bd_39ab_pcie_0_gt_i/inst/gen_gtwizard_gtye4_top.bd_39ab_pcie_0_gt_gtwizard_gtye4_inst/gen_gtwizard_gtye4.gen_cpll_cal_gtye4.gen_cpll_cal_inst[3].gen_inst_cpll_cal.gtwizard_ultrascale_v1_7_10_gtye4_cpll_cal_inst/gtwizard_ultrascale_v1_7_10_gtye4_cpll_cal_tx_i/txoutclkmon  |             8.0 |
| level0_i/blp/blp_i/ss_hif/inst/pcie/inst/bd_39ab_pcie_0_gt_top_i/diablo_gt.diablo_gt_phy_wrapper/gt_wizard.gtwizard_top_i/bd_39ab_pcie_0_gt_i/inst/gen_gtwizard_gtye4_top.bd_39ab_pcie_0_gt_gtwizard_gtye4_inst/gen_gtwizard_gtye4.gen_cpll_cal_gtye4.gen_cpll_cal_inst[4].gen_inst_cpll_cal.gtwizard_ultrascale_v1_7_10_gtye4_cpll_cal_inst/gtwizard_ultrascale_v1_7_10_gtye4_cpll_cal_tx_i/bufg_gt_txoutclkmon_inst/O  | level0_i/blp/blp_i/ss_hif/inst/pcie/inst/bd_39ab_pcie_0_gt_top_i/diablo_gt.diablo_gt_phy_wrapper/gt_wizard.gtwizard_top_i/bd_39ab_pcie_0_gt_i/inst/gen_gtwizard_gtye4_top.bd_39ab_pcie_0_gt_gtwizard_gtye4_inst/gen_gtwizard_gtye4.gen_cpll_cal_gtye4.gen_cpll_cal_inst[4].gen_inst_cpll_cal.gtwizard_ultrascale_v1_7_10_gtye4_cpll_cal_inst/gtwizard_ultrascale_v1_7_10_gtye4_cpll_cal_tx_i/txoutclkmon  |             8.0 |
| level0_i/blp/blp_i/ss_hif/inst/pcie/inst/bd_39ab_pcie_0_gt_top_i/diablo_gt.diablo_gt_phy_wrapper/gt_wizard.gtwizard_top_i/bd_39ab_pcie_0_gt_i/inst/gen_gtwizard_gtye4_top.bd_39ab_pcie_0_gt_gtwizard_gtye4_inst/gen_gtwizard_gtye4.gen_cpll_cal_gtye4.gen_cpll_cal_inst[5].gen_inst_cpll_cal.gtwizard_ultrascale_v1_7_10_gtye4_cpll_cal_inst/gtwizard_ultrascale_v1_7_10_gtye4_cpll_cal_tx_i/bufg_gt_txoutclkmon_inst/O  | level0_i/blp/blp_i/ss_hif/inst/pcie/inst/bd_39ab_pcie_0_gt_top_i/diablo_gt.diablo_gt_phy_wrapper/gt_wizard.gtwizard_top_i/bd_39ab_pcie_0_gt_i/inst/gen_gtwizard_gtye4_top.bd_39ab_pcie_0_gt_gtwizard_gtye4_inst/gen_gtwizard_gtye4.gen_cpll_cal_gtye4.gen_cpll_cal_inst[5].gen_inst_cpll_cal.gtwizard_ultrascale_v1_7_10_gtye4_cpll_cal_inst/gtwizard_ultrascale_v1_7_10_gtye4_cpll_cal_tx_i/txoutclkmon  |             8.0 |
| level0_i/blp/blp_i/ss_hif/inst/pcie/inst/bd_39ab_pcie_0_gt_top_i/diablo_gt.diablo_gt_phy_wrapper/gt_wizard.gtwizard_top_i/bd_39ab_pcie_0_gt_i/inst/gen_gtwizard_gtye4_top.bd_39ab_pcie_0_gt_gtwizard_gtye4_inst/gen_gtwizard_gtye4.gen_cpll_cal_gtye4.gen_cpll_cal_inst[6].gen_inst_cpll_cal.gtwizard_ultrascale_v1_7_10_gtye4_cpll_cal_inst/gtwizard_ultrascale_v1_7_10_gtye4_cpll_cal_tx_i/bufg_gt_txoutclkmon_inst/O  | level0_i/blp/blp_i/ss_hif/inst/pcie/inst/bd_39ab_pcie_0_gt_top_i/diablo_gt.diablo_gt_phy_wrapper/gt_wizard.gtwizard_top_i/bd_39ab_pcie_0_gt_i/inst/gen_gtwizard_gtye4_top.bd_39ab_pcie_0_gt_gtwizard_gtye4_inst/gen_gtwizard_gtye4.gen_cpll_cal_gtye4.gen_cpll_cal_inst[6].gen_inst_cpll_cal.gtwizard_ultrascale_v1_7_10_gtye4_cpll_cal_inst/gtwizard_ultrascale_v1_7_10_gtye4_cpll_cal_tx_i/txoutclkmon  |             8.0 |
| level0_i/blp/blp_i/ss_hif/inst/pcie/inst/bd_39ab_pcie_0_gt_top_i/diablo_gt.diablo_gt_phy_wrapper/gt_wizard.gtwizard_top_i/bd_39ab_pcie_0_gt_i/inst/gen_gtwizard_gtye4_top.bd_39ab_pcie_0_gt_gtwizard_gtye4_inst/gen_gtwizard_gtye4.gen_cpll_cal_gtye4.gen_cpll_cal_inst[7].gen_inst_cpll_cal.gtwizard_ultrascale_v1_7_10_gtye4_cpll_cal_inst/gtwizard_ultrascale_v1_7_10_gtye4_cpll_cal_tx_i/bufg_gt_txoutclkmon_inst/O  | level0_i/blp/blp_i/ss_hif/inst/pcie/inst/bd_39ab_pcie_0_gt_top_i/diablo_gt.diablo_gt_phy_wrapper/gt_wizard.gtwizard_top_i/bd_39ab_pcie_0_gt_i/inst/gen_gtwizard_gtye4_top.bd_39ab_pcie_0_gt_gtwizard_gtye4_inst/gen_gtwizard_gtye4.gen_cpll_cal_gtye4.gen_cpll_cal_inst[7].gen_inst_cpll_cal.gtwizard_ultrascale_v1_7_10_gtye4_cpll_cal_inst/gtwizard_ultrascale_v1_7_10_gtye4_cpll_cal_tx_i/txoutclkmon  |             8.0 |
| level0_i/blp/blp_i/ss_hif/inst/pcie/inst/bd_39ab_pcie_0_gt_top_i/diablo_gt.diablo_gt_phy_wrapper/gt_wizard.gtwizard_top_i/bd_39ab_pcie_0_gt_i/inst/gen_gtwizard_gtye4_top.bd_39ab_pcie_0_gt_gtwizard_gtye4_inst/gen_gtwizard_gtye4.gen_cpll_cal_gtye4.gen_cpll_cal_inst[8].gen_inst_cpll_cal.gtwizard_ultrascale_v1_7_10_gtye4_cpll_cal_inst/gtwizard_ultrascale_v1_7_10_gtye4_cpll_cal_tx_i/bufg_gt_txoutclkmon_inst/O  | level0_i/blp/blp_i/ss_hif/inst/pcie/inst/bd_39ab_pcie_0_gt_top_i/diablo_gt.diablo_gt_phy_wrapper/gt_wizard.gtwizard_top_i/bd_39ab_pcie_0_gt_i/inst/gen_gtwizard_gtye4_top.bd_39ab_pcie_0_gt_gtwizard_gtye4_inst/gen_gtwizard_gtye4.gen_cpll_cal_gtye4.gen_cpll_cal_inst[8].gen_inst_cpll_cal.gtwizard_ultrascale_v1_7_10_gtye4_cpll_cal_inst/gtwizard_ultrascale_v1_7_10_gtye4_cpll_cal_tx_i/txoutclkmon  |             8.0 |
| level0_i/blp/blp_i/ss_hif/inst/pcie/inst/bd_39ab_pcie_0_gt_top_i/diablo_gt.diablo_gt_phy_wrapper/gt_wizard.gtwizard_top_i/bd_39ab_pcie_0_gt_i/inst/gen_gtwizard_gtye4_top.bd_39ab_pcie_0_gt_gtwizard_gtye4_inst/gen_gtwizard_gtye4.gen_cpll_cal_gtye4.gen_cpll_cal_inst[9].gen_inst_cpll_cal.gtwizard_ultrascale_v1_7_10_gtye4_cpll_cal_inst/gtwizard_ultrascale_v1_7_10_gtye4_cpll_cal_tx_i/bufg_gt_txoutclkmon_inst/O  | level0_i/blp/blp_i/ss_hif/inst/pcie/inst/bd_39ab_pcie_0_gt_top_i/diablo_gt.diablo_gt_phy_wrapper/gt_wizard.gtwizard_top_i/bd_39ab_pcie_0_gt_i/inst/gen_gtwizard_gtye4_top.bd_39ab_pcie_0_gt_gtwizard_gtye4_inst/gen_gtwizard_gtye4.gen_cpll_cal_gtye4.gen_cpll_cal_inst[9].gen_inst_cpll_cal.gtwizard_ultrascale_v1_7_10_gtye4_cpll_cal_inst/gtwizard_ultrascale_v1_7_10_gtye4_cpll_cal_tx_i/txoutclkmon  |             8.0 |
| level0_i/blp/blp_i/ss_hif/inst/pcie/inst/bd_39ab_pcie_0_gt_top_i/diablo_gt.diablo_gt_phy_wrapper/phy_clk_i/bufg_gt_intclk/O                                                                                                                                                                                                                                                                                              | level0_i/blp/blp_i/ss_hif/inst/pcie/inst/bd_39ab_pcie_0_gt_top_i/diablo_gt.diablo_gt_phy_wrapper/phy_clk_i/CLK_INTCLK                                                                                                                                                                                                                                                                                     |          1000.0 |
| level0_i/ulp/ulp_cmp/inst/user_debug_bridge/inst/axi_jtag/inst/u_jtag_proc/tck_i_reg/Q                                                                                                                                                                                                                                                                                                                                   | level0_i/ulp/ulp_cmp/inst/user_debug_bridge/inst/axi_jtag/inst/u_jtag_proc/tck                                                                                                                                                                                                                                                                                                                            |           160.0 |
| level0_i/ulp/ulp_cmp/inst/user_debug_bridge/inst/bsip/inst/USE_SOFTBSCAN.U_BSCAN_TAP/U_BASETAP/U_TAP/UPDATEDR_O_reg/Q                                                                                                                                                                                                                                                                                                    | level0_i/ulp/ulp_cmp/inst/user_debug_bridge/inst/bsip/inst/USE_SOFTBSCAN.U_BSCAN_TAP/U_BASETAP/U_TAP/UPDATEDR_O                                                                                                                                                                                                                                                                                           |           160.0 |
| mcap_clk_1                                                                                                                                                                                                                                                                                                                                                                                                               | level0_i/blp/blp_i/ss_hif/inst/pcie/inst/bd_39ab_pcie_0_gt_top_i/diablo_gt.diablo_gt_phy_wrapper/phy_clk_i/mcap_clk                                                                                                                                                                                                                                                                                       |             8.0 |
| pipe_clk_1                                                                                                                                                                                                                                                                                                                                                                                                               | level0_i/blp/blp_i/ss_hif/inst/pcie/inst/bd_39ab_pcie_0_gt_top_i/diablo_gt.diablo_gt_phy_wrapper/phy_clk_i/CLK_PCLK2_GT                                                                                                                                                                                                                                                                                   |             4.0 |
+--------------------------------------------------------------------------------------------------------------------------------------------------------------------------------------------------------------------------------------------------------------------------------------------------------------------------------------------------------------------------------------------------------------------------+-----------------------------------------------------------------------------------------------------------------------------------------------------------------------------------------------------------------------------------------------------------------------------------------------------------------------------------------------------------------------------------------------------------+-----------------+


3. Detailed Reports
-------------------

3.1 By Hierarchy
----------------

+--------------------------------------------------------+-----------+
| Name                                                   | Power (W) |
+--------------------------------------------------------+-----------+
| level0_wrapper                                         |    27.622 |
|   level0_i                                             |    27.621 |
|     blp                                                |     7.664 |
|       blp_i                                            |     7.664 |
|     ii_level0_pipe                                     |     0.069 |
|       inst                                             |     0.069 |
|     ulp                                                |    19.888 |
|       SLR0                                             |     0.023 |
|       SLR1                                             |     0.012 |
|       SLR2                                             |     0.005 |
|       buffer_spine_partconv_compute_kernel_1_value_out |     0.001 |
|       buffer_spine_partconv_rdmaint_kernel_1_edge_out  |     0.002 |
|       hmss_0                                           |    17.674 |
|       spine_partconv_compute_kernel_1                  |     0.205 |
|       spine_partconv_rdmaint_kernel_1                  |     1.891 |
|       ulp_cmp                                          |     0.002 |
|       ulp_ucs                                          |     0.071 |
+--------------------------------------------------------+-----------+


339 Infos, 370 Warnings, 1 Critical Warnings and 0 Errors encountered.
report_power completed successfully
report_power: Time (s): cpu = 00:03:10 ; elapsed = 00:01:12 . Memory (MB): peak = 18127.742 ; gain = 112.410 ; free physical = 20342 ; free virtual = 40144
INFO: [Timing 38-480] Writing timing data to binary archive.
Write ShapeDB Complete: Time (s): cpu = 00:00:04 ; elapsed = 00:00:00.99 . Memory (MB): peak = 18127.742 ; gain = 0.000 ; free physical = 20089 ; free virtual = 39896
Wrote PlaceDB: Time (s): cpu = 00:01:13 ; elapsed = 00:00:25 . Memory (MB): peak = 18127.742 ; gain = 0.000 ; free physical = 19616 ; free virtual = 39428
Wrote PulsedLatchDB: Time (s): cpu = 00:00:00 ; elapsed = 00:00:00 . Memory (MB): peak = 18127.742 ; gain = 0.000 ; free physical = 19616 ; free virtual = 39428
Writing XDEF routing.
Writing XDEF routing logical nets.
Writing XDEF routing special nets.
Wrote RouteStorage: Time (s): cpu = 00:00:19 ; elapsed = 00:00:08 . Memory (MB): peak = 18127.742 ; gain = 0.000 ; free physical = 19515 ; free virtual = 39327
Wrote Netlist Cache: Time (s): cpu = 00:00:01 ; elapsed = 00:00:00.69 . Memory (MB): peak = 18127.742 ; gain = 0.000 ; free physical = 19668 ; free virtual = 39477
Wrote Device Cache: Time (s): cpu = 00:00:00.03 ; elapsed = 00:00:00.02 . Memory (MB): peak = 18127.742 ; gain = 0.000 ; free physical = 19668 ; free virtual = 39477
Write Physdb Complete: Time (s): cpu = 00:01:34 ; elapsed = 00:00:34 . Memory (MB): peak = 18127.742 ; gain = 0.000 ; free physical = 19564 ; free virtual = 39373
INFO: [Common 17-1381] The checkpoint '/data/tmp/chuxiao/spine_opt_v2_hw_150_20260728/temp/partitioned_split_e2e_link/link/vivado/vpl/prj/prj.runs/impl_1/level0_wrapper_routed.dcp' has been generated.
write_checkpoint: Time (s): cpu = 00:02:32 ; elapsed = 00:01:33 . Memory (MB): peak = 18127.742 ; gain = 0.000 ; free physical = 19293 ; free virtual = 39104
Starting optional post-route physical design optimization.
Command: phys_opt_design -directive AggressiveExplore
Attempting to get a license for feature 'Implementation' and/or device 'xcu55c'
INFO: [Common 17-349] Got license for feature 'Implementation' and/or device 'xcu55c'
INFO: [Vivado_Tcl 4-241] Physical synthesis in post route mode 
INFO: [Vivado_Tcl 4-137] Directive used for phys_opt_design is: AggressiveExplore

Starting Initial Update Timing Task

Time (s): cpu = 00:01:45 ; elapsed = 00:00:30 . Memory (MB): peak = 18127.742 ; gain = 0.000 ; free physical = 19672 ; free virtual = 39482
INFO: [Vivado_Tcl 4-2280] Estimated Timing Summary | WNS= 0.003 | TNS= 0.000 | WHS= 0.003 |
INFO: [Vivado_Tcl 4-383] Design worst setup slack (WNS) is greater than or equal to 0.000 ns. All physical synthesis setup optimizations will be skipped.
INFO: [Vivado_Tcl 4-2291] Design worst hold slack (WHS) is greater than or equal to 0.000 ns. Hold fix optimization will be skipped.
 
INFO: [Vivado_Tcl 4-232] No setup violation found. The netlist was not modified.
INFO: [Common 17-83] Releasing license: Implementation
349 Infos, 370 Warnings, 1 Critical Warnings and 0 Errors encountered.
phys_opt_design completed successfully
phys_opt_design: Time (s): cpu = 00:01:51 ; elapsed = 00:00:36 . Memory (MB): peak = 18127.742 ; gain = 0.000 ; free physical = 19671 ; free virtual = 39481
INFO: [Vivado 12-24828] Executing command : report_timing_summary -max_paths 10 -file hw_bb_locked_timing_summary_postroute_physopted.rpt -pb hw_bb_locked_timing_summary_postroute_physopted.pb -rpx hw_bb_locked_timing_summary_postroute_physopted.rpx -warn_on_violation 
INFO: [Timing 38-91] UpdateTimingParams: Speed grade: -2L, Temperature grade: E, Delay Type: min_max.
INFO: [Timing 38-191] Multithreading enabled for timing update using a maximum of 8 CPUs
WARNING: [Timing 38-436] There are set_bus_skew constraint(s) in this design. Please run report_bus_skew to ensure that bus skew requirements are met.
report_timing_summary: Time (s): cpu = 00:02:16 ; elapsed = 00:00:36 . Memory (MB): peak = 18127.742 ; gain = 0.000 ; free physical = 19658 ; free virtual = 39464
generate_parallel_reports: Time (s): cpu = 00:02:16 ; elapsed = 00:00:36 . Memory (MB): peak = 18127.742 ; gain = 0.000 ; free physical = 19658 ; free virtual = 39464
source /data/tmp/chuxiao/spine_opt_v2_hw_150_20260728/temp/partitioned_split_e2e_link/link/vivado/vpl/scripts/impl_1/_full_post_route_phys_opt_post.tcl
INFO: [Timing 38-480] Writing timing data to binary archive.
Write ShapeDB Complete: Time (s): cpu = 00:00:04 ; elapsed = 00:00:01 . Memory (MB): peak = 18127.742 ; gain = 0.000 ; free physical = 19593 ; free virtual = 39405
Wrote PlaceDB: Time (s): cpu = 00:01:12 ; elapsed = 00:00:25 . Memory (MB): peak = 18127.742 ; gain = 0.000 ; free physical = 19331 ; free virtual = 39138
Wrote PulsedLatchDB: Time (s): cpu = 00:00:00 ; elapsed = 00:00:00 . Memory (MB): peak = 18127.742 ; gain = 0.000 ; free physical = 19331 ; free virtual = 39138
Writing XDEF routing.
Writing XDEF routing logical nets.
Writing XDEF routing special nets.
Wrote RouteStorage: Time (s): cpu = 00:00:18 ; elapsed = 00:00:07 . Memory (MB): peak = 18127.742 ; gain = 0.000 ; free physical = 19273 ; free virtual = 39081
Wrote Netlist Cache: Time (s): cpu = 00:00:01 ; elapsed = 00:00:00.71 . Memory (MB): peak = 18127.742 ; gain = 0.000 ; free physical = 19276 ; free virtual = 39083
Wrote Device Cache: Time (s): cpu = 00:00:00.03 ; elapsed = 00:00:00.02 . Memory (MB): peak = 18127.742 ; gain = 0.000 ; free physical = 19275 ; free virtual = 39083
Write Physdb Complete: Time (s): cpu = 00:01:32 ; elapsed = 00:00:33 . Memory (MB): peak = 18127.742 ; gain = 0.000 ; free physical = 19277 ; free virtual = 39085
INFO: [Common 17-1381] The checkpoint '/data/tmp/chuxiao/spine_opt_v2_hw_150_20260728/temp/partitioned_split_e2e_link/link/vivado/vpl/prj/prj.runs/impl_1/level0_wrapper_postroute_physopt.dcp' has been generated.
write_checkpoint: Time (s): cpu = 00:02:31 ; elapsed = 00:01:34 . Memory (MB): peak = 18127.742 ; gain = 0.000 ; free physical = 18895 ; free virtual = 38704
Finished optional post-route physical design optimization.
source /data/tmp/chuxiao/spine_opt_v2_hw_150_20260728/temp/partitioned_split_e2e_link/link/vivado/vpl/scripts/impl_1/_full_write_bitstream_pre.tcl
Starting auto-frequency scaling ...
kernel clock 'ulp_ucs/aclk_kernel_00':
   clock pin path     : level0_i/ulp/ulp_ucs/aclk_kernel_00
   original frequency : 150.0 MHz
kernel clock 'ulp_ucs/aclk_kernel_01':
   clock pin path     : level0_i/ulp/ulp_ucs/aclk_kernel_01
   original frequency : 500.0 MHz

system clock 'hbm_aclk':
   clock pin path     : level0_i/ulp/ulp_ucs/inst/aclk_hbm_hierarchy/clkwiz_hbm/inst/CLK_CORE_DRP_I/clk_inst/mmcme4_adv_inst/CLKOUT0
   original frequency : 450.0 MHz

WARNING: [Vivado 12-1008] No clocks found for command 'get_clocks -of_objects [get_pins level0_i/ulp/ulp_ucs/aclk_kernel_01]'.
Resolution: Verify the create_clock command was called to create the clock object before it is referenced.
INFO: [Vivado 12-626] No clocks found. Please use 'create_clock' or 'create_generated_clock' command to create clocks.
INFO: Pin level0_i/ulp/ulp_ucs/aclk_kernel_01 has no clock
INFO: [OCL_UTIL] clock is 'hbm_aclk' for pin 'level0_i/ulp/ulp_ucs/inst/aclk_hbm_hierarchy/clkwiz_hbm/inst/CLK_CORE_DRP_I/clk_inst/mmcme4_adv_inst/CLKOUT0'
INFO: [OCL_UTIL] clock is 'clk_kernel_00_unbuffered_net' for pin 'level0_i/ulp/ulp_ucs/aclk_kernel_00'
Auto-frequency scaling completed
kernel clock 'ulp_ucs/aclk_kernel_01':
   original frequency : 500.0 MHz
   scaled frequency   : 500.0 MHz
WARNING: [Vivado 12-1008] No clocks found for command 'get_clocks -of_objects [get_pins level0_i/ulp/ulp_ucs/aclk_kernel_01]'.
Resolution: Verify the create_clock command was called to create the clock object before it is referenced.
INFO: [Vivado 12-626] No clocks found. Please use 'create_clock' or 'create_generated_clock' command to create clocks.
kernel clock 'ulp_ucs/aclk_kernel_00':
   original frequency : 150.0 MHz
   scaled frequency   : 150.6 MHz
WARNING: The auto scaled frequency '150.6 MHz' exceeds the original specified frequency. The compiler will select the original specified frequency of '150.0' MHz.
WARNING: [Timing 38-436] There are set_bus_skew constraint(s) in this design. Please run report_bus_skew to ensure that bus skew requirements are met.
report_timing_summary: Time (s): cpu = 00:01:03 ; elapsed = 00:00:23 . Memory (MB): peak = 18127.742 ; gain = 0.000 ; free physical = 19303 ; free virtual = 39114
system clock 'hbm_aclk':
   original frequency : 450.0 MHz
   scaled frequency   : 452.6 MHz
WARNING: The auto scaled frequency '452.6 MHz' exceeds the original specified frequency. The compiler will select the original specified frequency of '450.0' MHz.
Command: write_bitstream -force -cell level0_i/ulp level0_i_ulp_my_rm_partial.bit
Attempting to get a license for feature 'Implementation' and/or device 'xcu55c'
INFO: [Common 17-349] Got license for feature 'Implementation' and/or device 'xcu55c'
Running DRC as a precondition to command write_bitstream
INFO: [IP_Flow 19-1839] IP Catalog is up to date.
INFO: [DRC 23-27] Running DRC with 8 threads
WARNING: [DRC DPIP-2] Input pipelining: DSP level0_i/ulp/spine_partconv_rdmaint_kernel_1/inst/grp_partitioned_run_maintenance_fu_580/grp_partitioned_commit_target_metadata_family_range_fu_4675/grp_partitioned_commit_target_metadata_family_range_Pipeline_PARTITIONED_COMMIT_TARG_fu_86/am_addmul_5ns_5ns_7ns_12_4_1_U963/spine_partconv_rdmaint_kernel_am_addmul_5ns_5ns_7ns_12_4_1_DSP48_0_U/p_reg_reg input level0_i/ulp/spine_partconv_rdmaint_kernel_1/inst/grp_partitioned_run_maintenance_fu_580/grp_partitioned_commit_target_metadata_family_range_fu_4675/grp_partitioned_commit_target_metadata_family_range_Pipeline_PARTITIONED_COMMIT_TARG_fu_86/am_addmul_5ns_5ns_7ns_12_4_1_U963/spine_partconv_rdmaint_kernel_am_addmul_5ns_5ns_7ns_12_4_1_DSP48_0_U/p_reg_reg/A[29:0] is not pipelined. Pipelining DSP48 input will improve performance.
WARNING: [DRC DPIP-2] Input pipelining: DSP level0_i/ulp/spine_partconv_rdmaint_kernel_1/inst/grp_partitioned_run_maintenance_fu_580/grp_partitioned_retire_staged_target_epochs_fu_4722/grp_partitioned_retire_staged_target_epochs_Pipeline_PARTITIONED_RETIRE_STAGED_TARGE_fu_84/ama_addmuladd_4ns_5ns_4ns_31ns_32_4_1_U1008/spine_partconv_rdmaint_kernel_ama_addmuladd_4ns_5ns_4ns_31ns_32_4_1_DSP48_0_U/p_reg_reg input level0_i/ulp/spine_partconv_rdmaint_kernel_1/inst/grp_partitioned_run_maintenance_fu_580/grp_partitioned_retire_staged_target_epochs_fu_4722/grp_partitioned_retire_staged_target_epochs_Pipeline_PARTITIONED_RETIRE_STAGED_TARGE_fu_84/ama_addmuladd_4ns_5ns_4ns_31ns_32_4_1_U1008/spine_partconv_rdmaint_kernel_ama_addmuladd_4ns_5ns_4ns_31ns_32_4_1_DSP48_0_U/p_reg_reg/A[29:0] is not pipelined. Pipelining DSP48 input will improve performance.
WARNING: [DRC DPIP-2] Input pipelining: DSP level0_i/ulp/spine_partconv_rdmaint_kernel_1/inst/grp_partitioned_run_maintenance_fu_580/grp_partitioned_run_maintenance_Pipeline_PARTITIONED_DIRTY_UPDATE_DIRECTORY_AND_FRON_fu_4399/mul_24ns_19ns_32_1_1_U51/tmp_product input level0_i/ulp/spine_partconv_rdmaint_kernel_1/inst/grp_partitioned_run_maintenance_fu_580/grp_partitioned_run_maintenance_Pipeline_PARTITIONED_DIRTY_UPDATE_DIRECTORY_AND_FRON_fu_4399/mul_24ns_19ns_32_1_1_U51/tmp_product/A[29:0] is not pipelined. Pipelining DSP48 input will improve performance.
WARNING: [DRC DPOP-3] PREG Output pipelining: DSP level0_i/ulp/spine_partconv_rdmaint_kernel_1/inst/grp_partitioned_run_convergence_reader_fu_659/grp_partitioned_process_one_partition_tiled_reader_fu_3030/mul_64s_5ns_64_1_1_U1886/tmp_product output level0_i/ulp/spine_partconv_rdmaint_kernel_1/inst/grp_partitioned_run_convergence_reader_fu_659/grp_partitioned_process_one_partition_tiled_reader_fu_3030/mul_64s_5ns_64_1_1_U1886/tmp_product/P[47:0] is not pipelined (PREG=0). Pipelining the DSP48 output will improve performance and often saves power so it is suggested whenever possible to fully pipeline this function.  If this DSP48 function was inferred, it is suggested to describe an additional register stage after this function.  If the DSP48 was instantiated in the design, it is suggested to set the PREG attribute to 1.
WARNING: [DRC DPOP-3] PREG Output pipelining: DSP level0_i/ulp/spine_partconv_rdmaint_kernel_1/inst/grp_partitioned_run_convergence_reader_fu_659/grp_partitioned_process_one_partition_tiled_reader_fu_3030/mul_64s_5ns_64_1_1_U1886/tmp_product__0 output level0_i/ulp/spine_partconv_rdmaint_kernel_1/inst/grp_partitioned_run_convergence_reader_fu_659/grp_partitioned_process_one_partition_tiled_reader_fu_3030/mul_64s_5ns_64_1_1_U1886/tmp_product__0/P[47:0] is not pipelined (PREG=0). Pipelining the DSP48 output will improve performance and often saves power so it is suggested whenever possible to fully pipeline this function.  If this DSP48 function was inferred, it is suggested to describe an additional register stage after this function.  If the DSP48 was instantiated in the design, it is suggested to set the PREG attribute to 1.
WARNING: [DRC DPOP-3] PREG Output pipelining: DSP level0_i/ulp/spine_partconv_rdmaint_kernel_1/inst/grp_partitioned_run_maintenance_fu_580/grp_partitioned_run_maintenance_Pipeline_PARTITIONED_DIRTY_UPDATE_DIRECTORY_AND_FRON_fu_4399/mul_20s_19s_39_1_1_U52/tmp_product output level0_i/ulp/spine_partconv_rdmaint_kernel_1/inst/grp_partitioned_run_maintenance_fu_580/grp_partitioned_run_maintenance_Pipeline_PARTITIONED_DIRTY_UPDATE_DIRECTORY_AND_FRON_fu_4399/mul_20s_19s_39_1_1_U52/tmp_product/P[47:0] is not pipelined (PREG=0). Pipelining the DSP48 output will improve performance and often saves power so it is suggested whenever possible to fully pipeline this function.  If this DSP48 function was inferred, it is suggested to describe an additional register stage after this function.  If the DSP48 was instantiated in the design, it is suggested to set the PREG attribute to 1.
WARNING: [DRC DPOP-3] PREG Output pipelining: DSP level0_i/ulp/spine_partconv_rdmaint_kernel_1/inst/grp_partitioned_run_maintenance_fu_580/grp_partitioned_run_maintenance_Pipeline_PARTITIONED_DIRTY_UPDATE_DIRECTORY_AND_FRON_fu_4399/mul_24ns_19ns_32_1_1_U51/tmp_product output level0_i/ulp/spine_partconv_rdmaint_kernel_1/inst/grp_partitioned_run_maintenance_fu_580/grp_partitioned_run_maintenance_Pipeline_PARTITIONED_DIRTY_UPDATE_DIRECTORY_AND_FRON_fu_4399/mul_24ns_19ns_32_1_1_U51/tmp_product/P[47:0] is not pipelined (PREG=0). Pipelining the DSP48 output will improve performance and often saves power so it is suggested whenever possible to fully pipeline this function.  If this DSP48 function was inferred, it is suggested to describe an additional register stage after this function.  If the DSP48 was instantiated in the design, it is suggested to set the PREG attribute to 1.
WARNING: [DRC DPOP-4] MREG Output pipelining: DSP level0_i/ulp/spine_partconv_rdmaint_kernel_1/inst/grp_partitioned_run_convergence_reader_fu_659/grp_partitioned_process_one_partition_tiled_reader_fu_3030/mul_64s_5ns_64_1_1_U1886/tmp_product multiplier stage level0_i/ulp/spine_partconv_rdmaint_kernel_1/inst/grp_partitioned_run_convergence_reader_fu_659/grp_partitioned_process_one_partition_tiled_reader_fu_3030/mul_64s_5ns_64_1_1_U1886/tmp_product/P[47:0] is not pipelined (MREG=0). Pipelining the multiplier function will improve performance and will save significant power so it is suggested whenever possible to fully pipeline this function.  If this multiplier was inferred, it is suggested to describe an additional register stage after this function.  If there is no registered adder/accumulator following the multiply function, two pipeline stages are suggested to allow both the MREG and PREG registers to be used.  If the DSP48 was instantiated in the design, it is suggested to set both the MREG and PREG attributes to 1 when performing multiply functions.
WARNING: [DRC DPOP-4] MREG Output pipelining: DSP level0_i/ulp/spine_partconv_rdmaint_kernel_1/inst/grp_partitioned_run_convergence_reader_fu_659/grp_partitioned_process_one_partition_tiled_reader_fu_3030/mul_64s_5ns_64_1_1_U1886/tmp_product__0 multiplier stage level0_i/ulp/spine_partconv_rdmaint_kernel_1/inst/grp_partitioned_run_convergence_reader_fu_659/grp_partitioned_process_one_partition_tiled_reader_fu_3030/mul_64s_5ns_64_1_1_U1886/tmp_product__0/P[47:0] is not pipelined (MREG=0). Pipelining the multiplier function will improve performance and will save significant power so it is suggested whenever possible to fully pipeline this function.  If this multiplier was inferred, it is suggested to describe an additional register stage after this function.  If there is no registered adder/accumulator following the multiply function, two pipeline stages are suggested to allow both the MREG and PREG registers to be used.  If the DSP48 was instantiated in the design, it is suggested to set both the MREG and PREG attributes to 1 when performing multiply functions.
WARNING: [DRC DPOP-4] MREG Output pipelining: DSP level0_i/ulp/spine_partconv_rdmaint_kernel_1/inst/grp_partitioned_run_convergence_reader_fu_659/grp_partitioned_process_one_partition_tiled_reader_fu_3030/replay_estimate_reg_2550_reg multiplier stage level0_i/ulp/spine_partconv_rdmaint_kernel_1/inst/grp_partitioned_run_convergence_reader_fu_659/grp_partitioned_process_one_partition_tiled_reader_fu_3030/replay_estimate_reg_2550_reg/P[47:0] is not pipelined (MREG=0). Pipelining the multiplier function will improve performance and will save significant power so it is suggested whenever possible to fully pipeline this function.  If this multiplier was inferred, it is suggested to describe an additional register stage after this function.  If there is no registered adder/accumulator following the multiply function, two pipeline stages are suggested to allow both the MREG and PREG registers to be used.  If the DSP48 was instantiated in the design, it is suggested to set both the MREG and PREG attributes to 1 when performing multiply functions.
WARNING: [DRC DPOP-4] MREG Output pipelining: DSP level0_i/ulp/spine_partconv_rdmaint_kernel_1/inst/grp_partitioned_run_convergence_reader_fu_659/grp_partitioned_process_one_partition_tiled_reader_fu_3030/replay_estimate_reg_2550_reg__0 multiplier stage level0_i/ulp/spine_partconv_rdmaint_kernel_1/inst/grp_partitioned_run_convergence_reader_fu_659/grp_partitioned_process_one_partition_tiled_reader_fu_3030/replay_estimate_reg_2550_reg__0/P[47:0] is not pipelined (MREG=0). Pipelining the multiplier function will improve performance and will save significant power so it is suggested whenever possible to fully pipeline this function.  If this multiplier was inferred, it is suggested to describe an additional register stage after this function.  If there is no registered adder/accumulator following the multiply function, two pipeline stages are suggested to allow both the MREG and PREG registers to be used.  If the DSP48 was instantiated in the design, it is suggested to set both the MREG and PREG attributes to 1 when performing multiply functions.
WARNING: [DRC DPOP-4] MREG Output pipelining: DSP level0_i/ulp/spine_partconv_rdmaint_kernel_1/inst/grp_partitioned_run_maintenance_fu_580/grp_partitioned_run_maintenance_Pipeline_PARTITIONED_DIRTY_UPDATE_DIRECTORY_AND_FRON_fu_4399/mul_20s_19s_39_1_1_U52/tmp_product multiplier stage level0_i/ulp/spine_partconv_rdmaint_kernel_1/inst/grp_partitioned_run_maintenance_fu_580/grp_partitioned_run_maintenance_Pipeline_PARTITIONED_DIRTY_UPDATE_DIRECTORY_AND_FRON_fu_4399/mul_20s_19s_39_1_1_U52/tmp_product/P[47:0] is not pipelined (MREG=0). Pipelining the multiplier function will improve performance and will save significant power so it is suggested whenever possible to fully pipeline this function.  If this multiplier was inferred, it is suggested to describe an additional register stage after this function.  If there is no registered adder/accumulator following the multiply function, two pipeline stages are suggested to allow both the MREG and PREG registers to be used.  If the DSP48 was instantiated in the design, it is suggested to set both the MREG and PREG attributes to 1 when performing multiply functions.
WARNING: [DRC DPOP-4] MREG Output pipelining: DSP level0_i/ulp/spine_partconv_rdmaint_kernel_1/inst/grp_partitioned_run_maintenance_fu_580/grp_partitioned_run_maintenance_Pipeline_PARTITIONED_DIRTY_UPDATE_DIRECTORY_AND_FRON_fu_4399/mul_24ns_19ns_32_1_1_U51/tmp_product multiplier stage level0_i/ulp/spine_partconv_rdmaint_kernel_1/inst/grp_partitioned_run_maintenance_fu_580/grp_partitioned_run_maintenance_Pipeline_PARTITIONED_DIRTY_UPDATE_DIRECTORY_AND_FRON_fu_4399/mul_24ns_19ns_32_1_1_U51/tmp_product/P[47:0] is not pipelined (MREG=0). Pipelining the multiplier function will improve performance and will save significant power so it is suggested whenever possible to fully pipeline this function.  If this multiplier was inferred, it is suggested to describe an additional register stage after this function.  If there is no registered adder/accumulator following the multiply function, two pipeline stages are suggested to allow both the MREG and PREG registers to be used.  If the DSP48 was instantiated in the design, it is suggested to set both the MREG and PREG attributes to 1 when performing multiply functions.
WARNING: [DRC DPOP-4] MREG Output pipelining: DSP level0_i/ulp/spine_partconv_rdmaint_kernel_1/inst/grp_partitioned_run_maintenance_fu_580/grp_partitioned_write_family_range_fu_4150/grp_partitioned_write_carry_target_family_range_fu_1174/grp_partitioned_write_carry_target_family_staged_fu_706/grp_partitioned_write_carry_target_family_fu_271/mul_5ns_8ns_12_1_1_U459/tmp_product multiplier stage level0_i/ulp/spine_partconv_rdmaint_kernel_1/inst/grp_partitioned_run_maintenance_fu_580/grp_partitioned_write_family_range_fu_4150/grp_partitioned_write_carry_target_family_range_fu_1174/grp_partitioned_write_carry_target_family_staged_fu_706/grp_partitioned_write_carry_target_family_fu_271/mul_5ns_8ns_12_1_1_U459/tmp_product/P[47:0] is not pipelined (MREG=0). Pipelining the multiplier function will improve performance and will save significant power so it is suggested whenever possible to fully pipeline this function.  If this multiplier was inferred, it is suggested to describe an additional register stage after this function.  If there is no registered adder/accumulator following the multiply function, two pipeline stages are suggested to allow both the MREG and PREG registers to be used.  If the DSP48 was instantiated in the design, it is suggested to set both the MREG and PREG attributes to 1 when performing multiply functions.
WARNING: [DRC DPOP-4] MREG Output pipelining: DSP level0_i/ulp/spine_partconv_rdmaint_kernel_1/inst/grp_partitioned_run_maintenance_fu_580/grp_partitioned_write_family_range_fu_4150/grp_partitioned_write_l0_family_range_fu_860/grp_partitioned_write_l0_family_staged_fu_1132/grp_partitioned_write_l0_family_fu_221/mul_i_i_i1231_reg_5330_reg multiplier stage level0_i/ulp/spine_partconv_rdmaint_kernel_1/inst/grp_partitioned_run_maintenance_fu_580/grp_partitioned_write_family_range_fu_4150/grp_partitioned_write_l0_family_range_fu_860/grp_partitioned_write_l0_family_staged_fu_1132/grp_partitioned_write_l0_family_fu_221/mul_i_i_i1231_reg_5330_reg/P[47:0] is not pipelined (MREG=0). Pipelining the multiplier function will improve performance and will save significant power so it is suggested whenever possible to fully pipeline this function.  If this multiplier was inferred, it is suggested to describe an additional register stage after this function.  If there is no registered adder/accumulator following the multiply function, two pipeline stages are suggested to allow both the MREG and PREG registers to be used.  If the DSP48 was instantiated in the design, it is suggested to set both the MREG and PREG attributes to 1 when performing multiply functions.
WARNING: [DRC FLBO-1] Pblock overlap: pblock_blp overlaps with pblock_dynamic_region: 0.20%, pblock_dynamic_SLR0: 0.20%.
WARNING: [DRC FLBO-1] Pblock overlap: pblock_blp_slr0 overlaps with pblock_dynamic_region: 0.56%, pblock_dynamic_SLR0: 0.56%.
WARNING: [DRC FLBO-1] Pblock overlap: pblock_dynamic_SLR0 overlaps with pblock_blp_slr0: 0.11%, pblock_blp: 0.11%.
WARNING: [DRC FLBO-1] Pblock overlap: pblock_dynamic_region overlaps with pblock_blp_slr0: 0.04%, pblock_blp: 0.04%.
WARNING: [DRC LOCE-1] Pblock ranges contradict LOC constraints on logic assigned to the Pblock: Pblock pblock_blp's ranges fail to contain LOC constraints on assigned instance level0_i/blp/blp_i/ss_hif/inst/pcie/inst/FSM_sequential_snoop_state_reg[0], level0_i/blp/blp_i/ss_hif/inst/pcie/inst/FSM_sequential_snoop_state_reg[1], level0_i/blp/blp_i/ss_hif/inst/pcie/inst/cfg_ext_register_number_snoop_reg[0], level0_i/blp/blp_i/ss_hif/inst/pcie/inst/cfg_ext_register_number_snoop_reg[1], level0_i/blp/blp_i/ss_hif/inst/pcie/inst/cfg_ext_register_number_snoop_reg[2], level0_i/blp/blp_i/ss_hif/inst/pcie/inst/cfg_ext_register_number_snoop_reg[3], level0_i/blp/blp_i/ss_hif/inst/pcie/inst/cfg_ext_register_number_snoop_reg[5], level0_i/blp/blp_i/ss_hif/inst/pcie/inst/cfg_ext_register_number_snoop_reg[6], level0_i/blp/blp_i/ss_hif/inst/pcie/inst/cfg_ext_register_number_snoop_reg[7], level0_i/blp/blp_i/ss_hif/inst/pcie/inst/cfg_ext_register_number_snoop_reg[8], level0_i/blp/blp_i/ss_hif/inst/pcie/inst/cfg_ext_write_byte_enable_snoop_reg[0], level0_i/blp/blp_i/ss_hif/inst/pcie/inst/cfg_ext_write_byte_enable_snoop_reg[1], level0_i/blp/blp_i/ss_hif/inst/pcie/inst/cfg_ext_write_byte_enable_snoop_reg[2], level0_i/blp/blp_i/ss_hif/inst/pcie/inst/cfg_ext_write_data_snoop_reg[10], level0_i/blp/blp_i/ss_hif/inst/pcie/inst/cfg_ext_write_data_snoop_reg[23]... and (the first 15 of 1884 listed)
WARNING: [DRC LOCE-1] Pblock ranges contradict LOC constraints on logic assigned to the Pblock: Pblock pblock_blp_slr0's ranges fail to contain LOC constraints on assigned instance level0_i/blp/blp_i/ss_hif/inst/pcie/inst/FSM_sequential_snoop_state_reg[0], level0_i/blp/blp_i/ss_hif/inst/pcie/inst/FSM_sequential_snoop_state_reg[1], level0_i/blp/blp_i/ss_hif/inst/pcie/inst/cfg_ext_register_number_snoop_reg[0], level0_i/blp/blp_i/ss_hif/inst/pcie/inst/cfg_ext_register_number_snoop_reg[1], level0_i/blp/blp_i/ss_hif/inst/pcie/inst/cfg_ext_register_number_snoop_reg[2], level0_i/blp/blp_i/ss_hif/inst/pcie/inst/cfg_ext_register_number_snoop_reg[3], level0_i/blp/blp_i/ss_hif/inst/pcie/inst/cfg_ext_register_number_snoop_reg[5], level0_i/blp/blp_i/ss_hif/inst/pcie/inst/cfg_ext_register_number_snoop_reg[6], level0_i/blp/blp_i/ss_hif/inst/pcie/inst/cfg_ext_register_number_snoop_reg[7], level0_i/blp/blp_i/ss_hif/inst/pcie/inst/cfg_ext_register_number_snoop_reg[8], level0_i/blp/blp_i/ss_hif/inst/pcie/inst/cfg_ext_write_byte_enable_snoop_reg[0], level0_i/blp/blp_i/ss_hif/inst/pcie/inst/cfg_ext_write_byte_enable_snoop_reg[1], level0_i/blp/blp_i/ss_hif/inst/pcie/inst/cfg_ext_write_byte_enable_snoop_reg[2], level0_i/blp/blp_i/ss_hif/inst/pcie/inst/cfg_ext_write_data_snoop_reg[10], level0_i/blp/blp_i/ss_hif/inst/pcie/inst/cfg_ext_write_data_snoop_reg[23]... and (the first 15 of 1819 listed)
WARNING: [DRC LOCE-1] Pblock ranges contradict LOC constraints on logic assigned to the Pblock: Pblock pblock_blp_slr2's ranges fail to contain LOC constraints on assigned instance level0_i/blp/blp_i/PLP/ss_fic/inst/data_firewalls_and_regslices/axi_firewall_data_h2c/inst/gen_mi.s_w_reg/state[s_ready_i]_i_2, level0_i/blp/blp_i/PLP/ss_fic/inst/data_firewalls_and_regslices/axi_firewall_data_h2c/inst/gen_mi.s_w_reg/state[s_ready_i]_i_3, and level0_i/blp/blp_i/PLP/ss_fic/inst/data_firewalls_and_regslices/axi_firewall_data_h2c/inst/gen_mi.s_w_reg/state_reg[s_ready_i]
WARNING: [DRC NTCN-8] CLOCK_DELAY_GROUP net segment not driven by buffer: Net (segment) level0_i/blp/blp_i/ss_hif/inst/pcie/inst/bd_39ab_pcie_0_gt_top_i/diablo_gt.diablo_gt_phy_wrapper/gt_wizard.gtwizard_top_i/bd_39ab_pcie_0_gt_i/inst/gen_gtwizard_gtye4_top.bd_39ab_pcie_0_gt_gtwizard_gtye4_inst/gen_gtwizard_gtye4.gen_channel_container[24].gen_enabled_channel.gtye4_channel_wrapper_inst/channel_inst/GTYE4_CHANNEL_TXOUTCLK[0] is assigned constraint CLOCK_DELAY_GROUP 'level0_i_blp_blp_i_ss_hif_inst_pcie_inst_group_i0' but is not the net segment directly connected to the driving clock buffer. Instead the driver is GTYE4_CHANNEL cell level0_i/blp/blp_i/ss_hif/inst/pcie/inst/bd_39ab_pcie_0_gt_top_i/diablo_gt.diablo_gt_phy_wrapper/gt_wizard.gtwizard_top_i/bd_39ab_pcie_0_gt_i/inst/gen_gtwizard_gtye4_top.bd_39ab_pcie_0_gt_gtwizard_gtye4_inst/gen_gtwizard_gtye4.gen_channel_container[24].gen_enabled_channel.gtye4_channel_wrapper_inst/channel_inst/gtye4_channel_gen.gen_gtye4_channel_inst[0].GTYE4_CHANNEL_PRIM_INST. In order to have your clock network properly constrained, the CLOCK_DELAY_GROUP constraint must be applied to the net segment directly driven by a clock buffer that requires its clock tree to be balanced. Please check your constraints.
WARNING: [DRC NTCN-8] CLOCK_DELAY_GROUP net segment not driven by buffer: Net (segment) level0_i/blp/blp_i/ss_hif/inst/pcie/inst/bd_39ab_pcie_0_gt_top_i/diablo_gt.diablo_gt_phy_wrapper/gt_wizard.gtwizard_top_i/bd_39ab_pcie_0_gt_i/inst/gen_gtwizard_gtye4_top.bd_39ab_pcie_0_gt_gtwizard_gtye4_inst/gen_gtwizard_gtye4.gen_channel_container[24].gen_enabled_channel.gtye4_channel_wrapper_inst/channel_inst/GTYE4_CHANNEL_TXOUTCLK[1] is assigned constraint CLOCK_DELAY_GROUP 'level0_i_blp_blp_i_ss_hif_inst_pcie_inst_group_i0' but is not the net segment directly connected to the driving clock buffer. Instead the driver is GTYE4_CHANNEL cell level0_i/blp/blp_i/ss_hif/inst/pcie/inst/bd_39ab_pcie_0_gt_top_i/diablo_gt.diablo_gt_phy_wrapper/gt_wizard.gtwizard_top_i/bd_39ab_pcie_0_gt_i/inst/gen_gtwizard_gtye4_top.bd_39ab_pcie_0_gt_gtwizard_gtye4_inst/gen_gtwizard_gtye4.gen_channel_container[24].gen_enabled_channel.gtye4_channel_wrapper_inst/channel_inst/gtye4_channel_gen.gen_gtye4_channel_inst[1].GTYE4_CHANNEL_PRIM_INST. In order to have your clock network properly constrained, the CLOCK_DELAY_GROUP constraint must be applied to the net segment directly driven by a clock buffer that requires its clock tree to be balanced. Please check your constraints.
WARNING: [DRC NTCN-8] CLOCK_DELAY_GROUP net segment not driven by buffer: Net (segment) level0_i/blp/blp_i/ss_hif/inst/pcie/inst/bd_39ab_pcie_0_gt_top_i/diablo_gt.diablo_gt_phy_wrapper/gt_wizard.gtwizard_top_i/bd_39ab_pcie_0_gt_i/inst/gen_gtwizard_gtye4_top.bd_39ab_pcie_0_gt_gtwizard_gtye4_inst/gen_gtwizard_gtye4.gen_channel_container[24].gen_enabled_channel.gtye4_channel_wrapper_inst/channel_inst/GTYE4_CHANNEL_TXOUTCLK[2] is assigned constraint CLOCK_DELAY_GROUP 'level0_i_blp_blp_i_ss_hif_inst_pcie_inst_group_i0' but is not the net segment directly connected to the driving clock buffer. Instead the driver is GTYE4_CHANNEL cell level0_i/blp/blp_i/ss_hif/inst/pcie/inst/bd_39ab_pcie_0_gt_top_i/diablo_gt.diablo_gt_phy_wrapper/gt_wizard.gtwizard_top_i/bd_39ab_pcie_0_gt_i/inst/gen_gtwizard_gtye4_top.bd_39ab_pcie_0_gt_gtwizard_gtye4_inst/gen_gtwizard_gtye4.gen_channel_container[24].gen_enabled_channel.gtye4_channel_wrapper_inst/channel_inst/gtye4_channel_gen.gen_gtye4_channel_inst[2].GTYE4_CHANNEL_PRIM_INST. In order to have your clock network properly constrained, the CLOCK_DELAY_GROUP constraint must be applied to the net segment directly driven by a clock buffer that requires its clock tree to be balanced. Please check your constraints.
WARNING: [DRC NTCN-8] CLOCK_DELAY_GROUP net segment not driven by buffer: Net (segment) level0_i/blp/blp_i/ss_hif/inst/pcie/inst/bd_39ab_pcie_0_gt_top_i/diablo_gt.diablo_gt_phy_wrapper/gt_wizard.gtwizard_top_i/bd_39ab_pcie_0_gt_i/inst/gen_gtwizard_gtye4_top.bd_39ab_pcie_0_gt_gtwizard_gtye4_inst/gen_gtwizard_gtye4.gen_channel_container[24].gen_enabled_channel.gtye4_channel_wrapper_inst/channel_inst/GTYE4_CHANNEL_TXOUTCLK[3] is assigned constraint CLOCK_DELAY_GROUP 'level0_i_blp_blp_i_ss_hif_inst_pcie_inst_group_i0' but is not the net segment directly connected to the driving clock buffer. Instead the driver is GTYE4_CHANNEL cell level0_i/blp/blp_i/ss_hif/inst/pcie/inst/bd_39ab_pcie_0_gt_top_i/diablo_gt.diablo_gt_phy_wrapper/gt_wizard.gtwizard_top_i/bd_39ab_pcie_0_gt_i/inst/gen_gtwizard_gtye4_top.bd_39ab_pcie_0_gt_gtwizard_gtye4_inst/gen_gtwizard_gtye4.gen_channel_container[24].gen_enabled_channel.gtye4_channel_wrapper_inst/channel_inst/gtye4_channel_gen.gen_gtye4_channel_inst[3].GTYE4_CHANNEL_PRIM_INST. In order to have your clock network properly constrained, the CLOCK_DELAY_GROUP constraint must be applied to the net segment directly driven by a clock buffer that requires its clock tree to be balanced. Please check your constraints.
WARNING: [DRC NTCN-8] CLOCK_DELAY_GROUP net segment not driven by buffer: Net (segment) level0_i/blp/blp_i/ss_hif/inst/pcie/inst/bd_39ab_pcie_0_gt_top_i/diablo_gt.diablo_gt_phy_wrapper/gt_wizard.gtwizard_top_i/bd_39ab_pcie_0_gt_i/inst/gen_gtwizard_gtye4_top.bd_39ab_pcie_0_gt_gtwizard_gtye4_inst/gen_gtwizard_gtye4.gen_channel_container[25].gen_enabled_channel.gtye4_channel_wrapper_inst/channel_inst/GTYE4_CHANNEL_TXOUTCLK[0] is assigned constraint CLOCK_DELAY_GROUP 'level0_i_blp_blp_i_ss_hif_inst_pcie_inst_group_i0' but is not the net segment directly connected to the driving clock buffer. Instead the driver is GTYE4_CHANNEL cell level0_i/blp/blp_i/ss_hif/inst/pcie/inst/bd_39ab_pcie_0_gt_top_i/diablo_gt.diablo_gt_phy_wrapper/gt_wizard.gtwizard_top_i/bd_39ab_pcie_0_gt_i/inst/gen_gtwizard_gtye4_top.bd_39ab_pcie_0_gt_gtwizard_gtye4_inst/gen_gtwizard_gtye4.gen_channel_container[25].gen_enabled_channel.gtye4_channel_wrapper_inst/channel_inst/gtye4_channel_gen.gen_gtye4_channel_inst[0].GTYE4_CHANNEL_PRIM_INST. In order to have your clock network properly constrained, the CLOCK_DELAY_GROUP constraint must be applied to the net segment directly driven by a clock buffer that requires its clock tree to be balanced. Please check your constraints.
WARNING: [DRC NTCN-8] CLOCK_DELAY_GROUP net segment not driven by buffer: Net (segment) level0_i/blp/blp_i/ss_hif/inst/pcie/inst/bd_39ab_pcie_0_gt_top_i/diablo_gt.diablo_gt_phy_wrapper/gt_wizard.gtwizard_top_i/bd_39ab_pcie_0_gt_i/inst/gen_gtwizard_gtye4_top.bd_39ab_pcie_0_gt_gtwizard_gtye4_inst/gen_gtwizard_gtye4.gen_channel_container[25].gen_enabled_channel.gtye4_channel_wrapper_inst/channel_inst/GTYE4_CHANNEL_TXOUTCLK[1] is assigned constraint CLOCK_DELAY_GROUP 'level0_i_blp_blp_i_ss_hif_inst_pcie_inst_group_i0' but is not the net segment directly connected to the driving clock buffer. Instead the driver is GTYE4_CHANNEL cell level0_i/blp/blp_i/ss_hif/inst/pcie/inst/bd_39ab_pcie_0_gt_top_i/diablo_gt.diablo_gt_phy_wrapper/gt_wizard.gtwizard_top_i/bd_39ab_pcie_0_gt_i/inst/gen_gtwizard_gtye4_top.bd_39ab_pcie_0_gt_gtwizard_gtye4_inst/gen_gtwizard_gtye4.gen_channel_container[25].gen_enabled_channel.gtye4_channel_wrapper_inst/channel_inst/gtye4_channel_gen.gen_gtye4_channel_inst[1].GTYE4_CHANNEL_PRIM_INST. In order to have your clock network properly constrained, the CLOCK_DELAY_GROUP constraint must be applied to the net segment directly driven by a clock buffer that requires its clock tree to be balanced. Please check your constraints.
WARNING: [DRC NTCN-8] CLOCK_DELAY_GROUP net segment not driven by buffer: Net (segment) level0_i/blp/blp_i/ss_hif/inst/pcie/inst/bd_39ab_pcie_0_gt_top_i/diablo_gt.diablo_gt_phy_wrapper/gt_wizard.gtwizard_top_i/bd_39ab_pcie_0_gt_i/inst/gen_gtwizard_gtye4_top.bd_39ab_pcie_0_gt_gtwizard_gtye4_inst/gen_gtwizard_gtye4.gen_channel_container[25].gen_enabled_channel.gtye4_channel_wrapper_inst/channel_inst/GTYE4_CHANNEL_TXOUTCLK[2] is assigned constraint CLOCK_DELAY_GROUP 'level0_i_blp_blp_i_ss_hif_inst_pcie_inst_group_i0' but is not the net segment directly connected to the driving clock buffer. Instead the driver is GTYE4_CHANNEL cell level0_i/blp/blp_i/ss_hif/inst/pcie/inst/bd_39ab_pcie_0_gt_top_i/diablo_gt.diablo_gt_phy_wrapper/gt_wizard.gtwizard_top_i/bd_39ab_pcie_0_gt_i/inst/gen_gtwizard_gtye4_top.bd_39ab_pcie_0_gt_gtwizard_gtye4_inst/gen_gtwizard_gtye4.gen_channel_container[25].gen_enabled_channel.gtye4_channel_wrapper_inst/channel_inst/gtye4_channel_gen.gen_gtye4_channel_inst[2].GTYE4_CHANNEL_PRIM_INST. In order to have your clock network properly constrained, the CLOCK_DELAY_GROUP constraint must be applied to the net segment directly driven by a clock buffer that requires its clock tree to be balanced. Please check your constraints.
WARNING: [DRC NTCN-8] CLOCK_DELAY_GROUP net segment not driven by buffer: Net (segment) level0_i/blp/blp_i/ss_hif/inst/pcie/inst/bd_39ab_pcie_0_gt_top_i/diablo_gt.diablo_gt_phy_wrapper/gt_wizard.gtwizard_top_i/bd_39ab_pcie_0_gt_i/inst/gen_gtwizard_gtye4_top.bd_39ab_pcie_0_gt_gtwizard_gtye4_inst/gen_gtwizard_gtye4.gen_channel_container[25].gen_enabled_channel.gtye4_channel_wrapper_inst/channel_inst/GTYE4_CHANNEL_TXOUTCLK[3] is assigned constraint CLOCK_DELAY_GROUP 'level0_i_blp_blp_i_ss_hif_inst_pcie_inst_group_i0' but is not the net segment directly connected to the driving clock buffer. Instead the driver is GTYE4_CHANNEL cell level0_i/blp/blp_i/ss_hif/inst/pcie/inst/bd_39ab_pcie_0_gt_top_i/diablo_gt.diablo_gt_phy_wrapper/gt_wizard.gtwizard_top_i/bd_39ab_pcie_0_gt_i/inst/gen_gtwizard_gtye4_top.bd_39ab_pcie_0_gt_gtwizard_gtye4_inst/gen_gtwizard_gtye4.gen_channel_container[25].gen_enabled_channel.gtye4_channel_wrapper_inst/channel_inst/gtye4_channel_gen.gen_gtye4_channel_inst[3].GTYE4_CHANNEL_PRIM_INST. In order to have your clock network properly constrained, the CLOCK_DELAY_GROUP constraint must be applied to the net segment directly driven by a clock buffer that requires its clock tree to be balanced. Please check your constraints.
WARNING: [DRC NTCN-8] CLOCK_DELAY_GROUP net segment not driven by buffer: Net (segment) level0_i/blp/blp_i/ss_hif/inst/pcie/inst/bd_39ab_pcie_0_gt_top_i/diablo_gt.diablo_gt_phy_wrapper/gt_wizard.gtwizard_top_i/bd_39ab_pcie_0_gt_i/inst/gen_gtwizard_gtye4_top.bd_39ab_pcie_0_gt_gtwizard_gtye4_inst/gen_gtwizard_gtye4.gen_channel_container[26].gen_enabled_channel.gtye4_channel_wrapper_inst/channel_inst/GTYE4_CHANNEL_TXOUTCLK[0] is assigned constraint CLOCK_DELAY_GROUP 'level0_i_blp_blp_i_ss_hif_inst_pcie_inst_group_i0' but is not the net segment directly connected to the driving clock buffer. Instead the driver is GTYE4_CHANNEL cell level0_i/blp/blp_i/ss_hif/inst/pcie/inst/bd_39ab_pcie_0_gt_top_i/diablo_gt.diablo_gt_phy_wrapper/gt_wizard.gtwizard_top_i/bd_39ab_pcie_0_gt_i/inst/gen_gtwizard_gtye4_top.bd_39ab_pcie_0_gt_gtwizard_gtye4_inst/gen_gtwizard_gtye4.gen_channel_container[26].gen_enabled_channel.gtye4_channel_wrapper_inst/channel_inst/gtye4_channel_gen.gen_gtye4_channel_inst[0].GTYE4_CHANNEL_PRIM_INST. In order to have your clock network properly constrained, the CLOCK_DELAY_GROUP constraint must be applied to the net segment directly driven by a clock buffer that requires its clock tree to be balanced. Please check your constraints.
WARNING: [DRC NTCN-8] CLOCK_DELAY_GROUP net segment not driven by buffer: Net (segment) level0_i/blp/blp_i/ss_hif/inst/pcie/inst/bd_39ab_pcie_0_gt_top_i/diablo_gt.diablo_gt_phy_wrapper/gt_wizard.gtwizard_top_i/bd_39ab_pcie_0_gt_i/inst/gen_gtwizard_gtye4_top.bd_39ab_pcie_0_gt_gtwizard_gtye4_inst/gen_gtwizard_gtye4.gen_channel_container[26].gen_enabled_channel.gtye4_channel_wrapper_inst/channel_inst/GTYE4_CHANNEL_TXOUTCLK[1] is assigned constraint CLOCK_DELAY_GROUP 'level0_i_blp_blp_i_ss_hif_inst_pcie_inst_group_i0' but is not the net segment directly connected to the driving clock buffer. Instead the driver is GTYE4_CHANNEL cell level0_i/blp/blp_i/ss_hif/inst/pcie/inst/bd_39ab_pcie_0_gt_top_i/diablo_gt.diablo_gt_phy_wrapper/gt_wizard.gtwizard_top_i/bd_39ab_pcie_0_gt_i/inst/gen_gtwizard_gtye4_top.bd_39ab_pcie_0_gt_gtwizard_gtye4_inst/gen_gtwizard_gtye4.gen_channel_container[26].gen_enabled_channel.gtye4_channel_wrapper_inst/channel_inst/gtye4_channel_gen.gen_gtye4_channel_inst[1].GTYE4_CHANNEL_PRIM_INST. In order to have your clock network properly constrained, the CLOCK_DELAY_GROUP constraint must be applied to the net segment directly driven by a clock buffer that requires its clock tree to be balanced. Please check your constraints.
WARNING: [DRC NTCN-8] CLOCK_DELAY_GROUP net segment not driven by buffer: Net (segment) level0_i/blp/blp_i/ss_hif/inst/pcie/inst/bd_39ab_pcie_0_gt_top_i/diablo_gt.diablo_gt_phy_wrapper/gt_wizard.gtwizard_top_i/bd_39ab_pcie_0_gt_i/inst/gen_gtwizard_gtye4_top.bd_39ab_pcie_0_gt_gtwizard_gtye4_inst/gen_gtwizard_gtye4.gen_channel_container[26].gen_enabled_channel.gtye4_channel_wrapper_inst/channel_inst/GTYE4_CHANNEL_TXOUTCLK[2] is assigned constraint CLOCK_DELAY_GROUP 'level0_i_blp_blp_i_ss_hif_inst_pcie_inst_group_i0' but is not the net segment directly connected to the driving clock buffer. Instead the driver is GTYE4_CHANNEL cell level0_i/blp/blp_i/ss_hif/inst/pcie/inst/bd_39ab_pcie_0_gt_top_i/diablo_gt.diablo_gt_phy_wrapper/gt_wizard.gtwizard_top_i/bd_39ab_pcie_0_gt_i/inst/gen_gtwizard_gtye4_top.bd_39ab_pcie_0_gt_gtwizard_gtye4_inst/gen_gtwizard_gtye4.gen_channel_container[26].gen_enabled_channel.gtye4_channel_wrapper_inst/channel_inst/gtye4_channel_gen.gen_gtye4_channel_inst[2].GTYE4_CHANNEL_PRIM_INST. In order to have your clock network properly constrained, the CLOCK_DELAY_GROUP constraint must be applied to the net segment directly driven by a clock buffer that requires its clock tree to be balanced. Please check your constraints.
WARNING: [DRC NTCN-8] CLOCK_DELAY_GROUP net segment not driven by buffer: Net (segment) level0_i/blp/blp_i/ss_hif/inst/pcie/inst/bd_39ab_pcie_0_gt_top_i/diablo_gt.diablo_gt_phy_wrapper/gt_wizard.gtwizard_top_i/bd_39ab_pcie_0_gt_i/inst/gen_gtwizard_gtye4_top.bd_39ab_pcie_0_gt_gtwizard_gtye4_inst/gen_gtwizard_gtye4.gen_channel_container[26].gen_enabled_channel.gtye4_channel_wrapper_inst/channel_inst/GTYE4_CHANNEL_TXOUTCLK[3] is assigned constraint CLOCK_DELAY_GROUP 'level0_i_blp_blp_i_ss_hif_inst_pcie_inst_group_i0' but is not the net segment directly connected to the driving clock buffer. Instead the driver is GTYE4_CHANNEL cell level0_i/blp/blp_i/ss_hif/inst/pcie/inst/bd_39ab_pcie_0_gt_top_i/diablo_gt.diablo_gt_phy_wrapper/gt_wizard.gtwizard_top_i/bd_39ab_pcie_0_gt_i/inst/gen_gtwizard_gtye4_top.bd_39ab_pcie_0_gt_gtwizard_gtye4_inst/gen_gtwizard_gtye4.gen_channel_container[26].gen_enabled_channel.gtye4_channel_wrapper_inst/channel_inst/gtye4_channel_gen.gen_gtye4_channel_inst[3].GTYE4_CHANNEL_PRIM_INST. In order to have your clock network properly constrained, the CLOCK_DELAY_GROUP constraint must be applied to the net segment directly driven by a clock buffer that requires its clock tree to be balanced. Please check your constraints.
WARNING: [DRC NTCN-8] CLOCK_DELAY_GROUP net segment not driven by buffer: Net (segment) level0_i/blp/blp_i/ss_hif/inst/pcie/inst/bd_39ab_pcie_0_gt_top_i/diablo_gt.diablo_gt_phy_wrapper/gt_wizard.gtwizard_top_i/bd_39ab_pcie_0_gt_i/inst/gen_gtwizard_gtye4_top.bd_39ab_pcie_0_gt_gtwizard_gtye4_inst/gen_gtwizard_gtye4.gen_channel_container[27].gen_enabled_channel.gtye4_channel_wrapper_inst/channel_inst/GTYE4_CHANNEL_TXOUTCLK[0] is assigned constraint CLOCK_DELAY_GROUP 'level0_i_blp_blp_i_ss_hif_inst_pcie_inst_group_i0' but is not the net segment directly connected to the driving clock buffer. Instead the driver is GTYE4_CHANNEL cell level0_i/blp/blp_i/ss_hif/inst/pcie/inst/bd_39ab_pcie_0_gt_top_i/diablo_gt.diablo_gt_phy_wrapper/gt_wizard.gtwizard_top_i/bd_39ab_pcie_0_gt_i/inst/gen_gtwizard_gtye4_top.bd_39ab_pcie_0_gt_gtwizard_gtye4_inst/gen_gtwizard_gtye4.gen_channel_container[27].gen_enabled_channel.gtye4_channel_wrapper_inst/channel_inst/gtye4_channel_gen.gen_gtye4_channel_inst[0].GTYE4_CHANNEL_PRIM_INST. In order to have your clock network properly constrained, the CLOCK_DELAY_GROUP constraint must be applied to the net segment directly driven by a clock buffer that requires its clock tree to be balanced. Please check your constraints.
WARNING: [DRC NTCN-8] CLOCK_DELAY_GROUP net segment not driven by buffer: Net (segment) level0_i/blp/blp_i/ss_hif/inst/pcie/inst/bd_39ab_pcie_0_gt_top_i/diablo_gt.diablo_gt_phy_wrapper/gt_wizard.gtwizard_top_i/bd_39ab_pcie_0_gt_i/inst/gen_gtwizard_gtye4_top.bd_39ab_pcie_0_gt_gtwizard_gtye4_inst/gen_gtwizard_gtye4.gen_channel_container[27].gen_enabled_channel.gtye4_channel_wrapper_inst/channel_inst/GTYE4_CHANNEL_TXOUTCLK[1] is assigned constraint CLOCK_DELAY_GROUP 'level0_i_blp_blp_i_ss_hif_inst_pcie_inst_group_i0' but is not the net segment directly connected to the driving clock buffer. Instead the driver is GTYE4_CHANNEL cell level0_i/blp/blp_i/ss_hif/inst/pcie/inst/bd_39ab_pcie_0_gt_top_i/diablo_gt.diablo_gt_phy_wrapper/gt_wizard.gtwizard_top_i/bd_39ab_pcie_0_gt_i/inst/gen_gtwizard_gtye4_top.bd_39ab_pcie_0_gt_gtwizard_gtye4_inst/gen_gtwizard_gtye4.gen_channel_container[27].gen_enabled_channel.gtye4_channel_wrapper_inst/channel_inst/gtye4_channel_gen.gen_gtye4_channel_inst[1].GTYE4_CHANNEL_PRIM_INST. In order to have your clock network properly constrained, the CLOCK_DELAY_GROUP constraint must be applied to the net segment directly driven by a clock buffer that requires its clock tree to be balanced. Please check your constraints.
WARNING: [DRC NTCN-8] CLOCK_DELAY_GROUP net segment not driven by buffer: Net (segment) level0_i/blp/blp_i/ss_hif/inst/pcie/inst/bd_39ab_pcie_0_gt_top_i/diablo_gt.diablo_gt_phy_wrapper/gt_wizard.gtwizard_top_i/bd_39ab_pcie_0_gt_i/inst/gen_gtwizard_gtye4_top.bd_39ab_pcie_0_gt_gtwizard_gtye4_inst/gen_gtwizard_gtye4.gen_channel_container[27].gen_enabled_channel.gtye4_channel_wrapper_inst/channel_inst/GTYE4_CHANNEL_TXOUTCLK[2] is assigned constraint CLOCK_DELAY_GROUP 'level0_i_blp_blp_i_ss_hif_inst_pcie_inst_group_i0' but is not the net segment directly connected to the driving clock buffer. Instead the driver is GTYE4_CHANNEL cell level0_i/blp/blp_i/ss_hif/inst/pcie/inst/bd_39ab_pcie_0_gt_top_i/diablo_gt.diablo_gt_phy_wrapper/gt_wizard.gtwizard_top_i/bd_39ab_pcie_0_gt_i/inst/gen_gtwizard_gtye4_top.bd_39ab_pcie_0_gt_gtwizard_gtye4_inst/gen_gtwizard_gtye4.gen_channel_container[27].gen_enabled_channel.gtye4_channel_wrapper_inst/channel_inst/gtye4_channel_gen.gen_gtye4_channel_inst[2].GTYE4_CHANNEL_PRIM_INST. In order to have your clock network properly constrained, the CLOCK_DELAY_GROUP constraint must be applied to the net segment directly driven by a clock buffer that requires its clock tree to be balanced. Please check your constraints.
WARNING: [DRC NTCN-8] CLOCK_DELAY_GROUP net segment not driven by buffer: Net (segment) level0_i/blp/blp_i/ss_hif/inst/pcie/inst/bd_39ab_pcie_0_gt_top_i/diablo_gt.diablo_gt_phy_wrapper/gt_wizard.gtwizard_top_i/bd_39ab_pcie_0_gt_i/inst/gen_gtwizard_gtye4_top.bd_39ab_pcie_0_gt_gtwizard_gtye4_inst/gen_gtwizard_gtye4.gen_channel_container[27].gen_enabled_channel.gtye4_channel_wrapper_inst/channel_inst/GTYE4_CHANNEL_TXOUTCLK[3] is assigned constraint CLOCK_DELAY_GROUP 'level0_i_blp_blp_i_ss_hif_inst_pcie_inst_group_i0' but is not the net segment directly connected to the driving clock buffer. Instead the driver is GTYE4_CHANNEL cell level0_i/blp/blp_i/ss_hif/inst/pcie/inst/bd_39ab_pcie_0_gt_top_i/diablo_gt.diablo_gt_phy_wrapper/gt_wizard.gtwizard_top_i/bd_39ab_pcie_0_gt_i/inst/gen_gtwizard_gtye4_top.bd_39ab_pcie_0_gt_gtwizard_gtye4_inst/gen_gtwizard_gtye4.gen_channel_container[27].gen_enabled_channel.gtye4_channel_wrapper_inst/channel_inst/gtye4_channel_gen.gen_gtye4_channel_inst[3].GTYE4_CHANNEL_PRIM_INST. In order to have your clock network properly constrained, the CLOCK_DELAY_GROUP constraint must be applied to the net segment directly driven by a clock buffer that requires its clock tree to be balanced. Please check your constraints.
WARNING: [DRC PDCN-1569] LUT equation term check: Used physical LUT pin 'A1' of cell level0_i/blp/blp_i/ss_cmp/inst/jtag_fallback/inst/bs_switch/inst/BSCAN_SWITCH.N_EXT_BSCAN.bscan_switch/temp_curid[31]_i_1 (pin level0_i/blp/blp_i/ss_cmp/inst/jtag_fallback/inst/bs_switch/inst/BSCAN_SWITCH.N_EXT_BSCAN.bscan_switch/temp_curid[31]_i_1/I0) is not included in the LUT equation: 'O5=(A4*A2)+(A4*(~A2)*(~A5))+((~A4))'. If this cell is a user instantiated LUT in the design, please remove connectivity to the pin or change the equation and/or INIT string of the LUT to prevent this issue. If the cell is inferred or IP created LUT, please regenerate the IP and/or resynthesize the design to attempt to correct the issue.
WARNING: [DRC PDCN-1569] LUT equation term check: Used physical LUT pin 'A1' of cell level0_i/blp/blp_i/ss_cmp/inst/mgmt_debug_bridge/inst/bs_switch/inst/BSCAN_SWITCH.EXT_BSCAN.bscan_switch/temp_curid[31]_i_1 (pin level0_i/blp/blp_i/ss_cmp/inst/mgmt_debug_bridge/inst/bs_switch/inst/BSCAN_SWITCH.EXT_BSCAN.bscan_switch/temp_curid[31]_i_1/I1) is not included in the LUT equation: 'O6=(A6+~A6)*((A5*A4)+(A5*(~A4)*(~A2))+((~A5)))'. If this cell is a user instantiated LUT in the design, please remove connectivity to the pin or change the equation and/or INIT string of the LUT to prevent this issue. If the cell is inferred or IP created LUT, please regenerate the IP and/or resynthesize the design to attempt to correct the issue.
WARNING: [DRC PDCN-1569] LUT equation term check: Used physical LUT pin 'A1' of cell level0_i/blp/blp_i/ss_cmp/inst/mgmt_debug_hub/inst/bs_switch/inst/BSCAN_SWITCH.EXT_BSCAN.bscan_switch/temp_curid[31]_i_1 (pin level0_i/blp/blp_i/ss_cmp/inst/mgmt_debug_hub/inst/bs_switch/inst/BSCAN_SWITCH.EXT_BSCAN.bscan_switch/temp_curid[31]_i_1/I1) is not included in the LUT equation: 'O6=(A6+~A6)*((A4*A3)+(A4*(~A3)*(~A5))+((~A4)))'. If this cell is a user instantiated LUT in the design, please remove connectivity to the pin or change the equation and/or INIT string of the LUT to prevent this issue. If the cell is inferred or IP created LUT, please regenerate the IP and/or resynthesize the design to attempt to correct the issue.
WARNING: [DRC PDCN-1569] LUT equation term check: Used physical LUT pin 'A1' of cell level0_i/blp/blp_i/ss_hif/inst/pcie/inst/debug_wrapper_U/jtag_axi4l_m_inst/inst/jtag_axi_engine_u/wr_cmd_fifo_i/inst_fifo_gen/gconvfifo.rf/grf.rf/gntv_or_sync_fifo.gl0.rd/gr1.gr1_int.rfwft/gpregsm1.curr_fwft_state[0]_i_1__1 (pin level0_i/blp/blp_i/ss_hif/inst/pcie/inst/debug_wrapper_U/jtag_axi4l_m_inst/inst/jtag_axi_engine_u/wr_cmd_fifo_i/inst_fifo_gen/gconvfifo.rf/grf.rf/gntv_or_sync_fifo.gl0.rd/gr1.gr1_int.rfwft/gpregsm1.curr_fwft_state[0]_i_1__1/I1) is not included in the LUT equation: 'O6=(A6+~A6)*((A3)+((~A3)*(~A2)*A4))'. If this cell is a user instantiated LUT in the design, please remove connectivity to the pin or change the equation and/or INIT string of the LUT to prevent this issue. If the cell is inferred or IP created LUT, please regenerate the IP and/or resynthesize the design to attempt to correct the issue.
WARNING: [DRC PDCN-1569] LUT equation term check: Used physical LUT pin 'A2' of cell level0_i/blp/blp_i/PLP/plp_axi/axi_ic_data_p2p/m01_couplers/auto_ds/inst/gen_downsizer.gen_simple_downsizer.axi_downsizer_inst/USE_WRITE.write_addr_inst/cmd_queue/inst/fifo_gen_inst/inst_fifo_gen/gconvfifo.rf/grf.rf/gntv_or_sync_fifo.gl0.rd/gr1.gr1_int.rfwft/gpregsm1.user_valid_i_1 (pin level0_i/blp/blp_i/PLP/plp_axi/axi_ic_data_p2p/m01_couplers/auto_ds/inst/gen_downsizer.gen_simple_downsizer.axi_downsizer_inst/USE_WRITE.write_addr_inst/cmd_queue/inst/fifo_gen_inst/inst_fifo_gen/gconvfifo.rf/grf.rf/gntv_or_sync_fifo.gl0.rd/gr1.gr1_int.rfwft/gpregsm1.user_valid_i_1/I1) is not included in the LUT equation: 'O5=(A5)+((~A5)*(~A3)*A4)'. If this cell is a user instantiated LUT in the design, please remove connectivity to the pin or change the equation and/or INIT string of the LUT to prevent this issue. If the cell is inferred or IP created LUT, please regenerate the IP and/or resynthesize the design to attempt to correct the issue.
WARNING: [DRC PDCN-1569] LUT equation term check: Used physical LUT pin 'A2' of cell level0_i/blp/blp_i/PLP/ss_cmp/inst/jtag_axi_master/inst/jtag_axi_engine_u/rd_cmd_fifo_i/inst_fifo_gen/gconvfifo.rf/grf.rf/gntv_or_sync_fifo.gl0.rd/gr1.gr1_int.rfwft/gpregsm1.curr_fwft_state[0]_i_1__2 (pin level0_i/blp/blp_i/PLP/ss_cmp/inst/jtag_axi_master/inst/jtag_axi_engine_u/rd_cmd_fifo_i/inst_fifo_gen/gconvfifo.rf/grf.rf/gntv_or_sync_fifo.gl0.rd/gr1.gr1_int.rfwft/gpregsm1.curr_fwft_state[0]_i_1__2/I1) is not included in the LUT equation: 'O5=(A5)+((~A5)*(~A4)*A1)'. If this cell is a user instantiated LUT in the design, please remove connectivity to the pin or change the equation and/or INIT string of the LUT to prevent this issue. If the cell is inferred or IP created LUT, please regenerate the IP and/or resynthesize the design to attempt to correct the issue.
WARNING: [DRC PDCN-1569] LUT equation term check: Used physical LUT pin 'A2' of cell level0_i/blp/blp_i/PLP/ss_cmp/inst/jtag_axi_master/inst/jtag_axi_engine_u/tx_fifo_i/inst_fifo_gen/gconvfifo.rf/grf.rf/gntv_or_sync_fifo.gl0.rd/gr1.gr1_int.rfwft/gpregsm1.user_valid_i_1__0 (pin level0_i/blp/blp_i/PLP/ss_cmp/inst/jtag_axi_master/inst/jtag_axi_engine_u/tx_fifo_i/inst_fifo_gen/gconvfifo.rf/grf.rf/gntv_or_sync_fifo.gl0.rd/gr1.gr1_int.rfwft/gpregsm1.user_valid_i_1__0/I1) is not included in the LUT equation: 'O6=(A6)+((~A6)*(~A5)*A3)'. If this cell is a user instantiated LUT in the design, please remove connectivity to the pin or change the equation and/or INIT string of the LUT to prevent this issue. If the cell is inferred or IP created LUT, please regenerate the IP and/or resynthesize the design to attempt to correct the issue.
WARNING: [DRC PDCN-1569] LUT equation term check: Used physical LUT pin 'A2' of cell level0_i/blp/blp_i/ss_cmp/inst/mgmt_debug_bridge/inst/bs_switch_1/inst/BSCAN_SWITCH.EXT_BSCAN.bscan_switch/temp_curid[31]_i_1 (pin level0_i/blp/blp_i/ss_cmp/inst/mgmt_debug_bridge/inst/bs_switch_1/inst/BSCAN_SWITCH.EXT_BSCAN.bscan_switch/temp_curid[31]_i_1/I0) is not included in the LUT equation: 'O6=(A6+~A6)*((A3*A5)+(A3*(~A5)*(~A1))+((~A3)))'. If this cell is a user instantiated LUT in the design, please remove connectivity to the pin or change the equation and/or INIT string of the LUT to prevent this issue. If the cell is inferred or IP created LUT, please regenerate the IP and/or resynthesize the design to attempt to correct the issue.
WARNING: [DRC PDCN-1569] LUT equation term check: Used physical LUT pin 'A2' of cell level0_i/blp/blp_i/ss_cmp/inst/mgmt_debug_hub/inst/bs_switch/inst/BSCAN_SWITCH.EXT_BSCAN.bscan_switch/temp_curid[31]_i_1 (pin level0_i/blp/blp_i/ss_cmp/inst/mgmt_debug_hub/inst/bs_switch/inst/BSCAN_SWITCH.EXT_BSCAN.bscan_switch/temp_curid[31]_i_1/I0) is not included in the LUT equation: 'O6=(A6+~A6)*((A4*A3)+(A4*(~A3)*(~A5))+((~A4)))'. If this cell is a user instantiated LUT in the design, please remove connectivity to the pin or change the equation and/or INIT string of the LUT to prevent this issue. If the cell is inferred or IP created LUT, please regenerate the IP and/or resynthesize the design to attempt to correct the issue.
WARNING: [DRC PDCN-1569] LUT equation term check: Used physical LUT pin 'A2' of cell level0_i/blp/blp_i/ss_hif/inst/pcie/inst/debug_wrapper_U/jtag_axi4l_m_inst/inst/jtag_axi_engine_u/tx_fifo_i/inst_fifo_gen/gconvfifo.rf/grf.rf/gntv_or_sync_fifo.gl0.rd/gr1.gr1_int.rfwft/gpregsm1.curr_fwft_state[0]_i_1__0 (pin level0_i/blp/blp_i/ss_hif/inst/pcie/inst/debug_wrapper_U/jtag_axi4l_m_inst/inst/jtag_axi_engine_u/tx_fifo_i/inst_fifo_gen/gconvfifo.rf/grf.rf/gntv_or_sync_fifo.gl0.rd/gr1.gr1_int.rfwft/gpregsm1.curr_fwft_state[0]_i_1__0/I1) is not included in the LUT equation: 'O6=(A6+~A6)*((A4)+((~A4)*(~A1)*A5))'. If this cell is a user instantiated LUT in the design, please remove connectivity to the pin or change the equation and/or INIT string of the LUT to prevent this issue. If the cell is inferred or IP created LUT, please regenerate the IP and/or resynthesize the design to attempt to correct the issue.
WARNING: [DRC PDCN-1569] LUT equation term check: Used physical LUT pin 'A2' of cell level0_i/ulp/ulp_cmp/inst/user_debug_bridge/inst/bs_switch_1/inst/BSCAN_SWITCH.EXT_BSCAN.bscan_switch/temp_curid[31]_i_1 (pin level0_i/ulp/ulp_cmp/inst/user_debug_bridge/inst/bs_switch_1/inst/BSCAN_SWITCH.EXT_BSCAN.bscan_switch/temp_curid[31]_i_1/I1) is not included in the LUT equation: 'O6=(A6+~A6)*((A1*A4)+(A1*(~A4)*(~A3))+((~A1)))'. If this cell is a user instantiated LUT in the design, please remove connectivity to the pin or change the equation and/or INIT string of the LUT to prevent this issue. If the cell is inferred or IP created LUT, please regenerate the IP and/or resynthesize the design to attempt to correct the issue.
WARNING: [DRC PDCN-1569] LUT equation term check: Used physical LUT pin 'A3' of cell level0_i/blp/blp_i/PLP/plp_axi/axi_ic_data_p2p/m01_couplers/auto_ds/inst/gen_downsizer.gen_simple_downsizer.axi_downsizer_inst/USE_WRITE.write_addr_inst/USE_B_CHANNEL.cmd_b_queue/inst/fifo_gen_inst/inst_fifo_gen/gconvfifo.rf/grf.rf/gntv_or_sync_fifo.gl0.rd/gr1.gr1_int.rfwft/gpregsm1.user_valid_i_1 (pin level0_i/blp/blp_i/PLP/plp_axi/axi_ic_data_p2p/m01_couplers/auto_ds/inst/gen_downsizer.gen_simple_downsizer.axi_downsizer_inst/USE_WRITE.write_addr_inst/USE_B_CHANNEL.cmd_b_queue/inst/fifo_gen_inst/inst_fifo_gen/gconvfifo.rf/grf.rf/gntv_or_sync_fifo.gl0.rd/gr1.gr1_int.rfwft/gpregsm1.user_valid_i_1/I1) is not included in the LUT equation: 'O5=(A1)+((~A1)*(~A2)*A5)'. If this cell is a user instantiated LUT in the design, please remove connectivity to the pin or change the equation and/or INIT string of the LUT to prevent this issue. If the cell is inferred or IP created LUT, please regenerate the IP and/or resynthesize the design to attempt to correct the issue.
WARNING: [DRC PDCN-1569] LUT equation term check: Used physical LUT pin 'A3' of cell level0_i/blp/blp_i/PLP/ss_cmp/inst/jtag_axi_master/inst/jtag_axi_engine_u/rd_cmd_fifo_i/inst_fifo_gen/gconvfifo.rf/grf.rf/gntv_or_sync_fifo.gl0.rd/gr1.gr1_int.rfwft/gpregsm1.user_valid_i_1__2 (pin level0_i/blp/blp_i/PLP/ss_cmp/inst/jtag_axi_master/inst/jtag_axi_engine_u/rd_cmd_fifo_i/inst_fifo_gen/gconvfifo.rf/grf.rf/gntv_or_sync_fifo.gl0.rd/gr1.gr1_int.rfwft/gpregsm1.user_valid_i_1__2/I1) is not included in the LUT equation: 'O6=(A4)+((~A4)*(~A6)*A2)'. If this cell is a user instantiated LUT in the design, please remove connectivity to the pin or change the equation and/or INIT string of the LUT to prevent this issue. If the cell is inferred or IP created LUT, please regenerate the IP and/or resynthesize the design to attempt to correct the issue.
WARNING: [DRC PDCN-1569] LUT equation term check: Used physical LUT pin 'A3' of cell level0_i/blp/blp_i/ss_cmp/inst/jtag_fallback/inst/bs_switch/inst/BSCAN_SWITCH.N_EXT_BSCAN.bscan_switch/temp_curid[31]_i_1 (pin level0_i/blp/blp_i/ss_cmp/inst/jtag_fallback/inst/bs_switch/inst/BSCAN_SWITCH.N_EXT_BSCAN.bscan_switch/temp_curid[31]_i_1/I1) is not included in the LUT equation: 'O5=(A4*A2)+(A4*(~A2)*(~A5))+((~A4))'. If this cell is a user instantiated LUT in the design, please remove connectivity to the pin or change the equation and/or INIT string of the LUT to prevent this issue. If the cell is inferred or IP created LUT, please regenerate the IP and/or resynthesize the design to attempt to correct the issue.
WARNING: [DRC PDCN-1569] LUT equation term check: Used physical LUT pin 'A3' of cell level0_i/blp/blp_i/ss_cmp/inst/mgmt_debug_bridge/inst/bs_switch/inst/BSCAN_SWITCH.EXT_BSCAN.bscan_switch/temp_curid[31]_i_1 (pin level0_i/blp/blp_i/ss_cmp/inst/mgmt_debug_bridge/inst/bs_switch/inst/BSCAN_SWITCH.EXT_BSCAN.bscan_switch/temp_curid[31]_i_1/I0) is not included in the LUT equation: 'O6=(A6+~A6)*((A5*A4)+(A5*(~A4)*(~A2))+((~A5)))'. If this cell is a user instantiated LUT in the design, please remove connectivity to the pin or change the equation and/or INIT string of the LUT to prevent this issue. If the cell is inferred or IP created LUT, please regenerate the IP and/or resynthesize the design to attempt to correct the issue.
WARNING: [DRC PDCN-1569] LUT equation term check: Used physical LUT pin 'A3' of cell level0_i/blp/blp_i/ss_cmp/inst/mgmt_debug_hub/inst/xsdbm/inst/BSCANID.u_xsdbm_id/EXT_BSCAN.id_state[0]_i_1 (pin level0_i/blp/blp_i/ss_cmp/inst/mgmt_debug_hub/inst/xsdbm/inst/BSCANID.u_xsdbm_id/EXT_BSCAN.id_state[0]_i_1/I0) is not included in the LUT equation: 'O6=(A6+~A6)*((A5))'. If this cell is a user instantiated LUT in the design, please remove connectivity to the pin or change the equation and/or INIT string of the LUT to prevent this issue. If the cell is inferred or IP created LUT, please regenerate the IP and/or resynthesize the design to attempt to correct the issue.
WARNING: [DRC PDCN-1569] LUT equation term check: Used physical LUT pin 'A3' of cell level0_i/blp/blp_i/ss_hif/inst/pcie/inst/debug_wrapper_U/jtag_axi4l_m_inst/inst/jtag_axi_engine_u/rd_cmd_fifo_i/inst_fifo_gen/gconvfifo.rf/grf.rf/gntv_or_sync_fifo.gl0.rd/gr1.gr1_int.rfwft/gpregsm1.curr_fwft_state[0]_i_1__2 (pin level0_i/blp/blp_i/ss_hif/inst/pcie/inst/debug_wrapper_U/jtag_axi4l_m_inst/inst/jtag_axi_engine_u/rd_cmd_fifo_i/inst_fifo_gen/gconvfifo.rf/grf.rf/gntv_or_sync_fifo.gl0.rd/gr1.gr1_int.rfwft/gpregsm1.curr_fwft_state[0]_i_1__2/I1) is not included in the LUT equation: 'O6=(A6+~A6)*((A4)+((~A4)*(~A5)*A2))'. If this cell is a user instantiated LUT in the design, please remove connectivity to the pin or change the equation and/or INIT string of the LUT to prevent this issue. If the cell is inferred or IP created LUT, please regenerate the IP and/or resynthesize the design to attempt to correct the issue.
WARNING: [DRC PDCN-1569] LUT equation term check: Used physical LUT pin 'A3' of cell level0_i/blp/blp_i/ss_hif/inst/pcie/inst/debug_wrapper_U/jtag_axi4l_m_inst/inst/jtag_axi_engine_u/wr_cmd_fifo_i/inst_fifo_gen/gconvfifo.rf/grf.rf/gntv_or_sync_fifo.gl0.rd/gr1.gr1_int.rfwft/gpregsm1.user_valid_i_1__1 (pin level0_i/blp/blp_i/ss_hif/inst/pcie/inst/debug_wrapper_U/jtag_axi4l_m_inst/inst/jtag_axi_engine_u/wr_cmd_fifo_i/inst_fifo_gen/gconvfifo.rf/grf.rf/gntv_or_sync_fifo.gl0.rd/gr1.gr1_int.rfwft/gpregsm1.user_valid_i_1__1/I1) is not included in the LUT equation: 'O6=(A1)+((~A1)*(~A5)*A6)'. If this cell is a user instantiated LUT in the design, please remove connectivity to the pin or change the equation and/or INIT string of the LUT to prevent this issue. If the cell is inferred or IP created LUT, please regenerate the IP and/or resynthesize the design to attempt to correct the issue.
WARNING: [DRC PDCN-1569] LUT equation term check: Used physical LUT pin 'A4' of cell level0_i/blp/blp_i/PLP/plp_axi/axi_ic_data_p2p/m01_couplers/auto_ds/inst/gen_downsizer.gen_simple_downsizer.axi_downsizer_inst/USE_READ.read_addr_inst/cmd_queue/inst/fifo_gen_inst/inst_fifo_gen/gconvfifo.rf/grf.rf/gntv_or_sync_fifo.gl0.rd/gr1.gr1_int.rfwft/gpregsm1.user_valid_i_1 (pin level0_i/blp/blp_i/PLP/plp_axi/axi_ic_data_p2p/m01_couplers/auto_ds/inst/gen_downsizer.gen_simple_downsizer.axi_downsizer_inst/USE_READ.read_addr_inst/cmd_queue/inst/fifo_gen_inst/inst_fifo_gen/gconvfifo.rf/grf.rf/gntv_or_sync_fifo.gl0.rd/gr1.gr1_int.rfwft/gpregsm1.user_valid_i_1/I1) is not included in the LUT equation: 'O5=(A5)+((~A5)*(~A2)*A3)'. If this cell is a user instantiated LUT in the design, please remove connectivity to the pin or change the equation and/or INIT string of the LUT to prevent this issue. If the cell is inferred or IP created LUT, please regenerate the IP and/or resynthesize the design to attempt to correct the issue.
WARNING: [DRC PDCN-1569] LUT equation term check: Used physical LUT pin 'A4' of cell level0_i/blp/blp_i/PLP/ss_cmp/inst/jtag_axi_master/inst/jtag_axi_engine_u/wr_cmd_fifo_i/inst_fifo_gen/gconvfifo.rf/grf.rf/gntv_or_sync_fifo.gl0.rd/gr1.gr1_int.rfwft/gpregsm1.user_valid_i_1__1 (pin level0_i/blp/blp_i/PLP/ss_cmp/inst/jtag_axi_master/inst/jtag_axi_engine_u/wr_cmd_fifo_i/inst_fifo_gen/gconvfifo.rf/grf.rf/gntv_or_sync_fifo.gl0.rd/gr1.gr1_int.rfwft/gpregsm1.user_valid_i_1__1/I1) is not included in the LUT equation: 'O6=(A1)+((~A1)*(~A2)*A3)'. If this cell is a user instantiated LUT in the design, please remove connectivity to the pin or change the equation and/or INIT string of the LUT to prevent this issue. If the cell is inferred or IP created LUT, please regenerate the IP and/or resynthesize the design to attempt to correct the issue.
WARNING: [DRC PDCN-1569] LUT equation term check: Used physical LUT pin 'A4' of cell level0_i/blp/blp_i/ss_cmp/inst/mgmt_debug_bridge/inst/bs_mux/inst/id_state[0]_i_1 (pin level0_i/blp/blp_i/ss_cmp/inst/mgmt_debug_bridge/inst/bs_mux/inst/id_state[0]_i_1/I0) is not included in the LUT equation: 'O6=(A6+~A6)*((A2))'. If this cell is a user instantiated LUT in the design, please remove connectivity to the pin or change the equation and/or INIT string of the LUT to prevent this issue. If the cell is inferred or IP created LUT, please regenerate the IP and/or resynthesize the design to attempt to correct the issue.
WARNING: [DRC PDCN-1569] LUT equation term check: Used physical LUT pin 'A4' of cell level0_i/blp/blp_i/ss_cmp/inst/mgmt_debug_bridge/inst/bs_switch_1/inst/BSCAN_SWITCH.EXT_BSCAN.bscan_switch/temp_curid[31]_i_1 (pin level0_i/blp/blp_i/ss_cmp/inst/mgmt_debug_bridge/inst/bs_switch_1/inst/BSCAN_SWITCH.EXT_BSCAN.bscan_switch/temp_curid[31]_i_1/I1) is not included in the LUT equation: 'O6=(A6+~A6)*((A3*A5)+(A3*(~A5)*(~A1))+((~A3)))'. If this cell is a user instantiated LUT in the design, please remove connectivity to the pin or change the equation and/or INIT string of the LUT to prevent this issue. If the cell is inferred or IP created LUT, please regenerate the IP and/or resynthesize the design to attempt to correct the issue.
WARNING: [DRC PDCN-1569] LUT equation term check: Used physical LUT pin 'A5' of cell level0_i/blp/blp_i/PLP/ss_cmp/inst/jtag_axi_master/inst/jtag_axi_engine_u/tx_fifo_i/inst_fifo_gen/gconvfifo.rf/grf.rf/gntv_or_sync_fifo.gl0.rd/gr1.gr1_int.rfwft/gpregsm1.curr_fwft_state[0]_i_1__0 (pin level0_i/blp/blp_i/PLP/ss_cmp/inst/jtag_axi_master/inst/jtag_axi_engine_u/tx_fifo_i/inst_fifo_gen/gconvfifo.rf/grf.rf/gntv_or_sync_fifo.gl0.rd/gr1.gr1_int.rfwft/gpregsm1.curr_fwft_state[0]_i_1__0/I1) is not included in the LUT equation: 'O6=(A6+~A6)*((A2)+((~A2)*(~A4)*A1))'. If this cell is a user instantiated LUT in the design, please remove connectivity to the pin or change the equation and/or INIT string of the LUT to prevent this issue. If the cell is inferred or IP created LUT, please regenerate the IP and/or resynthesize the design to attempt to correct the issue.
WARNING: [DRC PDCN-1569] LUT equation term check: Used physical LUT pin 'A5' of cell level0_i/blp/blp_i/PLP/ss_cmp/inst/jtag_axi_master/inst/jtag_axi_engine_u/wr_cmd_fifo_i/inst_fifo_gen/gconvfifo.rf/grf.rf/gntv_or_sync_fifo.gl0.rd/gr1.gr1_int.rfwft/gpregsm1.curr_fwft_state[0]_i_1__1 (pin level0_i/blp/blp_i/PLP/ss_cmp/inst/jtag_axi_master/inst/jtag_axi_engine_u/wr_cmd_fifo_i/inst_fifo_gen/gconvfifo.rf/grf.rf/gntv_or_sync_fifo.gl0.rd/gr1.gr1_int.rfwft/gpregsm1.curr_fwft_state[0]_i_1__1/I1) is not included in the LUT equation: 'O6=(A6+~A6)*((A1)+((~A1)*(~A4)*A3))'. If this cell is a user instantiated LUT in the design, please remove connectivity to the pin or change the equation and/or INIT string of the LUT to prevent this issue. If the cell is inferred or IP created LUT, please regenerate the IP and/or resynthesize the design to attempt to correct the issue.
WARNING: [DRC PDCN-1569] LUT equation term check: Used physical LUT pin 'A5' of cell level0_i/ulp/ulp_cmp/inst/user_debug_bridge/inst/bs_switch_1/inst/BSCAN_SWITCH.EXT_BSCAN.bscan_switch/temp_curid[31]_i_1 (pin level0_i/ulp/ulp_cmp/inst/user_debug_bridge/inst/bs_switch_1/inst/BSCAN_SWITCH.EXT_BSCAN.bscan_switch/temp_curid[31]_i_1/I0) is not included in the LUT equation: 'O6=(A6+~A6)*((A1*A4)+(A1*(~A4)*(~A3))+((~A1)))'. If this cell is a user instantiated LUT in the design, please remove connectivity to the pin or change the equation and/or INIT string of the LUT to prevent this issue. If the cell is inferred or IP created LUT, please regenerate the IP and/or resynthesize the design to attempt to correct the issue.
WARNING: [DRC PDCN-1569] LUT equation term check: Used physical LUT pin 'A6' of cell level0_i/blp/blp_i/ss_hif/inst/pcie/inst/debug_wrapper_U/jtag_axi4l_m_inst/inst/jtag_axi_engine_u/rd_cmd_fifo_i/inst_fifo_gen/gconvfifo.rf/grf.rf/gntv_or_sync_fifo.gl0.rd/gr1.gr1_int.rfwft/gpregsm1.user_valid_i_1__2 (pin level0_i/blp/blp_i/ss_hif/inst/pcie/inst/debug_wrapper_U/jtag_axi4l_m_inst/inst/jtag_axi_engine_u/rd_cmd_fifo_i/inst_fifo_gen/gconvfifo.rf/grf.rf/gntv_or_sync_fifo.gl0.rd/gr1.gr1_int.rfwft/gpregsm1.user_valid_i_1__2/I1) is not included in the LUT equation: 'O6=(A1)+((~A1)*(~A5)*A2)'. If this cell is a user instantiated LUT in the design, please remove connectivity to the pin or change the equation and/or INIT string of the LUT to prevent this issue. If the cell is inferred or IP created LUT, please regenerate the IP and/or resynthesize the design to attempt to correct the issue.
WARNING: [DRC PDCN-1569] LUT equation term check: Used physical LUT pin 'A6' of cell level0_i/blp/blp_i/ss_hif/inst/pcie/inst/debug_wrapper_U/jtag_axi4l_m_inst/inst/jtag_axi_engine_u/tx_fifo_i/inst_fifo_gen/gconvfifo.rf/grf.rf/gntv_or_sync_fifo.gl0.rd/gr1.gr1_int.rfwft/gpregsm1.user_valid_i_1__0 (pin level0_i/blp/blp_i/ss_hif/inst/pcie/inst/debug_wrapper_U/jtag_axi4l_m_inst/inst/jtag_axi_engine_u/tx_fifo_i/inst_fifo_gen/gconvfifo.rf/grf.rf/gntv_or_sync_fifo.gl0.rd/gr1.gr1_int.rfwft/gpregsm1.user_valid_i_1__0/I1) is not included in the LUT equation: 'O6=(A4)+((~A4)*(~A1)*A3)'. If this cell is a user instantiated LUT in the design, please remove connectivity to the pin or change the equation and/or INIT string of the LUT to prevent this issue. If the cell is inferred or IP created LUT, please regenerate the IP and/or resynthesize the design to attempt to correct the issue.
WARNING: [DRC REQP-1774] RAMB36E2_WRITE_WIDTH_A_18_doesnt_use_WEA32: The RAMB36E2 cell level0_i/blp/blp_i/ss_cmc/inst/reg_map_bram/U0/inst_blk_mem_gen/gnbram.gnative_mem_map_bmg.native_mem_map_blk_mem_gen/valid.cstr/ramloop[0].ram.r/prim_noinit.ram/DEVICE_8SERIES.WITH_BMM_INFO.TRUE_DP.SIMPLE_PRIM36.SERIES8_TDP_SP36_NO_ECC_ATTR.ram has WRITE_WIDTH_A set to 18. The WEA[3:2] pins should not be connected to active signal.
WARNING: [DRC REQP-1774] RAMB36E2_WRITE_WIDTH_A_18_doesnt_use_WEA32: The RAMB36E2 cell level0_i/blp/blp_i/ss_cmc/inst/reg_map_bram/U0/inst_blk_mem_gen/gnbram.gnative_mem_map_bmg.native_mem_map_blk_mem_gen/valid.cstr/ramloop[1].ram.r/prim_noinit.ram/DEVICE_8SERIES.WITH_BMM_INFO.TRUE_DP.SIMPLE_PRIM36.SERIES8_TDP_SP36_NO_ECC_ATTR.ram has WRITE_WIDTH_A set to 18. The WEA[3:2] pins should not be connected to active signal.
WARNING: [DRC REQP-1776] RAMB36E2_WRITE_WIDTH_B_18_doesnt_use_WEB72: The RAMB36E2 cell level0_i/blp/blp_i/ss_cmc/inst/reg_map_bram/U0/inst_blk_mem_gen/gnbram.gnative_mem_map_bmg.native_mem_map_blk_mem_gen/valid.cstr/ramloop[0].ram.r/prim_noinit.ram/DEVICE_8SERIES.WITH_BMM_INFO.TRUE_DP.SIMPLE_PRIM36.SERIES8_TDP_SP36_NO_ECC_ATTR.ram has WRITE_WIDTH_B set to 18. The WEBWE[7:2] pins should not be connected to active signal.
WARNING: [DRC REQP-1776] RAMB36E2_WRITE_WIDTH_B_18_doesnt_use_WEB72: The RAMB36E2 cell level0_i/blp/blp_i/ss_cmc/inst/reg_map_bram/U0/inst_blk_mem_gen/gnbram.gnative_mem_map_bmg.native_mem_map_blk_mem_gen/valid.cstr/ramloop[1].ram.r/prim_noinit.ram/DEVICE_8SERIES.WITH_BMM_INFO.TRUE_DP.SIMPLE_PRIM36.SERIES8_TDP_SP36_NO_ECC_ATTR.ram has WRITE_WIDTH_B set to 18. The WEBWE[7:2] pins should not be connected to active signal.
WARNING: [DRC REQP-1858] RAMB36E2_writefirst_collision_advisory: Synchronous clocking is detected for BRAM (level0_i/blp/blp_i/ss_hif/inst/pcie/inst/bd_39ab_pcie_0_pcie_4_0_pipe_inst/pcie_4_0_bram_inst/RAM32K.bram_comp_inst/bram_16k_0_int/ECC_RAM.RAMB36E2[0].ramb36e2_inst) in SDP mode with WRITE_FIRST write-mode. It is strongly suggested to change this mode to NO_CHANGE for best power characteristics. However, both WRITE_FIRST and NO_CHANGE may exhibit address collisions if the same address appears on both read and write ports resulting in unknown or corrupted read data. It is suggested to confirm via simulation that an address collision never occurs and if so it is suggested to try and avoid this situation. If address collisions cannot be avoided, the write-mode may be set to READ_FIRST which guarantees that the read data is the prior contents of the memory at the cost of additional power in the design. See the FPGA Memory Resources User Guide for additional information.
WARNING: [DRC REQP-1858] RAMB36E2_writefirst_collision_advisory: Synchronous clocking is detected for BRAM (level0_i/blp/blp_i/ss_hif/inst/pcie/inst/bd_39ab_pcie_0_pcie_4_0_pipe_inst/pcie_4_0_bram_inst/RAM32K.bram_comp_inst/bram_16k_0_int/ECC_RAM.RAMB36E2[1].ramb36e2_inst) in SDP mode with WRITE_FIRST write-mode. It is strongly suggested to change this mode to NO_CHANGE for best power characteristics. However, both WRITE_FIRST and NO_CHANGE may exhibit address collisions if the same address appears on both read and write ports resulting in unknown or corrupted read data. It is suggested to confirm via simulation that an address collision never occurs and if so it is suggested to try and avoid this situation. If address collisions cannot be avoided, the write-mode may be set to READ_FIRST which guarantees that the read data is the prior contents of the memory at the cost of additional power in the design. See the FPGA Memory Resources User Guide for additional information.
WARNING: [DRC REQP-1858] RAMB36E2_writefirst_collision_advisory: Synchronous clocking is detected for BRAM (level0_i/blp/blp_i/ss_hif/inst/pcie/inst/bd_39ab_pcie_0_pcie_4_0_pipe_inst/pcie_4_0_bram_inst/RAM32K.bram_comp_inst/bram_16k_0_int/ECC_RAM.RAMB36E2[2].ramb36e2_inst) in SDP mode with WRITE_FIRST write-mode. It is strongly suggested to change this mode to NO_CHANGE for best power characteristics. However, both WRITE_FIRST and NO_CHANGE may exhibit address collisions if the same address appears on both read and write ports resulting in unknown or corrupted read data. It is suggested to confirm via simulation that an address collision never occurs and if so it is suggested to try and avoid this situation. If address collisions cannot be avoided, the write-mode may be set to READ_FIRST which guarantees that the read data is the prior contents of the memory at the cost of additional power in the design. See the FPGA Memory Resources User Guide for additional information.
WARNING: [DRC REQP-1858] RAMB36E2_writefirst_collision_advisory: Synchronous clocking is detected for BRAM (level0_i/blp/blp_i/ss_hif/inst/pcie/inst/bd_39ab_pcie_0_pcie_4_0_pipe_inst/pcie_4_0_bram_inst/RAM32K.bram_comp_inst/bram_16k_0_int/ECC_RAM.RAMB36E2[3].ramb36e2_inst) in SDP mode with WRITE_FIRST write-mode. It is strongly suggested to change this mode to NO_CHANGE for best power characteristics. However, both WRITE_FIRST and NO_CHANGE may exhibit address collisions if the same address appears on both read and write ports resulting in unknown or corrupted read data. It is suggested to confirm via simulation that an address collision never occurs and if so it is suggested to try and avoid this situation. If address collisions cannot be avoided, the write-mode may be set to READ_FIRST which guarantees that the read data is the prior contents of the memory at the cost of additional power in the design. See the FPGA Memory Resources User Guide for additional information.
WARNING: [DRC REQP-1858] RAMB36E2_writefirst_collision_advisory: Synchronous clocking is detected for BRAM (level0_i/blp/blp_i/ss_hif/inst/pcie/inst/bd_39ab_pcie_0_pcie_4_0_pipe_inst/pcie_4_0_bram_inst/RAM32K.bram_comp_inst/bram_16k_0_int/ECC_RAM.RAMB36E2[4].ramb36e2_inst) in SDP mode with WRITE_FIRST write-mode. It is strongly suggested to change this mode to NO_CHANGE for best power characteristics. However, both WRITE_FIRST and NO_CHANGE may exhibit address collisions if the same address appears on both read and write ports resulting in unknown or corrupted read data. It is suggested to confirm via simulation that an address collision never occurs and if so it is suggested to try and avoid this situation. If address collisions cannot be avoided, the write-mode may be set to READ_FIRST which guarantees that the read data is the prior contents of the memory at the cost of additional power in the design. See the FPGA Memory Resources User Guide for additional information.
WARNING: [DRC REQP-1858] RAMB36E2_writefirst_collision_advisory: Synchronous clocking is detected for BRAM (level0_i/blp/blp_i/ss_hif/inst/pcie/inst/bd_39ab_pcie_0_pcie_4_0_pipe_inst/pcie_4_0_bram_inst/RAM32K.bram_comp_inst/bram_16k_0_int/ECC_RAM.RAMB36E2[5].ramb36e2_inst) in SDP mode with WRITE_FIRST write-mode. It is strongly suggested to change this mode to NO_CHANGE for best power characteristics. However, both WRITE_FIRST and NO_CHANGE may exhibit address collisions if the same address appears on both read and write ports resulting in unknown or corrupted read data. It is suggested to confirm via simulation that an address collision never occurs and if so it is suggested to try and avoid this situation. If address collisions cannot be avoided, the write-mode may be set to READ_FIRST which guarantees that the read data is the prior contents of the memory at the cost of additional power in the design. See the FPGA Memory Resources User Guide for additional information.
WARNING: [DRC REQP-1858] RAMB36E2_writefirst_collision_advisory: Synchronous clocking is detected for BRAM (level0_i/blp/blp_i/ss_hif/inst/pcie/inst/bd_39ab_pcie_0_pcie_4_0_pipe_inst/pcie_4_0_bram_inst/RAM32K.bram_comp_inst/bram_16k_1_int/ECC_RAM.RAMB36E2[0].ramb36e2_inst) in SDP mode with WRITE_FIRST write-mode. It is strongly suggested to change this mode to NO_CHANGE for best power characteristics. However, both WRITE_FIRST and NO_CHANGE may exhibit address collisions if the same address appears on both read and write ports resulting in unknown or corrupted read data. It is suggested to confirm via simulation that an address collision never occurs and if so it is suggested to try and avoid this situation. If address collisions cannot be avoided, the write-mode may be set to READ_FIRST which guarantees that the read data is the prior contents of the memory at the cost of additional power in the design. See the FPGA Memory Resources User Guide for additional information.
WARNING: [DRC REQP-1858] RAMB36E2_writefirst_collision_advisory: Synchronous clocking is detected for BRAM (level0_i/blp/blp_i/ss_hif/inst/pcie/inst/bd_39ab_pcie_0_pcie_4_0_pipe_inst/pcie_4_0_bram_inst/RAM32K.bram_comp_inst/bram_16k_1_int/ECC_RAM.RAMB36E2[1].ramb36e2_inst) in SDP mode with WRITE_FIRST write-mode. It is strongly suggested to change this mode to NO_CHANGE for best power characteristics. However, both WRITE_FIRST and NO_CHANGE may exhibit address collisions if the same address appears on both read and write ports resulting in unknown or corrupted read data. It is suggested to confirm via simulation that an address collision never occurs and if so it is suggested to try and avoid this situation. If address collisions cannot be avoided, the write-mode may be set to READ_FIRST which guarantees that the read data is the prior contents of the memory at the cost of additional power in the design. See the FPGA Memory Resources User Guide for additional information.
WARNING: [DRC REQP-1858] RAMB36E2_writefirst_collision_advisory: Synchronous clocking is detected for BRAM (level0_i/blp/blp_i/ss_hif/inst/pcie/inst/bd_39ab_pcie_0_pcie_4_0_pipe_inst/pcie_4_0_bram_inst/RAM32K.bram_comp_inst/bram_16k_1_int/ECC_RAM.RAMB36E2[2].ramb36e2_inst) in SDP mode with WRITE_FIRST write-mode. It is strongly suggested to change this mode to NO_CHANGE for best power characteristics. However, both WRITE_FIRST and NO_CHANGE may exhibit address collisions if the same address appears on both read and write ports resulting in unknown or corrupted read data. It is suggested to confirm via simulation that an address collision never occurs and if so it is suggested to try and avoid this situation. If address collisions cannot be avoided, the write-mode may be set to READ_FIRST which guarantees that the read data is the prior contents of the memory at the cost of additional power in the design. See the FPGA Memory Resources User Guide for additional information.
WARNING: [DRC REQP-1858] RAMB36E2_writefirst_collision_advisory: Synchronous clocking is detected for BRAM (level0_i/blp/blp_i/ss_hif/inst/pcie/inst/bd_39ab_pcie_0_pcie_4_0_pipe_inst/pcie_4_0_bram_inst/RAM32K.bram_comp_inst/bram_16k_1_int/ECC_RAM.RAMB36E2[3].ramb36e2_inst) in SDP mode with WRITE_FIRST write-mode. It is strongly suggested to change this mode to NO_CHANGE for best power characteristics. However, both WRITE_FIRST and NO_CHANGE may exhibit address collisions if the same address appears on both read and write ports resulting in unknown or corrupted read data. It is suggested to confirm via simulation that an address collision never occurs and if so it is suggested to try and avoid this situation. If address collisions cannot be avoided, the write-mode may be set to READ_FIRST which guarantees that the read data is the prior contents of the memory at the cost of additional power in the design. See the FPGA Memory Resources User Guide for additional information.
WARNING: [DRC REQP-1858] RAMB36E2_writefirst_collision_advisory: Synchronous clocking is detected for BRAM (level0_i/blp/blp_i/ss_hif/inst/pcie/inst/bd_39ab_pcie_0_pcie_4_0_pipe_inst/pcie_4_0_bram_inst/RAM32K.bram_comp_inst/bram_16k_1_int/ECC_RAM.RAMB36E2[4].ramb36e2_inst) in SDP mode with WRITE_FIRST write-mode. It is strongly suggested to change this mode to NO_CHANGE for best power characteristics. However, both WRITE_FIRST and NO_CHANGE may exhibit address collisions if the same address appears on both read and write ports resulting in unknown or corrupted read data. It is suggested to confirm via simulation that an address collision never occurs and if so it is suggested to try and avoid this situation. If address collisions cannot be avoided, the write-mode may be set to READ_FIRST which guarantees that the read data is the prior contents of the memory at the cost of additional power in the design. See the FPGA Memory Resources User Guide for additional information.
WARNING: [DRC REQP-1858] RAMB36E2_writefirst_collision_advisory: Synchronous clocking is detected for BRAM (level0_i/blp/blp_i/ss_hif/inst/pcie/inst/bd_39ab_pcie_0_pcie_4_0_pipe_inst/pcie_4_0_bram_inst/RAM32K.bram_comp_inst/bram_16k_1_int/ECC_RAM.RAMB36E2[5].ramb36e2_inst) in SDP mode with WRITE_FIRST write-mode. It is strongly suggested to change this mode to NO_CHANGE for best power characteristics. However, both WRITE_FIRST and NO_CHANGE may exhibit address collisions if the same address appears on both read and write ports resulting in unknown or corrupted read data. It is suggested to confirm via simulation that an address collision never occurs and if so it is suggested to try and avoid this situation. If address collisions cannot be avoided, the write-mode may be set to READ_FIRST which guarantees that the read data is the prior contents of the memory at the cost of additional power in the design. See the FPGA Memory Resources User Guide for additional information.
WARNING: [DRC REQP-1858] RAMB36E2_writefirst_collision_advisory: Synchronous clocking is detected for BRAM (level0_i/blp/blp_i/ss_hif/inst/pcie/inst/bd_39ab_pcie_0_pcie_4_0_pipe_inst/pcie_4_0_bram_inst/bram_post_inst/bram_16k_int/ECC_RAM.RAMB36E2[0].ramb36e2_inst) in SDP mode with WRITE_FIRST write-mode. It is strongly suggested to change this mode to NO_CHANGE for best power characteristics. However, both WRITE_FIRST and NO_CHANGE may exhibit address collisions if the same address appears on both read and write ports resulting in unknown or corrupted read data. It is suggested to confirm via simulation that an address collision never occurs and if so it is suggested to try and avoid this situation. If address collisions cannot be avoided, the write-mode may be set to READ_FIRST which guarantees that the read data is the prior contents of the memory at the cost of additional power in the design. See the FPGA Memory Resources User Guide for additional information.
WARNING: [DRC REQP-1858] RAMB36E2_writefirst_collision_advisory: Synchronous clocking is detected for BRAM (level0_i/blp/blp_i/ss_hif/inst/pcie/inst/bd_39ab_pcie_0_pcie_4_0_pipe_inst/pcie_4_0_bram_inst/bram_post_inst/bram_16k_int/ECC_RAM.RAMB36E2[1].ramb36e2_inst) in SDP mode with WRITE_FIRST write-mode. It is strongly suggested to change this mode to NO_CHANGE for best power characteristics. However, both WRITE_FIRST and NO_CHANGE may exhibit address collisions if the same address appears on both read and write ports resulting in unknown or corrupted read data. It is suggested to confirm via simulation that an address collision never occurs and if so it is suggested to try and avoid this situation. If address collisions cannot be avoided, the write-mode may be set to READ_FIRST which guarantees that the read data is the prior contents of the memory at the cost of additional power in the design. See the FPGA Memory Resources User Guide for additional information.
WARNING: [DRC REQP-1858] RAMB36E2_writefirst_collision_advisory: Synchronous clocking is detected for BRAM (level0_i/blp/blp_i/ss_hif/inst/pcie/inst/bd_39ab_pcie_0_pcie_4_0_pipe_inst/pcie_4_0_bram_inst/bram_post_inst/bram_16k_int/ECC_RAM.RAMB36E2[2].ramb36e2_inst) in SDP mode with WRITE_FIRST write-mode. It is strongly suggested to change this mode to NO_CHANGE for best power characteristics. However, both WRITE_FIRST and NO_CHANGE may exhibit address collisions if the same address appears on both read and write ports resulting in unknown or corrupted read data. It is suggested to confirm via simulation that an address collision never occurs and if so it is suggested to try and avoid this situation. If address collisions cannot be avoided, the write-mode may be set to READ_FIRST which guarantees that the read data is the prior contents of the memory at the cost of additional power in the design. See the FPGA Memory Resources User Guide for additional information.
WARNING: [DRC REQP-1858] RAMB36E2_writefirst_collision_advisory: Synchronous clocking is detected for BRAM (level0_i/blp/blp_i/ss_hif/inst/pcie/inst/bd_39ab_pcie_0_pcie_4_0_pipe_inst/pcie_4_0_bram_inst/bram_post_inst/bram_16k_int/ECC_RAM.RAMB36E2[3].ramb36e2_inst) in SDP mode with WRITE_FIRST write-mode. It is strongly suggested to change this mode to NO_CHANGE for best power characteristics. However, both WRITE_FIRST and NO_CHANGE may exhibit address collisions if the same address appears on both read and write ports resulting in unknown or corrupted read data. It is suggested to confirm via simulation that an address collision never occurs and if so it is suggested to try and avoid this situation. If address collisions cannot be avoided, the write-mode may be set to READ_FIRST which guarantees that the read data is the prior contents of the memory at the cost of additional power in the design. See the FPGA Memory Resources User Guide for additional information.
WARNING: [DRC REQP-1858] RAMB36E2_writefirst_collision_advisory: Synchronous clocking is detected for BRAM (level0_i/blp/blp_i/ss_hif/inst/pcie/inst/bd_39ab_pcie_0_pcie_4_0_pipe_inst/pcie_4_0_bram_inst/bram_post_inst/bram_16k_int/ECC_RAM.RAMB36E2[4].ramb36e2_inst) in SDP mode with WRITE_FIRST write-mode. It is strongly suggested to change this mode to NO_CHANGE for best power characteristics. However, both WRITE_FIRST and NO_CHANGE may exhibit address collisions if the same address appears on both read and write ports resulting in unknown or corrupted read data. It is suggested to confirm via simulation that an address collision never occurs and if so it is suggested to try and avoid this situation. If address collisions cannot be avoided, the write-mode may be set to READ_FIRST which guarantees that the read data is the prior contents of the memory at the cost of additional power in the design. See the FPGA Memory Resources User Guide for additional information.
WARNING: [DRC REQP-1858] RAMB36E2_writefirst_collision_advisory: Synchronous clocking is detected for BRAM (level0_i/blp/blp_i/ss_hif/inst/pcie/inst/bd_39ab_pcie_0_pcie_4_0_pipe_inst/pcie_4_0_bram_inst/bram_post_inst/bram_16k_int/ECC_RAM.RAMB36E2[5].ramb36e2_inst) in SDP mode with WRITE_FIRST write-mode. It is strongly suggested to change this mode to NO_CHANGE for best power characteristics. However, both WRITE_FIRST and NO_CHANGE may exhibit address collisions if the same address appears on both read and write ports resulting in unknown or corrupted read data. It is suggested to confirm via simulation that an address collision never occurs and if so it is suggested to try and avoid this situation. If address collisions cannot be avoided, the write-mode may be set to READ_FIRST which guarantees that the read data is the prior contents of the memory at the cost of additional power in the design. See the FPGA Memory Resources User Guide for additional information.
WARNING: [DRC REQP-1858] RAMB36E2_writefirst_collision_advisory: Synchronous clocking is detected for BRAM (level0_i/blp/blp_i/ss_hif/inst/pcie/inst/bd_39ab_pcie_0_pcie_4_0_pipe_inst/pcie_4_0_bram_inst/bram_repl_inst/bram_rep_int_0/ECC_RAM.RAMB36E2[0].ramb36e2_inst) in SDP mode with WRITE_FIRST write-mode. It is strongly suggested to change this mode to NO_CHANGE for best power characteristics. However, both WRITE_FIRST and NO_CHANGE may exhibit address collisions if the same address appears on both read and write ports resulting in unknown or corrupted read data. It is suggested to confirm via simulation that an address collision never occurs and if so it is suggested to try and avoid this situation. If address collisions cannot be avoided, the write-mode may be set to READ_FIRST which guarantees that the read data is the prior contents of the memory at the cost of additional power in the design. See the FPGA Memory Resources User Guide for additional information.
WARNING: [DRC REQP-1858] RAMB36E2_writefirst_collision_advisory: Synchronous clocking is detected for BRAM (level0_i/blp/blp_i/ss_hif/inst/pcie/inst/bd_39ab_pcie_0_pcie_4_0_pipe_inst/pcie_4_0_bram_inst/bram_repl_inst/bram_rep_int_0/ECC_RAM.RAMB36E2[1].ramb36e2_inst) in SDP mode with WRITE_FIRST write-mode. It is strongly suggested to change this mode to NO_CHANGE for best power characteristics. However, both WRITE_FIRST and NO_CHANGE may exhibit address collisions if the same address appears on both read and write ports resulting in unknown or corrupted read data. It is suggested to confirm via simulation that an address collision never occurs and if so it is suggested to try and avoid this situation. If address collisions cannot be avoided, the write-mode may be set to READ_FIRST which guarantees that the read data is the prior contents of the memory at the cost of additional power in the design. See the FPGA Memory Resources User Guide for additional information.
WARNING: [DRC REQP-1858] RAMB36E2_writefirst_collision_advisory: Synchronous clocking is detected for BRAM (level0_i/blp/blp_i/ss_hif/inst/pcie/inst/bd_39ab_pcie_0_pcie_4_0_pipe_inst/pcie_4_0_bram_inst/bram_repl_inst/bram_rep_int_0/ECC_RAM.RAMB36E2[2].ramb36e2_inst) in SDP mode with WRITE_FIRST write-mode. It is strongly suggested to change this mode to NO_CHANGE for best power characteristics. However, both WRITE_FIRST and NO_CHANGE may exhibit address collisions if the same address appears on both read and write ports resulting in unknown or corrupted read data. It is suggested to confirm via simulation that an address collision never occurs and if so it is suggested to try and avoid this situation. If address collisions cannot be avoided, the write-mode may be set to READ_FIRST which guarantees that the read data is the prior contents of the memory at the cost of additional power in the design. See the FPGA Memory Resources User Guide for additional information.
WARNING: [DRC REQP-1858] RAMB36E2_writefirst_collision_advisory: Synchronous clocking is detected for BRAM (level0_i/blp/blp_i/ss_hif/inst/pcie/inst/bd_39ab_pcie_0_pcie_4_0_pipe_inst/pcie_4_0_bram_inst/bram_repl_inst/bram_rep_int_0/ECC_RAM.RAMB36E2[3].ramb36e2_inst) in SDP mode with WRITE_FIRST write-mode. It is strongly suggested to change this mode to NO_CHANGE for best power characteristics. However, both WRITE_FIRST and NO_CHANGE may exhibit address collisions if the same address appears on both read and write ports resulting in unknown or corrupted read data. It is suggested to confirm via simulation that an address collision never occurs and if so it is suggested to try and avoid this situation. If address collisions cannot be avoided, the write-mode may be set to READ_FIRST which guarantees that the read data is the prior contents of the memory at the cost of additional power in the design. See the FPGA Memory Resources User Guide for additional information.
WARNING: [DRC RTSTAT-10] No routable loads: 218 net(s) have no routable loads. The problem bus(es) and/or net(s) are level0_i/blp/blp_i/ss_cmp/inst/mgmt_debug_hub/inst/xsdbm/inst/BSCANID.u_xsdbm_id/EXT_BSCAN.reset_i, level0_i/blp/blp_i/ss_cmp/inst/mgmt_debug_hub/inst/xsdbm/inst/BSCANID.u_xsdbm_id/EXT_BSCAN.runtest_i, level0_i/blp/blp_i/ss_cmp/inst/mgmt_debug_hub/inst/xsdbm/inst/BSCANID.u_xsdbm_id/EXT_BSCAN.tck_i, level0_i/blp/blp_i/ss_cmp/inst/mgmt_debug_hub/inst/xsdbm/inst/BSCANID.u_xsdbm_id/EXT_BSCAN.tms_i, level0_i/ulp/ulp_ucs/inst/aclk_kernel_01_hierarchy/clock_throttling_aclk_kernel_01/U0/Gate_Div_d1, level0_i/ulp/ulp_ucs/inst/aclk_kernel_00_hierarchy/clock_throttling_aclk_kernel_00/U0/Gate_Div_d1, level0_i/ulp/ulp_cmp/inst/user_debug_hub/inst/xsdbm/inst/BSCANID.u_xsdbm_id/ZERO_SLAVES.bscanid_en_i, level0_i/ulp/ulp_cmp/inst/user_debug_hub/inst/xsdbm/inst/BSCANID.u_xsdbm_id/ZERO_SLAVES.capture_i, level0_i/ulp/ulp_cmp/inst/user_debug_hub/inst/xsdbm/inst/BSCANID.u_xsdbm_id/ZERO_SLAVES.drck_i, level0_i/ulp/ulp_cmp/inst/user_debug_hub/inst/xsdbm/inst/BSCANID.u_xsdbm_id/ZERO_SLAVES.reset_i, level0_i/ulp/ulp_cmp/inst/user_debug_hub/inst/xsdbm/inst/BSCANID.u_xsdbm_id/ZERO_SLAVES.runtest_i, level0_i/ulp/ulp_cmp/inst/user_debug_hub/inst/xsdbm/inst/BSCANID.u_xsdbm_id/ZERO_SLAVES.sel_i, level0_i/ulp/ulp_cmp/inst/user_debug_hub/inst/xsdbm/inst/BSCANID.u_xsdbm_id/ZERO_SLAVES.shift_i, level0_i/ulp/ulp_cmp/inst/user_debug_hub/inst/xsdbm/inst/BSCANID.u_xsdbm_id/ZERO_SLAVES.tdi_i, level0_i/ulp/ulp_cmp/inst/user_debug_hub/inst/xsdbm/inst/BSCANID.u_xsdbm_id/ZERO_SLAVES.tms_i... and (the first 15 of 113 listed).
INFO: [Vivado 12-3199] DRC finished with 0 Errors, 92 Warnings
INFO: [Vivado 12-3200] Please refer to the DRC report (report_drc) for more information.
Partition "pblock_dynamic_region" Reconfigurable Module "level0_i/ulp"
INFO: [Vivado 12-4077] No full design bitstream will be created with the use of the -cell option.
Process Partition "pblock_dynamic_region"
INFO: [Designutils 20-2272] Running write_bitstream with 8 threads.
Loading data files...
Loading site data...
Loading route data...
Processing options...
Creating bitmap...
Creating bitstream...
Partial bitstream contains 425190880 bits.
Writing bitstream ./level0_i_ulp_my_rm_partial.bit...
INFO: [Vivado 12-1842] Bitgen Completed Successfully.
INFO: [Project 1-1876] WebTalk data collection is mandatory when using a ULT device. To see the specific WebTalk data collected for your design, open the usage_statistics_webtalk.html or usage_statistics_webtalk.xml file in the implementation directory.
INFO: [Common 17-83] Releasing license: Implementation
366 Infos, 466 Warnings, 1 Critical Warnings and 0 Errors encountered.
write_bitstream completed successfully
write_bitstream: Time (s): cpu = 00:25:11 ; elapsed = 00:09:10 . Memory (MB): peak = 19255.727 ; gain = 1127.984 ; free physical = 16473 ; free virtual = 36489
source /data/tmp/chuxiao/spine_opt_v2_hw_150_20260728/temp/partitioned_split_e2e_link/link/vivado/vpl/scripts/impl_1/_full_write_bitstream_post.tcl
INFO: [Common 17-206] Exiting Vivado at Tue Jul 28 09:08:28 2026...
