execution_id,group_id,dataset_id,algorithm,scenario,batch_size,system,plugin_sha256,claim_scope,component,component_cycles,work_items,read_events,write_events,backend_requests,stall_cycles,counter_contract
382bcecb6bbc531de1d8,b6ef24034c95c29bf905,rmat_19_32,connected_components,insert,8,grasu_regraph_k4_shared,eee35f39c118538da5565e497d29b989e5bb492c1368839d424a984c32e2aae9,workload_specific_activity_not_total_energy,apply,0,0,0,0,0,0,regraph_apply_pipeline_activity_v1
382bcecb6bbc531de1d8,b6ef24034c95c29bf905,rmat_19_32,connected_components,insert,8,grasu_regraph_k4_shared,eee35f39c118538da5565e497d29b989e5bb492c1368839d424a984c32e2aae9,workload_specific_activity_not_total_energy,compute_pipeline_aggregate,42433524,809,0,0,0,1347081,grasu_regraph_compute_aggregate_v1
382bcecb6bbc531de1d8,b6ef24034c95c29bf905,rmat_19_32,connected_components,insert,8,grasu_regraph_k4_shared,eee35f39c118538da5565e497d29b989e5bb492c1368839d424a984c32e2aae9,workload_specific_activity_not_total_energy,gather,0,0,0,0,0,0,regraph_gather_bank_accesses_v1
382bcecb6bbc531de1d8,b6ef24034c95c29bf905,rmat_19_32,connected_components,insert,8,grasu_regraph_k4_shared,eee35f39c118538da5565e497d29b989e5bb492c1368839d424a984c32e2aae9,workload_specific_activity_not_total_energy,hbm_frontend,42433681,0,15474223,196624,15670847,0,shared_axi_hbm_request_and_stall_v1
382bcecb6bbc531de1d8,b6ef24034c95c29bf905,rmat_19_32,connected_components,insert,8,grasu_regraph_k4_shared,eee35f39c118538da5565e497d29b989e5bb492c1368839d424a984c32e2aae9,workload_specific_activity_not_total_energy,merger,0,0,0,0,0,0,regraph_merger_stream_activity_v1
382bcecb6bbc531de1d8,b6ef24034c95c29bf905,rmat_19_32,connected_components,insert,8,grasu_regraph_k4_shared,eee35f39c118538da5565e497d29b989e5bb492c1368839d424a984c32e2aae9,workload_specific_activity_not_total_energy,source_cache,0,0,0,0,0,0,grasu_regraph_source_cache_accesses_v1
382bcecb6bbc531de1d8,b6ef24034c95c29bf905,rmat_19_32,connected_components,insert,8,grasu_regraph_k4_shared,eee35f39c118538da5565e497d29b989e5bb492c1368839d424a984c32e2aae9,workload_specific_activity_not_total_energy,update_pma,157,16,0,0,0,0,grasu_update_pma_execution_v1
481fe37b59bb280dfc1e,b6ef24034c95c29bf905,rmat_19_32,connected_components,insert,8,spine,eee35f39c118538da5565e497d29b989e5bb492c1368839d424a984c32e2aae9,workload_specific_activity_not_total_energy,axis_streams,0,0,0,0,0,0,spine_axis_transfer_backpressure_v1
481fe37b59bb280dfc1e,b6ef24034c95c29bf905,rmat_19_32,connected_components,insert,8,spine,eee35f39c118538da5565e497d29b989e5bb492c1368839d424a984c32e2aae9,workload_specific_activity_not_total_energy,compute,4431579,809,0,0,2100675,0,spine_compute_execution_and_memory_v1
481fe37b59bb280dfc1e,b6ef24034c95c29bf905,rmat_19_32,connected_components,insert,8,spine,eee35f39c118538da5565e497d29b989e5bb492c1368839d424a984c32e2aae9,workload_specific_activity_not_total_energy,hbm_frontend,4444870,0,1052981,1049137,2102118,0,shared_axi_hbm_request_and_stall_v1
481fe37b59bb280dfc1e,b6ef24034c95c29bf905,rmat_19_32,connected_components,insert,8,spine,eee35f39c118538da5565e497d29b989e5bb492c1368839d424a984c32e2aae9,workload_specific_activity_not_total_energy,maintenance,13291,16,0,0,1443,0,spine_maintenance_execution_and_memory_v1
481fe37b59bb280dfc1e,b6ef24034c95c29bf905,rmat_19_32,connected_components,insert,8,spine,eee35f39c118538da5565e497d29b989e5bb492c1368839d424a984c32e2aae9,workload_specific_activity_not_total_energy,onchip_state_arrays,0,0,0,0,0,0,spine_selected_bram_uram_bitmap_accesses_v1
481fe37b59bb280dfc1e,b6ef24034c95c29bf905,rmat_19_32,connected_components,insert,8,spine,eee35f39c118538da5565e497d29b989e5bb492c1368839d424a984c32e2aae9,workload_specific_activity_not_total_energy,reader,0,809,0,0,0,0,spine_reader_execution_and_memory_v1
1649c4ec5b7663fd5bc1,844d39aef98433d7405c,rmat_19_32,full_pagerank,insert,8,grasu_regraph_k1,eee35f39c118538da5565e497d29b989e5bb492c1368839d424a984c32e2aae9,workload_specific_activity_not_total_energy,apply,0,98304,98304,98304,0,0,regraph_apply_pipeline_activity_v1
1649c4ec5b7663fd5bc1,844d39aef98433d7405c,rmat_19_32,full_pagerank,insert,8,grasu_regraph_k1,eee35f39c118538da5565e497d29b989e5bb492c1368839d424a984c32e2aae9,workload_specific_activity_not_total_energy,compute_pipeline_aggregate,169137300,12000024,0,0,16992863,1805821,grasu_regraph_compute_aggregate_v1
1649c4ec5b7663fd5bc1,844d39aef98433d7405c,rmat_19_32,full_pagerank,insert,8,grasu_regraph_k1,eee35f39c118538da5565e497d29b989e5bb492c1368839d424a984c32e2aae9,workload_specific_activity_not_total_energy,gather,1048576,12000024,18291480,20388632,0,0,regraph_gather_bank_accesses_v1
1649c4ec5b7663fd5bc1,844d39aef98433d7405c,rmat_19_32,full_pagerank,insert,8,grasu_regraph_k1,eee35f39c118538da5565e497d29b989e5bb492c1368839d424a984c32e2aae9,workload_specific_activity_not_total_energy,hbm_frontend,169137508,0,16632447,360464,16992911,17028614,shared_axi_hbm_request_and_stall_v1
1649c4ec5b7663fd5bc1,844d39aef98433d7405c,rmat_19_32,full_pagerank,insert,8,grasu_regraph_k1,eee35f39c118538da5565e497d29b989e5bb492c1368839d424a984c32e2aae9,workload_specific_activity_not_total_energy,merger,0,786432,0,98304,0,0,regraph_merger_stream_activity_v1
1649c4ec5b7663fd5bc1,844d39aef98433d7405c,rmat_19_32,full_pagerank,insert,8,grasu_regraph_k1,eee35f39c118538da5565e497d29b989e5bb492c1368839d424a984c32e2aae9,workload_specific_activity_not_total_energy,source_cache,36942,1416,31204848,2899968,0,0,grasu_regraph_source_cache_accesses_v1
1649c4ec5b7663fd5bc1,844d39aef98433d7405c,rmat_19_32,full_pagerank,insert,8,grasu_regraph_k1,eee35f39c118538da5565e497d29b989e5bb492c1368839d424a984c32e2aae9,workload_specific_activity_not_total_energy,update_pma,208,8,24,16,48,0,grasu_update_pma_execution_v1
04633304ca432cae7e58,844d39aef98433d7405c,rmat_19_32,full_pagerank,insert,8,grasu_regraph_k4_shared,eee35f39c118538da5565e497d29b989e5bb492c1368839d424a984c32e2aae9,workload_specific_activity_not_total_energy,apply,0,98304,98304,98304,0,0,regraph_apply_pipeline_activity_v1
04633304ca432cae7e58,844d39aef98433d7405c,rmat_19_32,full_pagerank,insert,8,grasu_regraph_k4_shared,eee35f39c118538da5565e497d29b989e5bb492c1368839d424a984c32e2aae9,workload_specific_activity_not_total_energy,compute_pipeline_aggregate,43819683,12000024,0,0,16992863,5717491,grasu_regraph_compute_aggregate_v1
04633304ca432cae7e58,844d39aef98433d7405c,rmat_19_32,full_pagerank,insert,8,grasu_regraph_k4_shared,eee35f39c118538da5565e497d29b989e5bb492c1368839d424a984c32e2aae9,workload_specific_activity_not_total_energy,gather,1048576,12000024,18291480,20388632,0,0,regraph_gather_bank_accesses_v1
04633304ca432cae7e58,844d39aef98433d7405c,rmat_19_32,full_pagerank,insert,8,grasu_regraph_k4_shared,eee35f39c118538da5565e497d29b989e5bb492c1368839d424a984c32e2aae9,workload_specific_activity_not_total_energy,hbm_frontend,43819891,0,16632447,360464,16992911,17116686,shared_axi_hbm_request_and_stall_v1
04633304ca432cae7e58,844d39aef98433d7405c,rmat_19_32,full_pagerank,insert,8,grasu_regraph_k4_shared,eee35f39c118538da5565e497d29b989e5bb492c1368839d424a984c32e2aae9,workload_specific_activity_not_total_energy,merger,0,786432,0,98304,0,0,regraph_merger_stream_activity_v1
04633304ca432cae7e58,844d39aef98433d7405c,rmat_19_32,full_pagerank,insert,8,grasu_regraph_k4_shared,eee35f39c118538da5565e497d29b989e5bb492c1368839d424a984c32e2aae9,workload_specific_activity_not_total_energy,source_cache,36942,1416,31204848,2899968,0,0,grasu_regraph_source_cache_accesses_v1
04633304ca432cae7e58,844d39aef98433d7405c,rmat_19_32,full_pagerank,insert,8,grasu_regraph_k4_shared,eee35f39c118538da5565e497d29b989e5bb492c1368839d424a984c32e2aae9,workload_specific_activity_not_total_energy,update_pma,208,8,24,16,48,0,grasu_update_pma_execution_v1
3cd0c1997869acef2ea0,844d39aef98433d7405c,rmat_19_32,full_pagerank,insert,8,spine,eee35f39c118538da5565e497d29b989e5bb492c1368839d424a984c32e2aae9,workload_specific_activity_not_total_energy,axis_streams,0,5048615,0,0,0,1901809,spine_axis_transfer_backpressure_v1
3cd0c1997869acef2ea0,844d39aef98433d7405c,rmat_19_32,full_pagerank,insert,8,spine,eee35f39c118538da5565e497d29b989e5bb492c1368839d424a984c32e2aae9,workload_specific_activity_not_total_energy,compute,1123554960,4000008,0,0,60806349,488400,spine_compute_execution_and_memory_v1
3cd0c1997869acef2ea0,844d39aef98433d7405c,rmat_19_32,full_pagerank,insert,8,spine,eee35f39c118538da5565e497d29b989e5bb492c1368839d424a984c32e2aae9,workload_specific_activity_not_total_energy,hbm_frontend,1123561477,0,59233899,1573157,60807056,124293293,shared_axi_hbm_request_and_stall_v1
3cd0c1997869acef2ea0,844d39aef98433d7405c,rmat_19_32,full_pagerank,insert,8,spine,eee35f39c118538da5565e497d29b989e5bb492c1368839d424a984c32e2aae9,workload_specific_activity_not_total_energy,maintenance,6517,8,0,0,707,0,spine_maintenance_execution_and_memory_v1
3cd0c1997869acef2ea0,844d39aef98433d7405c,rmat_19_32,full_pagerank,insert,8,spine,eee35f39c118538da5565e497d29b989e5bb492c1368839d424a984c32e2aae9,workload_specific_activity_not_total_energy,onchip_state_arrays,0,0,0,0,0,0,spine_selected_bram_uram_bitmap_accesses_v1
3cd0c1997869acef2ea0,844d39aef98433d7405c,rmat_19_32,full_pagerank,insert,8,spine,eee35f39c118538da5565e497d29b989e5bb492c1368839d424a984c32e2aae9,workload_specific_activity_not_total_energy,reader,0,4000008,0,0,18116289,27030418,spine_reader_execution_and_memory_v1
cb5f0cef772bbc306a41,c52b218d78c480e6f2d1,rmat_19_32,thresholded_residual_pagerank,insert,8,spine,eee35f39c118538da5565e497d29b989e5bb492c1368839d424a984c32e2aae9,workload_specific_activity_not_total_energy,axis_streams,0,0,0,0,0,0,spine_axis_transfer_backpressure_v1
cb5f0cef772bbc306a41,c52b218d78c480e6f2d1,rmat_19_32,thresholded_residual_pagerank,insert,8,spine,eee35f39c118538da5565e497d29b989e5bb492c1368839d424a984c32e2aae9,workload_specific_activity_not_total_energy,compute,2204540,0,0,0,1049020,0,spine_compute_execution_and_memory_v1
cb5f0cef772bbc306a41,c52b218d78c480e6f2d1,rmat_19_32,thresholded_residual_pagerank,insert,8,spine,eee35f39c118538da5565e497d29b989e5bb492c1368839d424a984c32e2aae9,workload_specific_activity_not_total_energy,hbm_frontend,2211057,0,525166,524561,1049727,2927183,shared_axi_hbm_request_and_stall_v1
cb5f0cef772bbc306a41,c52b218d78c480e6f2d1,rmat_19_32,thresholded_residual_pagerank,insert,8,spine,eee35f39c118538da5565e497d29b989e5bb492c1368839d424a984c32e2aae9,workload_specific_activity_not_total_energy,maintenance,6517,8,0,0,707,0,spine_maintenance_execution_and_memory_v1
cb5f0cef772bbc306a41,c52b218d78c480e6f2d1,rmat_19_32,thresholded_residual_pagerank,insert,8,spine,eee35f39c118538da5565e497d29b989e5bb492c1368839d424a984c32e2aae9,workload_specific_activity_not_total_energy,onchip_state_arrays,0,0,0,0,0,0,spine_selected_bram_uram_bitmap_accesses_v1
cb5f0cef772bbc306a41,c52b218d78c480e6f2d1,rmat_19_32,thresholded_residual_pagerank,insert,8,spine,eee35f39c118538da5565e497d29b989e5bb492c1368839d424a984c32e2aae9,workload_specific_activity_not_total_energy,reader,0,0,0,0,0,0,spine_reader_execution_and_memory_v1
87a00bbb6e3e028b52e8,68da38e240482c15e755,rmat_19_32,weighted_sssp,insert,8,grasu_regraph_k4_shared,eee35f39c118538da5565e497d29b989e5bb492c1368839d424a984c32e2aae9,workload_specific_activity_not_total_energy,apply,0,294912,294912,294912,0,0,regraph_apply_pipeline_activity_v1
87a00bbb6e3e028b52e8,68da38e240482c15e755,rmat_19_32,weighted_sssp,insert,8,grasu_regraph_k4_shared,eee35f39c118538da5565e497d29b989e5bb492c1368839d424a984c32e2aae9,workload_specific_activity_not_total_energy,compute_pipeline_aggregate,182188449,40274655,0,0,57384405,96118192,grasu_regraph_compute_aggregate_v1
87a00bbb6e3e028b52e8,68da38e240482c15e755,rmat_19_32,weighted_sssp,insert,8,grasu_regraph_k4_shared,eee35f39c118538da5565e497d29b989e5bb492c1368839d424a984c32e2aae9,workload_specific_activity_not_total_energy,gather,2621440,40274655,59149023,61246175,0,95875695,regraph_gather_bank_accesses_v1
87a00bbb6e3e028b52e8,68da38e240482c15e755,rmat_19_32,weighted_sssp,insert,8,grasu_regraph_k4_shared,eee35f39c118538da5565e497d29b989e5bb492c1368839d424a984c32e2aae9,workload_specific_activity_not_total_energy,hbm_frontend,182188606,0,56499693,884744,57384437,57745636,shared_axi_hbm_request_and_stall_v1
87a00bbb6e3e028b52e8,68da38e240482c15e755,rmat_19_32,weighted_sssp,insert,8,grasu_regraph_k4_shared,eee35f39c118538da5565e497d29b989e5bb492c1368839d424a984c32e2aae9,workload_specific_activity_not_total_energy,merger,0,2359296,0,294912,0,0,regraph_merger_stream_activity_v1
87a00bbb6e3e028b52e8,68da38e240482c15e755,rmat_19_32,weighted_sssp,insert,8,grasu_regraph_k4_shared,eee35f39c118538da5565e497d29b989e5bb492c1368839d424a984c32e2aae9,workload_specific_activity_not_total_energy,source_cache,0,5976,270818640,12238848,0,10896345,grasu_regraph_source_cache_accesses_v1
87a00bbb6e3e028b52e8,68da38e240482c15e755,rmat_19_32,weighted_sssp,insert,8,grasu_regraph_k4_shared,eee35f39c118538da5565e497d29b989e5bb492c1368839d424a984c32e2aae9,workload_specific_activity_not_total_energy,update_pma,157,8,8,8,32,0,grasu_update_pma_execution_v1
7a8e945a49d5d49583c5,ecd674904ebc750b3ea3,sx_askubuntu,connected_components,insert,8,grasu_regraph_k1,eee35f39c118538da5565e497d29b989e5bb492c1368839d424a984c32e2aae9,workload_specific_activity_not_total_energy,apply,0,0,0,0,0,0,regraph_apply_pipeline_activity_v1
7a8e945a49d5d49583c5,ecd674904ebc750b3ea3,sx_askubuntu,connected_components,insert,8,grasu_regraph_k1,eee35f39c118538da5565e497d29b989e5bb492c1368839d424a984c32e2aae9,workload_specific_activity_not_total_energy,compute_pipeline_aggregate,50276851,1422,0,0,0,247513,grasu_regraph_compute_aggregate_v1
7a8e945a49d5d49583c5,ecd674904ebc750b3ea3,sx_askubuntu,connected_components,insert,8,grasu_regraph_k1,eee35f39c118538da5565e497d29b989e5bb492c1368839d424a984c32e2aae9,workload_specific_activity_not_total_energy,gather,0,0,0,0,0,0,regraph_gather_bank_accesses_v1
7a8e945a49d5d49583c5,ecd674904ebc750b3ea3,sx_askubuntu,connected_components,insert,8,grasu_regraph_k1,eee35f39c118538da5565e497d29b989e5bb492c1368839d424a984c32e2aae9,workload_specific_activity_not_total_energy,hbm_frontend,50277182,0,4662542,98320,4760862,0,shared_axi_hbm_request_and_stall_v1
7a8e945a49d5d49583c5,ecd674904ebc750b3ea3,sx_askubuntu,connected_components,insert,8,grasu_regraph_k1,eee35f39c118538da5565e497d29b989e5bb492c1368839d424a984c32e2aae9,workload_specific_activity_not_total_energy,merger,0,0,0,0,0,0,regraph_merger_stream_activity_v1
7a8e945a49d5d49583c5,ecd674904ebc750b3ea3,sx_askubuntu,connected_components,insert,8,grasu_regraph_k1,eee35f39c118538da5565e497d29b989e5bb492c1368839d424a984c32e2aae9,workload_specific_activity_not_total_energy,source_cache,0,0,0,0,0,0,grasu_regraph_source_cache_accesses_v1
7a8e945a49d5d49583c5,ecd674904ebc750b3ea3,sx_askubuntu,connected_components,insert,8,grasu_regraph_k1,eee35f39c118538da5565e497d29b989e5bb492c1368839d424a984c32e2aae9,workload_specific_activity_not_total_energy,update_pma,331,16,0,0,0,0,grasu_update_pma_execution_v1
38f2e87a7e932810c66f,ecd674904ebc750b3ea3,sx_askubuntu,connected_components,insert,8,grasu_regraph_k4_shared,eee35f39c118538da5565e497d29b989e5bb492c1368839d424a984c32e2aae9,workload_specific_activity_not_total_energy,apply,0,0,0,0,0,0,regraph_apply_pipeline_activity_v1
38f2e87a7e932810c66f,ecd674904ebc750b3ea3,sx_askubuntu,connected_components,insert,8,grasu_regraph_k4_shared,eee35f39c118538da5565e497d29b989e5bb492c1368839d424a984c32e2aae9,workload_specific_activity_not_total_energy,compute_pipeline_aggregate,13463351,1422,0,0,0,3259894,grasu_regraph_compute_aggregate_v1
38f2e87a7e932810c66f,ecd674904ebc750b3ea3,sx_askubuntu,connected_components,insert,8,grasu_regraph_k4_shared,eee35f39c118538da5565e497d29b989e5bb492c1368839d424a984c32e2aae9,workload_specific_activity_not_total_energy,gather,0,0,0,0,0,0,regraph_gather_bank_accesses_v1
38f2e87a7e932810c66f,ecd674904ebc750b3ea3,sx_askubuntu,connected_components,insert,8,grasu_regraph_k4_shared,eee35f39c118538da5565e497d29b989e5bb492c1368839d424a984c32e2aae9,workload_specific_activity_not_total_energy,hbm_frontend,13463682,0,4662542,98320,4760862,0,shared_axi_hbm_request_and_stall_v1
38f2e87a7e932810c66f,ecd674904ebc750b3ea3,sx_askubuntu,connected_components,insert,8,grasu_regraph_k4_shared,eee35f39c118538da5565e497d29b989e5bb492c1368839d424a984c32e2aae9,workload_specific_activity_not_total_energy,merger,0,0,0,0,0,0,regraph_merger_stream_activity_v1
38f2e87a7e932810c66f,ecd674904ebc750b3ea3,sx_askubuntu,connected_components,insert,8,grasu_regraph_k4_shared,eee35f39c118538da5565e497d29b989e5bb492c1368839d424a984c32e2aae9,workload_specific_activity_not_total_energy,source_cache,0,0,0,0,0,0,grasu_regraph_source_cache_accesses_v1
38f2e87a7e932810c66f,ecd674904ebc750b3ea3,sx_askubuntu,connected_components,insert,8,grasu_regraph_k4_shared,eee35f39c118538da5565e497d29b989e5bb492c1368839d424a984c32e2aae9,workload_specific_activity_not_total_energy,update_pma,331,16,0,0,0,0,grasu_update_pma_execution_v1
5c08b545f30bcb906e10,ecd674904ebc750b3ea3,sx_askubuntu,connected_components,insert,8,spine,eee35f39c118538da5565e497d29b989e5bb492c1368839d424a984c32e2aae9,workload_specific_activity_not_total_energy,axis_streams,0,0,0,0,0,0,spine_axis_transfer_backpressure_v1
5c08b545f30bcb906e10,ecd674904ebc750b3ea3,sx_askubuntu,connected_components,insert,8,spine,eee35f39c118538da5565e497d29b989e5bb492c1368839d424a984c32e2aae9,workload_specific_activity_not_total_energy,compute,2176112,1422,0,0,1033970,0,spine_compute_execution_and_memory_v1
5c08b545f30bcb906e10,ecd674904ebc750b3ea3,sx_askubuntu,connected_components,insert,8,spine,eee35f39c118538da5565e497d29b989e5bb492c1368839d424a984c32e2aae9,workload_specific_activity_not_total_energy,hbm_frontend,2183489,0,519175,515631,1034806,0,shared_axi_hbm_request_and_stall_v1
5c08b545f30bcb906e10,ecd674904ebc750b3ea3,sx_askubuntu,connected_components,insert,8,spine,eee35f39c118538da5565e497d29b989e5bb492c1368839d424a984c32e2aae9,workload_specific_activity_not_total_energy,maintenance,7377,16,0,0,836,0,spine_maintenance_execution_and_memory_v1
5c08b545f30bcb906e10,ecd674904ebc750b3ea3,sx_askubuntu,connected_components,insert,8,spine,eee35f39c118538da5565e497d29b989e5bb492c1368839d424a984c32e2aae9,workload_specific_activity_not_total_energy,onchip_state_arrays,0,0,0,0,0,0,spine_selected_bram_uram_bitmap_accesses_v1
5c08b545f30bcb906e10,ecd674904ebc750b3ea3,sx_askubuntu,connected_components,insert,8,spine,eee35f39c118538da5565e497d29b989e5bb492c1368839d424a984c32e2aae9,workload_specific_activity_not_total_energy,reader,0,1422,0,0,0,0,spine_reader_execution_and_memory_v1
cb064f005ee104a27894,8ef58f6a8823a5e457e9,sx_askubuntu,full_pagerank,insert,8,grasu_regraph_k1,eee35f39c118538da5565e497d29b989e5bb492c1368839d424a984c32e2aae9,workload_specific_activity_not_total_energy,apply,0,98304,98304,98304,0,0,regraph_apply_pipeline_activity_v1
cb064f005ee104a27894,8ef58f6a8823a5e457e9,sx_askubuntu,full_pagerank,insert,8,grasu_regraph_k1,eee35f39c118538da5565e497d29b989e5bb492c1368839d424a984c32e2aae9,workload_specific_activity_not_total_energy,compute_pipeline_aggregate,144061150,1172565,0,0,14936278,1804312,grasu_regraph_compute_aggregate_v1
cb064f005ee104a27894,8ef58f6a8823a5e457e9,sx_askubuntu,full_pagerank,insert,8,grasu_regraph_k1,eee35f39c118538da5565e497d29b989e5bb492c1368839d424a984c32e2aae9,workload_specific_activity_not_total_energy,gather,1048576,1172565,7464021,9561173,0,0,regraph_gather_bank_accesses_v1
cb064f005ee104a27894,8ef58f6a8823a5e457e9,sx_askubuntu,full_pagerank,insert,8,grasu_regraph_k1,eee35f39c118538da5565e497d29b989e5bb492c1368839d424a984c32e2aae9,workload_specific_activity_not_total_energy,hbm_frontend,144061409,0,14577016,359340,14936356,14970864,shared_axi_hbm_request_and_stall_v1
cb064f005ee104a27894,8ef58f6a8823a5e457e9,sx_askubuntu,full_pagerank,insert,8,grasu_regraph_k1,eee35f39c118538da5565e497d29b989e5bb492c1368839d424a984c32e2aae9,workload_specific_activity_not_total_energy,merger,0,786432,0,98304,0,0,regraph_merger_stream_activity_v1
cb064f005ee104a27894,8ef58f6a8823a5e457e9,sx_askubuntu,full_pagerank,insert,8,grasu_regraph_k1,eee35f39c118538da5565e497d29b989e5bb492c1368839d424a984c32e2aae9,workload_specific_activity_not_total_energy,source_cache,36236,504,5529696,1032192,0,0,grasu_regraph_source_cache_accesses_v1
cb064f005ee104a27894,8ef58f6a8823a5e457e9,sx_askubuntu,full_pagerank,insert,8,grasu_regraph_k1,eee35f39c118538da5565e497d29b989e5bb492c1368839d424a984c32e2aae9,workload_specific_activity_not_total_energy,update_pma,259,8,24,16,78,0,grasu_update_pma_execution_v1
ffcfd6dbf8d4c85db8b8,8ef58f6a8823a5e457e9,sx_askubuntu,full_pagerank,insert,8,grasu_regraph_k4_shared,eee35f39c118538da5565e497d29b989e5bb492c1368839d424a984c32e2aae9,workload_specific_activity_not_total_energy,apply,0,98304,98304,98304,0,0,regraph_apply_pipeline_activity_v1
ffcfd6dbf8d4c85db8b8,8ef58f6a8823a5e457e9,sx_askubuntu,full_pagerank,insert,8,grasu_regraph_k4_shared,eee35f39c118538da5565e497d29b989e5bb492c1368839d424a984c32e2aae9,workload_specific_activity_not_total_energy,compute_pipeline_aggregate,38918847,1172565,0,0,14936278,11812812,grasu_regraph_compute_aggregate_v1
ffcfd6dbf8d4c85db8b8,8ef58f6a8823a5e457e9,sx_askubuntu,full_pagerank,insert,8,grasu_regraph_k4_shared,eee35f39c118538da5565e497d29b989e5bb492c1368839d424a984c32e2aae9,workload_specific_activity_not_total_energy,gather,1048576,1172565,7464021,9561173,0,0,regraph_gather_bank_accesses_v1
ffcfd6dbf8d4c85db8b8,8ef58f6a8823a5e457e9,sx_askubuntu,full_pagerank,insert,8,grasu_regraph_k4_shared,eee35f39c118538da5565e497d29b989e5bb492c1368839d424a984c32e2aae9,workload_specific_activity_not_total_energy,hbm_frontend,38919106,0,14577016,359340,14936356,15028880,shared_axi_hbm_request_and_stall_v1
ffcfd6dbf8d4c85db8b8,8ef58f6a8823a5e457e9,sx_askubuntu,full_pagerank,insert,8,grasu_regraph_k4_shared,eee35f39c118538da5565e497d29b989e5bb492c1368839d424a984c32e2aae9,workload_specific_activity_not_total_energy,merger,0,786432,0,98304,0,0,regraph_merger_stream_activity_v1
ffcfd6dbf8d4c85db8b8,8ef58f6a8823a5e457e9,sx_askubuntu,full_pagerank,insert,8,grasu_regraph_k4_shared,eee35f39c118538da5565e497d29b989e5bb492c1368839d424a984c32e2aae9,workload_specific_activity_not_total_energy,source_cache,36236,504,5529696,1032192,0,0,grasu_regraph_source_cache_accesses_v1
ffcfd6dbf8d4c85db8b8,8ef58f6a8823a5e457e9,sx_askubuntu,full_pagerank,insert,8,grasu_regraph_k4_shared,eee35f39c118538da5565e497d29b989e5bb492c1368839d424a984c32e2aae9,workload_specific_activity_not_total_energy,update_pma,259,8,24,16,78,0,grasu_update_pma_execution_v1
8cf14799e5b7889e9b5e,8ef58f6a8823a5e457e9,sx_askubuntu,full_pagerank,insert,8,spine,eee35f39c118538da5565e497d29b989e5bb492c1368839d424a984c32e2aae9,workload_specific_activity_not_total_energy,axis_streams,0,1421448,0,0,0,1913863,spine_axis_transfer_backpressure_v1
8cf14799e5b7889e9b5e,8ef58f6a8823a5e457e9,sx_askubuntu,full_pagerank,insert,8,spine,eee35f39c118538da5565e497d29b989e5bb492c1368839d424a984c32e2aae9,workload_specific_activity_not_total_energy,compute,324008398,390855,0,0,17262162,480329,spine_compute_execution_and_memory_v1
8cf14799e5b7889e9b5e,8ef58f6a8823a5e457e9,sx_askubuntu,full_pagerank,insert,8,spine,eee35f39c118538da5565e497d29b989e5bb492c1368839d424a984c32e2aae9,workload_specific_activity_not_total_energy,hbm_frontend,324014106,0,15716713,1546122,17262835,27612640,shared_axi_hbm_request_and_stall_v1
8cf14799e5b7889e9b5e,8ef58f6a8823a5e457e9,sx_askubuntu,full_pagerank,insert,8,spine,eee35f39c118538da5565e497d29b989e5bb492c1368839d424a984c32e2aae9,workload_specific_activity_not_total_energy,maintenance,5708,8,0,0,673,0,spine_maintenance_execution_and_memory_v1
8cf14799e5b7889e9b5e,8ef58f6a8823a5e457e9,sx_askubuntu,full_pagerank,insert,8,spine,eee35f39c118538da5565e497d29b989e5bb492c1368839d424a984c32e2aae9,workload_specific_activity_not_total_energy,onchip_state_arrays,0,0,0,0,0,0,spine_selected_bram_uram_bitmap_accesses_v1
8cf14799e5b7889e9b5e,8ef58f6a8823a5e457e9,sx_askubuntu,full_pagerank,insert,8,spine,eee35f39c118538da5565e497d29b989e5bb492c1368839d424a984c32e2aae9,workload_specific_activity_not_total_energy,reader,0,390855,0,0,3640450,10338472,spine_reader_execution_and_memory_v1
136f608d4658cc3e116b,38f46d8917665d1b1c50,sx_askubuntu,thresholded_residual_pagerank,insert,8,grasu_regraph_k1,eee35f39c118538da5565e497d29b989e5bb492c1368839d424a984c32e2aae9,workload_specific_activity_not_total_energy,apply,0,32768,32768,32768,0,0,regraph_apply_pipeline_activity_v1
136f608d4658cc3e116b,38f46d8917665d1b1c50,sx_askubuntu,thresholded_residual_pagerank,insert,8,grasu_regraph_k1,eee35f39c118538da5565e497d29b989e5bb492c1368839d424a984c32e2aae9,workload_specific_activity_not_total_energy,compute_pipeline_aggregate,56286910,0,0,0,5821392,741669,grasu_regraph_compute_aggregate_v1
136f608d4658cc3e116b,38f46d8917665d1b1c50,sx_askubuntu,thresholded_residual_pagerank,insert,8,grasu_regraph_k1,eee35f39c118538da5565e497d29b989e5bb492c1368839d424a984c32e2aae9,workload_specific_activity_not_total_energy,gather,524288,0,2097152,4194304,0,0,regraph_gather_bank_accesses_v1
136f608d4658cc3e116b,38f46d8917665d1b1c50,sx_askubuntu,thresholded_residual_pagerank,insert,8,grasu_regraph_k1,eee35f39c118538da5565e497d29b989e5bb492c1368839d424a984c32e2aae9,workload_specific_activity_not_total_energy,hbm_frontend,56287112,0,5625945,195500,5821445,5848215,shared_axi_hbm_request_and_stall_v1
136f608d4658cc3e116b,38f46d8917665d1b1c50,sx_askubuntu,thresholded_residual_pagerank,insert,8,grasu_regraph_k1,eee35f39c118538da5565e497d29b989e5bb492c1368839d424a984c32e2aae9,workload_specific_activity_not_total_energy,merger,0,262144,0,32768,0,0,regraph_merger_stream_activity_v1
136f608d4658cc3e116b,38f46d8917665d1b1c50,sx_askubuntu,thresholded_residual_pagerank,insert,8,grasu_regraph_k1,eee35f39c118538da5565e497d29b989e5bb492c1368839d424a984c32e2aae9,workload_specific_activity_not_total_energy,source_cache,69047,1016,8913952,2080768,0,0,grasu_regraph_source_cache_accesses_v1
136f608d4658cc3e116b,38f46d8917665d1b1c50,sx_askubuntu,thresholded_residual_pagerank,insert,8,grasu_regraph_k1,eee35f39c118538da5565e497d29b989e5bb492c1368839d424a984c32e2aae9,workload_specific_activity_not_total_energy,update_pma,202,8,16,16,53,0,grasu_update_pma_execution_v1
c3fe1f45c53d21b9bd98,38f46d8917665d1b1c50,sx_askubuntu,thresholded_residual_pagerank,insert,8,grasu_regraph_k4_shared,eee35f39c118538da5565e497d29b989e5bb492c1368839d424a984c32e2aae9,workload_specific_activity_not_total_energy,apply,0,32768,32768,32768,0,0,regraph_apply_pipeline_activity_v1
c3fe1f45c53d21b9bd98,38f46d8917665d1b1c50,sx_askubuntu,thresholded_residual_pagerank,insert,8,grasu_regraph_k4_shared,eee35f39c118538da5565e497d29b989e5bb492c1368839d424a984c32e2aae9,workload_specific_activity_not_total_energy,compute_pipeline_aggregate,14731086,0,0,0,5821392,2518511,grasu_regraph_compute_aggregate_v1
c3fe1f45c53d21b9bd98,38f46d8917665d1b1c50,sx_askubuntu,thresholded_residual_pagerank,insert,8,grasu_regraph_k4_shared,eee35f39c118538da5565e497d29b989e5bb492c1368839d424a984c32e2aae9,workload_specific_activity_not_total_energy,gather,524288,0,2097152,4194304,0,0,regraph_gather_bank_accesses_v1
c3fe1f45c53d21b9bd98,38f46d8917665d1b1c50,sx_askubuntu,thresholded_residual_pagerank,insert,8,grasu_regraph_k4_shared,eee35f39c118538da5565e497d29b989e5bb492c1368839d424a984c32e2aae9,workload_specific_activity_not_total_energy,hbm_frontend,14731288,0,5625945,195500,5821445,5873255,shared_axi_hbm_request_and_stall_v1
c3fe1f45c53d21b9bd98,38f46d8917665d1b1c50,sx_askubuntu,thresholded_residual_pagerank,insert,8,grasu_regraph_k4_shared,eee35f39c118538da5565e497d29b989e5bb492c1368839d424a984c32e2aae9,workload_specific_activity_not_total_energy,merger,0,262144,0,32768,0,0,regraph_merger_stream_activity_v1
c3fe1f45c53d21b9bd98,38f46d8917665d1b1c50,sx_askubuntu,thresholded_residual_pagerank,insert,8,grasu_regraph_k4_shared,eee35f39c118538da5565e497d29b989e5bb492c1368839d424a984c32e2aae9,workload_specific_activity_not_total_energy,source_cache,69047,1016,8913952,2080768,0,0,grasu_regraph_source_cache_accesses_v1
c3fe1f45c53d21b9bd98,38f46d8917665d1b1c50,sx_askubuntu,thresholded_residual_pagerank,insert,8,grasu_regraph_k4_shared,eee35f39c118538da5565e497d29b989e5bb492c1368839d424a984c32e2aae9,workload_specific_activity_not_total_energy,update_pma,202,8,16,16,53,0,grasu_update_pma_execution_v1
4b494c08568b5377a058,38f46d8917665d1b1c50,sx_askubuntu,thresholded_residual_pagerank,insert,8,spine,eee35f39c118538da5565e497d29b989e5bb492c1368839d424a984c32e2aae9,workload_specific_activity_not_total_energy,axis_streams,0,0,0,0,0,0,spine_axis_transfer_backpressure_v1
4b494c08568b5377a058,38f46d8917665d1b1c50,sx_askubuntu,thresholded_residual_pagerank,insert,8,spine,eee35f39c118538da5565e497d29b989e5bb492c1368839d424a984c32e2aae9,workload_specific_activity_not_total_energy,compute,2166656,0,0,0,1030982,0,spine_compute_execution_and_memory_v1
4b494c08568b5377a058,38f46d8917665d1b1c50,sx_askubuntu,thresholded_residual_pagerank,insert,8,spine,eee35f39c118538da5565e497d29b989e5bb492c1368839d424a984c32e2aae9,workload_specific_activity_not_total_energy,hbm_frontend,2172364,0,516115,515540,1031655,2876611,shared_axi_hbm_request_and_stall_v1
4b494c08568b5377a058,38f46d8917665d1b1c50,sx_askubuntu,thresholded_residual_pagerank,insert,8,spine,eee35f39c118538da5565e497d29b989e5bb492c1368839d424a984c32e2aae9,workload_specific_activity_not_total_energy,maintenance,5708,8,0,0,673,0,spine_maintenance_execution_and_memory_v1
4b494c08568b5377a058,38f46d8917665d1b1c50,sx_askubuntu,thresholded_residual_pagerank,insert,8,spine,eee35f39c118538da5565e497d29b989e5bb492c1368839d424a984c32e2aae9,workload_specific_activity_not_total_energy,onchip_state_arrays,0,0,0,0,0,0,spine_selected_bram_uram_bitmap_accesses_v1
4b494c08568b5377a058,38f46d8917665d1b1c50,sx_askubuntu,thresholded_residual_pagerank,insert,8,spine,eee35f39c118538da5565e497d29b989e5bb492c1368839d424a984c32e2aae9,workload_specific_activity_not_total_energy,reader,0,0,0,0,0,0,spine_reader_execution_and_memory_v1
1ffe313c409e21212f3f,e22e057218683045c5ed,sx_askubuntu,weighted_sssp,delete,1,grasu_regraph_k4_shared,eee35f39c118538da5565e497d29b989e5bb492c1368839d424a984c32e2aae9,workload_specific_activity_not_total_energy,apply,0,458752,458752,458752,0,0,regraph_apply_pipeline_activity_v1
1ffe313c409e21212f3f,e22e057218683045c5ed,sx_askubuntu,weighted_sssp,delete,1,grasu_regraph_k4_shared,eee35f39c118538da5565e497d29b989e5bb492c1368839d424a984c32e2aae9,workload_specific_activity_not_total_energy,compute_pipeline_aggregate,165407047,108265,0,0,60103512,11564936,grasu_regraph_compute_aggregate_v1
1ffe313c409e21212f3f,e22e057218683045c5ed,sx_askubuntu,weighted_sssp,delete,1,grasu_regraph_k4_shared,eee35f39c118538da5565e497d29b989e5bb492c1368839d424a984c32e2aae9,workload_specific_activity_not_total_energy,gather,3932160,108265,29468393,31565545,0,11359443,regraph_gather_bank_accesses_v1
1ffe313c409e21212f3f,e22e057218683045c5ed,sx_askubuntu,weighted_sssp,delete,1,grasu_regraph_k4_shared,eee35f39c118538da5565e497d29b989e5bb492c1368839d424a984c32e2aae9,workload_specific_activity_not_total_energy,hbm_frontend,165407098,0,58727259,1376257,60103516,60218516,shared_axi_hbm_request_and_stall_v1
1ffe313c409e21212f3f,e22e057218683045c5ed,sx_askubuntu,weighted_sssp,delete,1,grasu_regraph_k4_shared,eee35f39c118538da5565e497d29b989e5bb492c1368839d424a984c32e2aae9,workload_specific_activity_not_total_energy,merger,0,3670016,0,458752,0,0,regraph_merger_stream_activity_v1
1ffe313c409e21212f3f,e22e057218683045c5ed,sx_askubuntu,weighted_sssp,delete,1,grasu_regraph_k4_shared,eee35f39c118538da5565e497d29b989e5bb492c1368839d424a984c32e2aae9,workload_specific_activity_not_total_energy,source_cache,0,784,5701248,1605632,0,378430,grasu_regraph_source_cache_accesses_v1
1ffe313c409e21212f3f,e22e057218683045c5ed,sx_askubuntu,weighted_sssp,delete,1,grasu_regraph_k4_shared,eee35f39c118538da5565e497d29b989e5bb492c1368839d424a984c32e2aae9,workload_specific_activity_not_total_energy,update_pma,51,1,1,1,4,0,grasu_update_pma_execution_v1
9c7090d0627b601bd999,e22e057218683045c5ed,sx_askubuntu,weighted_sssp,delete,1,spine,eee35f39c118538da5565e497d29b989e5bb492c1368839d424a984c32e2aae9,workload_specific_activity_not_total_energy,axis_streams,0,0,0,0,0,6759812,spine_axis_transfer_backpressure_v1
9c7090d0627b601bd999,e22e057218683045c5ed,sx_askubuntu,weighted_sssp,delete,1,spine,eee35f39c118538da5565e497d29b989e5bb492c1368839d424a984c32e2aae9,workload_specific_activity_not_total_energy,compute,31597613,0,0,0,0,0,spine_compute_execution_and_memory_v1
9c7090d0627b601bd999,e22e057218683045c5ed,sx_askubuntu,weighted_sssp,delete,1,spine,eee35f39c118538da5565e497d29b989e5bb492c1368839d424a984c32e2aae9,workload_specific_activity_not_total_energy,hbm_frontend,37371473,0,3739327,2620270,6359597,469284295,shared_axi_hbm_request_and_stall_v1
9c7090d0627b601bd999,e22e057218683045c5ed,sx_askubuntu,weighted_sssp,delete,1,spine,eee35f39c118538da5565e497d29b989e5bb492c1368839d424a984c32e2aae9,workload_specific_activity_not_total_energy,maintenance,5773860,319995,0,0,3439014,4859584,spine_maintenance_execution_and_memory_v1
9c7090d0627b601bd999,e22e057218683045c5ed,sx_askubuntu,weighted_sssp,delete,1,spine,eee35f39c118538da5565e497d29b989e5bb492c1368839d424a984c32e2aae9,workload_specific_activity_not_total_energy,onchip_state_arrays,0,0,0,0,0,0,spine_selected_bram_uram_bitmap_accesses_v1
9c7090d0627b601bd999,e22e057218683045c5ed,sx_askubuntu,weighted_sssp,delete,1,spine,eee35f39c118538da5565e497d29b989e5bb492c1368839d424a984c32e2aae9,workload_specific_activity_not_total_energy,reader,0,0,0,0,0,0,spine_reader_execution_and_memory_v1
42500190d5b90bad4dfa,d326f0293ef23bbddf0a,sx_askubuntu,weighted_sssp,delete,8,grasu_regraph_k4_shared,eee35f39c118538da5565e497d29b989e5bb492c1368839d424a984c32e2aae9,workload_specific_activity_not_total_energy,apply,0,458752,458752,458752,0,0,regraph_apply_pipeline_activity_v1
42500190d5b90bad4dfa,d326f0293ef23bbddf0a,sx_askubuntu,weighted_sssp,delete,8,grasu_regraph_k4_shared,eee35f39c118538da5565e497d29b989e5bb492c1368839d424a984c32e2aae9,workload_specific_activity_not_total_energy,compute_pipeline_aggregate,165427125,108245,0,0,60103512,11570922,grasu_regraph_compute_aggregate_v1
42500190d5b90bad4dfa,d326f0293ef23bbddf0a,sx_askubuntu,weighted_sssp,delete,8,grasu_regraph_k4_shared,eee35f39c118538da5565e497d29b989e5bb492c1368839d424a984c32e2aae9,workload_specific_activity_not_total_energy,gather,3932160,108245,29468373,31565525,0,11365329,regraph_gather_bank_accesses_v1
42500190d5b90bad4dfa,d326f0293ef23bbddf0a,sx_askubuntu,weighted_sssp,delete,8,grasu_regraph_k4_shared,eee35f39c118538da5565e497d29b989e5bb492c1368839d424a984c32e2aae9,workload_specific_activity_not_total_energy,hbm_frontend,165427252,0,58727280,1376264,60103544,60273913,shared_axi_hbm_request_and_stall_v1
42500190d5b90bad4dfa,d326f0293ef23bbddf0a,sx_askubuntu,weighted_sssp,delete,8,grasu_regraph_k4_shared,eee35f39c118538da5565e497d29b989e5bb492c1368839d424a984c32e2aae9,workload_specific_activity_not_total_energy,merger,0,3670016,0,458752,0,0,regraph_merger_stream_activity_v1
42500190d5b90bad4dfa,d326f0293ef23bbddf0a,sx_askubuntu,weighted_sssp,delete,8,grasu_regraph_k4_shared,eee35f39c118538da5565e497d29b989e5bb492c1368839d424a984c32e2aae9,workload_specific_activity_not_total_energy,source_cache,0,784,5701248,1605632,0,378773,grasu_regraph_source_cache_accesses_v1
42500190d5b90bad4dfa,d326f0293ef23bbddf0a,sx_askubuntu,weighted_sssp,delete,8,grasu_regraph_k4_shared,eee35f39c118538da5565e497d29b989e5bb492c1368839d424a984c32e2aae9,workload_specific_activity_not_total_energy,update_pma,127,8,8,8,32,0,grasu_update_pma_execution_v1
087ea93d578261400aa6,d326f0293ef23bbddf0a,sx_askubuntu,weighted_sssp,delete,8,spine,eee35f39c118538da5565e497d29b989e5bb492c1368839d424a984c32e2aae9,workload_specific_activity_not_total_energy,axis_streams,0,0,0,0,0,6759876,spine_axis_transfer_backpressure_v1
087ea93d578261400aa6,d326f0293ef23bbddf0a,sx_askubuntu,weighted_sssp,delete,8,spine,eee35f39c118538da5565e497d29b989e5bb492c1368839d424a984c32e2aae9,workload_specific_activity_not_total_energy,compute,31596091,0,0,0,0,0,spine_compute_execution_and_memory_v1
087ea93d578261400aa6,d326f0293ef23bbddf0a,sx_askubuntu,weighted_sssp,delete,8,spine,eee35f39c118538da5565e497d29b989e5bb492c1368839d424a984c32e2aae9,workload_specific_activity_not_total_energy,hbm_frontend,37369521,0,3739082,2620233,6359315,469252344,shared_axi_hbm_request_and_stall_v1
087ea93d578261400aa6,d326f0293ef23bbddf0a,sx_askubuntu,weighted_sssp,delete,8,spine,eee35f39c118538da5565e497d29b989e5bb492c1368839d424a984c32e2aae9,workload_specific_activity_not_total_energy,maintenance,5773430,319960,0,0,3438732,4858939,spine_maintenance_execution_and_memory_v1
087ea93d578261400aa6,d326f0293ef23bbddf0a,sx_askubuntu,weighted_sssp,delete,8,spine,eee35f39c118538da5565e497d29b989e5bb492c1368839d424a984c32e2aae9,workload_specific_activity_not_total_energy,onchip_state_arrays,0,0,0,0,0,0,spine_selected_bram_uram_bitmap_accesses_v1
087ea93d578261400aa6,d326f0293ef23bbddf0a,sx_askubuntu,weighted_sssp,delete,8,spine,eee35f39c118538da5565e497d29b989e5bb492c1368839d424a984c32e2aae9,workload_specific_activity_not_total_energy,reader,0,0,0,0,0,0,spine_reader_execution_and_memory_v1
05c67b7a13fca2963f8f,6174acee3334cc638b9d,sx_askubuntu,weighted_sssp,delete,64,grasu_regraph_k4_shared,eee35f39c118538da5565e497d29b989e5bb492c1368839d424a984c32e2aae9,workload_specific_activity_not_total_energy,apply,0,458752,458752,458752,0,0,regraph_apply_pipeline_activity_v1
05c67b7a13fca2963f8f,6174acee3334cc638b9d,sx_askubuntu,weighted_sssp,delete,64,grasu_regraph_k4_shared,eee35f39c118538da5565e497d29b989e5bb492c1368839d424a984c32e2aae9,workload_specific_activity_not_total_energy,compute_pipeline_aggregate,165469431,108113,0,0,60103512,11578509,grasu_regraph_compute_aggregate_v1
05c67b7a13fca2963f8f,6174acee3334cc638b9d,sx_askubuntu,weighted_sssp,delete,64,grasu_regraph_k4_shared,eee35f39c118538da5565e497d29b989e5bb492c1368839d424a984c32e2aae9,workload_specific_activity_not_total_energy,gather,3932160,108113,29468241,31565393,0,11372876,regraph_gather_bank_accesses_v1
05c67b7a13fca2963f8f,6174acee3334cc638b9d,sx_askubuntu,weighted_sssp,delete,64,grasu_regraph_k4_shared,eee35f39c118538da5565e497d29b989e5bb492c1368839d424a984c32e2aae9,workload_specific_activity_not_total_energy,hbm_frontend,165470143,0,58727448,1376320,60103768,60330616,shared_axi_hbm_request_and_stall_v1
05c67b7a13fca2963f8f,6174acee3334cc638b9d,sx_askubuntu,weighted_sssp,delete,64,grasu_regraph_k4_shared,eee35f39c118538da5565e497d29b989e5bb492c1368839d424a984c32e2aae9,workload_specific_activity_not_total_energy,merger,0,3670016,0,458752,0,0,regraph_merger_stream_activity_v1
05c67b7a13fca2963f8f,6174acee3334cc638b9d,sx_askubuntu,weighted_sssp,delete,64,grasu_regraph_k4_shared,eee35f39c118538da5565e497d29b989e5bb492c1368839d424a984c32e2aae9,workload_specific_activity_not_total_energy,source_cache,0,784,5701248,1605632,0,378961,grasu_regraph_source_cache_accesses_v1
05c67b7a13fca2963f8f,6174acee3334cc638b9d,sx_askubuntu,weighted_sssp,delete,64,grasu_regraph_k4_shared,eee35f39c118538da5565e497d29b989e5bb492c1368839d424a984c32e2aae9,workload_specific_activity_not_total_energy,update_pma,712,64,64,64,256,0,grasu_update_pma_execution_v1
cd856a40723cf6fb58ae,6174acee3334cc638b9d,sx_askubuntu,weighted_sssp,delete,64,spine,eee35f39c118538da5565e497d29b989e5bb492c1368839d424a984c32e2aae9,workload_specific_activity_not_total_energy,axis_streams,0,0,0,0,0,6758639,spine_axis_transfer_backpressure_v1
cd856a40723cf6fb58ae,6174acee3334cc638b9d,sx_askubuntu,weighted_sssp,delete,64,spine,eee35f39c118538da5565e497d29b989e5bb492c1368839d424a984c32e2aae9,workload_specific_activity_not_total_energy,compute,31583803,0,0,0,0,0,spine_compute_execution_and_memory_v1
cd856a40723cf6fb58ae,6174acee3334cc638b9d,sx_askubuntu,weighted_sssp,delete,64,spine,eee35f39c118538da5565e497d29b989e5bb492c1368839d424a984c32e2aae9,workload_specific_activity_not_total_energy,hbm_frontend,37353019,0,3738134,2619970,6358104,469066084,shared_axi_hbm_request_and_stall_v1
cd856a40723cf6fb58ae,6174acee3334cc638b9d,sx_askubuntu,weighted_sssp,delete,64,spine,eee35f39c118538da5565e497d29b989e5bb492c1368839d424a984c32e2aae9,workload_specific_activity_not_total_energy,maintenance,5769216,319680,0,0,3437521,4854953,spine_maintenance_execution_and_memory_v1
cd856a40723cf6fb58ae,6174acee3334cc638b9d,sx_askubuntu,weighted_sssp,delete,64,spine,eee35f39c118538da5565e497d29b989e5bb492c1368839d424a984c32e2aae9,workload_specific_activity_not_total_energy,onchip_state_arrays,0,0,0,0,0,0,spine_selected_bram_uram_bitmap_accesses_v1
cd856a40723cf6fb58ae,6174acee3334cc638b9d,sx_askubuntu,weighted_sssp,delete,64,spine,eee35f39c118538da5565e497d29b989e5bb492c1368839d424a984c32e2aae9,workload_specific_activity_not_total_energy,reader,0,0,0,0,0,0,spine_reader_execution_and_memory_v1
59da65c2500edb88edad,13c8d6ed54c6200c02d9,sx_askubuntu,weighted_sssp,insert,1,grasu_regraph_k4_shared,eee35f39c118538da5565e497d29b989e5bb492c1368839d424a984c32e2aae9,workload_specific_activity_not_total_energy,apply,0,393216,393216,393216,0,0,regraph_apply_pipeline_activity_v1
59da65c2500edb88edad,13c8d6ed54c6200c02d9,sx_askubuntu,weighted_sssp,insert,1,grasu_regraph_k4_shared,eee35f39c118538da5565e497d29b989e5bb492c1368839d424a984c32e2aae9,workload_specific_activity_not_total_energy,compute_pipeline_aggregate,153339410,792789,0,0,52938336,37911071,grasu_regraph_compute_aggregate_v1
59da65c2500edb88edad,13c8d6ed54c6200c02d9,sx_askubuntu,weighted_sssp,insert,1,grasu_regraph_k4_shared,eee35f39c118538da5565e497d29b989e5bb492c1368839d424a984c32e2aae9,workload_specific_activity_not_total_energy,gather,3407872,792789,25958613,28055765,0,37678518,regraph_gather_bank_accesses_v1
59da65c2500edb88edad,13c8d6ed54c6200c02d9,sx_askubuntu,weighted_sssp,insert,1,grasu_regraph_k4_shared,eee35f39c118538da5565e497d29b989e5bb492c1368839d424a984c32e2aae9,workload_specific_activity_not_total_energy,hbm_frontend,153339497,0,51758694,1179649,52938343,53085118,shared_axi_hbm_request_and_stall_v1
59da65c2500edb88edad,13c8d6ed54c6200c02d9,sx_askubuntu,weighted_sssp,insert,1,grasu_regraph_k4_shared,eee35f39c118538da5565e497d29b989e5bb492c1368839d424a984c32e2aae9,workload_specific_activity_not_total_energy,merger,0,3145728,0,393216,0,0,regraph_merger_stream_activity_v1
59da65c2500edb88edad,13c8d6ed54c6200c02d9,sx_askubuntu,weighted_sssp,insert,1,grasu_regraph_k4_shared,eee35f39c118538da5565e497d29b989e5bb492c1368839d424a984c32e2aae9,workload_specific_activity_not_total_energy,source_cache,0,2016,22118400,4128768,0,1324644,grasu_regraph_source_cache_accesses_v1
59da65c2500edb88edad,13c8d6ed54c6200c02d9,sx_askubuntu,weighted_sssp,insert,1,grasu_regraph_k4_shared,eee35f39c118538da5565e497d29b989e5bb492c1368839d424a984c32e2aae9,workload_specific_activity_not_total_energy,update_pma,87,1,1,1,7,0,grasu_update_pma_execution_v1
3162f6d3c69bcbba7425,13c8d6ed54c6200c02d9,sx_askubuntu,weighted_sssp,insert,1,spine,eee35f39c118538da5565e497d29b989e5bb492c1368839d424a984c32e2aae9,workload_specific_activity_not_total_energy,axis_streams,0,0,0,0,0,0,spine_axis_transfer_backpressure_v1
3162f6d3c69bcbba7425,13c8d6ed54c6200c02d9,sx_askubuntu,weighted_sssp,insert,1,spine,eee35f39c118538da5565e497d29b989e5bb492c1368839d424a984c32e2aae9,workload_specific_activity_not_total_energy,compute,24882618,0,0,0,0,0,spine_compute_execution_and_memory_v1
3162f6d3c69bcbba7425,13c8d6ed54c6200c02d9,sx_askubuntu,weighted_sssp,insert,1,spine,eee35f39c118538da5565e497d29b989e5bb492c1368839d424a984c32e2aae9,workload_specific_activity_not_total_energy,hbm_frontend,24887990,0,3854317,2155485,6009802,43768446,shared_axi_hbm_request_and_stall_v1
3162f6d3c69bcbba7425,13c8d6ed54c6200c02d9,sx_askubuntu,weighted_sssp,insert,1,spine,eee35f39c118538da5565e497d29b989e5bb492c1368839d424a984c32e2aae9,workload_specific_activity_not_total_energy,maintenance,5372,5,0,0,1717,1684,spine_maintenance_execution_and_memory_v1
3162f6d3c69bcbba7425,13c8d6ed54c6200c02d9,sx_askubuntu,weighted_sssp,insert,1,spine,eee35f39c118538da5565e497d29b989e5bb492c1368839d424a984c32e2aae9,workload_specific_activity_not_total_energy,onchip_state_arrays,0,0,0,0,0,0,spine_selected_bram_uram_bitmap_accesses_v1
3162f6d3c69bcbba7425,13c8d6ed54c6200c02d9,sx_askubuntu,weighted_sssp,insert,1,spine,eee35f39c118538da5565e497d29b989e5bb492c1368839d424a984c32e2aae9,workload_specific_activity_not_total_energy,reader,0,0,0,0,0,0,spine_reader_execution_and_memory_v1
28d2d359e376b904d0ee,5228027992096fa7683a,sx_askubuntu,weighted_sssp,insert,8,grasu_regraph_k4_shared,eee35f39c118538da5565e497d29b989e5bb492c1368839d424a984c32e2aae9,workload_specific_activity_not_total_energy,apply,0,393216,393216,393216,0,0,regraph_apply_pipeline_activity_v1
28d2d359e376b904d0ee,5228027992096fa7683a,sx_askubuntu,weighted_sssp,insert,8,grasu_regraph_k4_shared,eee35f39c118538da5565e497d29b989e5bb492c1368839d424a984c32e2aae9,workload_specific_activity_not_total_energy,compute_pipeline_aggregate,153358804,792828,0,0,52938360,37828987,grasu_regraph_compute_aggregate_v1
28d2d359e376b904d0ee,5228027992096fa7683a,sx_askubuntu,weighted_sssp,insert,8,grasu_regraph_k4_shared,eee35f39c118538da5565e497d29b989e5bb492c1368839d424a984c32e2aae9,workload_specific_activity_not_total_energy,gather,3407872,792828,25958652,28055804,0,37596309,regraph_gather_bank_accesses_v1
28d2d359e376b904d0ee,5228027992096fa7683a,sx_askubuntu,weighted_sssp,insert,8,grasu_regraph_k4_shared,eee35f39c118538da5565e497d29b989e5bb492c1368839d424a984c32e2aae9,workload_specific_activity_not_total_energy,hbm_frontend,153359021,0,51758766,1179656,52938422,53101599,shared_axi_hbm_request_and_stall_v1
28d2d359e376b904d0ee,5228027992096fa7683a,sx_askubuntu,weighted_sssp,insert,8,grasu_regraph_k4_shared,eee35f39c118538da5565e497d29b989e5bb492c1368839d424a984c32e2aae9,workload_specific_activity_not_total_energy,merger,0,3145728,0,393216,0,0,regraph_merger_stream_activity_v1
28d2d359e376b904d0ee,5228027992096fa7683a,sx_askubuntu,weighted_sssp,insert,8,grasu_regraph_k4_shared,eee35f39c118538da5565e497d29b989e5bb492c1368839d424a984c32e2aae9,workload_specific_activity_not_total_energy,source_cache,0,2016,22118784,4128768,0,1324401,grasu_regraph_source_cache_accesses_v1
28d2d359e376b904d0ee,5228027992096fa7683a,sx_askubuntu,weighted_sssp,insert,8,grasu_regraph_k4_shared,eee35f39c118538da5565e497d29b989e5bb492c1368839d424a984c32e2aae9,workload_specific_activity_not_total_energy,update_pma,217,8,8,8,62,0,grasu_update_pma_execution_v1
53d8ac095d6b4bb6739f,5228027992096fa7683a,sx_askubuntu,weighted_sssp,insert,8,spine,eee35f39c118538da5565e497d29b989e5bb492c1368839d424a984c32e2aae9,workload_specific_activity_not_total_energy,axis_streams,0,0,0,0,0,13571,spine_axis_transfer_backpressure_v1
53d8ac095d6b4bb6739f,5228027992096fa7683a,sx_askubuntu,weighted_sssp,insert,8,spine,eee35f39c118538da5565e497d29b989e5bb492c1368839d424a984c32e2aae9,workload_specific_activity_not_total_energy,compute,24913319,0,0,0,0,0,spine_compute_execution_and_memory_v1
53d8ac095d6b4bb6739f,5228027992096fa7683a,sx_askubuntu,weighted_sssp,insert,8,spine,eee35f39c118538da5565e497d29b989e5bb492c1368839d424a984c32e2aae9,workload_specific_activity_not_total_energy,hbm_frontend,24919004,0,3855956,2155611,6011567,43776939,shared_axi_hbm_request_and_stall_v1
53d8ac095d6b4bb6739f,5228027992096fa7683a,sx_askubuntu,weighted_sssp,insert,8,spine,eee35f39c118538da5565e497d29b989e5bb492c1368839d424a984c32e2aae9,workload_specific_activity_not_total_energy,maintenance,5685,40,0,0,3482,1894,spine_maintenance_execution_and_memory_v1
53d8ac095d6b4bb6739f,5228027992096fa7683a,sx_askubuntu,weighted_sssp,insert,8,spine,eee35f39c118538da5565e497d29b989e5bb492c1368839d424a984c32e2aae9,workload_specific_activity_not_total_energy,onchip_state_arrays,0,0,0,0,0,0,spine_selected_bram_uram_bitmap_accesses_v1
53d8ac095d6b4bb6739f,5228027992096fa7683a,sx_askubuntu,weighted_sssp,insert,8,spine,eee35f39c118538da5565e497d29b989e5bb492c1368839d424a984c32e2aae9,workload_specific_activity_not_total_energy,reader,0,0,0,0,0,0,spine_reader_execution_and_memory_v1
eb442a2122d3a8337aad,987d6938f5863f9798ff,sx_askubuntu,weighted_sssp,insert,64,grasu_regraph_k4_shared,eee35f39c118538da5565e497d29b989e5bb492c1368839d424a984c32e2aae9,workload_specific_activity_not_total_energy,apply,0,393216,393216,393216,0,0,regraph_apply_pipeline_activity_v1
eb442a2122d3a8337aad,987d6938f5863f9798ff,sx_askubuntu,weighted_sssp,insert,64,grasu_regraph_k4_shared,eee35f39c118538da5565e497d29b989e5bb492c1368839d424a984c32e2aae9,workload_specific_activity_not_total_energy,compute_pipeline_aggregate,153354342,792741,0,0,52938540,37934036,grasu_regraph_compute_aggregate_v1
eb442a2122d3a8337aad,987d6938f5863f9798ff,sx_askubuntu,weighted_sssp,insert,64,grasu_regraph_k4_shared,eee35f39c118538da5565e497d29b989e5bb492c1368839d424a984c32e2aae9,workload_specific_activity_not_total_energy,gather,3407872,792741,25958565,28055717,0,37700130,regraph_gather_bank_accesses_v1
eb442a2122d3a8337aad,987d6938f5863f9798ff,sx_askubuntu,weighted_sssp,insert,64,grasu_regraph_k4_shared,eee35f39c118538da5565e497d29b989e5bb492c1368839d424a984c32e2aae9,workload_specific_activity_not_total_energy,hbm_frontend,153355230,0,51759164,1179712,52938876,53053539,shared_axi_hbm_request_and_stall_v1
eb442a2122d3a8337aad,987d6938f5863f9798ff,sx_askubuntu,weighted_sssp,insert,64,grasu_regraph_k4_shared,eee35f39c118538da5565e497d29b989e5bb492c1368839d424a984c32e2aae9,workload_specific_activity_not_total_energy,merger,0,3145728,0,393216,0,0,regraph_merger_stream_activity_v1
eb442a2122d3a8337aad,987d6938f5863f9798ff,sx_askubuntu,weighted_sssp,insert,64,grasu_regraph_k4_shared,eee35f39c118538da5565e497d29b989e5bb492c1368839d424a984c32e2aae9,workload_specific_activity_not_total_energy,source_cache,0,2016,22121664,4128768,0,1321960,grasu_regraph_source_cache_accesses_v1
eb442a2122d3a8337aad,987d6938f5863f9798ff,sx_askubuntu,weighted_sssp,insert,64,grasu_regraph_k4_shared,eee35f39c118538da5565e497d29b989e5bb492c1368839d424a984c32e2aae9,workload_specific_activity_not_total_energy,update_pma,888,64,64,64,336,0,grasu_update_pma_execution_v1
e6f9c9eb9f4244d32ece,987d6938f5863f9798ff,sx_askubuntu,weighted_sssp,insert,64,spine,eee35f39c118538da5565e497d29b989e5bb492c1368839d424a984c32e2aae9,workload_specific_activity_not_total_energy,axis_streams,0,0,0,0,0,113962,spine_axis_transfer_backpressure_v1
e6f9c9eb9f4244d32ece,987d6938f5863f9798ff,sx_askubuntu,weighted_sssp,insert,64,spine,eee35f39c118538da5565e497d29b989e5bb492c1368839d424a984c32e2aae9,workload_specific_activity_not_total_energy,compute,25122671,0,0,0,0,0,spine_compute_execution_and_memory_v1
e6f9c9eb9f4244d32ece,987d6938f5863f9798ff,sx_askubuntu,weighted_sssp,insert,64,spine,eee35f39c118538da5565e497d29b989e5bb492c1368839d424a984c32e2aae9,workload_specific_activity_not_total_energy,hbm_frontend,25133564,0,3864241,2156353,6020594,43816375,shared_axi_hbm_request_and_stall_v1
e6f9c9eb9f4244d32ece,987d6938f5863f9798ff,sx_askubuntu,weighted_sssp,insert,64,spine,eee35f39c118538da5565e497d29b989e5bb492c1368839d424a984c32e2aae9,workload_specific_activity_not_total_energy,maintenance,10893,320,0,0,12509,5064,spine_maintenance_execution_and_memory_v1
e6f9c9eb9f4244d32ece,987d6938f5863f9798ff,sx_askubuntu,weighted_sssp,insert,64,spine,eee35f39c118538da5565e497d29b989e5bb492c1368839d424a984c32e2aae9,workload_specific_activity_not_total_energy,onchip_state_arrays,0,0,0,0,0,0,spine_selected_bram_uram_bitmap_accesses_v1
e6f9c9eb9f4244d32ece,987d6938f5863f9798ff,sx_askubuntu,weighted_sssp,insert,64,spine,eee35f39c118538da5565e497d29b989e5bb492c1368839d424a984c32e2aae9,workload_specific_activity_not_total_energy,reader,0,0,0,0,0,0,spine_reader_execution_and_memory_v1
3400c03b9486985346dc,cf53e75bb3a13a80ddec,sx_askubuntu,weighted_sssp,insert,512,grasu_regraph_k4_shared,eee35f39c118538da5565e497d29b989e5bb492c1368839d424a984c32e2aae9,workload_specific_activity_not_total_energy,apply,0,393216,393216,393216,0,0,regraph_apply_pipeline_activity_v1
3400c03b9486985346dc,cf53e75bb3a13a80ddec,sx_askubuntu,weighted_sssp,insert,512,grasu_regraph_k4_shared,eee35f39c118538da5565e497d29b989e5bb492c1368839d424a984c32e2aae9,workload_specific_activity_not_total_energy,compute_pipeline_aggregate,153345219,809683,0,0,52939320,37849334,grasu_regraph_compute_aggregate_v1
3400c03b9486985346dc,cf53e75bb3a13a80ddec,sx_askubuntu,weighted_sssp,insert,512,grasu_regraph_k4_shared,eee35f39c118538da5565e497d29b989e5bb492c1368839d424a984c32e2aae9,workload_specific_activity_not_total_energy,gather,3407872,809683,25975507,28072659,0,37599320,regraph_gather_bank_accesses_v1
3400c03b9486985346dc,cf53e75bb3a13a80ddec,sx_askubuntu,weighted_sssp,insert,512,grasu_regraph_k4_shared,eee35f39c118538da5565e497d29b989e5bb492c1368839d424a984c32e2aae9,workload_specific_activity_not_total_energy,hbm_frontend,153351535,0,51762254,1180160,52942414,53086744,shared_axi_hbm_request_and_stall_v1
3400c03b9486985346dc,cf53e75bb3a13a80ddec,sx_askubuntu,weighted_sssp,insert,512,grasu_regraph_k4_shared,eee35f39c118538da5565e497d29b989e5bb492c1368839d424a984c32e2aae9,workload_specific_activity_not_total_energy,merger,0,3145728,0,393216,0,0,regraph_merger_stream_activity_v1
3400c03b9486985346dc,cf53e75bb3a13a80ddec,sx_askubuntu,weighted_sssp,insert,512,grasu_regraph_k4_shared,eee35f39c118538da5565e497d29b989e5bb492c1368839d424a984c32e2aae9,workload_specific_activity_not_total_energy,source_cache,0,2016,22134144,4128768,0,1324778,grasu_regraph_source_cache_accesses_v1
3400c03b9486985346dc,cf53e75bb3a13a80ddec,sx_askubuntu,weighted_sssp,insert,512,grasu_regraph_k4_shared,eee35f39c118538da5565e497d29b989e5bb492c1368839d424a984c32e2aae9,workload_specific_activity_not_total_energy,update_pma,6316,512,512,512,3094,0,grasu_update_pma_execution_v1
a731fc0383546fc96666,cf53e75bb3a13a80ddec,sx_askubuntu,weighted_sssp,insert,512,spine,eee35f39c118538da5565e497d29b989e5bb492c1368839d424a984c32e2aae9,workload_specific_activity_not_total_energy,axis_streams,0,0,0,0,0,916887,spine_axis_transfer_backpressure_v1
a731fc0383546fc96666,cf53e75bb3a13a80ddec,sx_askubuntu,weighted_sssp,insert,512,spine,eee35f39c118538da5565e497d29b989e5bb492c1368839d424a984c32e2aae9,workload_specific_activity_not_total_energy,compute,26203278,0,0,0,0,0,spine_compute_execution_and_memory_v1
a731fc0383546fc96666,cf53e75bb3a13a80ddec,sx_askubuntu,weighted_sssp,insert,512,spine,eee35f39c118538da5565e497d29b989e5bb492c1368839d424a984c32e2aae9,workload_specific_activity_not_total_energy,hbm_frontend,26246465,0,3990463,2231966,6222429,45281731,shared_axi_hbm_request_and_stall_v1
a731fc0383546fc96666,cf53e75bb3a13a80ddec,sx_askubuntu,weighted_sssp,insert,512,spine,eee35f39c118538da5565e497d29b989e5bb492c1368839d424a984c32e2aae9,workload_specific_activity_not_total_energy,maintenance,43187,2560,0,0,214344,34966,spine_maintenance_execution_and_memory_v1
a731fc0383546fc96666,cf53e75bb3a13a80ddec,sx_askubuntu,weighted_sssp,insert,512,spine,eee35f39c118538da5565e497d29b989e5bb492c1368839d424a984c32e2aae9,workload_specific_activity_not_total_energy,onchip_state_arrays,0,0,0,0,0,0,spine_selected_bram_uram_bitmap_accesses_v1
a731fc0383546fc96666,cf53e75bb3a13a80ddec,sx_askubuntu,weighted_sssp,insert,512,spine,eee35f39c118538da5565e497d29b989e5bb492c1368839d424a984c32e2aae9,workload_specific_activity_not_total_energy,reader,0,0,0,0,0,0,spine_reader_execution_and_memory_v1
7cb746c8e91cc36cb5ea,5ab3a83255ca846ac046,sx_askubuntu,weighted_sssp,insert,4096,grasu_regraph_k4_shared,eee35f39c118538da5565e497d29b989e5bb492c1368839d424a984c32e2aae9,workload_specific_activity_not_total_energy,apply,0,393216,393216,393216,0,0,regraph_apply_pipeline_activity_v1
7cb746c8e91cc36cb5ea,5ab3a83255ca846ac046,sx_askubuntu,weighted_sssp,insert,4096,grasu_regraph_k4_shared,eee35f39c118538da5565e497d29b989e5bb492c1368839d424a984c32e2aae9,workload_specific_activity_not_total_energy,compute_pipeline_aggregate,153357221,835030,0,0,52944504,37969556,grasu_regraph_compute_aggregate_v1
7cb746c8e91cc36cb5ea,5ab3a83255ca846ac046,sx_askubuntu,weighted_sssp,insert,4096,grasu_regraph_k4_shared,eee35f39c118538da5565e497d29b989e5bb492c1368839d424a984c32e2aae9,workload_specific_activity_not_total_energy,gather,3407872,835030,26000854,28098006,0,37716156,regraph_gather_bank_accesses_v1
7cb746c8e91cc36cb5ea,5ab3a83255ca846ac046,sx_askubuntu,weighted_sssp,insert,4096,grasu_regraph_k4_shared,eee35f39c118538da5565e497d29b989e5bb492c1368839d424a984c32e2aae9,workload_specific_activity_not_total_energy,hbm_frontend,153405251,0,51785441,1183744,52969185,53104587,shared_axi_hbm_request_and_stall_v1
7cb746c8e91cc36cb5ea,5ab3a83255ca846ac046,sx_askubuntu,weighted_sssp,insert,4096,grasu_regraph_k4_shared,eee35f39c118538da5565e497d29b989e5bb492c1368839d424a984c32e2aae9,workload_specific_activity_not_total_energy,merger,0,3145728,0,393216,0,0,regraph_merger_stream_activity_v1
7cb746c8e91cc36cb5ea,5ab3a83255ca846ac046,sx_askubuntu,weighted_sssp,insert,4096,grasu_regraph_k4_shared,eee35f39c118538da5565e497d29b989e5bb492c1368839d424a984c32e2aae9,workload_specific_activity_not_total_energy,source_cache,0,2016,22217088,4128768,0,1328603,grasu_regraph_source_cache_accesses_v1
7cb746c8e91cc36cb5ea,5ab3a83255ca846ac046,sx_askubuntu,weighted_sssp,insert,4096,grasu_regraph_k4_shared,eee35f39c118538da5565e497d29b989e5bb492c1368839d424a984c32e2aae9,workload_specific_activity_not_total_energy,update_pma,48030,4096,4096,4096,24681,0,grasu_update_pma_execution_v1
956dc075c0655ff4a984,5ab3a83255ca846ac046,sx_askubuntu,weighted_sssp,insert,4096,spine,eee35f39c118538da5565e497d29b989e5bb492c1368839d424a984c32e2aae9,workload_specific_activity_not_total_energy,axis_streams,0,0,0,0,0,2180743,spine_axis_transfer_backpressure_v1
956dc075c0655ff4a984,5ab3a83255ca846ac046,sx_askubuntu,weighted_sssp,insert,4096,spine,eee35f39c118538da5565e497d29b989e5bb492c1368839d424a984c32e2aae9,workload_specific_activity_not_total_energy,compute,28466744,0,0,0,0,0,spine_compute_execution_and_memory_v1
956dc075c0655ff4a984,5ab3a83255ca846ac046,sx_askubuntu,weighted_sssp,insert,4096,spine,eee35f39c118538da5565e497d29b989e5bb492c1368839d424a984c32e2aae9,workload_specific_activity_not_total_energy,hbm_frontend,28755462,0,4316636,2393660,6710296,59564669,shared_axi_hbm_request_and_stall_v1
956dc075c0655ff4a984,5ab3a83255ca846ac046,sx_askubuntu,weighted_sssp,insert,4096,spine,eee35f39c118538da5565e497d29b989e5bb492c1368839d424a984c32e2aae9,workload_specific_activity_not_total_energy,maintenance,288718,20480,0,0,702211,276781,spine_maintenance_execution_and_memory_v1
956dc075c0655ff4a984,5ab3a83255ca846ac046,sx_askubuntu,weighted_sssp,insert,4096,spine,eee35f39c118538da5565e497d29b989e5bb492c1368839d424a984c32e2aae9,workload_specific_activity_not_total_energy,onchip_state_arrays,0,0,0,0,0,0,spine_selected_bram_uram_bitmap_accesses_v1
956dc075c0655ff4a984,5ab3a83255ca846ac046,sx_askubuntu,weighted_sssp,insert,4096,spine,eee35f39c118538da5565e497d29b989e5bb492c1368839d424a984c32e2aae9,workload_specific_activity_not_total_energy,reader,0,0,0,0,0,0,spine_reader_execution_and_memory_v1
c641ebfcdb62d348a577,d7aa149f21920668af70,sx_askubuntu,weighted_sssp,weight_change,1,grasu_regraph_k4_shared,eee35f39c118538da5565e497d29b989e5bb492c1368839d424a984c32e2aae9,workload_specific_activity_not_total_energy,apply,0,458752,458752,458752,0,0,regraph_apply_pipeline_activity_v1
c641ebfcdb62d348a577,d7aa149f21920668af70,sx_askubuntu,weighted_sssp,weight_change,1,grasu_regraph_k4_shared,eee35f39c118538da5565e497d29b989e5bb492c1368839d424a984c32e2aae9,workload_specific_activity_not_total_energy,compute_pipeline_aggregate,165446561,108269,0,0,60103512,11572344,grasu_regraph_compute_aggregate_v1
c641ebfcdb62d348a577,d7aa149f21920668af70,sx_askubuntu,weighted_sssp,weight_change,1,grasu_regraph_k4_shared,eee35f39c118538da5565e497d29b989e5bb492c1368839d424a984c32e2aae9,workload_specific_activity_not_total_energy,gather,3932160,108269,29468397,31565549,0,11366900,regraph_gather_bank_accesses_v1
c641ebfcdb62d348a577,d7aa149f21920668af70,sx_askubuntu,weighted_sssp,weight_change,1,grasu_regraph_k4_shared,eee35f39c118538da5565e497d29b989e5bb492c1368839d424a984c32e2aae9,workload_specific_activity_not_total_energy,hbm_frontend,165446629,0,58727262,1376258,60103520,60292235,shared_axi_hbm_request_and_stall_v1
c641ebfcdb62d348a577,d7aa149f21920668af70,sx_askubuntu,weighted_sssp,weight_change,1,grasu_regraph_k4_shared,eee35f39c118538da5565e497d29b989e5bb492c1368839d424a984c32e2aae9,workload_specific_activity_not_total_energy,merger,0,3670016,0,458752,0,0,regraph_merger_stream_activity_v1
c641ebfcdb62d348a577,d7aa149f21920668af70,sx_askubuntu,weighted_sssp,weight_change,1,grasu_regraph_k4_shared,eee35f39c118538da5565e497d29b989e5bb492c1368839d424a984c32e2aae9,workload_specific_activity_not_total_energy,source_cache,0,784,5701248,1605632,0,378347,grasu_regraph_source_cache_accesses_v1
c641ebfcdb62d348a577,d7aa149f21920668af70,sx_askubuntu,weighted_sssp,weight_change,1,grasu_regraph_k4_shared,eee35f39c118538da5565e497d29b989e5bb492c1368839d424a984c32e2aae9,workload_specific_activity_not_total_energy,update_pma,68,2,2,2,8,0,grasu_update_pma_execution_v1
9a1d01bee8913cff1075,d7aa149f21920668af70,sx_askubuntu,weighted_sssp,weight_change,1,spine,eee35f39c118538da5565e497d29b989e5bb492c1368839d424a984c32e2aae9,workload_specific_activity_not_total_energy,axis_streams,0,0,0,0,0,6759420,spine_axis_transfer_backpressure_v1
9a1d01bee8913cff1075,d7aa149f21920668af70,sx_askubuntu,weighted_sssp,weight_change,1,spine,eee35f39c118538da5565e497d29b989e5bb492c1368839d424a984c32e2aae9,workload_specific_activity_not_total_energy,compute,31597906,0,0,0,0,0,spine_compute_execution_and_memory_v1
9a1d01bee8913cff1075,d7aa149f21920668af70,sx_askubuntu,weighted_sssp,weight_change,1,spine,eee35f39c118538da5565e497d29b989e5bb492c1368839d424a984c32e2aae9,workload_specific_activity_not_total_energy,hbm_frontend,37371861,0,3739344,2620272,6359616,469284115,shared_axi_hbm_request_and_stall_v1
9a1d01bee8913cff1075,d7aa149f21920668af70,sx_askubuntu,weighted_sssp,weight_change,1,spine,eee35f39c118538da5565e497d29b989e5bb492c1368839d424a984c32e2aae9,workload_specific_activity_not_total_energy,maintenance,5773955,320000,0,0,3439033,4859648,spine_maintenance_execution_and_memory_v1
9a1d01bee8913cff1075,d7aa149f21920668af70,sx_askubuntu,weighted_sssp,weight_change,1,spine,eee35f39c118538da5565e497d29b989e5bb492c1368839d424a984c32e2aae9,workload_specific_activity_not_total_energy,onchip_state_arrays,0,0,0,0,0,0,spine_selected_bram_uram_bitmap_accesses_v1
9a1d01bee8913cff1075,d7aa149f21920668af70,sx_askubuntu,weighted_sssp,weight_change,1,spine,eee35f39c118538da5565e497d29b989e5bb492c1368839d424a984c32e2aae9,workload_specific_activity_not_total_energy,reader,0,0,0,0,0,0,spine_reader_execution_and_memory_v1
a6face1bc499e32414ad,c10e6cdc536b97a822f9,sx_askubuntu,weighted_sssp,weight_change,8,grasu_regraph_k4_shared,eee35f39c118538da5565e497d29b989e5bb492c1368839d424a984c32e2aae9,workload_specific_activity_not_total_energy,apply,0,458752,458752,458752,0,0,regraph_apply_pipeline_activity_v1
a6face1bc499e32414ad,c10e6cdc536b97a822f9,sx_askubuntu,weighted_sssp,weight_change,8,grasu_regraph_k4_shared,eee35f39c118538da5565e497d29b989e5bb492c1368839d424a984c32e2aae9,workload_specific_activity_not_total_energy,compute_pipeline_aggregate,165407767,108269,0,0,60103512,11550076,grasu_regraph_compute_aggregate_v1
a6face1bc499e32414ad,c10e6cdc536b97a822f9,sx_askubuntu,weighted_sssp,weight_change,8,grasu_regraph_k4_shared,eee35f39c118538da5565e497d29b989e5bb492c1368839d424a984c32e2aae9,workload_specific_activity_not_total_energy,gather,3932160,108269,29468397,31565549,0,11344471,regraph_gather_bank_accesses_v1
a6face1bc499e32414ad,c10e6cdc536b97a822f9,sx_askubuntu,weighted_sssp,weight_change,8,grasu_regraph_k4_shared,eee35f39c118538da5565e497d29b989e5bb492c1368839d424a984c32e2aae9,workload_specific_activity_not_total_energy,hbm_frontend,165408001,0,58727304,1376272,60103576,60214360,shared_axi_hbm_request_and_stall_v1
a6face1bc499e32414ad,c10e6cdc536b97a822f9,sx_askubuntu,weighted_sssp,weight_change,8,grasu_regraph_k4_shared,eee35f39c118538da5565e497d29b989e5bb492c1368839d424a984c32e2aae9,workload_specific_activity_not_total_energy,merger,0,3670016,0,458752,0,0,regraph_merger_stream_activity_v1
a6face1bc499e32414ad,c10e6cdc536b97a822f9,sx_askubuntu,weighted_sssp,weight_change,8,grasu_regraph_k4_shared,eee35f39c118538da5565e497d29b989e5bb492c1368839d424a984c32e2aae9,workload_specific_activity_not_total_energy,source_cache,0,784,5701248,1605632,0,378380,grasu_regraph_source_cache_accesses_v1
a6face1bc499e32414ad,c10e6cdc536b97a822f9,sx_askubuntu,weighted_sssp,weight_change,8,grasu_regraph_k4_shared,eee35f39c118538da5565e497d29b989e5bb492c1368839d424a984c32e2aae9,workload_specific_activity_not_total_energy,update_pma,234,16,16,16,64,0,grasu_update_pma_execution_v1
078258a6e8d62c1d7135,c10e6cdc536b97a822f9,sx_askubuntu,weighted_sssp,weight_change,8,spine,eee35f39c118538da5565e497d29b989e5bb492c1368839d424a984c32e2aae9,workload_specific_activity_not_total_energy,axis_streams,0,0,0,0,0,6759420,spine_axis_transfer_backpressure_v1
078258a6e8d62c1d7135,c10e6cdc536b97a822f9,sx_askubuntu,weighted_sssp,weight_change,8,spine,eee35f39c118538da5565e497d29b989e5bb492c1368839d424a984c32e2aae9,workload_specific_activity_not_total_energy,compute,31597906,0,0,0,0,0,spine_compute_execution_and_memory_v1
078258a6e8d62c1d7135,c10e6cdc536b97a822f9,sx_askubuntu,weighted_sssp,weight_change,8,spine,eee35f39c118538da5565e497d29b989e5bb492c1368839d424a984c32e2aae9,workload_specific_activity_not_total_energy,hbm_frontend,37371861,0,3739344,2620272,6359616,469284115,shared_axi_hbm_request_and_stall_v1
078258a6e8d62c1d7135,c10e6cdc536b97a822f9,sx_askubuntu,weighted_sssp,weight_change,8,spine,eee35f39c118538da5565e497d29b989e5bb492c1368839d424a984c32e2aae9,workload_specific_activity_not_total_energy,maintenance,5773955,320000,0,0,3439033,4859648,spine_maintenance_execution_and_memory_v1
078258a6e8d62c1d7135,c10e6cdc536b97a822f9,sx_askubuntu,weighted_sssp,weight_change,8,spine,eee35f39c118538da5565e497d29b989e5bb492c1368839d424a984c32e2aae9,workload_specific_activity_not_total_energy,onchip_state_arrays,0,0,0,0,0,0,spine_selected_bram_uram_bitmap_accesses_v1
078258a6e8d62c1d7135,c10e6cdc536b97a822f9,sx_askubuntu,weighted_sssp,weight_change,8,spine,eee35f39c118538da5565e497d29b989e5bb492c1368839d424a984c32e2aae9,workload_specific_activity_not_total_energy,reader,0,0,0,0,0,0,spine_reader_execution_and_memory_v1
2d471533cb1ca3b6d008,df83d6dc2e8cf734f503,sx_askubuntu,weighted_sssp,weight_change,64,grasu_regraph_k4_shared,eee35f39c118538da5565e497d29b989e5bb492c1368839d424a984c32e2aae9,workload_specific_activity_not_total_energy,apply,0,458752,458752,458752,0,0,regraph_apply_pipeline_activity_v1
2d471533cb1ca3b6d008,df83d6dc2e8cf734f503,sx_askubuntu,weighted_sssp,weight_change,64,grasu_regraph_k4_shared,eee35f39c118538da5565e497d29b989e5bb492c1368839d424a984c32e2aae9,workload_specific_activity_not_total_energy,compute_pipeline_aggregate,165431885,108269,0,0,60103526,11307417,grasu_regraph_compute_aggregate_v1
2d471533cb1ca3b6d008,df83d6dc2e8cf734f503,sx_askubuntu,weighted_sssp,weight_change,64,grasu_regraph_k4_shared,eee35f39c118538da5565e497d29b989e5bb492c1368839d424a984c32e2aae9,workload_specific_activity_not_total_energy,gather,3932160,108269,29468397,31565549,0,11101741,regraph_gather_bank_accesses_v1
2d471533cb1ca3b6d008,df83d6dc2e8cf734f503,sx_askubuntu,weighted_sssp,weight_change,64,grasu_regraph_k4_shared,eee35f39c118538da5565e497d29b989e5bb492c1368839d424a984c32e2aae9,workload_specific_activity_not_total_energy,hbm_frontend,165433368,0,58727676,1376384,60104060,60226944,shared_axi_hbm_request_and_stall_v1
2d471533cb1ca3b6d008,df83d6dc2e8cf734f503,sx_askubuntu,weighted_sssp,weight_change,64,grasu_regraph_k4_shared,eee35f39c118538da5565e497d29b989e5bb492c1368839d424a984c32e2aae9,workload_specific_activity_not_total_energy,merger,0,3670016,0,458752,0,0,regraph_merger_stream_activity_v1
2d471533cb1ca3b6d008,df83d6dc2e8cf734f503,sx_askubuntu,weighted_sssp,weight_change,64,grasu_regraph_k4_shared,eee35f39c118538da5565e497d29b989e5bb492c1368839d424a984c32e2aae9,workload_specific_activity_not_total_energy,source_cache,0,784,5701472,1605632,0,378698,grasu_regraph_source_cache_accesses_v1
2d471533cb1ca3b6d008,df83d6dc2e8cf734f503,sx_askubuntu,weighted_sssp,weight_change,64,grasu_regraph_k4_shared,eee35f39c118538da5565e497d29b989e5bb492c1368839d424a984c32e2aae9,workload_specific_activity_not_total_energy,update_pma,1483,128,128,128,534,0,grasu_update_pma_execution_v1
33d43282c07b9e3be7ad,df83d6dc2e8cf734f503,sx_askubuntu,weighted_sssp,weight_change,64,spine,eee35f39c118538da5565e497d29b989e5bb492c1368839d424a984c32e2aae9,workload_specific_activity_not_total_energy,axis_streams,0,0,0,0,0,6759420,spine_axis_transfer_backpressure_v1
33d43282c07b9e3be7ad,df83d6dc2e8cf734f503,sx_askubuntu,weighted_sssp,weight_change,64,spine,eee35f39c118538da5565e497d29b989e5bb492c1368839d424a984c32e2aae9,workload_specific_activity_not_total_energy,compute,31597906,0,0,0,0,0,spine_compute_execution_and_memory_v1
33d43282c07b9e3be7ad,df83d6dc2e8cf734f503,sx_askubuntu,weighted_sssp,weight_change,64,spine,eee35f39c118538da5565e497d29b989e5bb492c1368839d424a984c32e2aae9,workload_specific_activity_not_total_energy,hbm_frontend,37371861,0,3739344,2620272,6359616,469284115,shared_axi_hbm_request_and_stall_v1
33d43282c07b9e3be7ad,df83d6dc2e8cf734f503,sx_askubuntu,weighted_sssp,weight_change,64,spine,eee35f39c118538da5565e497d29b989e5bb492c1368839d424a984c32e2aae9,workload_specific_activity_not_total_energy,maintenance,5773955,320000,0,0,3439033,4859648,spine_maintenance_execution_and_memory_v1
33d43282c07b9e3be7ad,df83d6dc2e8cf734f503,sx_askubuntu,weighted_sssp,weight_change,64,spine,eee35f39c118538da5565e497d29b989e5bb492c1368839d424a984c32e2aae9,workload_specific_activity_not_total_energy,onchip_state_arrays,0,0,0,0,0,0,spine_selected_bram_uram_bitmap_accesses_v1
33d43282c07b9e3be7ad,df83d6dc2e8cf734f503,sx_askubuntu,weighted_sssp,weight_change,64,spine,eee35f39c118538da5565e497d29b989e5bb492c1368839d424a984c32e2aae9,workload_specific_activity_not_total_energy,reader,0,0,0,0,0,0,spine_reader_execution_and_memory_v1
3c8e5de059a254eb17c6,555a0e5318b3f1c77b24,sx_superuser,connected_components,insert,8,grasu_regraph_k1,eee35f39c118538da5565e497d29b989e5bb492c1368839d424a984c32e2aae9,workload_specific_activity_not_total_energy,apply,0,0,0,0,0,0,regraph_apply_pipeline_activity_v1
3c8e5de059a254eb17c6,555a0e5318b3f1c77b24,sx_superuser,connected_components,insert,8,grasu_regraph_k1,eee35f39c118538da5565e497d29b989e5bb492c1368839d424a984c32e2aae9,workload_specific_activity_not_total_energy,compute_pipeline_aggregate,62594295,524,0,0,0,271830,grasu_regraph_compute_aggregate_v1
3c8e5de059a254eb17c6,555a0e5318b3f1c77b24,sx_superuser,connected_components,insert,8,grasu_regraph_k1,eee35f39c118538da5565e497d29b989e5bb492c1368839d424a984c32e2aae9,workload_specific_activity_not_total_energy,gather,0,0,0,0,0,0,regraph_gather_bank_accesses_v1
3c8e5de059a254eb17c6,555a0e5318b3f1c77b24,sx_superuser,connected_components,insert,8,grasu_regraph_k1,eee35f39c118538da5565e497d29b989e5bb492c1368839d424a984c32e2aae9,workload_specific_activity_not_total_energy,hbm_frontend,62594536,0,5800453,110608,5911061,0,shared_axi_hbm_request_and_stall_v1
3c8e5de059a254eb17c6,555a0e5318b3f1c77b24,sx_superuser,connected_components,insert,8,grasu_regraph_k1,eee35f39c118538da5565e497d29b989e5bb492c1368839d424a984c32e2aae9,workload_specific_activity_not_total_energy,merger,0,0,0,0,0,0,regraph_merger_stream_activity_v1
3c8e5de059a254eb17c6,555a0e5318b3f1c77b24,sx_superuser,connected_components,insert,8,grasu_regraph_k1,eee35f39c118538da5565e497d29b989e5bb492c1368839d424a984c32e2aae9,workload_specific_activity_not_total_energy,source_cache,0,0,0,0,0,0,grasu_regraph_source_cache_accesses_v1
3c8e5de059a254eb17c6,555a0e5318b3f1c77b24,sx_superuser,connected_components,insert,8,grasu_regraph_k1,eee35f39c118538da5565e497d29b989e5bb492c1368839d424a984c32e2aae9,workload_specific_activity_not_total_energy,update_pma,241,16,0,0,0,0,grasu_update_pma_execution_v1
62109bdd0c44b4d646c9,555a0e5318b3f1c77b24,sx_superuser,connected_components,insert,8,grasu_regraph_k4_shared,eee35f39c118538da5565e497d29b989e5bb492c1368839d424a984c32e2aae9,workload_specific_activity_not_total_energy,apply,0,0,0,0,0,0,regraph_apply_pipeline_activity_v1
62109bdd0c44b4d646c9,555a0e5318b3f1c77b24,sx_superuser,connected_components,insert,8,grasu_regraph_k4_shared,eee35f39c118538da5565e497d29b989e5bb492c1368839d424a984c32e2aae9,workload_specific_activity_not_total_energy,compute_pipeline_aggregate,21373959,524,0,0,0,3392968,grasu_regraph_compute_aggregate_v1
62109bdd0c44b4d646c9,555a0e5318b3f1c77b24,sx_superuser,connected_components,insert,8,grasu_regraph_k4_shared,eee35f39c118538da5565e497d29b989e5bb492c1368839d424a984c32e2aae9,workload_specific_activity_not_total_energy,gather,0,0,0,0,0,0,regraph_gather_bank_accesses_v1
62109bdd0c44b4d646c9,555a0e5318b3f1c77b24,sx_superuser,connected_components,insert,8,grasu_regraph_k4_shared,eee35f39c118538da5565e497d29b989e5bb492c1368839d424a984c32e2aae9,workload_specific_activity_not_total_energy,hbm_frontend,21374200,0,5800453,110608,5911061,0,shared_axi_hbm_request_and_stall_v1
62109bdd0c44b4d646c9,555a0e5318b3f1c77b24,sx_superuser,connected_components,insert,8,grasu_regraph_k4_shared,eee35f39c118538da5565e497d29b989e5bb492c1368839d424a984c32e2aae9,workload_specific_activity_not_total_energy,merger,0,0,0,0,0,0,regraph_merger_stream_activity_v1
62109bdd0c44b4d646c9,555a0e5318b3f1c77b24,sx_superuser,connected_components,insert,8,grasu_regraph_k4_shared,eee35f39c118538da5565e497d29b989e5bb492c1368839d424a984c32e2aae9,workload_specific_activity_not_total_energy,source_cache,0,0,0,0,0,0,grasu_regraph_source_cache_accesses_v1
62109bdd0c44b4d646c9,555a0e5318b3f1c77b24,sx_superuser,connected_components,insert,8,grasu_regraph_k4_shared,eee35f39c118538da5565e497d29b989e5bb492c1368839d424a984c32e2aae9,workload_specific_activity_not_total_energy,update_pma,241,16,0,0,0,0,grasu_update_pma_execution_v1
45072e1e0ffb084a0e34,555a0e5318b3f1c77b24,sx_superuser,connected_components,insert,8,spine,eee35f39c118538da5565e497d29b989e5bb492c1368839d424a984c32e2aae9,workload_specific_activity_not_total_energy,axis_streams,0,0,0,0,0,0,spine_axis_transfer_backpressure_v1
45072e1e0ffb084a0e34,555a0e5318b3f1c77b24,sx_superuser,connected_components,insert,8,spine,eee35f39c118538da5565e497d29b989e5bb492c1368839d424a984c32e2aae9,workload_specific_activity_not_total_energy,compute,2390306,524,0,0,1136260,0,spine_compute_execution_and_memory_v1
45072e1e0ffb084a0e34,555a0e5318b3f1c77b24,sx_superuser,connected_components,insert,8,spine,eee35f39c118538da5565e497d29b989e5bb492c1368839d424a984c32e2aae9,workload_specific_activity_not_total_energy,hbm_frontend,2397752,0,569430,567674,1137104,0,shared_axi_hbm_request_and_stall_v1
45072e1e0ffb084a0e34,555a0e5318b3f1c77b24,sx_superuser,connected_components,insert,8,spine,eee35f39c118538da5565e497d29b989e5bb492c1368839d424a984c32e2aae9,workload_specific_activity_not_total_energy,maintenance,7446,16,0,0,844,0,spine_maintenance_execution_and_memory_v1
45072e1e0ffb084a0e34,555a0e5318b3f1c77b24,sx_superuser,connected_components,insert,8,spine,eee35f39c118538da5565e497d29b989e5bb492c1368839d424a984c32e2aae9,workload_specific_activity_not_total_energy,onchip_state_arrays,0,0,0,0,0,0,spine_selected_bram_uram_bitmap_accesses_v1
45072e1e0ffb084a0e34,555a0e5318b3f1c77b24,sx_superuser,connected_components,insert,8,spine,eee35f39c118538da5565e497d29b989e5bb492c1368839d424a984c32e2aae9,workload_specific_activity_not_total_energy,reader,0,524,0,0,0,0,spine_reader_execution_and_memory_v1
43fabe326b9f9f4a45d9,ceb78e02a3cf725adc58,sx_superuser,full_pagerank,insert,8,grasu_regraph_k1,eee35f39c118538da5565e497d29b989e5bb492c1368839d424a984c32e2aae9,workload_specific_activity_not_total_energy,apply,0,110592,110592,110592,0,0,regraph_apply_pipeline_activity_v1
43fabe326b9f9f4a45d9,ceb78e02a3cf725adc58,sx_superuser,full_pagerank,insert,8,grasu_regraph_k1,eee35f39c118538da5565e497d29b989e5bb492c1368839d424a984c32e2aae9,workload_specific_activity_not_total_energy,compute_pipeline_aggregate,179555053,1848378,0,0,18356992,1999960,grasu_regraph_compute_aggregate_v1
43fabe326b9f9f4a45d9,ceb78e02a3cf725adc58,sx_superuser,full_pagerank,insert,8,grasu_regraph_k1,eee35f39c118538da5565e497d29b989e5bb492c1368839d424a984c32e2aae9,workload_specific_activity_not_total_energy,gather,1179648,1848378,8926266,11285562,0,0,regraph_gather_bank_accesses_v1
43fabe326b9f9f4a45d9,ceb78e02a3cf725adc58,sx_superuser,full_pagerank,insert,8,grasu_regraph_k1,eee35f39c118538da5565e497d29b989e5bb492c1368839d424a984c32e2aae9,workload_specific_activity_not_total_energy,hbm_frontend,179555305,0,17954348,402708,18357056,18406031,shared_axi_hbm_request_and_stall_v1
43fabe326b9f9f4a45d9,ceb78e02a3cf725adc58,sx_superuser,full_pagerank,insert,8,grasu_regraph_k1,eee35f39c118538da5565e497d29b989e5bb492c1368839d424a984c32e2aae9,workload_specific_activity_not_total_energy,merger,0,884736,0,110592,0,0,regraph_merger_stream_activity_v1
43fabe326b9f9f4a45d9,ceb78e02a3cf725adc58,sx_superuser,full_pagerank,insert,8,grasu_regraph_k1,eee35f39c118538da5565e497d29b989e5bb492c1368839d424a984c32e2aae9,workload_specific_activity_not_total_energy,source_cache,39960,756,7876032,1548288,0,0,grasu_regraph_source_cache_accesses_v1
43fabe326b9f9f4a45d9,ceb78e02a3cf725adc58,sx_superuser,full_pagerank,insert,8,grasu_regraph_k1,eee35f39c118538da5565e497d29b989e5bb492c1368839d424a984c32e2aae9,workload_specific_activity_not_total_energy,update_pma,252,8,24,16,64,0,grasu_update_pma_execution_v1
5feebf3ffd1b3b9a46a5,ceb78e02a3cf725adc58,sx_superuser,full_pagerank,insert,8,grasu_regraph_k4_shared,eee35f39c118538da5565e497d29b989e5bb492c1368839d424a984c32e2aae9,workload_specific_activity_not_total_energy,apply,0,110592,110592,110592,0,0,regraph_apply_pipeline_activity_v1
5feebf3ffd1b3b9a46a5,ceb78e02a3cf725adc58,sx_superuser,full_pagerank,insert,8,grasu_regraph_k4_shared,eee35f39c118538da5565e497d29b989e5bb492c1368839d424a984c32e2aae9,workload_specific_activity_not_total_energy,compute_pipeline_aggregate,63172346,1848378,0,0,18356992,16850272,grasu_regraph_compute_aggregate_v1
5feebf3ffd1b3b9a46a5,ceb78e02a3cf725adc58,sx_superuser,full_pagerank,insert,8,grasu_regraph_k4_shared,eee35f39c118538da5565e497d29b989e5bb492c1368839d424a984c32e2aae9,workload_specific_activity_not_total_energy,gather,1179648,1848378,8926266,11285562,0,0,regraph_gather_bank_accesses_v1
5feebf3ffd1b3b9a46a5,ceb78e02a3cf725adc58,sx_superuser,full_pagerank,insert,8,grasu_regraph_k4_shared,eee35f39c118538da5565e497d29b989e5bb492c1368839d424a984c32e2aae9,workload_specific_activity_not_total_energy,hbm_frontend,63172598,0,17954348,402708,18357056,18455088,shared_axi_hbm_request_and_stall_v1
5feebf3ffd1b3b9a46a5,ceb78e02a3cf725adc58,sx_superuser,full_pagerank,insert,8,grasu_regraph_k4_shared,eee35f39c118538da5565e497d29b989e5bb492c1368839d424a984c32e2aae9,workload_specific_activity_not_total_energy,merger,0,884736,0,110592,0,0,regraph_merger_stream_activity_v1
5feebf3ffd1b3b9a46a5,ceb78e02a3cf725adc58,sx_superuser,full_pagerank,insert,8,grasu_regraph_k4_shared,eee35f39c118538da5565e497d29b989e5bb492c1368839d424a984c32e2aae9,workload_specific_activity_not_total_energy,source_cache,39960,756,7876032,1548288,0,0,grasu_regraph_source_cache_accesses_v1
5feebf3ffd1b3b9a46a5,ceb78e02a3cf725adc58,sx_superuser,full_pagerank,insert,8,grasu_regraph_k4_shared,eee35f39c118538da5565e497d29b989e5bb492c1368839d424a984c32e2aae9,workload_specific_activity_not_total_energy,update_pma,252,8,24,16,64,0,grasu_update_pma_execution_v1
fb5e4457a55cf393a41a,ceb78e02a3cf725adc58,sx_superuser,full_pagerank,insert,8,spine,eee35f39c118538da5565e497d29b989e5bb492c1368839d424a984c32e2aae9,workload_specific_activity_not_total_energy,axis_streams,0,1750791,0,0,0,1685981,spine_axis_transfer_backpressure_v1
fb5e4457a55cf393a41a,ceb78e02a3cf725adc58,sx_superuser,full_pagerank,insert,8,spine,eee35f39c118538da5565e497d29b989e5bb492c1368839d424a984c32e2aae9,workload_specific_activity_not_total_energy,compute,443966692,616126,0,0,23624550,363832,spine_compute_execution_and_memory_v1
fb5e4457a55cf393a41a,ceb78e02a3cf725adc58,sx_superuser,full_pagerank,insert,8,spine,eee35f39c118538da5565e497d29b989e5bb492c1368839d424a984c32e2aae9,workload_specific_activity_not_total_energy,hbm_frontend,443972542,0,21923000,1702229,23625229,37328943,shared_axi_hbm_request_and_stall_v1
fb5e4457a55cf393a41a,ceb78e02a3cf725adc58,sx_superuser,full_pagerank,insert,8,spine,eee35f39c118538da5565e497d29b989e5bb492c1368839d424a984c32e2aae9,workload_specific_activity_not_total_energy,maintenance,5850,8,0,0,679,0,spine_maintenance_execution_and_memory_v1
fb5e4457a55cf393a41a,ceb78e02a3cf725adc58,sx_superuser,full_pagerank,insert,8,spine,eee35f39c118538da5565e497d29b989e5bb492c1368839d424a984c32e2aae9,workload_specific_activity_not_total_energy,onchip_state_arrays,0,0,0,0,0,0,spine_selected_bram_uram_bitmap_accesses_v1
fb5e4457a55cf393a41a,ceb78e02a3cf725adc58,sx_superuser,full_pagerank,insert,8,spine,eee35f39c118538da5565e497d29b989e5bb492c1368839d424a984c32e2aae9,workload_specific_activity_not_total_energy,reader,0,616126,0,0,5541157,13961017,spine_reader_execution_and_memory_v1
080f8e45d231a32259a9,85bf76442ece4620f39b,sx_superuser,thresholded_residual_pagerank,insert,8,grasu_regraph_k1,eee35f39c118538da5565e497d29b989e5bb492c1368839d424a984c32e2aae9,workload_specific_activity_not_total_energy,apply,0,36864,36864,36864,0,0,regraph_apply_pipeline_activity_v1
080f8e45d231a32259a9,85bf76442ece4620f39b,sx_superuser,thresholded_residual_pagerank,insert,8,grasu_regraph_k1,eee35f39c118538da5565e497d29b989e5bb492c1368839d424a984c32e2aae9,workload_specific_activity_not_total_energy,compute_pipeline_aggregate,68743994,0,0,0,7052251,789497,grasu_regraph_compute_aggregate_v1
080f8e45d231a32259a9,85bf76442ece4620f39b,sx_superuser,thresholded_residual_pagerank,insert,8,grasu_regraph_k1,eee35f39c118538da5565e497d29b989e5bb492c1368839d424a984c32e2aae9,workload_specific_activity_not_total_energy,gather,589824,0,2359296,4718592,0,0,regraph_gather_bank_accesses_v1
080f8e45d231a32259a9,85bf76442ece4620f39b,sx_superuser,thresholded_residual_pagerank,insert,8,grasu_regraph_k1,eee35f39c118538da5565e497d29b989e5bb492c1368839d424a984c32e2aae9,workload_specific_activity_not_total_energy,hbm_frontend,68744204,0,6833913,218388,7052301,7090916,shared_axi_hbm_request_and_stall_v1
080f8e45d231a32259a9,85bf76442ece4620f39b,sx_superuser,thresholded_residual_pagerank,insert,8,grasu_regraph_k1,eee35f39c118538da5565e497d29b989e5bb492c1368839d424a984c32e2aae9,workload_specific_activity_not_total_energy,merger,0,294912,0,36864,0,0,regraph_merger_stream_activity_v1
080f8e45d231a32259a9,85bf76442ece4620f39b,sx_superuser,thresholded_residual_pagerank,insert,8,grasu_regraph_k1,eee35f39c118538da5565e497d29b989e5bb492c1368839d424a984c32e2aae9,workload_specific_activity_not_total_energy,source_cache,75955,1260,10168784,2580480,0,0,grasu_regraph_source_cache_accesses_v1
080f8e45d231a32259a9,85bf76442ece4620f39b,sx_superuser,thresholded_residual_pagerank,insert,8,grasu_regraph_k1,eee35f39c118538da5565e497d29b989e5bb492c1368839d424a984c32e2aae9,workload_specific_activity_not_total_energy,update_pma,210,8,16,16,50,0,grasu_update_pma_execution_v1
73043db0f9280249dbaf,85bf76442ece4620f39b,sx_superuser,thresholded_residual_pagerank,insert,8,grasu_regraph_k4_shared,eee35f39c118538da5565e497d29b989e5bb492c1368839d424a984c32e2aae9,workload_specific_activity_not_total_energy,apply,0,36864,36864,36864,0,0,regraph_apply_pipeline_activity_v1
73043db0f9280249dbaf,85bf76442ece4620f39b,sx_superuser,thresholded_residual_pagerank,insert,8,grasu_regraph_k4_shared,eee35f39c118538da5565e497d29b989e5bb492c1368839d424a984c32e2aae9,workload_specific_activity_not_total_energy,compute_pipeline_aggregate,23168314,0,0,0,7052251,3078087,grasu_regraph_compute_aggregate_v1
73043db0f9280249dbaf,85bf76442ece4620f39b,sx_superuser,thresholded_residual_pagerank,insert,8,grasu_regraph_k4_shared,eee35f39c118538da5565e497d29b989e5bb492c1368839d424a984c32e2aae9,workload_specific_activity_not_total_energy,gather,589824,0,2359296,4718592,0,0,regraph_gather_bank_accesses_v1
73043db0f9280249dbaf,85bf76442ece4620f39b,sx_superuser,thresholded_residual_pagerank,insert,8,grasu_regraph_k4_shared,eee35f39c118538da5565e497d29b989e5bb492c1368839d424a984c32e2aae9,workload_specific_activity_not_total_energy,hbm_frontend,23168524,0,6833913,218388,7052301,7121678,shared_axi_hbm_request_and_stall_v1
73043db0f9280249dbaf,85bf76442ece4620f39b,sx_superuser,thresholded_residual_pagerank,insert,8,grasu_regraph_k4_shared,eee35f39c118538da5565e497d29b989e5bb492c1368839d424a984c32e2aae9,workload_specific_activity_not_total_energy,merger,0,294912,0,36864,0,0,regraph_merger_stream_activity_v1
73043db0f9280249dbaf,85bf76442ece4620f39b,sx_superuser,thresholded_residual_pagerank,insert,8,grasu_regraph_k4_shared,eee35f39c118538da5565e497d29b989e5bb492c1368839d424a984c32e2aae9,workload_specific_activity_not_total_energy,source_cache,75955,1260,10168784,2580480,0,0,grasu_regraph_source_cache_accesses_v1
73043db0f9280249dbaf,85bf76442ece4620f39b,sx_superuser,thresholded_residual_pagerank,insert,8,grasu_regraph_k4_shared,eee35f39c118538da5565e497d29b989e5bb492c1368839d424a984c32e2aae9,workload_specific_activity_not_total_energy,update_pma,210,8,16,16,50,0,grasu_update_pma_execution_v1
3f8e9fc7157d096b8488,85bf76442ece4620f39b,sx_superuser,thresholded_residual_pagerank,insert,8,spine,eee35f39c118538da5565e497d29b989e5bb492c1368839d424a984c32e2aae9,workload_specific_activity_not_total_energy,axis_streams,0,0,0,0,0,0,spine_axis_transfer_backpressure_v1
3f8e9fc7157d096b8488,85bf76442ece4620f39b,sx_superuser,thresholded_residual_pagerank,insert,8,spine,eee35f39c118538da5565e497d29b989e5bb492c1368839d424a984c32e2aae9,workload_specific_activity_not_total_energy,compute,2384685,0,0,0,1135052,0,spine_compute_execution_and_memory_v1
3f8e9fc7157d096b8488,85bf76442ece4620f39b,sx_superuser,thresholded_residual_pagerank,insert,8,spine,eee35f39c118538da5565e497d29b989e5bb492c1368839d424a984c32e2aae9,workload_specific_activity_not_total_energy,hbm_frontend,2390535,0,568154,567577,1135731,3167061,shared_axi_hbm_request_and_stall_v1
3f8e9fc7157d096b8488,85bf76442ece4620f39b,sx_superuser,thresholded_residual_pagerank,insert,8,spine,eee35f39c118538da5565e497d29b989e5bb492c1368839d424a984c32e2aae9,workload_specific_activity_not_total_energy,maintenance,5850,8,0,0,679,0,spine_maintenance_execution_and_memory_v1
3f8e9fc7157d096b8488,85bf76442ece4620f39b,sx_superuser,thresholded_residual_pagerank,insert,8,spine,eee35f39c118538da5565e497d29b989e5bb492c1368839d424a984c32e2aae9,workload_specific_activity_not_total_energy,onchip_state_arrays,0,0,0,0,0,0,spine_selected_bram_uram_bitmap_accesses_v1
3f8e9fc7157d096b8488,85bf76442ece4620f39b,sx_superuser,thresholded_residual_pagerank,insert,8,spine,eee35f39c118538da5565e497d29b989e5bb492c1368839d424a984c32e2aae9,workload_specific_activity_not_total_energy,reader,0,0,0,0,0,0,spine_reader_execution_and_memory_v1
679723ef6fc028a7235c,d966596bf35983a3a1df,sx_superuser,weighted_sssp,insert,8,grasu_regraph_k4_shared,eee35f39c118538da5565e497d29b989e5bb492c1368839d424a984c32e2aae9,workload_specific_activity_not_total_energy,apply,0,479232,479232,479232,0,0,regraph_apply_pipeline_activity_v1
679723ef6fc028a7235c,d966596bf35983a3a1df,sx_superuser,weighted_sssp,insert,8,grasu_regraph_k4_shared,eee35f39c118538da5565e497d29b989e5bb492c1368839d424a984c32e2aae9,workload_specific_activity_not_total_energy,compute_pipeline_aggregate,271105190,1390792,0,0,71264648,61447464,grasu_regraph_compute_aggregate_v1
679723ef6fc028a7235c,d966596bf35983a3a1df,sx_superuser,weighted_sssp,insert,8,grasu_regraph_k4_shared,eee35f39c118538da5565e497d29b989e5bb492c1368839d424a984c32e2aae9,workload_specific_activity_not_total_energy,gather,4128768,1390792,32061640,34420936,0,61216253,regraph_gather_bank_accesses_v1
679723ef6fc028a7235c,d966596bf35983a3a1df,sx_superuser,weighted_sssp,insert,8,grasu_regraph_k4_shared,eee35f39c118538da5565e497d29b989e5bb492c1368839d424a984c32e2aae9,workload_specific_activity_not_total_energy,hbm_frontend,271105413,0,69826992,1437704,71264696,71453776,shared_axi_hbm_request_and_stall_v1
679723ef6fc028a7235c,d966596bf35983a3a1df,sx_superuser,weighted_sssp,insert,8,grasu_regraph_k4_shared,eee35f39c118538da5565e497d29b989e5bb492c1368839d424a984c32e2aae9,workload_specific_activity_not_total_energy,merger,0,3833856,0,479232,0,0,regraph_merger_stream_activity_v1
679723ef6fc028a7235c,d966596bf35983a3a1df,sx_superuser,weighted_sssp,insert,8,grasu_regraph_k4_shared,eee35f39c118538da5565e497d29b989e5bb492c1368839d424a984c32e2aae9,workload_specific_activity_not_total_energy,source_cache,0,3276,34129472,6709248,0,1967848,grasu_regraph_source_cache_accesses_v1
679723ef6fc028a7235c,d966596bf35983a3a1df,sx_superuser,weighted_sssp,insert,8,grasu_regraph_k4_shared,eee35f39c118538da5565e497d29b989e5bb492c1368839d424a984c32e2aae9,workload_specific_activity_not_total_energy,update_pma,223,8,8,8,48,0,grasu_update_pma_execution_v1
b76a15fdd98228a1da6e,d966596bf35983a3a1df,sx_superuser,weighted_sssp,insert,8,spine,eee35f39c118538da5565e497d29b989e5bb492c1368839d424a984c32e2aae9,workload_specific_activity_not_total_energy,axis_streams,0,0,0,0,0,5159,spine_axis_transfer_backpressure_v1
b76a15fdd98228a1da6e,d966596bf35983a3a1df,sx_superuser,weighted_sssp,insert,8,spine,eee35f39c118538da5565e497d29b989e5bb492c1368839d424a984c32e2aae9,workload_specific_activity_not_total_energy,compute,81008007,0,0,0,0,0,spine_compute_execution_and_memory_v1
b76a15fdd98228a1da6e,d966596bf35983a3a1df,sx_superuser,weighted_sssp,insert,8,spine,eee35f39c118538da5565e497d29b989e5bb492c1368839d424a984c32e2aae9,workload_specific_activity_not_total_energy,hbm_frontend,81013872,0,7104348,2518677,9623025,56427720,shared_axi_hbm_request_and_stall_v1
b76a15fdd98228a1da6e,d966596bf35983a3a1df,sx_superuser,weighted_sssp,insert,8,spine,eee35f39c118538da5565e497d29b989e5bb492c1368839d424a984c32e2aae9,workload_specific_activity_not_total_energy,maintenance,5865,40,0,0,3133,1948,spine_maintenance_execution_and_memory_v1
b76a15fdd98228a1da6e,d966596bf35983a3a1df,sx_superuser,weighted_sssp,insert,8,spine,eee35f39c118538da5565e497d29b989e5bb492c1368839d424a984c32e2aae9,workload_specific_activity_not_total_energy,onchip_state_arrays,0,0,0,0,0,0,spine_selected_bram_uram_bitmap_accesses_v1
b76a15fdd98228a1da6e,d966596bf35983a3a1df,sx_superuser,weighted_sssp,insert,8,spine,eee35f39c118538da5565e497d29b989e5bb492c1368839d424a984c32e2aae9,workload_specific_activity_not_total_energy,reader,0,0,0,0,0,0,spine_reader_execution_and_memory_v1
4a0591ea74436271635d,86e79ec7bd7d888c4472,wiki_talk_temporal,connected_components,insert,8,grasu_regraph_k1,eee35f39c118538da5565e497d29b989e5bb492c1368839d424a984c32e2aae9,workload_specific_activity_not_total_energy,apply,0,0,0,0,0,0,regraph_apply_pipeline_activity_v1
4a0591ea74436271635d,86e79ec7bd7d888c4472,wiki_talk_temporal,connected_components,insert,8,grasu_regraph_k1,eee35f39c118538da5565e497d29b989e5bb492c1368839d424a984c32e2aae9,workload_specific_activity_not_total_energy,compute_pipeline_aggregate,464704252,1986,0,0,0,127947,grasu_regraph_compute_aggregate_v1
4a0591ea74436271635d,86e79ec7bd7d888c4472,wiki_talk_temporal,connected_components,insert,8,grasu_regraph_k1,eee35f39c118538da5565e497d29b989e5bb492c1368839d424a984c32e2aae9,workload_specific_activity_not_total_energy,gather,0,0,0,0,0,0,regraph_gather_bank_accesses_v1
4a0591ea74436271635d,86e79ec7bd7d888c4472,wiki_talk_temporal,connected_components,insert,8,grasu_regraph_k1,eee35f39c118538da5565e497d29b989e5bb492c1368839d424a984c32e2aae9,workload_specific_activity_not_total_energy,hbm_frontend,464704438,0,42047877,442384,42490261,0,shared_axi_hbm_request_and_stall_v1
4a0591ea74436271635d,86e79ec7bd7d888c4472,wiki_talk_temporal,connected_components,insert,8,grasu_regraph_k1,eee35f39c118538da5565e497d29b989e5bb492c1368839d424a984c32e2aae9,workload_specific_activity_not_total_energy,merger,0,0,0,0,0,0,regraph_merger_stream_activity_v1
4a0591ea74436271635d,86e79ec7bd7d888c4472,wiki_talk_temporal,connected_components,insert,8,grasu_regraph_k1,eee35f39c118538da5565e497d29b989e5bb492c1368839d424a984c32e2aae9,workload_specific_activity_not_total_energy,source_cache,0,0,0,0,0,0,grasu_regraph_source_cache_accesses_v1
4a0591ea74436271635d,86e79ec7bd7d888c4472,wiki_talk_temporal,connected_components,insert,8,grasu_regraph_k1,eee35f39c118538da5565e497d29b989e5bb492c1368839d424a984c32e2aae9,workload_specific_activity_not_total_energy,update_pma,186,16,0,0,0,0,grasu_update_pma_execution_v1
5fc422a3e00f24215f2b,86e79ec7bd7d888c4472,wiki_talk_temporal,connected_components,insert,8,grasu_regraph_k4_shared,eee35f39c118538da5565e497d29b989e5bb492c1368839d424a984c32e2aae9,workload_specific_activity_not_total_energy,apply,0,0,0,0,0,0,regraph_apply_pipeline_activity_v1
5fc422a3e00f24215f2b,86e79ec7bd7d888c4472,wiki_talk_temporal,connected_components,insert,8,grasu_regraph_k4_shared,eee35f39c118538da5565e497d29b989e5bb492c1368839d424a984c32e2aae9,workload_specific_activity_not_total_energy,compute_pipeline_aggregate,135556777,1986,0,0,0,24863115,grasu_regraph_compute_aggregate_v1
5fc422a3e00f24215f2b,86e79ec7bd7d888c4472,wiki_talk_temporal,connected_components,insert,8,grasu_regraph_k4_shared,eee35f39c118538da5565e497d29b989e5bb492c1368839d424a984c32e2aae9,workload_specific_activity_not_total_energy,gather,0,0,0,0,0,0,regraph_gather_bank_accesses_v1
5fc422a3e00f24215f2b,86e79ec7bd7d888c4472,wiki_talk_temporal,connected_components,insert,8,grasu_regraph_k4_shared,eee35f39c118538da5565e497d29b989e5bb492c1368839d424a984c32e2aae9,workload_specific_activity_not_total_energy,hbm_frontend,135556963,0,42047877,442384,42490261,0,shared_axi_hbm_request_and_stall_v1
5fc422a3e00f24215f2b,86e79ec7bd7d888c4472,wiki_talk_temporal,connected_components,insert,8,grasu_regraph_k4_shared,eee35f39c118538da5565e497d29b989e5bb492c1368839d424a984c32e2aae9,workload_specific_activity_not_total_energy,merger,0,0,0,0,0,0,regraph_merger_stream_activity_v1
5fc422a3e00f24215f2b,86e79ec7bd7d888c4472,wiki_talk_temporal,connected_components,insert,8,grasu_regraph_k4_shared,eee35f39c118538da5565e497d29b989e5bb492c1368839d424a984c32e2aae9,workload_specific_activity_not_total_energy,source_cache,0,0,0,0,0,0,grasu_regraph_source_cache_accesses_v1
5fc422a3e00f24215f2b,86e79ec7bd7d888c4472,wiki_talk_temporal,connected_components,insert,8,grasu_regraph_k4_shared,eee35f39c118538da5565e497d29b989e5bb492c1368839d424a984c32e2aae9,workload_specific_activity_not_total_energy,update_pma,186,16,0,0,0,0,grasu_update_pma_execution_v1
c80d8cb28432e199caa1,86e79ec7bd7d888c4472,wiki_talk_temporal,connected_components,insert,8,spine,eee35f39c118538da5565e497d29b989e5bb492c1368839d424a984c32e2aae9,workload_specific_activity_not_total_energy,axis_streams,0,0,0,0,0,0,spine_axis_transfer_backpressure_v1
c80d8cb28432e199caa1,86e79ec7bd7d888c4472,wiki_talk_temporal,connected_components,insert,8,spine,eee35f39c118538da5565e497d29b989e5bb492c1368839d424a984c32e2aae9,workload_specific_activity_not_total_energy,compute,9580222,1986,0,0,4565555,0,spine_compute_execution_and_memory_v1
c80d8cb28432e199caa1,86e79ec7bd7d888c4472,wiki_talk_temporal,connected_components,insert,8,spine,eee35f39c118538da5565e497d29b989e5bb492c1368839d424a984c32e2aae9,workload_specific_activity_not_total_energy,hbm_frontend,9587612,0,2285730,2280650,4566380,0,shared_axi_hbm_request_and_stall_v1
c80d8cb28432e199caa1,86e79ec7bd7d888c4472,wiki_talk_temporal,connected_components,insert,8,spine,eee35f39c118538da5565e497d29b989e5bb492c1368839d424a984c32e2aae9,workload_specific_activity_not_total_energy,maintenance,7390,16,0,0,825,0,spine_maintenance_execution_and_memory_v1
c80d8cb28432e199caa1,86e79ec7bd7d888c4472,wiki_talk_temporal,connected_components,insert,8,spine,eee35f39c118538da5565e497d29b989e5bb492c1368839d424a984c32e2aae9,workload_specific_activity_not_total_energy,onchip_state_arrays,0,0,0,0,0,0,spine_selected_bram_uram_bitmap_accesses_v1
c80d8cb28432e199caa1,86e79ec7bd7d888c4472,wiki_talk_temporal,connected_components,insert,8,spine,eee35f39c118538da5565e497d29b989e5bb492c1368839d424a984c32e2aae9,workload_specific_activity_not_total_energy,reader,0,1986,0,0,0,0,spine_reader_execution_and_memory_v1
4701a1ee39373ef5513e,fe3cb2f0baf58d1fe298,wiki_talk_temporal,thresholded_residual_pagerank,insert,8,grasu_regraph_k1,eee35f39c118538da5565e497d29b989e5bb492c1368839d424a984c32e2aae9,workload_specific_activity_not_total_energy,apply,0,73728,73728,73728,0,0,regraph_apply_pipeline_activity_v1
4701a1ee39373ef5513e,fe3cb2f0baf58d1fe298,wiki_talk_temporal,thresholded_residual_pagerank,insert,8,grasu_regraph_k1,eee35f39c118538da5565e497d29b989e5bb492c1368839d424a984c32e2aae9,workload_specific_activity_not_total_energy,compute_pipeline_aggregate,249403640,0,0,0,23850050,1305873,grasu_regraph_compute_aggregate_v1
4701a1ee39373ef5513e,fe3cb2f0baf58d1fe298,wiki_talk_temporal,thresholded_residual_pagerank,insert,8,grasu_regraph_k1,eee35f39c118538da5565e497d29b989e5bb492c1368839d424a984c32e2aae9,workload_specific_activity_not_total_energy,gather,1179648,0,4718592,9437184,0,0,regraph_gather_bank_accesses_v1
4701a1ee39373ef5513e,fe3cb2f0baf58d1fe298,wiki_talk_temporal,thresholded_residual_pagerank,insert,8,grasu_regraph_k1,eee35f39c118538da5565e497d29b989e5bb492c1368839d424a984c32e2aae9,workload_specific_activity_not_total_energy,hbm_frontend,249403865,0,23412653,437448,23850101,23914291,shared_axi_hbm_request_and_stall_v1
4701a1ee39373ef5513e,fe3cb2f0baf58d1fe298,wiki_talk_temporal,thresholded_residual_pagerank,insert,8,grasu_regraph_k1,eee35f39c118538da5565e497d29b989e5bb492c1368839d424a984c32e2aae9,workload_specific_activity_not_total_energy,merger,0,589824,0,73728,0,0,regraph_merger_stream_activity_v1
4701a1ee39373ef5513e,fe3cb2f0baf58d1fe298,wiki_talk_temporal,thresholded_residual_pagerank,insert,8,grasu_regraph_k1,eee35f39c118538da5565e497d29b989e5bb492c1368839d424a984c32e2aae9,workload_specific_activity_not_total_energy,source_cache,152487,505,19516352,1034240,0,0,grasu_regraph_source_cache_accesses_v1
4701a1ee39373ef5513e,fe3cb2f0baf58d1fe298,wiki_talk_temporal,thresholded_residual_pagerank,insert,8,grasu_regraph_k1,eee35f39c118538da5565e497d29b989e5bb492c1368839d424a984c32e2aae9,workload_specific_activity_not_total_energy,update_pma,225,8,16,16,51,0,grasu_update_pma_execution_v1
44e4c6af81ccc9fdc2a7,fe3cb2f0baf58d1fe298,wiki_talk_temporal,thresholded_residual_pagerank,insert,8,grasu_regraph_k4_shared,eee35f39c118538da5565e497d29b989e5bb492c1368839d424a984c32e2aae9,workload_specific_activity_not_total_energy,apply,0,73728,73728,73728,0,0,regraph_apply_pipeline_activity_v1
44e4c6af81ccc9fdc2a7,fe3cb2f0baf58d1fe298,wiki_talk_temporal,thresholded_residual_pagerank,insert,8,grasu_regraph_k4_shared,eee35f39c118538da5565e497d29b989e5bb492c1368839d424a984c32e2aae9,workload_specific_activity_not_total_energy,compute_pipeline_aggregate,70437609,0,0,0,23850050,4867784,grasu_regraph_compute_aggregate_v1
44e4c6af81ccc9fdc2a7,fe3cb2f0baf58d1fe298,wiki_talk_temporal,thresholded_residual_pagerank,insert,8,grasu_regraph_k4_shared,eee35f39c118538da5565e497d29b989e5bb492c1368839d424a984c32e2aae9,workload_specific_activity_not_total_energy,gather,1179648,0,4718592,9437184,0,0,regraph_gather_bank_accesses_v1
44e4c6af81ccc9fdc2a7,fe3cb2f0baf58d1fe298,wiki_talk_temporal,thresholded_residual_pagerank,insert,8,grasu_regraph_k4_shared,eee35f39c118538da5565e497d29b989e5bb492c1368839d424a984c32e2aae9,workload_specific_activity_not_total_energy,hbm_frontend,70437834,0,23412653,437448,23850101,24009541,shared_axi_hbm_request_and_stall_v1
44e4c6af81ccc9fdc2a7,fe3cb2f0baf58d1fe298,wiki_talk_temporal,thresholded_residual_pagerank,insert,8,grasu_regraph_k4_shared,eee35f39c118538da5565e497d29b989e5bb492c1368839d424a984c32e2aae9,workload_specific_activity_not_total_energy,merger,0,589824,0,73728,0,0,regraph_merger_stream_activity_v1
44e4c6af81ccc9fdc2a7,fe3cb2f0baf58d1fe298,wiki_talk_temporal,thresholded_residual_pagerank,insert,8,grasu_regraph_k4_shared,eee35f39c118538da5565e497d29b989e5bb492c1368839d424a984c32e2aae9,workload_specific_activity_not_total_energy,source_cache,152487,505,19516352,1034240,0,0,grasu_regraph_source_cache_accesses_v1
44e4c6af81ccc9fdc2a7,fe3cb2f0baf58d1fe298,wiki_talk_temporal,thresholded_residual_pagerank,insert,8,grasu_regraph_k4_shared,eee35f39c118538da5565e497d29b989e5bb492c1368839d424a984c32e2aae9,workload_specific_activity_not_total_energy,update_pma,225,8,16,16,51,0,grasu_update_pma_execution_v1
d310ed825d5fef3de031,fe3cb2f0baf58d1fe298,wiki_talk_temporal,thresholded_residual_pagerank,insert,8,spine,eee35f39c118538da5565e497d29b989e5bb492c1368839d424a984c32e2aae9,workload_specific_activity_not_total_energy,axis_streams,0,0,0,0,0,0,spine_axis_transfer_backpressure_v1
d310ed825d5fef3de031,fe3cb2f0baf58d1fe298,wiki_talk_temporal,thresholded_residual_pagerank,insert,8,spine,eee35f39c118538da5565e497d29b989e5bb492c1368839d424a984c32e2aae9,workload_specific_activity_not_total_energy,compute,4784394,0,0,0,2280726,0,spine_compute_execution_and_memory_v1
d310ed825d5fef3de031,fe3cb2f0baf58d1fe298,wiki_talk_temporal,thresholded_residual_pagerank,insert,8,spine,eee35f39c118538da5565e497d29b989e5bb492c1368839d424a984c32e2aae9,workload_specific_activity_not_total_energy,hbm_frontend,4789895,0,1140988,1140406,2281394,6361365,shared_axi_hbm_request_and_stall_v1
d310ed825d5fef3de031,fe3cb2f0baf58d1fe298,wiki_talk_temporal,thresholded_residual_pagerank,insert,8,spine,eee35f39c118538da5565e497d29b989e5bb492c1368839d424a984c32e2aae9,workload_specific_activity_not_total_energy,maintenance,5501,8,0,0,668,0,spine_maintenance_execution_and_memory_v1
d310ed825d5fef3de031,fe3cb2f0baf58d1fe298,wiki_talk_temporal,thresholded_residual_pagerank,insert,8,spine,eee35f39c118538da5565e497d29b989e5bb492c1368839d424a984c32e2aae9,workload_specific_activity_not_total_energy,onchip_state_arrays,0,0,0,0,0,0,spine_selected_bram_uram_bitmap_accesses_v1
d310ed825d5fef3de031,fe3cb2f0baf58d1fe298,wiki_talk_temporal,thresholded_residual_pagerank,insert,8,spine,eee35f39c118538da5565e497d29b989e5bb492c1368839d424a984c32e2aae9,workload_specific_activity_not_total_energy,reader,0,0,0,0,0,0,spine_reader_execution_and_memory_v1
4b40612383afbb4647f6,8f42a3522200872a87a4,wiki_talk_temporal,weighted_sssp,insert,8,spine,eee35f39c118538da5565e497d29b989e5bb492c1368839d424a984c32e2aae9,workload_specific_activity_not_total_energy,axis_streams,0,0,0,0,0,18798,spine_axis_transfer_backpressure_v1
4b40612383afbb4647f6,8f42a3522200872a87a4,wiki_talk_temporal,weighted_sssp,insert,8,spine,eee35f39c118538da5565e497d29b989e5bb492c1368839d424a984c32e2aae9,workload_specific_activity_not_total_energy,compute,29771212,0,0,0,0,0,spine_compute_execution_and_memory_v1
4b40612383afbb4647f6,8f42a3522200872a87a4,wiki_talk_temporal,weighted_sssp,insert,8,spine,eee35f39c118538da5565e497d29b989e5bb492c1368839d424a984c32e2aae9,workload_specific_activity_not_total_energy,hbm_frontend,29776714,0,6688154,2266833,8954987,66445369,shared_axi_hbm_request_and_stall_v1
4b40612383afbb4647f6,8f42a3522200872a87a4,wiki_talk_temporal,weighted_sssp,insert,8,spine,eee35f39c118538da5565e497d29b989e5bb492c1368839d424a984c32e2aae9,workload_specific_activity_not_total_energy,maintenance,5502,40,0,0,5287,1939,spine_maintenance_execution_and_memory_v1
4b40612383afbb4647f6,8f42a3522200872a87a4,wiki_talk_temporal,weighted_sssp,insert,8,spine,eee35f39c118538da5565e497d29b989e5bb492c1368839d424a984c32e2aae9,workload_specific_activity_not_total_energy,onchip_state_arrays,0,0,0,0,0,0,spine_selected_bram_uram_bitmap_accesses_v1
4b40612383afbb4647f6,8f42a3522200872a87a4,wiki_talk_temporal,weighted_sssp,insert,8,spine,eee35f39c118538da5565e497d29b989e5bb492c1368839d424a984c32e2aae9,workload_specific_activity_not_total_energy,reader,0,0,0,0,0,0,spine_reader_execution_and_memory_v1
